ISO-10303-21;
HEADER;
/* Generated by software containing ST-Developer
 * from STEP Tools, Inc. (www.steptools.com) 
 */

FILE_DESCRIPTION(
/* description */ (''),
/* implementation_level */ '2;1');

FILE_NAME(
/* name */ 'DC-45PMBYT_ASS''Y_BOX_Model v3.step',
/* time_stamp */ '2026-03-11T09:39:04-07:00',
/* author */ (''),
/* organization */ (''),
/* preprocessor_version */ 'ST-DEVELOPER v20.1',
/* originating_system */ 'Autodesk Translation Framework v14.24.0.0',
/* authorisation */ '');

FILE_SCHEMA (('AUTOMOTIVE_DESIGN { 1 0 10303 214 3 1 1 }'));
ENDSEC;

DATA;
#10=MECHANICAL_DESIGN_GEOMETRIC_PRESENTATION_REPRESENTATION('',(#83,#84,
#85,#86,#87,#88,#89),#8092);
#11=ITEM_DEFINED_TRANSFORMATION($,$,#4576,#5153);
#12=ITEM_DEFINED_TRANSFORMATION($,$,#4792,#5154);
#13=(
REPRESENTATION_RELATIONSHIP($,$,#8109,#8108)
REPRESENTATION_RELATIONSHIP_WITH_TRANSFORMATION(#11)
SHAPE_REPRESENTATION_RELATIONSHIP()
);
#14=(
REPRESENTATION_RELATIONSHIP($,$,#8110,#8108)
REPRESENTATION_RELATIONSHIP_WITH_TRANSFORMATION(#12)
SHAPE_REPRESENTATION_RELATIONSHIP()
);
#15=CONTEXT_DEPENDENT_SHAPE_REPRESENTATION(#13,#8106);
#16=CONTEXT_DEPENDENT_SHAPE_REPRESENTATION(#14,#8107);
#17=NEXT_ASSEMBLY_USAGE_OCCURRENCE('DC-46C_DC-46C-T:1',
'DC-46C_DC-46C-T:1','DC-46C_DC-46C-T:1',#8112,#8113,'DC-46C_DC-46C-T:1');
#18=NEXT_ASSEMBLY_USAGE_OCCURRENCE('DC-45B_DC-45BPMBY:1',
'DC-45B_DC-45BPMBY:1','DC-45B_DC-45BPMBY:1',#8112,#8114,
'DC-45B_DC-45BPMBY:1');
#19=(
BOUNDED_SURFACE()
B_SPLINE_SURFACE(2,2,((#7757,#7758,#7759),(#7760,#7761,#7762),(#7763,#7764,
#7765),(#7766,#7767,#7768),(#7769,#7770,#7771)),.UNSPECIFIED.,.F.,.F.,.F.)
B_SPLINE_SURFACE_WITH_KNOTS((3,2,3),(3,3),(-1.57079632679498,-0.763190593995147,
0.0444151388046856),(1.57079632679484,3.14159265358981),.UNSPECIFIED.)
GEOMETRIC_REPRESENTATION_ITEM()
RATIONAL_B_SPLINE_SURFACE(((1.,0.707106781186518,1.),(0.919573431554176,
0.650236609250915,0.919573431554176),(1.,0.707106781186518,1.),(0.919573431554205,
0.650236609250935,0.919573431554205),(1.,0.707106781186518,1.)))
REPRESENTATION_ITEM('')
SURFACE()
);
#20=(
BOUNDED_SURFACE()
B_SPLINE_SURFACE(2,2,((#7772,#7773,#7774),(#7775,#7776,#7777),(#7778,#7779,
#7780),(#7781,#7782,#7783),(#7784,#7785,#7786)),.UNSPECIFIED.,.F.,.F.,.F.)
B_SPLINE_SURFACE_WITH_KNOTS((3,2,3),(3,3),(-1.57079632679494,-0.763190593995139,
0.0444151388046643),(-3.1415926535898,-1.57079632679483),.UNSPECIFIED.)
GEOMETRIC_REPRESENTATION_ITEM()
RATIONAL_B_SPLINE_SURFACE(((1.,0.707106781186522,1.),(0.91957343155421,
0.650236609250942,0.91957343155421),(1.,0.707106781186522,1.),(0.9195734315542,
0.650236609250935,0.9195734315542),(1.,0.707106781186522,1.)))
REPRESENTATION_ITEM('')
SURFACE()
);
#21=(
BOUNDED_SURFACE()
B_SPLINE_SURFACE(2,2,((#7787,#7788,#7789),(#7790,#7791,#7792),(#7793,#7794,
#7795),(#7796,#7797,#7798),(#7799,#7800,#7801)),.UNSPECIFIED.,.F.,.F.,.F.)
B_SPLINE_SURFACE_WITH_KNOTS((3,2,3),(3,3),(-1.57079632679495,-0.763190593995086,
0.0444151388047799),(1.78069723686775E-13,1.5707963267947),
 .UNSPECIFIED.)
GEOMETRIC_REPRESENTATION_ITEM()
RATIONAL_B_SPLINE_SURFACE(((1.,0.707106781186681,1.),(0.919573431554191,
0.650236609251075,0.919573431554191),(1.,0.707106781186681,1.),(0.91957343155417,
0.65023660925106,0.91957343155417),(1.,0.707106781186681,1.)))
REPRESENTATION_ITEM('')
SURFACE()
);
#22=(
BOUNDED_SURFACE()
B_SPLINE_SURFACE(2,2,((#7802,#7803,#7804),(#7805,#7806,#7807),(#7808,#7809,
#7810),(#7811,#7812,#7813),(#7814,#7815,#7816)),.UNSPECIFIED.,.F.,.F.,.F.)
B_SPLINE_SURFACE_WITH_KNOTS((3,2,3),(3,3),(-1.57079632679496,-0.763190593995132,
0.0444151388046953),(-1.57079632679512,1.93135988652374E-13),
 .UNSPECIFIED.)
GEOMETRIC_REPRESENTATION_ITEM()
RATIONAL_B_SPLINE_SURFACE(((1.,0.7071067811864,1.),(0.91957343155419,0.650236609250816,
0.91957343155419),(1.,0.7071067811864,1.),(0.919573431554226,0.650236609250841,
0.919573431554226),(1.,0.7071067811864,1.)))
REPRESENTATION_ITEM('')
SURFACE()
);
#23=B_SPLINE_CURVE_WITH_KNOTS('',3,(#7463,#7464,#7465,#7466,#7467,#7468,
#7469,#7470,#7471,#7472),.UNSPECIFIED.,.F.,.F.,(4,2,2,2,4),(-1.55582131647213,
-1.52515289754685,-1.40891522142198,-1.29267754529711,-1.26200912637183),
 .UNSPECIFIED.);
#24=B_SPLINE_CURVE_WITH_KNOTS('',3,(#7483,#7484,#7485,#7486,#7487,#7488,
#7489,#7490,#7491,#7492),.UNSPECIFIED.,.F.,.F.,(4,2,2,2,4),(1.26981620466937,
1.31458449137557,1.43329162204881,1.55199875272206,1.59676703942825),
 .UNSPECIFIED.);
#25=B_SPLINE_CURVE_WITH_KNOTS('',3,(#7496,#7497,#7498,#7499,#7500,#7501),
 .UNSPECIFIED.,.F.,.F.,(4,2,4),(-1.40891522142197,-1.29267754529711,-1.26200912637158),
 .UNSPECIFIED.);
#26=B_SPLINE_CURVE_WITH_KNOTS('',3,(#7506,#7507,#7508,#7509,#7510,#7511),
 .UNSPECIFIED.,.F.,.F.,(4,2,4),(-1.55582131647237,-1.52515289754684,-1.40891522142197),
 .UNSPECIFIED.);
#27=B_SPLINE_CURVE_WITH_KNOTS('',3,(#7515,#7516,#7517,#7518,#7519,#7520,
#7521,#7522,#7523,#7524),.UNSPECIFIED.,.F.,.F.,(4,2,2,2,4),(1.26981620466938,
1.31458449137557,1.43329162204882,1.55199875272206,1.59676703942825),
 .UNSPECIFIED.);
#28=B_SPLINE_CURVE_WITH_KNOTS('',3,(#7537,#7538,#7539,#7540,#7541,#7542),
 .UNSPECIFIED.,.F.,.F.,(4,2,4),(-1.40891522142197,-1.2926775452971,-1.26200912637158),
 .UNSPECIFIED.);
#29=B_SPLINE_CURVE_WITH_KNOTS('',3,(#7547,#7548,#7549,#7550,#7551,#7552),
 .UNSPECIFIED.,.F.,.F.,(4,2,4),(-1.55582131647236,-1.52515289754683,-1.40891522142197),
 .UNSPECIFIED.);
#30=B_SPLINE_CURVE_WITH_KNOTS('',3,(#7564,#7565,#7566,#7567,#7568,#7569,
#7570,#7571,#7572,#7573),.UNSPECIFIED.,.F.,.F.,(4,2,2,2,4),(1.26981620466937,
1.31458449137557,1.43329162204881,1.55199875272206,1.59676703942825),
 .UNSPECIFIED.);
#31=B_SPLINE_CURVE_WITH_KNOTS('',3,(#7585,#7586,#7587,#7588,#7589,#7590,
#7591,#7592,#7593,#7594),.UNSPECIFIED.,.F.,.F.,(4,2,2,2,4),(1.26981620466938,
1.31458449137557,1.43329162204882,1.55199875272206,1.59676703942825),
 .UNSPECIFIED.);
#32=B_SPLINE_CURVE_WITH_KNOTS('',3,(#7605,#7606,#7607,#7608,#7609,#7610,
#7611,#7612,#7613,#7614),.UNSPECIFIED.,.F.,.F.,(4,2,2,2,4),(-1.55582131647213,
-1.52515289754684,-1.40891522142197,-1.29267754529711,-1.26200912637182),
 .UNSPECIFIED.);
#33=SPHERICAL_SURFACE('',#4834,0.155);
#34=SPHERICAL_SURFACE('',#4836,0.155);
#35=SPHERICAL_SURFACE('',#4838,0.155);
#36=SPHERICAL_SURFACE('',#4840,0.155);
#37=SPHERICAL_SURFACE('',#4842,0.0880000000000001);
#38=SPHERICAL_SURFACE('',#4844,0.193);
#39=ELLIPSE('',#4794,0.0500019039192868,0.0499999999999999);
#40=ELLIPSE('',#4795,0.0500493581835396,0.0499999999999999);
#41=ELLIPSE('',#4799,0.0500019039192869,0.05);
#42=ELLIPSE('',#4800,0.0500493581835397,0.05);
#43=ELLIPSE('',#4803,0.0500019039192865,0.0499999999999997);
#44=ELLIPSE('',#4804,0.0500493581835394,0.0499999999999997);
#45=ELLIPSE('',#4807,0.0500019039192864,0.0499999999999996);
#46=ELLIPSE('',#4808,0.0500493581835393,0.0499999999999996);
#47=ELLIPSE('',#4812,0.0500493581835403,0.0500000000000006);
#48=ELLIPSE('',#4813,0.0500019039192875,0.0500000000000006);
#49=ELLIPSE('',#4816,0.0500019039192868,0.05);
#50=ELLIPSE('',#4817,0.0500493581835397,0.05);
#51=ELLIPSE('',#4819,0.275271470009468,0.275);
#52=ELLIPSE('',#4820,0.275010471556078,0.275);
#53=ELLIPSE('',#4822,0.275271470009468,0.275);
#54=ELLIPSE('',#4823,0.275010471556078,0.275);
#55=ELLIPSE('',#4911,9.34096276949185,0.182271388633828);
#56=ELLIPSE('',#4913,9.34096276128797,0.182271388411478);
#57=ELLIPSE('',#4919,9.34096273372413,0.182271387612544);
#58=ELLIPSE('',#4921,9.34096277189305,0.182271388708829);
#59=ELLIPSE('',#4926,9.34096276949185,0.182271388633828);
#60=ELLIPSE('',#4928,9.34096276128797,0.182271388411478);
#61=ELLIPSE('',#4936,9.34096278293948,0.182271388968147);
#62=ELLIPSE('',#4938,9.34096277781212,0.182271388886338);
#63=ELLIPSE('',#4955,0.0872938385382125,0.0620000000000154);
#64=ELLIPSE('',#4956,0.0872938385382381,0.0620000000000421);
#65=ELLIPSE('',#4960,0.0881348031435462,0.0619999999999514);
#66=ELLIPSE('',#4961,0.088134803143582,0.0619999999999795);
#67=ELLIPSE('',#4965,0.087293838538166,0.06199999999998);
#68=ELLIPSE('',#4966,0.0872938385382061,0.0620000000000164);
#69=ELLIPSE('',#4970,0.0881348031436136,0.062000000000003);
#70=ELLIPSE('',#4971,0.0881348031436269,0.06200000000001);
#71=ELLIPSE('',#4993,3.946933446118,0.0974122515061138);
#72=ELLIPSE('',#4995,3.96829496019323,0.0979394641390642);
#73=ELLIPSE('',#4997,3.96829495750533,0.0979394640774398);
#74=ELLIPSE('',#4999,3.94693344604144,0.0974122515052573);
#75=ELLIPSE('',#5001,3.94693344630701,0.0974122515106675);
#76=ELLIPSE('',#5003,3.96829495754587,0.0979394640783742);
#77=ELLIPSE('',#5005,3.96829495986966,0.0979394641309115);
#78=ELLIPSE('',#5007,3.94693344710905,0.0974122515295252);
#79=SHAPE_REPRESENTATION_RELATIONSHIP('SRR','None',#8109,#81);
#80=SHAPE_REPRESENTATION_RELATIONSHIP('SRR','None',#8110,#82);
#81=ADVANCED_BREP_SHAPE_REPRESENTATION('',(#90),#8090);
#82=ADVANCED_BREP_SHAPE_REPRESENTATION('',(#91,#92,#93,#94,#95),#8091);
#83=STYLED_ITEM('',(#8128),#90);
#84=STYLED_ITEM('',(#8128),#91);
#85=STYLED_ITEM('',(#8128),#4495);
#86=STYLED_ITEM('',(#8129),#92);
#87=STYLED_ITEM('',(#8129),#93);
#88=STYLED_ITEM('',(#8129),#94);
#89=STYLED_ITEM('',(#8129),#95);
#90=MANIFOLD_SOLID_BREP('Body1',#4546);
#91=MANIFOLD_SOLID_BREP('Body1',#4547);
#92=MANIFOLD_SOLID_BREP('Body2',#4548);
#93=MANIFOLD_SOLID_BREP('Body3',#4549);
#94=MANIFOLD_SOLID_BREP('Body4',#4550);
#95=MANIFOLD_SOLID_BREP('Body5',#4551);
#96=TOROIDAL_SURFACE('',#4683,0.141,0.062);
#97=TOROIDAL_SURFACE('',#4690,0.140999999999999,0.062);
#98=TOROIDAL_SURFACE('',#4692,0.141000000000002,0.062);
#99=TOROIDAL_SURFACE('',#4698,0.141000000000001,0.062);
#100=FACE_BOUND('',#650,.T.);
#101=FACE_BOUND('',#651,.T.);
#102=FACE_BOUND('',#652,.T.);
#103=FACE_BOUND('',#653,.T.);
#104=FACE_BOUND('',#654,.T.);
#105=FACE_BOUND('',#656,.T.);
#106=FACE_BOUND('',#657,.T.);
#107=FACE_BOUND('',#658,.T.);
#108=FACE_BOUND('',#659,.T.);
#109=FACE_BOUND('',#660,.T.);
#110=FACE_BOUND('',#661,.T.);
#111=FACE_BOUND('',#662,.T.);
#112=FACE_BOUND('',#663,.T.);
#113=FACE_BOUND('',#664,.T.);
#114=FACE_BOUND('',#665,.T.);
#115=FACE_BOUND('',#666,.T.);
#116=FACE_BOUND('',#667,.T.);
#117=FACE_BOUND('',#708,.T.);
#118=FACE_BOUND('',#710,.T.);
#119=FACE_BOUND('',#712,.T.);
#120=FACE_BOUND('',#714,.T.);
#121=FACE_BOUND('',#716,.T.);
#122=FACE_BOUND('',#750,.T.);
#123=FACE_BOUND('',#751,.T.);
#124=FACE_BOUND('',#752,.T.);
#125=FACE_BOUND('',#770,.T.);
#126=FACE_BOUND('',#771,.T.);
#127=FACE_BOUND('',#772,.T.);
#128=FACE_BOUND('',#808,.T.);
#129=FACE_BOUND('',#809,.T.);
#130=FACE_BOUND('',#810,.T.);
#131=FACE_BOUND('',#823,.T.);
#132=FACE_BOUND('',#824,.T.);
#133=FACE_BOUND('',#825,.T.);
#134=FACE_BOUND('',#826,.T.);
#135=FACE_BOUND('',#827,.T.);
#136=FACE_BOUND('',#829,.T.);
#137=FACE_BOUND('',#830,.T.);
#138=FACE_BOUND('',#831,.T.);
#139=FACE_BOUND('',#832,.T.);
#140=FACE_BOUND('',#833,.T.);
#141=FACE_BOUND('',#854,.T.);
#142=FACE_BOUND('',#856,.T.);
#143=FACE_BOUND('',#858,.T.);
#144=FACE_BOUND('',#860,.T.);
#145=FACE_BOUND('',#862,.T.);
#146=FACE_BOUND('',#864,.T.);
#147=FACE_BOUND('',#866,.T.);
#148=FACE_BOUND('',#868,.T.);
#149=FACE_BOUND('',#874,.T.);
#150=FACE_BOUND('',#876,.T.);
#151=FACE_BOUND('',#879,.T.);
#152=FACE_BOUND('',#881,.T.);
#153=FACE_BOUND('',#884,.T.);
#154=FACE_BOUND('',#886,.T.);
#155=FACE_BOUND('',#889,.T.);
#156=FACE_BOUND('',#891,.T.);
#157=FACE_BOUND('',#914,.T.);
#158=FACE_BOUND('',#916,.T.);
#159=FACE_BOUND('',#918,.T.);
#160=FACE_BOUND('',#920,.T.);
#161=FACE_BOUND('',#922,.T.);
#162=FACE_BOUND('',#932,.T.);
#163=FACE_BOUND('',#934,.T.);
#164=FACE_BOUND('',#936,.T.);
#165=FACE_BOUND('',#938,.T.);
#166=FACE_BOUND('',#940,.T.);
#167=FACE_BOUND('',#950,.T.);
#168=FACE_BOUND('',#952,.T.);
#169=FACE_BOUND('',#954,.T.);
#170=FACE_BOUND('',#956,.T.);
#171=FACE_BOUND('',#958,.T.);
#172=FACE_BOUND('',#968,.T.);
#173=FACE_BOUND('',#970,.T.);
#174=FACE_BOUND('',#972,.T.);
#175=FACE_BOUND('',#974,.T.);
#176=FACE_BOUND('',#976,.T.);
#177=CONICAL_SURFACE('',#4602,0.12,0.715584993317669);
#178=CONICAL_SURFACE('',#4609,0.12,0.715584993317669);
#179=CONICAL_SURFACE('',#4616,0.12,0.715584993317669);
#180=CONICAL_SURFACE('',#4623,0.12,0.715584993317669);
#181=CONICAL_SURFACE('',#4882,0.0449999999999999,0.0174532925199433);
#182=CONICAL_SURFACE('',#4885,0.0449999999999999,0.0174532925199433);
#183=CONICAL_SURFACE('',#4888,0.0449999999999999,0.0174532925199433);
#184=CONICAL_SURFACE('',#4891,0.0449999999999999,0.0174532925199433);
#185=CONICAL_SURFACE('',#4894,0.125,0.0174532925199433);
#186=CONICAL_SURFACE('',#4897,0.125,0.0174532925199433);
#187=CONICAL_SURFACE('',#4900,0.125,0.0174532925199433);
#188=CONICAL_SURFACE('',#4903,0.125,0.0174532925199433);
#189=CONICAL_SURFACE('',#4906,0.1565,0.0174532925199433);
#190=CONICAL_SURFACE('',#4915,0.1565,0.0174532925199433);
#191=CONICAL_SURFACE('',#4923,0.1565,0.0174532925199433);
#192=CONICAL_SURFACE('',#4931,0.1565,0.0174532925199433);
#193=CONICAL_SURFACE('',#4981,0.188000000000004,0.0444151388047518);
#194=CONICAL_SURFACE('',#4984,0.188000000000004,0.0444151388047518);
#195=CONICAL_SURFACE('',#4986,0.188000000000004,0.0444151388047518);
#196=CONICAL_SURFACE('',#4989,0.188000000000004,0.0444151388047518);
#197=CONICAL_SURFACE('',#4992,0.0830000000000037,0.00872664625997167);
#198=CONICAL_SURFACE('',#4996,0.0830000000000037,0.00872664625997167);
#199=CONICAL_SURFACE('',#5000,0.0830000000000034,0.00872664625997167);
#200=CONICAL_SURFACE('',#5004,0.0830000000000034,0.00872664625997167);
#201=CONICAL_SURFACE('',#5045,0.0625,0.785398163397449);
#202=CONICAL_SURFACE('',#5050,0.0785,0.785398163397447);
#203=CONICAL_SURFACE('',#5065,0.125,0.78539816339745);
#204=CONICAL_SURFACE('',#5072,0.0625,0.785398163397449);
#205=CONICAL_SURFACE('',#5077,0.0785,0.785398163397447);
#206=CONICAL_SURFACE('',#5092,0.125,0.78539816339745);
#207=CONICAL_SURFACE('',#5099,0.0625,0.785398163397449);
#208=CONICAL_SURFACE('',#5104,0.0785,0.785398163397447);
#209=CONICAL_SURFACE('',#5119,0.125,0.78539816339745);
#210=CONICAL_SURFACE('',#5126,0.0625,0.785398163397449);
#211=CONICAL_SURFACE('',#5131,0.0785,0.785398163397447);
#212=CONICAL_SURFACE('',#5146,0.125,0.78539816339745);
#213=PLANE('',#4580);
#214=PLANE('',#4584);
#215=PLANE('',#4585);
#216=PLANE('',#4589);
#217=PLANE('',#4645);
#218=PLANE('',#4658);
#219=PLANE('',#4673);
#220=PLANE('',#4676);
#221=PLANE('',#4679);
#222=PLANE('',#4682);
#223=PLANE('',#4701);
#224=PLANE('',#4702);
#225=PLANE('',#4703);
#226=PLANE('',#4706);
#227=PLANE('',#4709);
#228=PLANE('',#4710);
#229=PLANE('',#4713);
#230=PLANE('',#4716);
#231=PLANE('',#4717);
#232=PLANE('',#4720);
#233=PLANE('',#4721);
#234=PLANE('',#4722);
#235=PLANE('',#4725);
#236=PLANE('',#4728);
#237=PLANE('',#4729);
#238=PLANE('',#4730);
#239=PLANE('',#4731);
#240=PLANE('',#4732);
#241=PLANE('',#4733);
#242=PLANE('',#4734);
#243=PLANE('',#4752);
#244=PLANE('',#4754);
#245=PLANE('',#4756);
#246=PLANE('',#4758);
#247=PLANE('',#4760);
#248=PLANE('',#4762);
#249=PLANE('',#4764);
#250=PLANE('',#4766);
#251=PLANE('',#4769);
#252=PLANE('',#4772);
#253=PLANE('',#4775);
#254=PLANE('',#4778);
#255=PLANE('',#4781);
#256=PLANE('',#4784);
#257=PLANE('',#4787);
#258=PLANE('',#4790);
#259=PLANE('',#4791);
#260=PLANE('',#4796);
#261=PLANE('',#4797);
#262=PLANE('',#4801);
#263=PLANE('',#4805);
#264=PLANE('',#4809);
#265=PLANE('',#4810);
#266=PLANE('',#4814);
#267=PLANE('',#4824);
#268=PLANE('',#4833);
#269=PLANE('',#4952);
#270=PLANE('',#4953);
#271=PLANE('',#4957);
#272=PLANE('',#4958);
#273=PLANE('',#4962);
#274=PLANE('',#4963);
#275=PLANE('',#4967);
#276=PLANE('',#4968);
#277=PLANE('',#4972);
#278=PLANE('',#4977);
#279=PLANE('',#4978);
#280=PLANE('',#4979);
#281=PLANE('',#4980);
#282=PLANE('',#4983);
#283=PLANE('',#4988);
#284=PLANE('',#4991);
#285=PLANE('',#5008);
#286=PLANE('',#5009);
#287=PLANE('',#5010);
#288=PLANE('',#5011);
#289=PLANE('',#5012);
#290=PLANE('',#5013);
#291=PLANE('',#5014);
#292=PLANE('',#5015);
#293=PLANE('',#5016);
#294=PLANE('',#5017);
#295=PLANE('',#5018);
#296=PLANE('',#5019);
#297=PLANE('',#5020);
#298=PLANE('',#5021);
#299=PLANE('',#5022);
#300=PLANE('',#5023);
#301=PLANE('',#5024);
#302=PLANE('',#5025);
#303=PLANE('',#5026);
#304=PLANE('',#5027);
#305=PLANE('',#5028);
#306=PLANE('',#5029);
#307=PLANE('',#5030);
#308=PLANE('',#5031);
#309=PLANE('',#5032);
#310=PLANE('',#5033);
#311=PLANE('',#5034);
#312=PLANE('',#5035);
#313=PLANE('',#5036);
#314=PLANE('',#5037);
#315=PLANE('',#5038);
#316=PLANE('',#5039);
#317=PLANE('',#5040);
#318=PLANE('',#5041);
#319=PLANE('',#5042);
#320=PLANE('',#5043);
#321=PLANE('',#5044);
#322=PLANE('',#5067);
#323=PLANE('',#5068);
#324=PLANE('',#5069);
#325=PLANE('',#5070);
#326=PLANE('',#5071);
#327=PLANE('',#5094);
#328=PLANE('',#5095);
#329=PLANE('',#5096);
#330=PLANE('',#5097);
#331=PLANE('',#5098);
#332=PLANE('',#5121);
#333=PLANE('',#5122);
#334=PLANE('',#5123);
#335=PLANE('',#5124);
#336=PLANE('',#5125);
#337=PLANE('',#5148);
#338=PLANE('',#5149);
#339=PLANE('',#5150);
#340=PLANE('',#5151);
#341=PLANE('',#5152);
#342=FACE_OUTER_BOUND('',#621,.T.);
#343=FACE_OUTER_BOUND('',#622,.T.);
#344=FACE_OUTER_BOUND('',#623,.T.);
#345=FACE_OUTER_BOUND('',#624,.T.);
#346=FACE_OUTER_BOUND('',#625,.T.);
#347=FACE_OUTER_BOUND('',#626,.T.);
#348=FACE_OUTER_BOUND('',#627,.T.);
#349=FACE_OUTER_BOUND('',#628,.T.);
#350=FACE_OUTER_BOUND('',#629,.T.);
#351=FACE_OUTER_BOUND('',#630,.T.);
#352=FACE_OUTER_BOUND('',#631,.T.);
#353=FACE_OUTER_BOUND('',#632,.T.);
#354=FACE_OUTER_BOUND('',#633,.T.);
#355=FACE_OUTER_BOUND('',#634,.T.);
#356=FACE_OUTER_BOUND('',#635,.T.);
#357=FACE_OUTER_BOUND('',#636,.T.);
#358=FACE_OUTER_BOUND('',#637,.T.);
#359=FACE_OUTER_BOUND('',#638,.T.);
#360=FACE_OUTER_BOUND('',#639,.T.);
#361=FACE_OUTER_BOUND('',#640,.T.);
#362=FACE_OUTER_BOUND('',#641,.T.);
#363=FACE_OUTER_BOUND('',#642,.T.);
#364=FACE_OUTER_BOUND('',#643,.T.);
#365=FACE_OUTER_BOUND('',#644,.T.);
#366=FACE_OUTER_BOUND('',#645,.T.);
#367=FACE_OUTER_BOUND('',#646,.T.);
#368=FACE_OUTER_BOUND('',#647,.T.);
#369=FACE_OUTER_BOUND('',#648,.T.);
#370=FACE_OUTER_BOUND('',#649,.T.);
#371=FACE_OUTER_BOUND('',#655,.T.);
#372=FACE_OUTER_BOUND('',#668,.T.);
#373=FACE_OUTER_BOUND('',#669,.T.);
#374=FACE_OUTER_BOUND('',#670,.T.);
#375=FACE_OUTER_BOUND('',#671,.T.);
#376=FACE_OUTER_BOUND('',#672,.T.);
#377=FACE_OUTER_BOUND('',#673,.T.);
#378=FACE_OUTER_BOUND('',#674,.T.);
#379=FACE_OUTER_BOUND('',#675,.T.);
#380=FACE_OUTER_BOUND('',#676,.T.);
#381=FACE_OUTER_BOUND('',#677,.T.);
#382=FACE_OUTER_BOUND('',#678,.T.);
#383=FACE_OUTER_BOUND('',#679,.T.);
#384=FACE_OUTER_BOUND('',#680,.T.);
#385=FACE_OUTER_BOUND('',#681,.T.);
#386=FACE_OUTER_BOUND('',#682,.T.);
#387=FACE_OUTER_BOUND('',#683,.T.);
#388=FACE_OUTER_BOUND('',#684,.T.);
#389=FACE_OUTER_BOUND('',#685,.T.);
#390=FACE_OUTER_BOUND('',#686,.T.);
#391=FACE_OUTER_BOUND('',#687,.T.);
#392=FACE_OUTER_BOUND('',#688,.T.);
#393=FACE_OUTER_BOUND('',#689,.T.);
#394=FACE_OUTER_BOUND('',#690,.T.);
#395=FACE_OUTER_BOUND('',#691,.T.);
#396=FACE_OUTER_BOUND('',#692,.T.);
#397=FACE_OUTER_BOUND('',#693,.T.);
#398=FACE_OUTER_BOUND('',#694,.T.);
#399=FACE_OUTER_BOUND('',#695,.T.);
#400=FACE_OUTER_BOUND('',#696,.T.);
#401=FACE_OUTER_BOUND('',#697,.T.);
#402=FACE_OUTER_BOUND('',#698,.T.);
#403=FACE_OUTER_BOUND('',#699,.T.);
#404=FACE_OUTER_BOUND('',#700,.T.);
#405=FACE_OUTER_BOUND('',#701,.T.);
#406=FACE_OUTER_BOUND('',#702,.T.);
#407=FACE_OUTER_BOUND('',#703,.T.);
#408=FACE_OUTER_BOUND('',#704,.T.);
#409=FACE_OUTER_BOUND('',#705,.T.);
#410=FACE_OUTER_BOUND('',#706,.T.);
#411=FACE_OUTER_BOUND('',#707,.T.);
#412=FACE_OUTER_BOUND('',#709,.T.);
#413=FACE_OUTER_BOUND('',#711,.T.);
#414=FACE_OUTER_BOUND('',#713,.T.);
#415=FACE_OUTER_BOUND('',#715,.T.);
#416=FACE_OUTER_BOUND('',#717,.T.);
#417=FACE_OUTER_BOUND('',#718,.T.);
#418=FACE_OUTER_BOUND('',#719,.T.);
#419=FACE_OUTER_BOUND('',#720,.T.);
#420=FACE_OUTER_BOUND('',#721,.T.);
#421=FACE_OUTER_BOUND('',#722,.T.);
#422=FACE_OUTER_BOUND('',#723,.T.);
#423=FACE_OUTER_BOUND('',#724,.T.);
#424=FACE_OUTER_BOUND('',#725,.T.);
#425=FACE_OUTER_BOUND('',#726,.T.);
#426=FACE_OUTER_BOUND('',#727,.T.);
#427=FACE_OUTER_BOUND('',#728,.T.);
#428=FACE_OUTER_BOUND('',#729,.T.);
#429=FACE_OUTER_BOUND('',#730,.T.);
#430=FACE_OUTER_BOUND('',#731,.T.);
#431=FACE_OUTER_BOUND('',#732,.T.);
#432=FACE_OUTER_BOUND('',#733,.T.);
#433=FACE_OUTER_BOUND('',#734,.T.);
#434=FACE_OUTER_BOUND('',#735,.T.);
#435=FACE_OUTER_BOUND('',#736,.T.);
#436=FACE_OUTER_BOUND('',#737,.T.);
#437=FACE_OUTER_BOUND('',#738,.T.);
#438=FACE_OUTER_BOUND('',#739,.T.);
#439=FACE_OUTER_BOUND('',#740,.T.);
#440=FACE_OUTER_BOUND('',#741,.T.);
#441=FACE_OUTER_BOUND('',#742,.T.);
#442=FACE_OUTER_BOUND('',#743,.T.);
#443=FACE_OUTER_BOUND('',#744,.T.);
#444=FACE_OUTER_BOUND('',#745,.T.);
#445=FACE_OUTER_BOUND('',#746,.T.);
#446=FACE_OUTER_BOUND('',#747,.T.);
#447=FACE_OUTER_BOUND('',#748,.T.);
#448=FACE_OUTER_BOUND('',#749,.T.);
#449=FACE_OUTER_BOUND('',#753,.T.);
#450=FACE_OUTER_BOUND('',#754,.T.);
#451=FACE_OUTER_BOUND('',#755,.T.);
#452=FACE_OUTER_BOUND('',#756,.T.);
#453=FACE_OUTER_BOUND('',#757,.T.);
#454=FACE_OUTER_BOUND('',#758,.T.);
#455=FACE_OUTER_BOUND('',#759,.T.);
#456=FACE_OUTER_BOUND('',#760,.T.);
#457=FACE_OUTER_BOUND('',#761,.T.);
#458=FACE_OUTER_BOUND('',#762,.T.);
#459=FACE_OUTER_BOUND('',#763,.T.);
#460=FACE_OUTER_BOUND('',#764,.T.);
#461=FACE_OUTER_BOUND('',#765,.T.);
#462=FACE_OUTER_BOUND('',#766,.T.);
#463=FACE_OUTER_BOUND('',#767,.T.);
#464=FACE_OUTER_BOUND('',#768,.T.);
#465=FACE_OUTER_BOUND('',#769,.T.);
#466=FACE_OUTER_BOUND('',#773,.T.);
#467=FACE_OUTER_BOUND('',#774,.T.);
#468=FACE_OUTER_BOUND('',#775,.T.);
#469=FACE_OUTER_BOUND('',#776,.T.);
#470=FACE_OUTER_BOUND('',#777,.T.);
#471=FACE_OUTER_BOUND('',#778,.T.);
#472=FACE_OUTER_BOUND('',#779,.T.);
#473=FACE_OUTER_BOUND('',#780,.T.);
#474=FACE_OUTER_BOUND('',#781,.T.);
#475=FACE_OUTER_BOUND('',#782,.T.);
#476=FACE_OUTER_BOUND('',#783,.T.);
#477=FACE_OUTER_BOUND('',#784,.T.);
#478=FACE_OUTER_BOUND('',#785,.T.);
#479=FACE_OUTER_BOUND('',#786,.T.);
#480=FACE_OUTER_BOUND('',#787,.T.);
#481=FACE_OUTER_BOUND('',#788,.T.);
#482=FACE_OUTER_BOUND('',#789,.T.);
#483=FACE_OUTER_BOUND('',#790,.T.);
#484=FACE_OUTER_BOUND('',#791,.T.);
#485=FACE_OUTER_BOUND('',#792,.T.);
#486=FACE_OUTER_BOUND('',#793,.T.);
#487=FACE_OUTER_BOUND('',#794,.T.);
#488=FACE_OUTER_BOUND('',#795,.T.);
#489=FACE_OUTER_BOUND('',#796,.T.);
#490=FACE_OUTER_BOUND('',#797,.T.);
#491=FACE_OUTER_BOUND('',#798,.T.);
#492=FACE_OUTER_BOUND('',#799,.T.);
#493=FACE_OUTER_BOUND('',#800,.T.);
#494=FACE_OUTER_BOUND('',#801,.T.);
#495=FACE_OUTER_BOUND('',#802,.T.);
#496=FACE_OUTER_BOUND('',#803,.T.);
#497=FACE_OUTER_BOUND('',#804,.T.);
#498=FACE_OUTER_BOUND('',#805,.T.);
#499=FACE_OUTER_BOUND('',#806,.T.);
#500=FACE_OUTER_BOUND('',#807,.T.);
#501=FACE_OUTER_BOUND('',#811,.T.);
#502=FACE_OUTER_BOUND('',#812,.T.);
#503=FACE_OUTER_BOUND('',#813,.T.);
#504=FACE_OUTER_BOUND('',#814,.T.);
#505=FACE_OUTER_BOUND('',#815,.T.);
#506=FACE_OUTER_BOUND('',#816,.T.);
#507=FACE_OUTER_BOUND('',#817,.T.);
#508=FACE_OUTER_BOUND('',#818,.T.);
#509=FACE_OUTER_BOUND('',#819,.T.);
#510=FACE_OUTER_BOUND('',#820,.T.);
#511=FACE_OUTER_BOUND('',#821,.T.);
#512=FACE_OUTER_BOUND('',#822,.T.);
#513=FACE_OUTER_BOUND('',#828,.T.);
#514=FACE_OUTER_BOUND('',#834,.T.);
#515=FACE_OUTER_BOUND('',#835,.T.);
#516=FACE_OUTER_BOUND('',#836,.T.);
#517=FACE_OUTER_BOUND('',#837,.T.);
#518=FACE_OUTER_BOUND('',#838,.T.);
#519=FACE_OUTER_BOUND('',#839,.T.);
#520=FACE_OUTER_BOUND('',#840,.T.);
#521=FACE_OUTER_BOUND('',#841,.T.);
#522=FACE_OUTER_BOUND('',#842,.T.);
#523=FACE_OUTER_BOUND('',#843,.T.);
#524=FACE_OUTER_BOUND('',#844,.T.);
#525=FACE_OUTER_BOUND('',#845,.T.);
#526=FACE_OUTER_BOUND('',#846,.T.);
#527=FACE_OUTER_BOUND('',#847,.T.);
#528=FACE_OUTER_BOUND('',#848,.T.);
#529=FACE_OUTER_BOUND('',#849,.T.);
#530=FACE_OUTER_BOUND('',#850,.T.);
#531=FACE_OUTER_BOUND('',#851,.T.);
#532=FACE_OUTER_BOUND('',#852,.T.);
#533=FACE_OUTER_BOUND('',#853,.T.);
#534=FACE_OUTER_BOUND('',#855,.T.);
#535=FACE_OUTER_BOUND('',#857,.T.);
#536=FACE_OUTER_BOUND('',#859,.T.);
#537=FACE_OUTER_BOUND('',#861,.T.);
#538=FACE_OUTER_BOUND('',#863,.T.);
#539=FACE_OUTER_BOUND('',#865,.T.);
#540=FACE_OUTER_BOUND('',#867,.T.);
#541=FACE_OUTER_BOUND('',#869,.T.);
#542=FACE_OUTER_BOUND('',#870,.T.);
#543=FACE_OUTER_BOUND('',#871,.T.);
#544=FACE_OUTER_BOUND('',#872,.T.);
#545=FACE_OUTER_BOUND('',#873,.T.);
#546=FACE_OUTER_BOUND('',#875,.T.);
#547=FACE_OUTER_BOUND('',#877,.T.);
#548=FACE_OUTER_BOUND('',#878,.T.);
#549=FACE_OUTER_BOUND('',#880,.T.);
#550=FACE_OUTER_BOUND('',#882,.T.);
#551=FACE_OUTER_BOUND('',#883,.T.);
#552=FACE_OUTER_BOUND('',#885,.T.);
#553=FACE_OUTER_BOUND('',#887,.T.);
#554=FACE_OUTER_BOUND('',#888,.T.);
#555=FACE_OUTER_BOUND('',#890,.T.);
#556=FACE_OUTER_BOUND('',#892,.T.);
#557=FACE_OUTER_BOUND('',#893,.T.);
#558=FACE_OUTER_BOUND('',#894,.T.);
#559=FACE_OUTER_BOUND('',#895,.T.);
#560=FACE_OUTER_BOUND('',#896,.T.);
#561=FACE_OUTER_BOUND('',#897,.T.);
#562=FACE_OUTER_BOUND('',#898,.T.);
#563=FACE_OUTER_BOUND('',#899,.T.);
#564=FACE_OUTER_BOUND('',#900,.T.);
#565=FACE_OUTER_BOUND('',#901,.T.);
#566=FACE_OUTER_BOUND('',#902,.T.);
#567=FACE_OUTER_BOUND('',#903,.T.);
#568=FACE_OUTER_BOUND('',#904,.T.);
#569=FACE_OUTER_BOUND('',#905,.T.);
#570=FACE_OUTER_BOUND('',#906,.T.);
#571=FACE_OUTER_BOUND('',#907,.T.);
#572=FACE_OUTER_BOUND('',#908,.T.);
#573=FACE_OUTER_BOUND('',#909,.T.);
#574=FACE_OUTER_BOUND('',#910,.T.);
#575=FACE_OUTER_BOUND('',#911,.T.);
#576=FACE_OUTER_BOUND('',#912,.T.);
#577=FACE_OUTER_BOUND('',#913,.T.);
#578=FACE_OUTER_BOUND('',#915,.T.);
#579=FACE_OUTER_BOUND('',#917,.T.);
#580=FACE_OUTER_BOUND('',#919,.T.);
#581=FACE_OUTER_BOUND('',#921,.T.);
#582=FACE_OUTER_BOUND('',#923,.T.);
#583=FACE_OUTER_BOUND('',#924,.T.);
#584=FACE_OUTER_BOUND('',#925,.T.);
#585=FACE_OUTER_BOUND('',#926,.T.);
#586=FACE_OUTER_BOUND('',#927,.T.);
#587=FACE_OUTER_BOUND('',#928,.T.);
#588=FACE_OUTER_BOUND('',#929,.T.);
#589=FACE_OUTER_BOUND('',#930,.T.);
#590=FACE_OUTER_BOUND('',#931,.T.);
#591=FACE_OUTER_BOUND('',#933,.T.);
#592=FACE_OUTER_BOUND('',#935,.T.);
#593=FACE_OUTER_BOUND('',#937,.T.);
#594=FACE_OUTER_BOUND('',#939,.T.);
#595=FACE_OUTER_BOUND('',#941,.T.);
#596=FACE_OUTER_BOUND('',#942,.T.);
#597=FACE_OUTER_BOUND('',#943,.T.);
#598=FACE_OUTER_BOUND('',#944,.T.);
#599=FACE_OUTER_BOUND('',#945,.T.);
#600=FACE_OUTER_BOUND('',#946,.T.);
#601=FACE_OUTER_BOUND('',#947,.T.);
#602=FACE_OUTER_BOUND('',#948,.T.);
#603=FACE_OUTER_BOUND('',#949,.T.);
#604=FACE_OUTER_BOUND('',#951,.T.);
#605=FACE_OUTER_BOUND('',#953,.T.);
#606=FACE_OUTER_BOUND('',#955,.T.);
#607=FACE_OUTER_BOUND('',#957,.T.);
#608=FACE_OUTER_BOUND('',#959,.T.);
#609=FACE_OUTER_BOUND('',#960,.T.);
#610=FACE_OUTER_BOUND('',#961,.T.);
#611=FACE_OUTER_BOUND('',#962,.T.);
#612=FACE_OUTER_BOUND('',#963,.T.);
#613=FACE_OUTER_BOUND('',#964,.T.);
#614=FACE_OUTER_BOUND('',#965,.T.);
#615=FACE_OUTER_BOUND('',#966,.T.);
#616=FACE_OUTER_BOUND('',#967,.T.);
#617=FACE_OUTER_BOUND('',#969,.T.);
#618=FACE_OUTER_BOUND('',#971,.T.);
#619=FACE_OUTER_BOUND('',#973,.T.);
#620=FACE_OUTER_BOUND('',#975,.T.);
#621=EDGE_LOOP('',(#2911,#2912,#2913,#2914));
#622=EDGE_LOOP('',(#2915,#2916,#2917,#2918));
#623=EDGE_LOOP('',(#2919,#2920,#2921,#2922));
#624=EDGE_LOOP('',(#2923,#2924,#2925,#2926));
#625=EDGE_LOOP('',(#2927,#2928,#2929,#2930));
#626=EDGE_LOOP('',(#2931,#2932,#2933,#2934));
#627=EDGE_LOOP('',(#2935,#2936,#2937,#2938));
#628=EDGE_LOOP('',(#2939,#2940,#2941,#2942));
#629=EDGE_LOOP('',(#2943,#2944,#2945,#2946));
#630=EDGE_LOOP('',(#2947,#2948,#2949,#2950));
#631=EDGE_LOOP('',(#2951,#2952,#2953,#2954));
#632=EDGE_LOOP('',(#2955,#2956,#2957,#2958));
#633=EDGE_LOOP('',(#2959,#2960,#2961,#2962));
#634=EDGE_LOOP('',(#2963,#2964,#2965,#2966));
#635=EDGE_LOOP('',(#2967,#2968,#2969,#2970));
#636=EDGE_LOOP('',(#2971,#2972,#2973,#2974));
#637=EDGE_LOOP('',(#2975,#2976,#2977,#2978));
#638=EDGE_LOOP('',(#2979,#2980,#2981,#2982));
#639=EDGE_LOOP('',(#2983,#2984,#2985,#2986));
#640=EDGE_LOOP('',(#2987,#2988,#2989,#2990));
#641=EDGE_LOOP('',(#2991,#2992,#2993,#2994));
#642=EDGE_LOOP('',(#2995,#2996,#2997,#2998));
#643=EDGE_LOOP('',(#2999,#3000,#3001,#3002));
#644=EDGE_LOOP('',(#3003,#3004,#3005,#3006));
#645=EDGE_LOOP('',(#3007,#3008,#3009,#3010));
#646=EDGE_LOOP('',(#3011,#3012,#3013,#3014));
#647=EDGE_LOOP('',(#3015,#3016,#3017,#3018));
#648=EDGE_LOOP('',(#3019,#3020,#3021,#3022));
#649=EDGE_LOOP('',(#3023,#3024,#3025,#3026,#3027,#3028,#3029,#3030));
#650=EDGE_LOOP('',(#3031,#3032,#3033,#3034,#3035,#3036,#3037,#3038,#3039,
#3040,#3041,#3042,#3043,#3044,#3045,#3046));
#651=EDGE_LOOP('',(#3047));
#652=EDGE_LOOP('',(#3048));
#653=EDGE_LOOP('',(#3049));
#654=EDGE_LOOP('',(#3050));
#655=EDGE_LOOP('',(#3051,#3052,#3053,#3054,#3055,#3056,#3057,#3058));
#656=EDGE_LOOP('',(#3059,#3060,#3061,#3062,#3063,#3064,#3065,#3066));
#657=EDGE_LOOP('',(#3067));
#658=EDGE_LOOP('',(#3068));
#659=EDGE_LOOP('',(#3069,#3070,#3071,#3072));
#660=EDGE_LOOP('',(#3073,#3074,#3075,#3076));
#661=EDGE_LOOP('',(#3077,#3078,#3079,#3080));
#662=EDGE_LOOP('',(#3081));
#663=EDGE_LOOP('',(#3082));
#664=EDGE_LOOP('',(#3083));
#665=EDGE_LOOP('',(#3084));
#666=EDGE_LOOP('',(#3085,#3086,#3087,#3088));
#667=EDGE_LOOP('',(#3089,#3090,#3091,#3092));
#668=EDGE_LOOP('',(#3093,#3094,#3095,#3096));
#669=EDGE_LOOP('',(#3097,#3098,#3099,#3100));
#670=EDGE_LOOP('',(#3101,#3102,#3103,#3104));
#671=EDGE_LOOP('',(#3105,#3106,#3107,#3108));
#672=EDGE_LOOP('',(#3109,#3110,#3111,#3112));
#673=EDGE_LOOP('',(#3113,#3114,#3115,#3116));
#674=EDGE_LOOP('',(#3117,#3118,#3119,#3120));
#675=EDGE_LOOP('',(#3121,#3122,#3123,#3124));
#676=EDGE_LOOP('',(#3125,#3126,#3127,#3128));
#677=EDGE_LOOP('',(#3129,#3130,#3131,#3132));
#678=EDGE_LOOP('',(#3133,#3134,#3135,#3136));
#679=EDGE_LOOP('',(#3137,#3138,#3139,#3140));
#680=EDGE_LOOP('',(#3141,#3142,#3143,#3144));
#681=EDGE_LOOP('',(#3145,#3146,#3147,#3148));
#682=EDGE_LOOP('',(#3149,#3150,#3151,#3152));
#683=EDGE_LOOP('',(#3153,#3154,#3155,#3156));
#684=EDGE_LOOP('',(#3157,#3158,#3159,#3160));
#685=EDGE_LOOP('',(#3161,#3162,#3163,#3164));
#686=EDGE_LOOP('',(#3165,#3166,#3167,#3168));
#687=EDGE_LOOP('',(#3169,#3170,#3171,#3172));
#688=EDGE_LOOP('',(#3173,#3174,#3175,#3176));
#689=EDGE_LOOP('',(#3177,#3178,#3179,#3180));
#690=EDGE_LOOP('',(#3181,#3182,#3183,#3184));
#691=EDGE_LOOP('',(#3185,#3186,#3187,#3188));
#692=EDGE_LOOP('',(#3189,#3190,#3191,#3192));
#693=EDGE_LOOP('',(#3193,#3194,#3195,#3196));
#694=EDGE_LOOP('',(#3197,#3198,#3199,#3200));
#695=EDGE_LOOP('',(#3201,#3202,#3203,#3204));
#696=EDGE_LOOP('',(#3205,#3206,#3207,#3208));
#697=EDGE_LOOP('',(#3209,#3210,#3211,#3212));
#698=EDGE_LOOP('',(#3213,#3214,#3215,#3216));
#699=EDGE_LOOP('',(#3217,#3218,#3219,#3220));
#700=EDGE_LOOP('',(#3221,#3222,#3223,#3224));
#701=EDGE_LOOP('',(#3225,#3226,#3227,#3228));
#702=EDGE_LOOP('',(#3229,#3230,#3231,#3232));
#703=EDGE_LOOP('',(#3233,#3234,#3235,#3236));
#704=EDGE_LOOP('',(#3237,#3238,#3239,#3240));
#705=EDGE_LOOP('',(#3241,#3242,#3243,#3244));
#706=EDGE_LOOP('',(#3245,#3246,#3247,#3248));
#707=EDGE_LOOP('',(#3249));
#708=EDGE_LOOP('',(#3250));
#709=EDGE_LOOP('',(#3251));
#710=EDGE_LOOP('',(#3252));
#711=EDGE_LOOP('',(#3253));
#712=EDGE_LOOP('',(#3254));
#713=EDGE_LOOP('',(#3255));
#714=EDGE_LOOP('',(#3256));
#715=EDGE_LOOP('',(#3257,#3258,#3259,#3260,#3261,#3262,#3263,#3264,#3265,
#3266,#3267,#3268,#3269,#3270,#3271,#3272));
#716=EDGE_LOOP('',(#3273,#3274,#3275,#3276,#3277,#3278,#3279,#3280,#3281,
#3282,#3283,#3284,#3285,#3286,#3287,#3288));
#717=EDGE_LOOP('',(#3289,#3290,#3291,#3292));
#718=EDGE_LOOP('',(#3293,#3294,#3295,#3296));
#719=EDGE_LOOP('',(#3297,#3298,#3299,#3300));
#720=EDGE_LOOP('',(#3301,#3302,#3303,#3304));
#721=EDGE_LOOP('',(#3305,#3306,#3307,#3308));
#722=EDGE_LOOP('',(#3309,#3310,#3311,#3312));
#723=EDGE_LOOP('',(#3313,#3314,#3315,#3316));
#724=EDGE_LOOP('',(#3317,#3318,#3319,#3320));
#725=EDGE_LOOP('',(#3321,#3322,#3323,#3324));
#726=EDGE_LOOP('',(#3325,#3326,#3327,#3328));
#727=EDGE_LOOP('',(#3329,#3330,#3331,#3332));
#728=EDGE_LOOP('',(#3333,#3334,#3335,#3336));
#729=EDGE_LOOP('',(#3337,#3338,#3339,#3340));
#730=EDGE_LOOP('',(#3341,#3342,#3343,#3344));
#731=EDGE_LOOP('',(#3345,#3346,#3347,#3348));
#732=EDGE_LOOP('',(#3349,#3350,#3351,#3352));
#733=EDGE_LOOP('',(#3353,#3354,#3355,#3356));
#734=EDGE_LOOP('',(#3357,#3358,#3359,#3360));
#735=EDGE_LOOP('',(#3361,#3362,#3363,#3364));
#736=EDGE_LOOP('',(#3365,#3366,#3367,#3368));
#737=EDGE_LOOP('',(#3369,#3370,#3371,#3372));
#738=EDGE_LOOP('',(#3373,#3374,#3375,#3376));
#739=EDGE_LOOP('',(#3377,#3378,#3379,#3380));
#740=EDGE_LOOP('',(#3381,#3382,#3383,#3384));
#741=EDGE_LOOP('',(#3385,#3386,#3387,#3388));
#742=EDGE_LOOP('',(#3389,#3390,#3391,#3392));
#743=EDGE_LOOP('',(#3393,#3394,#3395,#3396));
#744=EDGE_LOOP('',(#3397,#3398,#3399,#3400));
#745=EDGE_LOOP('',(#3401,#3402,#3403,#3404));
#746=EDGE_LOOP('',(#3405,#3406,#3407,#3408));
#747=EDGE_LOOP('',(#3409,#3410,#3411,#3412));
#748=EDGE_LOOP('',(#3413,#3414,#3415,#3416));
#749=EDGE_LOOP('',(#3417,#3418,#3419,#3420,#3421,#3422,#3423,#3424,#3425,
#3426,#3427,#3428,#3429,#3430,#3431,#3432));
#750=EDGE_LOOP('',(#3433,#3434,#3435,#3436,#3437,#3438,#3439,#3440));
#751=EDGE_LOOP('',(#3441));
#752=EDGE_LOOP('',(#3442));
#753=EDGE_LOOP('',(#3443,#3444,#3445,#3446));
#754=EDGE_LOOP('',(#3447,#3448,#3449,#3450));
#755=EDGE_LOOP('',(#3451,#3452,#3453,#3454));
#756=EDGE_LOOP('',(#3455,#3456,#3457,#3458));
#757=EDGE_LOOP('',(#3459,#3460,#3461,#3462));
#758=EDGE_LOOP('',(#3463,#3464,#3465,#3466));
#759=EDGE_LOOP('',(#3467,#3468,#3469,#3470));
#760=EDGE_LOOP('',(#3471,#3472,#3473,#3474));
#761=EDGE_LOOP('',(#3475,#3476,#3477,#3478));
#762=EDGE_LOOP('',(#3479,#3480,#3481,#3482));
#763=EDGE_LOOP('',(#3483,#3484,#3485,#3486));
#764=EDGE_LOOP('',(#3487,#3488,#3489,#3490));
#765=EDGE_LOOP('',(#3491,#3492,#3493,#3494));
#766=EDGE_LOOP('',(#3495,#3496,#3497,#3498));
#767=EDGE_LOOP('',(#3499,#3500,#3501,#3502));
#768=EDGE_LOOP('',(#3503,#3504,#3505,#3506,#3507,#3508,#3509,#3510,#3511,
#3512,#3513,#3514,#3515,#3516,#3517,#3518,#3519,#3520,#3521,#3522));
#769=EDGE_LOOP('',(#3523,#3524,#3525,#3526,#3527,#3528,#3529,#3530,#3531,
#3532));
#770=EDGE_LOOP('',(#3533,#3534,#3535,#3536,#3537,#3538,#3539,#3540));
#771=EDGE_LOOP('',(#3541));
#772=EDGE_LOOP('',(#3542));
#773=EDGE_LOOP('',(#3543));
#774=EDGE_LOOP('',(#3544));
#775=EDGE_LOOP('',(#3545));
#776=EDGE_LOOP('',(#3546));
#777=EDGE_LOOP('',(#3547));
#778=EDGE_LOOP('',(#3548));
#779=EDGE_LOOP('',(#3549,#3550,#3551,#3552));
#780=EDGE_LOOP('',(#3553,#3554,#3555,#3556));
#781=EDGE_LOOP('',(#3557,#3558,#3559,#3560));
#782=EDGE_LOOP('',(#3561,#3562,#3563,#3564));
#783=EDGE_LOOP('',(#3565,#3566,#3567,#3568));
#784=EDGE_LOOP('',(#3569,#3570,#3571,#3572));
#785=EDGE_LOOP('',(#3573,#3574,#3575,#3576));
#786=EDGE_LOOP('',(#3577,#3578,#3579,#3580));
#787=EDGE_LOOP('',(#3581,#3582,#3583,#3584));
#788=EDGE_LOOP('',(#3585,#3586,#3587,#3588));
#789=EDGE_LOOP('',(#3589,#3590,#3591,#3592));
#790=EDGE_LOOP('',(#3593,#3594,#3595,#3596));
#791=EDGE_LOOP('',(#3597,#3598,#3599,#3600));
#792=EDGE_LOOP('',(#3601,#3602,#3603,#3604));
#793=EDGE_LOOP('',(#3605,#3606,#3607,#3608));
#794=EDGE_LOOP('',(#3609,#3610,#3611,#3612));
#795=EDGE_LOOP('',(#3613,#3614,#3615,#3616));
#796=EDGE_LOOP('',(#3617,#3618,#3619,#3620));
#797=EDGE_LOOP('',(#3621,#3622,#3623,#3624));
#798=EDGE_LOOP('',(#3625,#3626,#3627,#3628));
#799=EDGE_LOOP('',(#3629,#3630,#3631,#3632,#3633,#3634,#3635,#3636,#3637,
#3638,#3639,#3640));
#800=EDGE_LOOP('',(#3641,#3642,#3643,#3644,#3645,#3646,#3647,#3648,#3649,
#3650,#3651,#3652));
#801=EDGE_LOOP('',(#3653,#3654,#3655,#3656,#3657,#3658,#3659,#3660,#3661,
#3662,#3663,#3664));
#802=EDGE_LOOP('',(#3665,#3666,#3667,#3668,#3669,#3670,#3671,#3672,#3673,
#3674,#3675,#3676));
#803=EDGE_LOOP('',(#3677,#3678,#3679,#3680));
#804=EDGE_LOOP('',(#3681,#3682,#3683,#3684));
#805=EDGE_LOOP('',(#3685,#3686,#3687,#3688));
#806=EDGE_LOOP('',(#3689,#3690,#3691,#3692));
#807=EDGE_LOOP('',(#3693,#3694,#3695,#3696,#3697,#3698,#3699,#3700,#3701,
#3702,#3703,#3704));
#808=EDGE_LOOP('',(#3705,#3706,#3707,#3708,#3709,#3710,#3711,#3712));
#809=EDGE_LOOP('',(#3713));
#810=EDGE_LOOP('',(#3714));
#811=EDGE_LOOP('',(#3715,#3716,#3717));
#812=EDGE_LOOP('',(#3718,#3719,#3720,#3721,#3722,#3723,#3724,#3725,#3726));
#813=EDGE_LOOP('',(#3727,#3728,#3729));
#814=EDGE_LOOP('',(#3730,#3731,#3732,#3733,#3734,#3735));
#815=EDGE_LOOP('',(#3736,#3737,#3738,#3739,#3740,#3741,#3742,#3743));
#816=EDGE_LOOP('',(#3744,#3745,#3746));
#817=EDGE_LOOP('',(#3747,#3748,#3749,#3750,#3751,#3752));
#818=EDGE_LOOP('',(#3753,#3754,#3755,#3756,#3757,#3758,#3759,#3760,#3761));
#819=EDGE_LOOP('',(#3762,#3763,#3764));
#820=EDGE_LOOP('',(#3765,#3766,#3767,#3768,#3769,#3770));
#821=EDGE_LOOP('',(#3771,#3772,#3773,#3774,#3775,#3776,#3777,#3778));
#822=EDGE_LOOP('',(#3779,#3780,#3781,#3782,#3783,#3784,#3785,#3786));
#823=EDGE_LOOP('',(#3787));
#824=EDGE_LOOP('',(#3788));
#825=EDGE_LOOP('',(#3789));
#826=EDGE_LOOP('',(#3790));
#827=EDGE_LOOP('',(#3791));
#828=EDGE_LOOP('',(#3792,#3793,#3794,#3795,#3796,#3797,#3798,#3799,#3800,
#3801));
#829=EDGE_LOOP('',(#3802));
#830=EDGE_LOOP('',(#3803));
#831=EDGE_LOOP('',(#3804));
#832=EDGE_LOOP('',(#3805));
#833=EDGE_LOOP('',(#3806));
#834=EDGE_LOOP('',(#3807,#3808,#3809));
#835=EDGE_LOOP('',(#3810,#3811,#3812));
#836=EDGE_LOOP('',(#3813,#3814,#3815));
#837=EDGE_LOOP('',(#3816,#3817,#3818,#3819));
#838=EDGE_LOOP('',(#3820,#3821,#3822,#3823));
#839=EDGE_LOOP('',(#3824,#3825,#3826,#3827));
#840=EDGE_LOOP('',(#3828,#3829,#3830,#3831));
#841=EDGE_LOOP('',(#3832,#3833,#3834,#3835));
#842=EDGE_LOOP('',(#3836,#3837,#3838,#3839));
#843=EDGE_LOOP('',(#3840,#3841,#3842,#3843));
#844=EDGE_LOOP('',(#3844,#3845,#3846,#3847));
#845=EDGE_LOOP('',(#3848,#3849,#3850,#3851));
#846=EDGE_LOOP('',(#3852,#3853,#3854,#3855));
#847=EDGE_LOOP('',(#3856,#3857,#3858,#3859));
#848=EDGE_LOOP('',(#3860,#3861,#3862,#3863,#3864,#3865));
#849=EDGE_LOOP('',(#3866,#3867,#3868,#3869,#3870,#3871));
#850=EDGE_LOOP('',(#3872,#3873,#3874,#3875,#3876,#3877));
#851=EDGE_LOOP('',(#3878,#3879,#3880,#3881,#3882,#3883));
#852=EDGE_LOOP('',(#3884,#3885,#3886));
#853=EDGE_LOOP('',(#3887));
#854=EDGE_LOOP('',(#3888));
#855=EDGE_LOOP('',(#3889));
#856=EDGE_LOOP('',(#3890));
#857=EDGE_LOOP('',(#3891));
#858=EDGE_LOOP('',(#3892));
#859=EDGE_LOOP('',(#3893));
#860=EDGE_LOOP('',(#3894));
#861=EDGE_LOOP('',(#3895));
#862=EDGE_LOOP('',(#3896));
#863=EDGE_LOOP('',(#3897));
#864=EDGE_LOOP('',(#3898));
#865=EDGE_LOOP('',(#3899));
#866=EDGE_LOOP('',(#3900));
#867=EDGE_LOOP('',(#3901));
#868=EDGE_LOOP('',(#3902));
#869=EDGE_LOOP('',(#3903));
#870=EDGE_LOOP('',(#3904));
#871=EDGE_LOOP('',(#3905));
#872=EDGE_LOOP('',(#3906));
#873=EDGE_LOOP('',(#3907));
#874=EDGE_LOOP('',(#3908));
#875=EDGE_LOOP('',(#3909));
#876=EDGE_LOOP('',(#3910));
#877=EDGE_LOOP('',(#3911));
#878=EDGE_LOOP('',(#3912));
#879=EDGE_LOOP('',(#3913));
#880=EDGE_LOOP('',(#3914));
#881=EDGE_LOOP('',(#3915));
#882=EDGE_LOOP('',(#3916));
#883=EDGE_LOOP('',(#3917));
#884=EDGE_LOOP('',(#3918));
#885=EDGE_LOOP('',(#3919));
#886=EDGE_LOOP('',(#3920));
#887=EDGE_LOOP('',(#3921));
#888=EDGE_LOOP('',(#3922));
#889=EDGE_LOOP('',(#3923));
#890=EDGE_LOOP('',(#3924));
#891=EDGE_LOOP('',(#3925));
#892=EDGE_LOOP('',(#3926));
#893=EDGE_LOOP('',(#3927,#3928,#3929,#3930));
#894=EDGE_LOOP('',(#3931,#3932,#3933,#3934,#3935,#3936));
#895=EDGE_LOOP('',(#3937,#3938,#3939,#3940,#3941,#3942));
#896=EDGE_LOOP('',(#3943,#3944,#3945,#3946));
#897=EDGE_LOOP('',(#3947,#3948,#3949,#3950,#3951,#3952));
#898=EDGE_LOOP('',(#3953,#3954,#3955,#3956,#3957,#3958));
#899=EDGE_LOOP('',(#3959,#3960,#3961,#3962));
#900=EDGE_LOOP('',(#3963,#3964,#3965,#3966,#3967,#3968));
#901=EDGE_LOOP('',(#3969,#3970,#3971,#3972,#3973,#3974));
#902=EDGE_LOOP('',(#3975,#3976,#3977,#3978,#3979,#3980));
#903=EDGE_LOOP('',(#3981,#3982,#3983,#3984));
#904=EDGE_LOOP('',(#3985,#3986,#3987,#3988,#3989,#3990));
#905=EDGE_LOOP('',(#3991,#3992,#3993,#3994));
#906=EDGE_LOOP('',(#3995,#3996,#3997,#3998));
#907=EDGE_LOOP('',(#3999,#4000,#4001,#4002));
#908=EDGE_LOOP('',(#4003,#4004,#4005,#4006));
#909=EDGE_LOOP('',(#4007,#4008,#4009,#4010));
#910=EDGE_LOOP('',(#4011,#4012,#4013,#4014));
#911=EDGE_LOOP('',(#4015,#4016,#4017,#4018,#4019));
#912=EDGE_LOOP('',(#4020,#4021,#4022,#4023,#4024));
#913=EDGE_LOOP('',(#4025));
#914=EDGE_LOOP('',(#4026));
#915=EDGE_LOOP('',(#4027));
#916=EDGE_LOOP('',(#4028));
#917=EDGE_LOOP('',(#4029));
#918=EDGE_LOOP('',(#4030));
#919=EDGE_LOOP('',(#4031));
#920=EDGE_LOOP('',(#4032));
#921=EDGE_LOOP('',(#4033));
#922=EDGE_LOOP('',(#4034));
#923=EDGE_LOOP('',(#4035,#4036,#4037,#4038));
#924=EDGE_LOOP('',(#4039,#4040,#4041,#4042));
#925=EDGE_LOOP('',(#4043,#4044,#4045,#4046));
#926=EDGE_LOOP('',(#4047,#4048,#4049,#4050));
#927=EDGE_LOOP('',(#4051,#4052,#4053,#4054));
#928=EDGE_LOOP('',(#4055,#4056,#4057,#4058));
#929=EDGE_LOOP('',(#4059,#4060,#4061,#4062,#4063));
#930=EDGE_LOOP('',(#4064,#4065,#4066,#4067,#4068));
#931=EDGE_LOOP('',(#4069));
#932=EDGE_LOOP('',(#4070));
#933=EDGE_LOOP('',(#4071));
#934=EDGE_LOOP('',(#4072));
#935=EDGE_LOOP('',(#4073));
#936=EDGE_LOOP('',(#4074));
#937=EDGE_LOOP('',(#4075));
#938=EDGE_LOOP('',(#4076));
#939=EDGE_LOOP('',(#4077));
#940=EDGE_LOOP('',(#4078));
#941=EDGE_LOOP('',(#4079,#4080,#4081,#4082));
#942=EDGE_LOOP('',(#4083,#4084,#4085,#4086));
#943=EDGE_LOOP('',(#4087,#4088,#4089,#4090));
#944=EDGE_LOOP('',(#4091,#4092,#4093,#4094));
#945=EDGE_LOOP('',(#4095,#4096,#4097,#4098));
#946=EDGE_LOOP('',(#4099,#4100,#4101,#4102));
#947=EDGE_LOOP('',(#4103,#4104,#4105,#4106,#4107));
#948=EDGE_LOOP('',(#4108,#4109,#4110,#4111,#4112));
#949=EDGE_LOOP('',(#4113));
#950=EDGE_LOOP('',(#4114));
#951=EDGE_LOOP('',(#4115));
#952=EDGE_LOOP('',(#4116));
#953=EDGE_LOOP('',(#4117));
#954=EDGE_LOOP('',(#4118));
#955=EDGE_LOOP('',(#4119));
#956=EDGE_LOOP('',(#4120));
#957=EDGE_LOOP('',(#4121));
#958=EDGE_LOOP('',(#4122));
#959=EDGE_LOOP('',(#4123,#4124,#4125,#4126));
#960=EDGE_LOOP('',(#4127,#4128,#4129,#4130));
#961=EDGE_LOOP('',(#4131,#4132,#4133,#4134));
#962=EDGE_LOOP('',(#4135,#4136,#4137,#4138));
#963=EDGE_LOOP('',(#4139,#4140,#4141,#4142));
#964=EDGE_LOOP('',(#4143,#4144,#4145,#4146));
#965=EDGE_LOOP('',(#4147,#4148,#4149,#4150,#4151));
#966=EDGE_LOOP('',(#4152,#4153,#4154,#4155,#4156));
#967=EDGE_LOOP('',(#4157));
#968=EDGE_LOOP('',(#4158));
#969=EDGE_LOOP('',(#4159));
#970=EDGE_LOOP('',(#4160));
#971=EDGE_LOOP('',(#4161));
#972=EDGE_LOOP('',(#4162));
#973=EDGE_LOOP('',(#4163));
#974=EDGE_LOOP('',(#4164));
#975=EDGE_LOOP('',(#4165));
#976=EDGE_LOOP('',(#4166));
#977=LINE('',#6640,#1295);
#978=LINE('',#6643,#1296);
#979=LINE('',#6646,#1297);
#980=LINE('',#6648,#1298);
#981=LINE('',#6649,#1299);
#982=LINE('',#6655,#1300);
#983=LINE('',#6658,#1301);
#984=LINE('',#6660,#1302);
#985=LINE('',#6661,#1303);
#986=LINE('',#6664,#1304);
#987=LINE('',#6666,#1305);
#988=LINE('',#6667,#1306);
#989=LINE('',#6673,#1307);
#990=LINE('',#6676,#1308);
#991=LINE('',#6678,#1309);
#992=LINE('',#6679,#1310);
#993=LINE('',#6687,#1311);
#994=LINE('',#6693,#1312);
#995=LINE('',#6699,#1313);
#996=LINE('',#6704,#1314);
#997=LINE('',#6708,#1315);
#998=LINE('',#6713,#1316);
#999=LINE('',#6718,#1317);
#1000=LINE('',#6722,#1318);
#1001=LINE('',#6727,#1319);
#1002=LINE('',#6732,#1320);
#1003=LINE('',#6736,#1321);
#1004=LINE('',#6741,#1322);
#1005=LINE('',#6746,#1323);
#1006=LINE('',#6750,#1324);
#1007=LINE('',#6755,#1325);
#1008=LINE('',#6761,#1326);
#1009=LINE('',#6767,#1327);
#1010=LINE('',#6773,#1328);
#1011=LINE('',#6780,#1329);
#1012=LINE('',#6783,#1330);
#1013=LINE('',#6789,#1331);
#1014=LINE('',#6792,#1332);
#1015=LINE('',#6796,#1333);
#1016=LINE('',#6800,#1334);
#1017=LINE('',#6804,#1335);
#1018=LINE('',#6808,#1336);
#1019=LINE('',#6814,#1337);
#1020=LINE('',#6818,#1338);
#1021=LINE('',#6822,#1339);
#1022=LINE('',#6826,#1340);
#1023=LINE('',#6830,#1341);
#1024=LINE('',#6834,#1342);
#1025=LINE('',#6838,#1343);
#1026=LINE('',#6841,#1344);
#1027=LINE('',#6847,#1345);
#1028=LINE('',#6851,#1346);
#1029=LINE('',#6855,#1347);
#1030=LINE('',#6858,#1348);
#1031=LINE('',#6860,#1349);
#1032=LINE('',#6863,#1350);
#1033=LINE('',#6866,#1351);
#1034=LINE('',#6870,#1352);
#1035=LINE('',#6874,#1353);
#1036=LINE('',#6878,#1354);
#1037=LINE('',#6881,#1355);
#1038=LINE('',#6884,#1356);
#1039=LINE('',#6887,#1357);
#1040=LINE('',#6891,#1358);
#1041=LINE('',#6895,#1359);
#1042=LINE('',#6898,#1360);
#1043=LINE('',#6901,#1361);
#1044=LINE('',#6902,#1362);
#1045=LINE('',#6905,#1363);
#1046=LINE('',#6909,#1364);
#1047=LINE('',#6910,#1365);
#1048=LINE('',#6913,#1366);
#1049=LINE('',#6917,#1367);
#1050=LINE('',#6918,#1368);
#1051=LINE('',#6921,#1369);
#1052=LINE('',#6924,#1370);
#1053=LINE('',#6943,#1371);
#1054=LINE('',#6946,#1372);
#1055=LINE('',#6948,#1373);
#1056=LINE('',#6950,#1374);
#1057=LINE('',#6954,#1375);
#1058=LINE('',#6957,#1376);
#1059=LINE('',#6960,#1377);
#1060=LINE('',#6961,#1378);
#1061=LINE('',#6964,#1379);
#1062=LINE('',#6967,#1380);
#1063=LINE('',#6971,#1381);
#1064=LINE('',#6974,#1382);
#1065=LINE('',#6977,#1383);
#1066=LINE('',#6978,#1384);
#1067=LINE('',#6981,#1385);
#1068=LINE('',#6984,#1386);
#1069=LINE('',#6988,#1387);
#1070=LINE('',#6991,#1388);
#1071=LINE('',#6993,#1389);
#1072=LINE('',#6995,#1390);
#1073=LINE('',#6999,#1391);
#1074=LINE('',#7002,#1392);
#1075=LINE('',#7005,#1393);
#1076=LINE('',#7006,#1394);
#1077=LINE('',#7009,#1395);
#1078=LINE('',#7012,#1396);
#1079=LINE('',#7023,#1397);
#1080=LINE('',#7027,#1398);
#1081=LINE('',#7031,#1399);
#1082=LINE('',#7035,#1400);
#1083=LINE('',#7039,#1401);
#1084=LINE('',#7043,#1402);
#1085=LINE('',#7047,#1403);
#1086=LINE('',#7050,#1404);
#1087=LINE('',#7053,#1405);
#1088=LINE('',#7057,#1406);
#1089=LINE('',#7061,#1407);
#1090=LINE('',#7065,#1408);
#1091=LINE('',#7069,#1409);
#1092=LINE('',#7073,#1410);
#1093=LINE('',#7077,#1411);
#1094=LINE('',#7081,#1412);
#1095=LINE('',#7084,#1413);
#1096=LINE('',#7085,#1414);
#1097=LINE('',#7087,#1415);
#1098=LINE('',#7089,#1416);
#1099=LINE('',#7091,#1417);
#1100=LINE('',#7093,#1418);
#1101=LINE('',#7095,#1419);
#1102=LINE('',#7097,#1420);
#1103=LINE('',#7099,#1421);
#1104=LINE('',#7101,#1422);
#1105=LINE('',#7103,#1423);
#1106=LINE('',#7105,#1424);
#1107=LINE('',#7107,#1425);
#1108=LINE('',#7109,#1426);
#1109=LINE('',#7111,#1427);
#1110=LINE('',#7113,#1428);
#1111=LINE('',#7119,#1429);
#1112=LINE('',#7120,#1430);
#1113=LINE('',#7123,#1431);
#1114=LINE('',#7124,#1432);
#1115=LINE('',#7128,#1433);
#1116=LINE('',#7131,#1434);
#1117=LINE('',#7132,#1435);
#1118=LINE('',#7136,#1436);
#1119=LINE('',#7139,#1437);
#1120=LINE('',#7140,#1438);
#1121=LINE('',#7144,#1439);
#1122=LINE('',#7147,#1440);
#1123=LINE('',#7148,#1441);
#1124=LINE('',#7152,#1442);
#1125=LINE('',#7155,#1443);
#1126=LINE('',#7156,#1444);
#1127=LINE('',#7160,#1445);
#1128=LINE('',#7163,#1446);
#1129=LINE('',#7164,#1447);
#1130=LINE('',#7168,#1448);
#1131=LINE('',#7171,#1449);
#1132=LINE('',#7172,#1450);
#1133=LINE('',#7176,#1451);
#1134=LINE('',#7178,#1452);
#1135=LINE('',#7186,#1453);
#1136=LINE('',#7189,#1454);
#1137=LINE('',#7192,#1455);
#1138=LINE('',#7194,#1456);
#1139=LINE('',#7195,#1457);
#1140=LINE('',#7198,#1458);
#1141=LINE('',#7200,#1459);
#1142=LINE('',#7201,#1460);
#1143=LINE('',#7206,#1461);
#1144=LINE('',#7210,#1462);
#1145=LINE('',#7212,#1463);
#1146=LINE('',#7213,#1464);
#1147=LINE('',#7219,#1465);
#1148=LINE('',#7222,#1466);
#1149=LINE('',#7225,#1467);
#1150=LINE('',#7227,#1468);
#1151=LINE('',#7228,#1469);
#1152=LINE('',#7233,#1470);
#1153=LINE('',#7237,#1471);
#1154=LINE('',#7239,#1472);
#1155=LINE('',#7240,#1473);
#1156=LINE('',#7243,#1474);
#1157=LINE('',#7245,#1475);
#1158=LINE('',#7246,#1476);
#1159=LINE('',#7251,#1477);
#1160=LINE('',#7255,#1478);
#1161=LINE('',#7257,#1479);
#1162=LINE('',#7258,#1480);
#1163=LINE('',#7266,#1481);
#1164=LINE('',#7272,#1482);
#1165=LINE('',#7276,#1483);
#1166=LINE('',#7280,#1484);
#1167=LINE('',#7284,#1485);
#1168=LINE('',#7288,#1486);
#1169=LINE('',#7291,#1487);
#1170=LINE('',#7293,#1488);
#1171=LINE('',#7297,#1489);
#1172=LINE('',#7301,#1490);
#1173=LINE('',#7305,#1491);
#1174=LINE('',#7308,#1492);
#1175=LINE('',#7311,#1493);
#1176=LINE('',#7313,#1494);
#1177=LINE('',#7314,#1495);
#1178=LINE('',#7337,#1496);
#1179=LINE('',#7343,#1497);
#1180=LINE('',#7349,#1498);
#1181=LINE('',#7355,#1499);
#1182=LINE('',#7361,#1500);
#1183=LINE('',#7367,#1501);
#1184=LINE('',#7373,#1502);
#1185=LINE('',#7379,#1503);
#1186=LINE('',#7385,#1504);
#1187=LINE('',#7391,#1505);
#1188=LINE('',#7397,#1506);
#1189=LINE('',#7403,#1507);
#1190=LINE('',#7409,#1508);
#1191=LINE('',#7415,#1509);
#1192=LINE('',#7421,#1510);
#1193=LINE('',#7427,#1511);
#1194=LINE('',#7433,#1512);
#1195=LINE('',#7439,#1513);
#1196=LINE('',#7445,#1514);
#1197=LINE('',#7451,#1515);
#1198=LINE('',#7458,#1516);
#1199=LINE('',#7503,#1517);
#1200=LINE('',#7544,#1518);
#1201=LINE('',#7580,#1519);
#1202=LINE('',#7620,#1520);
#1203=LINE('',#7623,#1521);
#1204=LINE('',#7629,#1522);
#1205=LINE('',#7632,#1523);
#1206=LINE('',#7638,#1524);
#1207=LINE('',#7641,#1525);
#1208=LINE('',#7647,#1526);
#1209=LINE('',#7650,#1527);
#1210=LINE('',#7652,#1528);
#1211=LINE('',#7654,#1529);
#1212=LINE('',#7656,#1530);
#1213=LINE('',#7657,#1531);
#1214=LINE('',#7660,#1532);
#1215=LINE('',#7661,#1533);
#1216=LINE('',#7664,#1534);
#1217=LINE('',#7666,#1535);
#1218=LINE('',#7670,#1536);
#1219=LINE('',#7671,#1537);
#1220=LINE('',#7675,#1538);
#1221=LINE('',#7677,#1539);
#1222=LINE('',#7679,#1540);
#1223=LINE('',#7680,#1541);
#1224=LINE('',#7681,#1542);
#1225=LINE('',#7684,#1543);
#1226=LINE('',#7686,#1544);
#1227=LINE('',#7690,#1545);
#1228=LINE('',#7691,#1546);
#1229=LINE('',#7695,#1547);
#1230=LINE('',#7697,#1548);
#1231=LINE('',#7698,#1549);
#1232=LINE('',#7700,#1550);
#1233=LINE('',#7701,#1551);
#1234=LINE('',#7703,#1552);
#1235=LINE('',#7705,#1553);
#1236=LINE('',#7710,#1554);
#1237=LINE('',#7711,#1555);
#1238=LINE('',#7715,#1556);
#1239=LINE('',#7717,#1557);
#1240=LINE('',#7718,#1558);
#1241=LINE('',#7720,#1559);
#1242=LINE('',#7721,#1560);
#1243=LINE('',#7724,#1561);
#1244=LINE('',#7727,#1562);
#1245=LINE('',#7735,#1563);
#1246=LINE('',#7737,#1564);
#1247=LINE('',#7739,#1565);
#1248=LINE('',#7742,#1566);
#1249=LINE('',#7743,#1567);
#1250=LINE('',#7745,#1568);
#1251=LINE('',#7750,#1569);
#1252=LINE('',#7752,#1570);
#1253=LINE('',#7755,#1571);
#1254=LINE('',#7842,#1572);
#1255=LINE('',#7868,#1573);
#1256=LINE('',#7869,#1574);
#1257=LINE('',#7873,#1575);
#1258=LINE('',#7874,#1576);
#1259=LINE('',#7878,#1577);
#1260=LINE('',#7879,#1578);
#1261=LINE('',#7883,#1579);
#1262=LINE('',#7885,#1580);
#1263=LINE('',#7891,#1581);
#1264=LINE('',#7896,#1582);
#1265=LINE('',#7901,#1583);
#1266=LINE('',#7906,#1584);
#1267=LINE('',#7911,#1585);
#1268=LINE('',#7917,#1586);
#1269=LINE('',#7925,#1587);
#1270=LINE('',#7929,#1588);
#1271=LINE('',#7940,#1589);
#1272=LINE('',#7945,#1590);
#1273=LINE('',#7950,#1591);
#1274=LINE('',#7955,#1592);
#1275=LINE('',#7960,#1593);
#1276=LINE('',#7966,#1594);
#1277=LINE('',#7973,#1595);
#1278=LINE('',#7978,#1596);
#1279=LINE('',#7989,#1597);
#1280=LINE('',#7994,#1598);
#1281=LINE('',#7999,#1599);
#1282=LINE('',#8004,#1600);
#1283=LINE('',#8009,#1601);
#1284=LINE('',#8015,#1602);
#1285=LINE('',#8023,#1603);
#1286=LINE('',#8027,#1604);
#1287=LINE('',#8038,#1605);
#1288=LINE('',#8043,#1606);
#1289=LINE('',#8048,#1607);
#1290=LINE('',#8053,#1608);
#1291=LINE('',#8058,#1609);
#1292=LINE('',#8064,#1610);
#1293=LINE('',#8071,#1611);
#1294=LINE('',#8076,#1612);
#1295=VECTOR('',#5163,0.393700787401575);
#1296=VECTOR('',#5166,0.393700787401575);
#1297=VECTOR('',#5169,0.393700787401575);
#1298=VECTOR('',#5170,0.393700787401575);
#1299=VECTOR('',#5171,0.393700787401575);
#1300=VECTOR('',#5178,0.393700787401575);
#1301=VECTOR('',#5181,0.393700787401575);
#1302=VECTOR('',#5182,0.393700787401575);
#1303=VECTOR('',#5183,0.393700787401575);
#1304=VECTOR('',#5186,0.393700787401575);
#1305=VECTOR('',#5187,0.393700787401575);
#1306=VECTOR('',#5188,0.393700787401575);
#1307=VECTOR('',#5195,0.393700787401575);
#1308=VECTOR('',#5198,0.393700787401575);
#1309=VECTOR('',#5199,0.393700787401575);
#1310=VECTOR('',#5200,0.393700787401575);
#1311=VECTOR('',#5211,0.1875);
#1312=VECTOR('',#5218,0.1875);
#1313=VECTOR('',#5225,0.12);
#1314=VECTOR('',#5232,0.12);
#1315=VECTOR('',#5237,0.0639999999999999);
#1316=VECTOR('',#5242,0.12);
#1317=VECTOR('',#5249,0.12);
#1318=VECTOR('',#5254,0.0639999999999999);
#1319=VECTOR('',#5259,0.12);
#1320=VECTOR('',#5266,0.12);
#1321=VECTOR('',#5271,0.0639999999999999);
#1322=VECTOR('',#5276,0.12);
#1323=VECTOR('',#5283,0.12);
#1324=VECTOR('',#5288,0.0639999999999999);
#1325=VECTOR('',#5293,0.145);
#1326=VECTOR('',#5300,0.145);
#1327=VECTOR('',#5307,0.145);
#1328=VECTOR('',#5314,0.145);
#1329=VECTOR('',#5321,39.3700787401575);
#1330=VECTOR('',#5324,39.3700787401575);
#1331=VECTOR('',#5329,39.3700787401575);
#1332=VECTOR('',#5332,39.3700787401575);
#1333=VECTOR('',#5335,39.3700787401575);
#1334=VECTOR('',#5338,39.3700787401575);
#1335=VECTOR('',#5341,39.3700787401575);
#1336=VECTOR('',#5344,39.3700787401575);
#1337=VECTOR('',#5349,39.3700787401575);
#1338=VECTOR('',#5352,39.3700787401575);
#1339=VECTOR('',#5355,39.3700787401575);
#1340=VECTOR('',#5358,39.3700787401575);
#1341=VECTOR('',#5361,39.3700787401575);
#1342=VECTOR('',#5364,39.3700787401575);
#1343=VECTOR('',#5367,39.3700787401575);
#1344=VECTOR('',#5370,39.3700787401575);
#1345=VECTOR('',#5375,39.3700787401575);
#1346=VECTOR('',#5378,39.3700787401575);
#1347=VECTOR('',#5381,39.3700787401575);
#1348=VECTOR('',#5384,39.3700787401575);
#1349=VECTOR('',#5385,39.3700787401575);
#1350=VECTOR('',#5388,39.3700787401575);
#1351=VECTOR('',#5389,39.3700787401575);
#1352=VECTOR('',#5392,39.3700787401575);
#1353=VECTOR('',#5395,39.3700787401575);
#1354=VECTOR('',#5398,39.3700787401575);
#1355=VECTOR('',#5401,39.3700787401575);
#1356=VECTOR('',#5404,39.3700787401575);
#1357=VECTOR('',#5405,39.3700787401575);
#1358=VECTOR('',#5408,39.3700787401575);
#1359=VECTOR('',#5413,39.3700787401575);
#1360=VECTOR('',#5416,39.3700787401575);
#1361=VECTOR('',#5419,39.3700787401575);
#1362=VECTOR('',#5420,39.3700787401575);
#1363=VECTOR('',#5423,39.3700787401575);
#1364=VECTOR('',#5428,39.3700787401575);
#1365=VECTOR('',#5429,39.3700787401575);
#1366=VECTOR('',#5432,39.3700787401575);
#1367=VECTOR('',#5437,39.3700787401575);
#1368=VECTOR('',#5438,39.3700787401575);
#1369=VECTOR('',#5441,39.3700787401575);
#1370=VECTOR('',#5446,39.3700787401575);
#1371=VECTOR('',#5481,39.3700787401575);
#1372=VECTOR('',#5484,39.3700787401575);
#1373=VECTOR('',#5487,39.3700787401575);
#1374=VECTOR('',#5490,39.3700787401575);
#1375=VECTOR('',#5495,39.3700787401575);
#1376=VECTOR('',#5498,39.3700787401575);
#1377=VECTOR('',#5501,39.3700787401575);
#1378=VECTOR('',#5502,39.3700787401575);
#1379=VECTOR('',#5505,39.3700787401575);
#1380=VECTOR('',#5510,39.3700787401575);
#1381=VECTOR('',#5515,39.3700787401575);
#1382=VECTOR('',#5518,39.3700787401575);
#1383=VECTOR('',#5521,39.3700787401575);
#1384=VECTOR('',#5522,39.3700787401575);
#1385=VECTOR('',#5525,39.3700787401575);
#1386=VECTOR('',#5530,39.3700787401575);
#1387=VECTOR('',#5535,39.3700787401575);
#1388=VECTOR('',#5538,39.3700787401575);
#1389=VECTOR('',#5541,39.3700787401575);
#1390=VECTOR('',#5544,39.3700787401575);
#1391=VECTOR('',#5549,39.3700787401575);
#1392=VECTOR('',#5552,39.3700787401575);
#1393=VECTOR('',#5555,39.3700787401575);
#1394=VECTOR('',#5556,39.3700787401575);
#1395=VECTOR('',#5559,39.3700787401575);
#1396=VECTOR('',#5564,39.3700787401575);
#1397=VECTOR('',#5579,39.3700787401575);
#1398=VECTOR('',#5582,39.3700787401575);
#1399=VECTOR('',#5585,39.3700787401575);
#1400=VECTOR('',#5588,39.3700787401575);
#1401=VECTOR('',#5591,39.3700787401575);
#1402=VECTOR('',#5594,39.3700787401575);
#1403=VECTOR('',#5597,39.3700787401575);
#1404=VECTOR('',#5600,39.3700787401575);
#1405=VECTOR('',#5601,39.3700787401575);
#1406=VECTOR('',#5604,39.3700787401575);
#1407=VECTOR('',#5607,39.3700787401575);
#1408=VECTOR('',#5610,39.3700787401575);
#1409=VECTOR('',#5613,39.3700787401575);
#1410=VECTOR('',#5616,39.3700787401575);
#1411=VECTOR('',#5619,39.3700787401575);
#1412=VECTOR('',#5622,39.3700787401575);
#1413=VECTOR('',#5627,39.3700787401575);
#1414=VECTOR('',#5628,39.3700787401575);
#1415=VECTOR('',#5631,39.3700787401575);
#1416=VECTOR('',#5634,39.3700787401575);
#1417=VECTOR('',#5637,39.3700787401575);
#1418=VECTOR('',#5640,39.3700787401575);
#1419=VECTOR('',#5643,39.3700787401575);
#1420=VECTOR('',#5646,39.3700787401575);
#1421=VECTOR('',#5649,39.3700787401575);
#1422=VECTOR('',#5652,39.3700787401575);
#1423=VECTOR('',#5655,39.3700787401575);
#1424=VECTOR('',#5658,39.3700787401575);
#1425=VECTOR('',#5661,39.3700787401575);
#1426=VECTOR('',#5664,39.3700787401575);
#1427=VECTOR('',#5667,39.3700787401575);
#1428=VECTOR('',#5670,39.3700787401575);
#1429=VECTOR('',#5677,39.3700787401575);
#1430=VECTOR('',#5678,39.3700787401575);
#1431=VECTOR('',#5681,39.3700787401575);
#1432=VECTOR('',#5682,39.3700787401575);
#1433=VECTOR('',#5687,39.3700787401575);
#1434=VECTOR('',#5690,39.3700787401575);
#1435=VECTOR('',#5691,39.3700787401575);
#1436=VECTOR('',#5696,39.3700787401575);
#1437=VECTOR('',#5699,39.3700787401575);
#1438=VECTOR('',#5700,39.3700787401575);
#1439=VECTOR('',#5705,39.3700787401575);
#1440=VECTOR('',#5708,39.3700787401575);
#1441=VECTOR('',#5709,39.3700787401575);
#1442=VECTOR('',#5714,39.3700787401575);
#1443=VECTOR('',#5717,39.3700787401575);
#1444=VECTOR('',#5718,39.3700787401575);
#1445=VECTOR('',#5723,39.3700787401575);
#1446=VECTOR('',#5726,39.3700787401575);
#1447=VECTOR('',#5727,39.3700787401575);
#1448=VECTOR('',#5732,39.3700787401575);
#1449=VECTOR('',#5735,39.3700787401575);
#1450=VECTOR('',#5736,39.3700787401575);
#1451=VECTOR('',#5741,39.3700787401575);
#1452=VECTOR('',#5744,39.3700787401575);
#1453=VECTOR('',#5753,0.393700787401575);
#1454=VECTOR('',#5756,0.393700787401575);
#1455=VECTOR('',#5759,0.393700787401575);
#1456=VECTOR('',#5760,0.393700787401575);
#1457=VECTOR('',#5761,0.393700787401575);
#1458=VECTOR('',#5764,0.393700787401575);
#1459=VECTOR('',#5765,0.393700787401575);
#1460=VECTOR('',#5766,0.393700787401575);
#1461=VECTOR('',#5771,0.393700787401575);
#1462=VECTOR('',#5776,0.393700787401575);
#1463=VECTOR('',#5777,0.393700787401575);
#1464=VECTOR('',#5778,0.393700787401575);
#1465=VECTOR('',#5783,0.393700787401575);
#1466=VECTOR('',#5786,0.393700787401575);
#1467=VECTOR('',#5789,0.393700787401575);
#1468=VECTOR('',#5790,0.393700787401575);
#1469=VECTOR('',#5791,0.393700787401575);
#1470=VECTOR('',#5796,0.393700787401575);
#1471=VECTOR('',#5801,0.393700787401575);
#1472=VECTOR('',#5802,0.393700787401575);
#1473=VECTOR('',#5803,0.393700787401575);
#1474=VECTOR('',#5806,0.393700787401575);
#1475=VECTOR('',#5807,0.393700787401575);
#1476=VECTOR('',#5808,0.393700787401575);
#1477=VECTOR('',#5813,0.393700787401575);
#1478=VECTOR('',#5818,0.393700787401575);
#1479=VECTOR('',#5819,0.393700787401575);
#1480=VECTOR('',#5820,0.393700787401575);
#1481=VECTOR('',#5831,0.25);
#1482=VECTOR('',#5838,0.25);
#1483=VECTOR('',#5843,39.3700787401575);
#1484=VECTOR('',#5846,39.3700787401575);
#1485=VECTOR('',#5849,39.3700787401575);
#1486=VECTOR('',#5852,39.3700787401575);
#1487=VECTOR('',#5855,39.3700787401575);
#1488=VECTOR('',#5856,39.3700787401575);
#1489=VECTOR('',#5859,39.3700787401575);
#1490=VECTOR('',#5862,39.3700787401575);
#1491=VECTOR('',#5865,39.3700787401575);
#1492=VECTOR('',#5868,39.3700787401575);
#1493=VECTOR('',#5871,39.3700787401575);
#1494=VECTOR('',#5872,39.3700787401575);
#1495=VECTOR('',#5873,39.3700787401575);
#1496=VECTOR('',#5902,0.0599999999999996);
#1497=VECTOR('',#5909,0.0929999999999998);
#1498=VECTOR('',#5916,0.1255);
#1499=VECTOR('',#5923,0.0599999999999996);
#1500=VECTOR('',#5930,0.0929999999999998);
#1501=VECTOR('',#5937,0.1255);
#1502=VECTOR('',#5944,0.0599999999999996);
#1503=VECTOR('',#5951,0.0929999999999998);
#1504=VECTOR('',#5958,0.1255);
#1505=VECTOR('',#5965,0.0599999999999996);
#1506=VECTOR('',#5972,0.0929999999999998);
#1507=VECTOR('',#5979,0.1255);
#1508=VECTOR('',#5986,0.0449999999999999);
#1509=VECTOR('',#5993,0.0449999999999999);
#1510=VECTOR('',#6000,0.0449999999999999);
#1511=VECTOR('',#6007,0.0449999999999999);
#1512=VECTOR('',#6014,0.125);
#1513=VECTOR('',#6021,0.125);
#1514=VECTOR('',#6028,0.125);
#1515=VECTOR('',#6035,0.125);
#1516=VECTOR('',#6042,0.1565);
#1517=VECTOR('',#6059,0.1565);
#1518=VECTOR('',#6076,0.1565);
#1519=VECTOR('',#6095,0.1565);
#1520=VECTOR('',#6114,39.3700787401575);
#1521=VECTOR('',#6117,39.3700787401575);
#1522=VECTOR('',#6122,39.3700787401575);
#1523=VECTOR('',#6125,39.3700787401575);
#1524=VECTOR('',#6130,39.3700787401575);
#1525=VECTOR('',#6133,39.3700787401575);
#1526=VECTOR('',#6140,39.3700787401575);
#1527=VECTOR('',#6143,39.3700787401575);
#1528=VECTOR('',#6144,39.3700787401575);
#1529=VECTOR('',#6145,39.3700787401575);
#1530=VECTOR('',#6146,39.3700787401575);
#1531=VECTOR('',#6147,39.3700787401575);
#1532=VECTOR('',#6150,39.3700787401575);
#1533=VECTOR('',#6151,39.3700787401575);
#1534=VECTOR('',#6156,39.3700787401575);
#1535=VECTOR('',#6157,39.3700787401575);
#1536=VECTOR('',#6162,39.3700787401575);
#1537=VECTOR('',#6163,39.3700787401575);
#1538=VECTOR('',#6166,39.3700787401575);
#1539=VECTOR('',#6167,39.3700787401575);
#1540=VECTOR('',#6168,39.3700787401575);
#1541=VECTOR('',#6169,39.3700787401575);
#1542=VECTOR('',#6170,39.3700787401575);
#1543=VECTOR('',#6175,39.3700787401575);
#1544=VECTOR('',#6176,39.3700787401575);
#1545=VECTOR('',#6181,39.3700787401575);
#1546=VECTOR('',#6182,39.3700787401575);
#1547=VECTOR('',#6185,39.3700787401575);
#1548=VECTOR('',#6186,39.3700787401575);
#1549=VECTOR('',#6187,39.3700787401575);
#1550=VECTOR('',#6188,39.3700787401575);
#1551=VECTOR('',#6189,39.3700787401575);
#1552=VECTOR('',#6192,39.3700787401575);
#1553=VECTOR('',#6193,39.3700787401575);
#1554=VECTOR('',#6200,39.3700787401575);
#1555=VECTOR('',#6201,39.3700787401575);
#1556=VECTOR('',#6204,39.3700787401575);
#1557=VECTOR('',#6205,39.3700787401575);
#1558=VECTOR('',#6206,39.3700787401575);
#1559=VECTOR('',#6207,39.3700787401575);
#1560=VECTOR('',#6208,39.3700787401575);
#1561=VECTOR('',#6211,39.3700787401575);
#1562=VECTOR('',#6216,39.3700787401575);
#1563=VECTOR('',#6231,39.3700787401575);
#1564=VECTOR('',#6234,39.3700787401575);
#1565=VECTOR('',#6237,39.3700787401575);
#1566=VECTOR('',#6242,39.3700787401575);
#1567=VECTOR('',#6243,39.3700787401575);
#1568=VECTOR('',#6246,39.3700787401575);
#1569=VECTOR('',#6255,39.3700787401575);
#1570=VECTOR('',#6258,39.3700787401575);
#1571=VECTOR('',#6263,39.3700787401575);
#1572=VECTOR('',#6300,39.3700787401575);
#1573=VECTOR('',#6351,39.3700787401575);
#1574=VECTOR('',#6352,39.3700787401575);
#1575=VECTOR('',#6359,39.3700787401575);
#1576=VECTOR('',#6360,39.3700787401575);
#1577=VECTOR('',#6367,39.3700787401575);
#1578=VECTOR('',#6368,39.3700787401575);
#1579=VECTOR('',#6375,39.3700787401575);
#1580=VECTOR('',#6378,39.3700787401575);
#1581=VECTOR('',#6385,0.0625);
#1582=VECTOR('',#6392,0.0445);
#1583=VECTOR('',#6397,0.0785);
#1584=VECTOR('',#6404,0.0884999999999999);
#1585=VECTOR('',#6409,0.0985);
#1586=VECTOR('',#6416,0.0884999999999999);
#1587=VECTOR('',#6425,0.125);
#1588=VECTOR('',#6430,0.125);
#1589=VECTOR('',#6447,0.0625);
#1590=VECTOR('',#6454,0.0445);
#1591=VECTOR('',#6459,0.0785);
#1592=VECTOR('',#6466,0.0884999999999999);
#1593=VECTOR('',#6471,0.0985);
#1594=VECTOR('',#6478,0.0884999999999999);
#1595=VECTOR('',#6485,0.125);
#1596=VECTOR('',#6492,0.125);
#1597=VECTOR('',#6509,0.0625);
#1598=VECTOR('',#6516,0.0445);
#1599=VECTOR('',#6521,0.0785);
#1600=VECTOR('',#6528,0.0884999999999999);
#1601=VECTOR('',#6533,0.0985);
#1602=VECTOR('',#6540,0.0884999999999999);
#1603=VECTOR('',#6549,0.125);
#1604=VECTOR('',#6554,0.125);
#1605=VECTOR('',#6571,0.0625);
#1606=VECTOR('',#6578,0.0445);
#1607=VECTOR('',#6583,0.0785);
#1608=VECTOR('',#6590,0.0884999999999999);
#1609=VECTOR('',#6595,0.0985);
#1610=VECTOR('',#6602,0.0884999999999999);
#1611=VECTOR('',#6609,0.125);
#1612=VECTOR('',#6616,0.125);
#1613=CIRCLE('',#4578,0.25);
#1614=CIRCLE('',#4579,0.25);
#1615=CIRCLE('',#4582,0.25);
#1616=CIRCLE('',#4583,0.25);
#1617=CIRCLE('',#4587,0.25);
#1618=CIRCLE('',#4588,0.25);
#1619=CIRCLE('',#4591,0.25);
#1620=CIRCLE('',#4592,0.25);
#1621=CIRCLE('',#4594,0.1875);
#1622=CIRCLE('',#4595,0.1875);
#1623=CIRCLE('',#4597,0.1875);
#1624=CIRCLE('',#4598,0.1875);
#1625=CIRCLE('',#4600,0.12);
#1626=CIRCLE('',#4601,0.12);
#1627=CIRCLE('',#4603,0.0639999999999999);
#1628=CIRCLE('',#4605,0.0639999999999999);
#1629=CIRCLE('',#4607,0.12);
#1630=CIRCLE('',#4608,0.12);
#1631=CIRCLE('',#4610,0.0639999999999999);
#1632=CIRCLE('',#4612,0.0639999999999999);
#1633=CIRCLE('',#4614,0.12);
#1634=CIRCLE('',#4615,0.12);
#1635=CIRCLE('',#4617,0.0639999999999999);
#1636=CIRCLE('',#4619,0.0639999999999999);
#1637=CIRCLE('',#4621,0.12);
#1638=CIRCLE('',#4622,0.12);
#1639=CIRCLE('',#4624,0.0639999999999999);
#1640=CIRCLE('',#4626,0.0639999999999999);
#1641=CIRCLE('',#4628,0.145);
#1642=CIRCLE('',#4629,0.145);
#1643=CIRCLE('',#4631,0.145);
#1644=CIRCLE('',#4632,0.145);
#1645=CIRCLE('',#4634,0.145);
#1646=CIRCLE('',#4635,0.145);
#1647=CIRCLE('',#4637,0.145);
#1648=CIRCLE('',#4638,0.145);
#1649=CIRCLE('',#4640,0.0314999999999986);
#1650=CIRCLE('',#4641,0.0314999999999986);
#1651=CIRCLE('',#4643,0.0314999999999966);
#1652=CIRCLE('',#4644,0.0314999999999966);
#1653=CIRCLE('',#4646,0.141000000000001);
#1654=CIRCLE('',#4647,0.140999999999999);
#1655=CIRCLE('',#4648,0.141);
#1656=CIRCLE('',#4649,0.141000000000002);
#1657=CIRCLE('',#4650,0.186999999999993);
#1658=CIRCLE('',#4651,0.186999999999997);
#1659=CIRCLE('',#4652,0.186999999999999);
#1660=CIRCLE('',#4653,0.186999999999998);
#1661=CIRCLE('',#4654,0.186999999999998);
#1662=CIRCLE('',#4655,0.186999999999999);
#1663=CIRCLE('',#4656,0.186999999999997);
#1664=CIRCLE('',#4657,0.186999999999985);
#1665=CIRCLE('',#4659,0.203000000000001);
#1666=CIRCLE('',#4660,0.203000000000002);
#1667=CIRCLE('',#4661,0.203000000000001);
#1668=CIRCLE('',#4662,0.202999999999999);
#1669=CIRCLE('',#4663,0.0314999999999966);
#1670=CIRCLE('',#4664,0.031500000000001);
#1671=CIRCLE('',#4665,0.031500000000001);
#1672=CIRCLE('',#4666,0.0314999999999994);
#1673=CIRCLE('',#4667,0.0314999999999994);
#1674=CIRCLE('',#4668,0.0314999999999986);
#1675=CIRCLE('',#4669,0.031500000000001);
#1676=CIRCLE('',#4670,0.031500000000001);
#1677=CIRCLE('',#4672,0.203000000000001);
#1678=CIRCLE('',#4675,0.202999999999999);
#1679=CIRCLE('',#4678,0.203000000000001);
#1680=CIRCLE('',#4681,0.203000000000002);
#1681=CIRCLE('',#4684,0.062);
#1682=CIRCLE('',#4685,0.062);
#1683=CIRCLE('',#4687,0.062);
#1684=CIRCLE('',#4689,0.062);
#1685=CIRCLE('',#4691,0.062);
#1686=CIRCLE('',#4693,0.062);
#1687=CIRCLE('',#4695,0.062);
#1688=CIRCLE('',#4697,0.062);
#1689=CIRCLE('',#4700,0.0314999999999966);
#1690=CIRCLE('',#4705,0.031500000000001);
#1691=CIRCLE('',#4708,0.031500000000001);
#1692=CIRCLE('',#4712,0.031500000000001);
#1693=CIRCLE('',#4715,0.031500000000001);
#1694=CIRCLE('',#4719,0.0314999999999986);
#1695=CIRCLE('',#4724,0.0314999999999994);
#1696=CIRCLE('',#4727,0.0314999999999994);
#1697=CIRCLE('',#4735,0.186999999999993);
#1698=CIRCLE('',#4736,0.186999999999985);
#1699=CIRCLE('',#4737,0.186999999999997);
#1700=CIRCLE('',#4738,0.186999999999999);
#1701=CIRCLE('',#4739,0.186999999999998);
#1702=CIRCLE('',#4740,0.186999999999998);
#1703=CIRCLE('',#4741,0.186999999999999);
#1704=CIRCLE('',#4742,0.186999999999997);
#1705=CIRCLE('',#4743,0.155999999999997);
#1706=CIRCLE('',#4744,0.155999999999997);
#1707=CIRCLE('',#4745,0.155999999999988);
#1708=CIRCLE('',#4746,0.155999999999996);
#1709=CIRCLE('',#4747,0.155999999999997);
#1710=CIRCLE('',#4748,0.155999999999999);
#1711=CIRCLE('',#4749,0.155999999999997);
#1712=CIRCLE('',#4750,0.155999999999997);
#1713=CIRCLE('',#4768,0.155999999999997);
#1714=CIRCLE('',#4771,0.155999999999997);
#1715=CIRCLE('',#4774,0.155999999999997);
#1716=CIRCLE('',#4777,0.155999999999988);
#1717=CIRCLE('',#4780,0.155999999999996);
#1718=CIRCLE('',#4783,0.155999999999997);
#1719=CIRCLE('',#4786,0.155999999999999);
#1720=CIRCLE('',#4789,0.155999999999997);
#1721=CIRCLE('',#4825,0.188000000000004);
#1722=CIRCLE('',#4826,0.188000000000004);
#1723=CIRCLE('',#4827,0.188000000000004);
#1724=CIRCLE('',#4828,0.188000000000004);
#1725=CIRCLE('',#4829,0.0830000000000034);
#1726=CIRCLE('',#4830,0.0830000000000034);
#1727=CIRCLE('',#4831,0.0830000000000037);
#1728=CIRCLE('',#4832,0.0830000000000037);
#1729=CIRCLE('',#4835,0.0929999999999995);
#1730=CIRCLE('',#4837,0.0929999999999995);
#1731=CIRCLE('',#4839,0.0929999999999995);
#1732=CIRCLE('',#4841,0.0929999999999995);
#1733=CIRCLE('',#4843,0.0750199973340443);
#1734=CIRCLE('',#4845,0.140801278403287);
#1735=CIRCLE('',#4847,0.0599999999999996);
#1736=CIRCLE('',#4848,0.0599999999999996);
#1737=CIRCLE('',#4850,0.0929999999999998);
#1738=CIRCLE('',#4851,0.0929999999999998);
#1739=CIRCLE('',#4853,0.1255);
#1740=CIRCLE('',#4854,0.1255);
#1741=CIRCLE('',#4856,0.0599999999999996);
#1742=CIRCLE('',#4857,0.0599999999999996);
#1743=CIRCLE('',#4859,0.0929999999999998);
#1744=CIRCLE('',#4860,0.0929999999999998);
#1745=CIRCLE('',#4862,0.1255);
#1746=CIRCLE('',#4863,0.1255);
#1747=CIRCLE('',#4865,0.0599999999999996);
#1748=CIRCLE('',#4866,0.0599999999999996);
#1749=CIRCLE('',#4868,0.0929999999999998);
#1750=CIRCLE('',#4869,0.0929999999999998);
#1751=CIRCLE('',#4871,0.1255);
#1752=CIRCLE('',#4872,0.1255);
#1753=CIRCLE('',#4874,0.0599999999999996);
#1754=CIRCLE('',#4875,0.0599999999999996);
#1755=CIRCLE('',#4877,0.0929999999999998);
#1756=CIRCLE('',#4878,0.0929999999999998);
#1757=CIRCLE('',#4880,0.1255);
#1758=CIRCLE('',#4881,0.1255);
#1759=CIRCLE('',#4883,0.0406362337679456);
#1760=CIRCLE('',#4884,0.0449999999999999);
#1761=CIRCLE('',#4886,0.0406362337679456);
#1762=CIRCLE('',#4887,0.0449999999999999);
#1763=CIRCLE('',#4889,0.0406362337679456);
#1764=CIRCLE('',#4890,0.0449999999999999);
#1765=CIRCLE('',#4892,0.0406362337679456);
#1766=CIRCLE('',#4893,0.0449999999999999);
#1767=CIRCLE('',#4895,0.129363766232054);
#1768=CIRCLE('',#4896,0.125);
#1769=CIRCLE('',#4898,0.129363766232054);
#1770=CIRCLE('',#4899,0.125);
#1771=CIRCLE('',#4901,0.129363766232054);
#1772=CIRCLE('',#4902,0.125);
#1773=CIRCLE('',#4904,0.129363766232054);
#1774=CIRCLE('',#4905,0.125);
#1775=CIRCLE('',#4907,0.1741296155775);
#1776=CIRCLE('',#4908,0.1565);
#1777=CIRCLE('',#4909,0.1741296155775);
#1778=CIRCLE('',#4910,0.1741296155775);
#1779=CIRCLE('',#4912,0.156534910129857);
#1780=CIRCLE('',#4914,0.1741296155775);
#1781=CIRCLE('',#4916,0.1565);
#1782=CIRCLE('',#4917,0.1741296155775);
#1783=CIRCLE('',#4918,0.1741296155775);
#1784=CIRCLE('',#4920,0.156534910129857);
#1785=CIRCLE('',#4922,0.1741296155775);
#1786=CIRCLE('',#4924,0.1565);
#1787=CIRCLE('',#4925,0.1741296155775);
#1788=CIRCLE('',#4927,0.156534910129857);
#1789=CIRCLE('',#4929,0.1741296155775);
#1790=CIRCLE('',#4930,0.1741296155775);
#1791=CIRCLE('',#4932,0.1741296155775);
#1792=CIRCLE('',#4933,0.1565);
#1793=CIRCLE('',#4934,0.1741296155775);
#1794=CIRCLE('',#4935,0.1741296155775);
#1795=CIRCLE('',#4937,0.156534910129857);
#1796=CIRCLE('',#4939,0.1741296155775);
#1797=CIRCLE('',#4941,0.125);
#1798=CIRCLE('',#4942,0.125);
#1799=CIRCLE('',#4944,0.125);
#1800=CIRCLE('',#4945,0.125);
#1801=CIRCLE('',#4947,0.125);
#1802=CIRCLE('',#4948,0.125);
#1803=CIRCLE('',#4950,0.125);
#1804=CIRCLE('',#4951,0.125);
#1805=CIRCLE('',#4973,0.112876518373854);
#1806=CIRCLE('',#4974,0.112876518373854);
#1807=CIRCLE('',#4975,0.112876518373854);
#1808=CIRCLE('',#4976,0.112876518373854);
#1809=CIRCLE('',#4982,0.23775324460639);
#1810=CIRCLE('',#4985,0.23775324460639);
#1811=CIRCLE('',#4987,0.23775324460639);
#1812=CIRCLE('',#4990,0.23775324460639);
#1813=CIRCLE('',#4994,0.0817607847737158);
#1814=CIRCLE('',#4998,0.0817607847737158);
#1815=CIRCLE('',#5002,0.0817607847737158);
#1816=CIRCLE('',#5006,0.0817607847737158);
#1817=CIRCLE('',#5046,0.0445);
#1818=CIRCLE('',#5047,0.0625);
#1819=CIRCLE('',#5049,0.0445);
#1820=CIRCLE('',#5051,0.0884999999999999);
#1821=CIRCLE('',#5052,0.0785);
#1822=CIRCLE('',#5054,0.0884999999999999);
#1823=CIRCLE('',#5056,0.0985);
#1824=CIRCLE('',#5057,0.0985);
#1825=CIRCLE('',#5059,0.0884999999999999);
#1826=CIRCLE('',#5060,0.0884999999999999);
#1827=CIRCLE('',#5062,0.125);
#1828=CIRCLE('',#5063,0.125);
#1829=CIRCLE('',#5064,0.125);
#1830=CIRCLE('',#5066,0.115);
#1831=CIRCLE('',#5073,0.0445);
#1832=CIRCLE('',#5074,0.0625);
#1833=CIRCLE('',#5076,0.0445);
#1834=CIRCLE('',#5078,0.0884999999999999);
#1835=CIRCLE('',#5079,0.0785);
#1836=CIRCLE('',#5081,0.0884999999999999);
#1837=CIRCLE('',#5083,0.0985);
#1838=CIRCLE('',#5084,0.0985);
#1839=CIRCLE('',#5086,0.0884999999999999);
#1840=CIRCLE('',#5087,0.0884999999999999);
#1841=CIRCLE('',#5089,0.125);
#1842=CIRCLE('',#5090,0.125);
#1843=CIRCLE('',#5091,0.125);
#1844=CIRCLE('',#5093,0.115);
#1845=CIRCLE('',#5100,0.0445);
#1846=CIRCLE('',#5101,0.0625);
#1847=CIRCLE('',#5103,0.0445);
#1848=CIRCLE('',#5105,0.0884999999999999);
#1849=CIRCLE('',#5106,0.0785);
#1850=CIRCLE('',#5108,0.0884999999999999);
#1851=CIRCLE('',#5110,0.0985);
#1852=CIRCLE('',#5111,0.0985);
#1853=CIRCLE('',#5113,0.0884999999999999);
#1854=CIRCLE('',#5114,0.0884999999999999);
#1855=CIRCLE('',#5116,0.125);
#1856=CIRCLE('',#5117,0.125);
#1857=CIRCLE('',#5118,0.125);
#1858=CIRCLE('',#5120,0.115);
#1859=CIRCLE('',#5127,0.0445);
#1860=CIRCLE('',#5128,0.0625);
#1861=CIRCLE('',#5130,0.0445);
#1862=CIRCLE('',#5132,0.0884999999999999);
#1863=CIRCLE('',#5133,0.0785);
#1864=CIRCLE('',#5135,0.0884999999999999);
#1865=CIRCLE('',#5137,0.0985);
#1866=CIRCLE('',#5138,0.0985);
#1867=CIRCLE('',#5140,0.0884999999999999);
#1868=CIRCLE('',#5141,0.0884999999999999);
#1869=CIRCLE('',#5143,0.125);
#1870=CIRCLE('',#5144,0.125);
#1871=CIRCLE('',#5145,0.125);
#1872=CIRCLE('',#5147,0.115);
#1873=VERTEX_POINT('',#6636);
#1874=VERTEX_POINT('',#6637);
#1875=VERTEX_POINT('',#6639);
#1876=VERTEX_POINT('',#6641);
#1877=VERTEX_POINT('',#6645);
#1878=VERTEX_POINT('',#6647);
#1879=VERTEX_POINT('',#6651);
#1880=VERTEX_POINT('',#6653);
#1881=VERTEX_POINT('',#6657);
#1882=VERTEX_POINT('',#6659);
#1883=VERTEX_POINT('',#6663);
#1884=VERTEX_POINT('',#6665);
#1885=VERTEX_POINT('',#6669);
#1886=VERTEX_POINT('',#6671);
#1887=VERTEX_POINT('',#6675);
#1888=VERTEX_POINT('',#6677);
#1889=VERTEX_POINT('',#6684);
#1890=VERTEX_POINT('',#6686);
#1891=VERTEX_POINT('',#6690);
#1892=VERTEX_POINT('',#6692);
#1893=VERTEX_POINT('',#6696);
#1894=VERTEX_POINT('',#6698);
#1895=VERTEX_POINT('',#6702);
#1896=VERTEX_POINT('',#6706);
#1897=VERTEX_POINT('',#6710);
#1898=VERTEX_POINT('',#6712);
#1899=VERTEX_POINT('',#6716);
#1900=VERTEX_POINT('',#6720);
#1901=VERTEX_POINT('',#6724);
#1902=VERTEX_POINT('',#6726);
#1903=VERTEX_POINT('',#6730);
#1904=VERTEX_POINT('',#6734);
#1905=VERTEX_POINT('',#6738);
#1906=VERTEX_POINT('',#6740);
#1907=VERTEX_POINT('',#6744);
#1908=VERTEX_POINT('',#6748);
#1909=VERTEX_POINT('',#6752);
#1910=VERTEX_POINT('',#6754);
#1911=VERTEX_POINT('',#6758);
#1912=VERTEX_POINT('',#6760);
#1913=VERTEX_POINT('',#6764);
#1914=VERTEX_POINT('',#6766);
#1915=VERTEX_POINT('',#6770);
#1916=VERTEX_POINT('',#6772);
#1917=VERTEX_POINT('',#6776);
#1918=VERTEX_POINT('',#6777);
#1919=VERTEX_POINT('',#6779);
#1920=VERTEX_POINT('',#6781);
#1921=VERTEX_POINT('',#6785);
#1922=VERTEX_POINT('',#6786);
#1923=VERTEX_POINT('',#6788);
#1924=VERTEX_POINT('',#6790);
#1925=VERTEX_POINT('',#6794);
#1926=VERTEX_POINT('',#6795);
#1927=VERTEX_POINT('',#6797);
#1928=VERTEX_POINT('',#6799);
#1929=VERTEX_POINT('',#6801);
#1930=VERTEX_POINT('',#6803);
#1931=VERTEX_POINT('',#6805);
#1932=VERTEX_POINT('',#6807);
#1933=VERTEX_POINT('',#6810);
#1934=VERTEX_POINT('',#6811);
#1935=VERTEX_POINT('',#6813);
#1936=VERTEX_POINT('',#6815);
#1937=VERTEX_POINT('',#6817);
#1938=VERTEX_POINT('',#6819);
#1939=VERTEX_POINT('',#6821);
#1940=VERTEX_POINT('',#6823);
#1941=VERTEX_POINT('',#6825);
#1942=VERTEX_POINT('',#6827);
#1943=VERTEX_POINT('',#6829);
#1944=VERTEX_POINT('',#6831);
#1945=VERTEX_POINT('',#6833);
#1946=VERTEX_POINT('',#6835);
#1947=VERTEX_POINT('',#6837);
#1948=VERTEX_POINT('',#6839);
#1949=VERTEX_POINT('',#6843);
#1950=VERTEX_POINT('',#6844);
#1951=VERTEX_POINT('',#6846);
#1952=VERTEX_POINT('',#6848);
#1953=VERTEX_POINT('',#6850);
#1954=VERTEX_POINT('',#6852);
#1955=VERTEX_POINT('',#6854);
#1956=VERTEX_POINT('',#6856);
#1957=VERTEX_POINT('',#6859);
#1958=VERTEX_POINT('',#6861);
#1959=VERTEX_POINT('',#6864);
#1960=VERTEX_POINT('',#6865);
#1961=VERTEX_POINT('',#6867);
#1962=VERTEX_POINT('',#6869);
#1963=VERTEX_POINT('',#6872);
#1964=VERTEX_POINT('',#6873);
#1965=VERTEX_POINT('',#6875);
#1966=VERTEX_POINT('',#6877);
#1967=VERTEX_POINT('',#6880);
#1968=VERTEX_POINT('',#6882);
#1969=VERTEX_POINT('',#6885);
#1970=VERTEX_POINT('',#6886);
#1971=VERTEX_POINT('',#6888);
#1972=VERTEX_POINT('',#6890);
#1973=VERTEX_POINT('',#6894);
#1974=VERTEX_POINT('',#6896);
#1975=VERTEX_POINT('',#6900);
#1976=VERTEX_POINT('',#6904);
#1977=VERTEX_POINT('',#6908);
#1978=VERTEX_POINT('',#6912);
#1979=VERTEX_POINT('',#6916);
#1980=VERTEX_POINT('',#6920);
#1981=VERTEX_POINT('',#6942);
#1982=VERTEX_POINT('',#6944);
#1983=VERTEX_POINT('',#6953);
#1984=VERTEX_POINT('',#6955);
#1985=VERTEX_POINT('',#6959);
#1986=VERTEX_POINT('',#6963);
#1987=VERTEX_POINT('',#6970);
#1988=VERTEX_POINT('',#6972);
#1989=VERTEX_POINT('',#6976);
#1990=VERTEX_POINT('',#6980);
#1991=VERTEX_POINT('',#6987);
#1992=VERTEX_POINT('',#6989);
#1993=VERTEX_POINT('',#6998);
#1994=VERTEX_POINT('',#7000);
#1995=VERTEX_POINT('',#7004);
#1996=VERTEX_POINT('',#7008);
#1997=VERTEX_POINT('',#7019);
#1998=VERTEX_POINT('',#7020);
#1999=VERTEX_POINT('',#7022);
#2000=VERTEX_POINT('',#7024);
#2001=VERTEX_POINT('',#7026);
#2002=VERTEX_POINT('',#7028);
#2003=VERTEX_POINT('',#7030);
#2004=VERTEX_POINT('',#7032);
#2005=VERTEX_POINT('',#7034);
#2006=VERTEX_POINT('',#7036);
#2007=VERTEX_POINT('',#7038);
#2008=VERTEX_POINT('',#7040);
#2009=VERTEX_POINT('',#7042);
#2010=VERTEX_POINT('',#7044);
#2011=VERTEX_POINT('',#7046);
#2012=VERTEX_POINT('',#7048);
#2013=VERTEX_POINT('',#7051);
#2014=VERTEX_POINT('',#7052);
#2015=VERTEX_POINT('',#7054);
#2016=VERTEX_POINT('',#7056);
#2017=VERTEX_POINT('',#7058);
#2018=VERTEX_POINT('',#7060);
#2019=VERTEX_POINT('',#7062);
#2020=VERTEX_POINT('',#7064);
#2021=VERTEX_POINT('',#7066);
#2022=VERTEX_POINT('',#7068);
#2023=VERTEX_POINT('',#7070);
#2024=VERTEX_POINT('',#7072);
#2025=VERTEX_POINT('',#7074);
#2026=VERTEX_POINT('',#7076);
#2027=VERTEX_POINT('',#7078);
#2028=VERTEX_POINT('',#7080);
#2029=VERTEX_POINT('',#7116);
#2030=VERTEX_POINT('',#7117);
#2031=VERTEX_POINT('',#7122);
#2032=VERTEX_POINT('',#7126);
#2033=VERTEX_POINT('',#7130);
#2034=VERTEX_POINT('',#7134);
#2035=VERTEX_POINT('',#7138);
#2036=VERTEX_POINT('',#7142);
#2037=VERTEX_POINT('',#7146);
#2038=VERTEX_POINT('',#7150);
#2039=VERTEX_POINT('',#7154);
#2040=VERTEX_POINT('',#7158);
#2041=VERTEX_POINT('',#7162);
#2042=VERTEX_POINT('',#7166);
#2043=VERTEX_POINT('',#7170);
#2044=VERTEX_POINT('',#7174);
#2045=VERTEX_POINT('',#7182);
#2046=VERTEX_POINT('',#7183);
#2047=VERTEX_POINT('',#7185);
#2048=VERTEX_POINT('',#7187);
#2049=VERTEX_POINT('',#7191);
#2050=VERTEX_POINT('',#7193);
#2051=VERTEX_POINT('',#7197);
#2052=VERTEX_POINT('',#7199);
#2053=VERTEX_POINT('',#7203);
#2054=VERTEX_POINT('',#7205);
#2055=VERTEX_POINT('',#7209);
#2056=VERTEX_POINT('',#7211);
#2057=VERTEX_POINT('',#7215);
#2058=VERTEX_POINT('',#7216);
#2059=VERTEX_POINT('',#7218);
#2060=VERTEX_POINT('',#7220);
#2061=VERTEX_POINT('',#7224);
#2062=VERTEX_POINT('',#7226);
#2063=VERTEX_POINT('',#7230);
#2064=VERTEX_POINT('',#7232);
#2065=VERTEX_POINT('',#7236);
#2066=VERTEX_POINT('',#7238);
#2067=VERTEX_POINT('',#7242);
#2068=VERTEX_POINT('',#7244);
#2069=VERTEX_POINT('',#7248);
#2070=VERTEX_POINT('',#7250);
#2071=VERTEX_POINT('',#7254);
#2072=VERTEX_POINT('',#7256);
#2073=VERTEX_POINT('',#7263);
#2074=VERTEX_POINT('',#7265);
#2075=VERTEX_POINT('',#7269);
#2076=VERTEX_POINT('',#7271);
#2077=VERTEX_POINT('',#7275);
#2078=VERTEX_POINT('',#7277);
#2079=VERTEX_POINT('',#7279);
#2080=VERTEX_POINT('',#7281);
#2081=VERTEX_POINT('',#7283);
#2082=VERTEX_POINT('',#7285);
#2083=VERTEX_POINT('',#7287);
#2084=VERTEX_POINT('',#7289);
#2085=VERTEX_POINT('',#7292);
#2086=VERTEX_POINT('',#7294);
#2087=VERTEX_POINT('',#7296);
#2088=VERTEX_POINT('',#7298);
#2089=VERTEX_POINT('',#7300);
#2090=VERTEX_POINT('',#7302);
#2091=VERTEX_POINT('',#7304);
#2092=VERTEX_POINT('',#7306);
#2093=VERTEX_POINT('',#7310);
#2094=VERTEX_POINT('',#7312);
#2095=VERTEX_POINT('',#7316);
#2096=VERTEX_POINT('',#7319);
#2097=VERTEX_POINT('',#7322);
#2098=VERTEX_POINT('',#7325);
#2099=VERTEX_POINT('',#7328);
#2100=VERTEX_POINT('',#7331);
#2101=VERTEX_POINT('',#7334);
#2102=VERTEX_POINT('',#7336);
#2103=VERTEX_POINT('',#7340);
#2104=VERTEX_POINT('',#7342);
#2105=VERTEX_POINT('',#7346);
#2106=VERTEX_POINT('',#7348);
#2107=VERTEX_POINT('',#7352);
#2108=VERTEX_POINT('',#7354);
#2109=VERTEX_POINT('',#7358);
#2110=VERTEX_POINT('',#7360);
#2111=VERTEX_POINT('',#7364);
#2112=VERTEX_POINT('',#7366);
#2113=VERTEX_POINT('',#7370);
#2114=VERTEX_POINT('',#7372);
#2115=VERTEX_POINT('',#7376);
#2116=VERTEX_POINT('',#7378);
#2117=VERTEX_POINT('',#7382);
#2118=VERTEX_POINT('',#7384);
#2119=VERTEX_POINT('',#7388);
#2120=VERTEX_POINT('',#7390);
#2121=VERTEX_POINT('',#7394);
#2122=VERTEX_POINT('',#7396);
#2123=VERTEX_POINT('',#7400);
#2124=VERTEX_POINT('',#7402);
#2125=VERTEX_POINT('',#7406);
#2126=VERTEX_POINT('',#7408);
#2127=VERTEX_POINT('',#7412);
#2128=VERTEX_POINT('',#7414);
#2129=VERTEX_POINT('',#7418);
#2130=VERTEX_POINT('',#7420);
#2131=VERTEX_POINT('',#7424);
#2132=VERTEX_POINT('',#7426);
#2133=VERTEX_POINT('',#7430);
#2134=VERTEX_POINT('',#7432);
#2135=VERTEX_POINT('',#7436);
#2136=VERTEX_POINT('',#7438);
#2137=VERTEX_POINT('',#7442);
#2138=VERTEX_POINT('',#7444);
#2139=VERTEX_POINT('',#7448);
#2140=VERTEX_POINT('',#7450);
#2141=VERTEX_POINT('',#7454);
#2142=VERTEX_POINT('',#7455);
#2143=VERTEX_POINT('',#7457);
#2144=VERTEX_POINT('',#7460);
#2145=VERTEX_POINT('',#7462);
#2146=VERTEX_POINT('',#7473);
#2147=VERTEX_POINT('',#7475);
#2148=VERTEX_POINT('',#7477);
#2149=VERTEX_POINT('',#7479);
#2150=VERTEX_POINT('',#7481);
#2151=VERTEX_POINT('',#7494);
#2152=VERTEX_POINT('',#7495);
#2153=VERTEX_POINT('',#7502);
#2154=VERTEX_POINT('',#7505);
#2155=VERTEX_POINT('',#7512);
#2156=VERTEX_POINT('',#7514);
#2157=VERTEX_POINT('',#7525);
#2158=VERTEX_POINT('',#7527);
#2159=VERTEX_POINT('',#7529);
#2160=VERTEX_POINT('',#7531);
#2161=VERTEX_POINT('',#7535);
#2162=VERTEX_POINT('',#7536);
#2163=VERTEX_POINT('',#7543);
#2164=VERTEX_POINT('',#7546);
#2165=VERTEX_POINT('',#7553);
#2166=VERTEX_POINT('',#7555);
#2167=VERTEX_POINT('',#7557);
#2168=VERTEX_POINT('',#7559);
#2169=VERTEX_POINT('',#7561);
#2170=VERTEX_POINT('',#7563);
#2171=VERTEX_POINT('',#7576);
#2172=VERTEX_POINT('',#7577);
#2173=VERTEX_POINT('',#7579);
#2174=VERTEX_POINT('',#7582);
#2175=VERTEX_POINT('',#7584);
#2176=VERTEX_POINT('',#7595);
#2177=VERTEX_POINT('',#7597);
#2178=VERTEX_POINT('',#7599);
#2179=VERTEX_POINT('',#7601);
#2180=VERTEX_POINT('',#7603);
#2181=VERTEX_POINT('',#7616);
#2182=VERTEX_POINT('',#7617);
#2183=VERTEX_POINT('',#7619);
#2184=VERTEX_POINT('',#7621);
#2185=VERTEX_POINT('',#7625);
#2186=VERTEX_POINT('',#7626);
#2187=VERTEX_POINT('',#7628);
#2188=VERTEX_POINT('',#7630);
#2189=VERTEX_POINT('',#7634);
#2190=VERTEX_POINT('',#7635);
#2191=VERTEX_POINT('',#7637);
#2192=VERTEX_POINT('',#7639);
#2193=VERTEX_POINT('',#7643);
#2194=VERTEX_POINT('',#7645);
#2195=VERTEX_POINT('',#7649);
#2196=VERTEX_POINT('',#7651);
#2197=VERTEX_POINT('',#7653);
#2198=VERTEX_POINT('',#7655);
#2199=VERTEX_POINT('',#7659);
#2200=VERTEX_POINT('',#7665);
#2201=VERTEX_POINT('',#7669);
#2202=VERTEX_POINT('',#7673);
#2203=VERTEX_POINT('',#7674);
#2204=VERTEX_POINT('',#7676);
#2205=VERTEX_POINT('',#7678);
#2206=VERTEX_POINT('',#7685);
#2207=VERTEX_POINT('',#7689);
#2208=VERTEX_POINT('',#7693);
#2209=VERTEX_POINT('',#7694);
#2210=VERTEX_POINT('',#7696);
#2211=VERTEX_POINT('',#7699);
#2212=VERTEX_POINT('',#7704);
#2213=VERTEX_POINT('',#7709);
#2214=VERTEX_POINT('',#7713);
#2215=VERTEX_POINT('',#7714);
#2216=VERTEX_POINT('',#7716);
#2217=VERTEX_POINT('',#7719);
#2218=VERTEX_POINT('',#7723);
#2219=VERTEX_POINT('',#7818);
#2220=VERTEX_POINT('',#7820);
#2221=VERTEX_POINT('',#7824);
#2222=VERTEX_POINT('',#7826);
#2223=VERTEX_POINT('',#7830);
#2224=VERTEX_POINT('',#7832);
#2225=VERTEX_POINT('',#7836);
#2226=VERTEX_POINT('',#7838);
#2227=VERTEX_POINT('',#7888);
#2228=VERTEX_POINT('',#7890);
#2229=VERTEX_POINT('',#7894);
#2230=VERTEX_POINT('',#7898);
#2231=VERTEX_POINT('',#7900);
#2232=VERTEX_POINT('',#7904);
#2233=VERTEX_POINT('',#7908);
#2234=VERTEX_POINT('',#7910);
#2235=VERTEX_POINT('',#7914);
#2236=VERTEX_POINT('',#7916);
#2237=VERTEX_POINT('',#7920);
#2238=VERTEX_POINT('',#7921);
#2239=VERTEX_POINT('',#7924);
#2240=VERTEX_POINT('',#7928);
#2241=VERTEX_POINT('',#7937);
#2242=VERTEX_POINT('',#7939);
#2243=VERTEX_POINT('',#7943);
#2244=VERTEX_POINT('',#7947);
#2245=VERTEX_POINT('',#7949);
#2246=VERTEX_POINT('',#7953);
#2247=VERTEX_POINT('',#7957);
#2248=VERTEX_POINT('',#7959);
#2249=VERTEX_POINT('',#7963);
#2250=VERTEX_POINT('',#7965);
#2251=VERTEX_POINT('',#7969);
#2252=VERTEX_POINT('',#7970);
#2253=VERTEX_POINT('',#7972);
#2254=VERTEX_POINT('',#7977);
#2255=VERTEX_POINT('',#7986);
#2256=VERTEX_POINT('',#7988);
#2257=VERTEX_POINT('',#7992);
#2258=VERTEX_POINT('',#7996);
#2259=VERTEX_POINT('',#7998);
#2260=VERTEX_POINT('',#8002);
#2261=VERTEX_POINT('',#8006);
#2262=VERTEX_POINT('',#8008);
#2263=VERTEX_POINT('',#8012);
#2264=VERTEX_POINT('',#8014);
#2265=VERTEX_POINT('',#8018);
#2266=VERTEX_POINT('',#8019);
#2267=VERTEX_POINT('',#8022);
#2268=VERTEX_POINT('',#8026);
#2269=VERTEX_POINT('',#8035);
#2270=VERTEX_POINT('',#8037);
#2271=VERTEX_POINT('',#8041);
#2272=VERTEX_POINT('',#8045);
#2273=VERTEX_POINT('',#8047);
#2274=VERTEX_POINT('',#8051);
#2275=VERTEX_POINT('',#8055);
#2276=VERTEX_POINT('',#8057);
#2277=VERTEX_POINT('',#8061);
#2278=VERTEX_POINT('',#8063);
#2279=VERTEX_POINT('',#8067);
#2280=VERTEX_POINT('',#8068);
#2281=VERTEX_POINT('',#8070);
#2282=VERTEX_POINT('',#8075);
#2283=EDGE_CURVE('',#1873,#1874,#1613,.T.);
#2284=EDGE_CURVE('',#1874,#1875,#977,.T.);
#2285=EDGE_CURVE('',#1875,#1876,#1614,.T.);
#2286=EDGE_CURVE('',#1876,#1873,#978,.T.);
#2287=EDGE_CURVE('',#1877,#1874,#979,.T.);
#2288=EDGE_CURVE('',#1878,#1877,#980,.T.);
#2289=EDGE_CURVE('',#1875,#1878,#981,.F.);
#2290=EDGE_CURVE('',#1879,#1878,#1615,.T.);
#2291=EDGE_CURVE('',#1877,#1880,#1616,.T.);
#2292=EDGE_CURVE('',#1880,#1879,#982,.T.);
#2293=EDGE_CURVE('',#1881,#1880,#983,.T.);
#2294=EDGE_CURVE('',#1882,#1881,#984,.T.);
#2295=EDGE_CURVE('',#1879,#1882,#985,.T.);
#2296=EDGE_CURVE('',#1883,#1876,#986,.T.);
#2297=EDGE_CURVE('',#1883,#1884,#987,.T.);
#2298=EDGE_CURVE('',#1873,#1884,#988,.T.);
#2299=EDGE_CURVE('',#1884,#1885,#1617,.T.);
#2300=EDGE_CURVE('',#1886,#1883,#1618,.T.);
#2301=EDGE_CURVE('',#1886,#1885,#989,.T.);
#2302=EDGE_CURVE('',#1885,#1887,#990,.T.);
#2303=EDGE_CURVE('',#1888,#1886,#991,.T.);
#2304=EDGE_CURVE('',#1888,#1887,#992,.T.);
#2305=EDGE_CURVE('',#1887,#1881,#1619,.T.);
#2306=EDGE_CURVE('',#1882,#1888,#1620,.T.);
#2307=EDGE_CURVE('',#1889,#1889,#1621,.T.);
#2308=EDGE_CURVE('',#1889,#1890,#993,.T.);
#2309=EDGE_CURVE('',#1890,#1890,#1622,.T.);
#2310=EDGE_CURVE('',#1891,#1891,#1623,.T.);
#2311=EDGE_CURVE('',#1891,#1892,#994,.T.);
#2312=EDGE_CURVE('',#1892,#1892,#1624,.T.);
#2313=EDGE_CURVE('',#1893,#1893,#1625,.T.);
#2314=EDGE_CURVE('',#1893,#1894,#995,.T.);
#2315=EDGE_CURVE('',#1894,#1894,#1626,.T.);
#2316=EDGE_CURVE('',#1895,#1895,#1627,.T.);
#2317=EDGE_CURVE('',#1895,#1893,#996,.T.);
#2318=EDGE_CURVE('',#1896,#1896,#1628,.T.);
#2319=EDGE_CURVE('',#1896,#1895,#997,.T.);
#2320=EDGE_CURVE('',#1897,#1897,#1629,.T.);
#2321=EDGE_CURVE('',#1897,#1898,#998,.T.);
#2322=EDGE_CURVE('',#1898,#1898,#1630,.T.);
#2323=EDGE_CURVE('',#1899,#1899,#1631,.T.);
#2324=EDGE_CURVE('',#1899,#1897,#999,.T.);
#2325=EDGE_CURVE('',#1900,#1900,#1632,.T.);
#2326=EDGE_CURVE('',#1900,#1899,#1000,.T.);
#2327=EDGE_CURVE('',#1901,#1901,#1633,.T.);
#2328=EDGE_CURVE('',#1901,#1902,#1001,.T.);
#2329=EDGE_CURVE('',#1902,#1902,#1634,.T.);
#2330=EDGE_CURVE('',#1903,#1903,#1635,.T.);
#2331=EDGE_CURVE('',#1903,#1901,#1002,.T.);
#2332=EDGE_CURVE('',#1904,#1904,#1636,.T.);
#2333=EDGE_CURVE('',#1904,#1903,#1003,.T.);
#2334=EDGE_CURVE('',#1905,#1905,#1637,.T.);
#2335=EDGE_CURVE('',#1905,#1906,#1004,.T.);
#2336=EDGE_CURVE('',#1906,#1906,#1638,.T.);
#2337=EDGE_CURVE('',#1907,#1907,#1639,.T.);
#2338=EDGE_CURVE('',#1907,#1905,#1005,.T.);
#2339=EDGE_CURVE('',#1908,#1908,#1640,.T.);
#2340=EDGE_CURVE('',#1908,#1907,#1006,.T.);
#2341=EDGE_CURVE('',#1909,#1909,#1641,.T.);
#2342=EDGE_CURVE('',#1909,#1910,#1007,.T.);
#2343=EDGE_CURVE('',#1910,#1910,#1642,.T.);
#2344=EDGE_CURVE('',#1911,#1911,#1643,.T.);
#2345=EDGE_CURVE('',#1911,#1912,#1008,.T.);
#2346=EDGE_CURVE('',#1912,#1912,#1644,.T.);
#2347=EDGE_CURVE('',#1913,#1913,#1645,.T.);
#2348=EDGE_CURVE('',#1913,#1914,#1009,.T.);
#2349=EDGE_CURVE('',#1914,#1914,#1646,.T.);
#2350=EDGE_CURVE('',#1915,#1915,#1647,.T.);
#2351=EDGE_CURVE('',#1915,#1916,#1010,.T.);
#2352=EDGE_CURVE('',#1916,#1916,#1648,.T.);
#2353=EDGE_CURVE('',#1917,#1918,#1649,.T.);
#2354=EDGE_CURVE('',#1917,#1919,#1011,.T.);
#2355=EDGE_CURVE('',#1919,#1920,#1650,.T.);
#2356=EDGE_CURVE('',#1918,#1920,#1012,.T.);
#2357=EDGE_CURVE('',#1921,#1922,#1651,.T.);
#2358=EDGE_CURVE('',#1921,#1923,#1013,.T.);
#2359=EDGE_CURVE('',#1923,#1924,#1652,.T.);
#2360=EDGE_CURVE('',#1922,#1924,#1014,.T.);
#2361=EDGE_CURVE('',#1925,#1926,#1015,.T.);
#2362=EDGE_CURVE('',#1926,#1927,#1653,.T.);
#2363=EDGE_CURVE('',#1927,#1928,#1016,.T.);
#2364=EDGE_CURVE('',#1928,#1929,#1654,.T.);
#2365=EDGE_CURVE('',#1929,#1930,#1017,.T.);
#2366=EDGE_CURVE('',#1930,#1931,#1655,.T.);
#2367=EDGE_CURVE('',#1931,#1932,#1018,.T.);
#2368=EDGE_CURVE('',#1932,#1925,#1656,.T.);
#2369=EDGE_CURVE('',#1933,#1934,#1657,.T.);
#2370=EDGE_CURVE('',#1934,#1935,#1019,.T.);
#2371=EDGE_CURVE('',#1935,#1936,#1658,.T.);
#2372=EDGE_CURVE('',#1936,#1937,#1020,.T.);
#2373=EDGE_CURVE('',#1937,#1938,#1659,.T.);
#2374=EDGE_CURVE('',#1938,#1939,#1021,.T.);
#2375=EDGE_CURVE('',#1939,#1940,#1660,.T.);
#2376=EDGE_CURVE('',#1940,#1941,#1022,.T.);
#2377=EDGE_CURVE('',#1941,#1942,#1661,.T.);
#2378=EDGE_CURVE('',#1942,#1943,#1023,.T.);
#2379=EDGE_CURVE('',#1943,#1944,#1662,.T.);
#2380=EDGE_CURVE('',#1944,#1945,#1024,.T.);
#2381=EDGE_CURVE('',#1945,#1946,#1663,.T.);
#2382=EDGE_CURVE('',#1946,#1947,#1025,.T.);
#2383=EDGE_CURVE('',#1947,#1948,#1664,.T.);
#2384=EDGE_CURVE('',#1948,#1933,#1026,.T.);
#2385=EDGE_CURVE('',#1949,#1950,#1665,.T.);
#2386=EDGE_CURVE('',#1950,#1951,#1027,.T.);
#2387=EDGE_CURVE('',#1951,#1952,#1666,.T.);
#2388=EDGE_CURVE('',#1952,#1953,#1028,.T.);
#2389=EDGE_CURVE('',#1953,#1954,#1667,.T.);
#2390=EDGE_CURVE('',#1954,#1955,#1029,.T.);
#2391=EDGE_CURVE('',#1955,#1956,#1668,.T.);
#2392=EDGE_CURVE('',#1956,#1949,#1030,.T.);
#2393=EDGE_CURVE('',#1957,#1923,#1031,.T.);
#2394=EDGE_CURVE('',#1958,#1957,#1669,.T.);
#2395=EDGE_CURVE('',#1924,#1958,#1032,.T.);
#2396=EDGE_CURVE('',#1959,#1960,#1033,.T.);
#2397=EDGE_CURVE('',#1961,#1959,#1670,.T.);
#2398=EDGE_CURVE('',#1962,#1961,#1034,.T.);
#2399=EDGE_CURVE('',#1960,#1962,#1671,.T.);
#2400=EDGE_CURVE('',#1963,#1964,#1035,.T.);
#2401=EDGE_CURVE('',#1965,#1963,#1672,.T.);
#2402=EDGE_CURVE('',#1966,#1965,#1036,.T.);
#2403=EDGE_CURVE('',#1964,#1966,#1673,.T.);
#2404=EDGE_CURVE('',#1967,#1919,#1037,.T.);
#2405=EDGE_CURVE('',#1968,#1967,#1674,.T.);
#2406=EDGE_CURVE('',#1920,#1968,#1038,.T.);
#2407=EDGE_CURVE('',#1969,#1970,#1039,.T.);
#2408=EDGE_CURVE('',#1971,#1969,#1675,.T.);
#2409=EDGE_CURVE('',#1972,#1971,#1040,.T.);
#2410=EDGE_CURVE('',#1970,#1972,#1676,.T.);
#2411=EDGE_CURVE('',#1973,#1949,#1041,.T.);
#2412=EDGE_CURVE('',#1973,#1974,#1677,.T.);
#2413=EDGE_CURVE('',#1974,#1950,#1042,.T.);
#2414=EDGE_CURVE('',#1975,#1956,#1043,.T.);
#2415=EDGE_CURVE('',#1975,#1973,#1044,.T.);
#2416=EDGE_CURVE('',#1976,#1955,#1045,.T.);
#2417=EDGE_CURVE('',#1976,#1975,#1678,.T.);
#2418=EDGE_CURVE('',#1977,#1954,#1046,.T.);
#2419=EDGE_CURVE('',#1977,#1976,#1047,.T.);
#2420=EDGE_CURVE('',#1978,#1953,#1048,.T.);
#2421=EDGE_CURVE('',#1978,#1977,#1679,.T.);
#2422=EDGE_CURVE('',#1979,#1952,#1049,.T.);
#2423=EDGE_CURVE('',#1979,#1978,#1050,.T.);
#2424=EDGE_CURVE('',#1980,#1951,#1051,.T.);
#2425=EDGE_CURVE('',#1980,#1979,#1680,.T.);
#2426=EDGE_CURVE('',#1974,#1980,#1052,.T.);
#2427=EDGE_CURVE('',#1931,#1978,#1681,.T.);
#2428=EDGE_CURVE('',#1977,#1930,#1682,.T.);
#2429=EDGE_CURVE('',#1976,#1929,#1683,.T.);
#2430=EDGE_CURVE('',#1932,#1979,#1684,.T.);
#2431=EDGE_CURVE('',#1975,#1928,#1685,.T.);
#2432=EDGE_CURVE('',#1925,#1980,#1686,.T.);
#2433=EDGE_CURVE('',#1973,#1927,#1687,.T.);
#2434=EDGE_CURVE('',#1926,#1974,#1688,.T.);
#2435=EDGE_CURVE('',#1981,#1957,#1053,.T.);
#2436=EDGE_CURVE('',#1982,#1981,#1689,.T.);
#2437=EDGE_CURVE('',#1982,#1958,#1054,.T.);
#2438=EDGE_CURVE('',#1981,#1921,#1055,.T.);
#2439=EDGE_CURVE('',#1922,#1982,#1056,.T.);
#2440=EDGE_CURVE('',#1983,#1969,#1057,.T.);
#2441=EDGE_CURVE('',#1984,#1983,#1690,.T.);
#2442=EDGE_CURVE('',#1984,#1971,#1058,.T.);
#2443=EDGE_CURVE('',#1985,#1970,#1059,.T.);
#2444=EDGE_CURVE('',#1983,#1985,#1060,.T.);
#2445=EDGE_CURVE('',#1986,#1972,#1061,.T.);
#2446=EDGE_CURVE('',#1985,#1986,#1691,.T.);
#2447=EDGE_CURVE('',#1986,#1984,#1062,.T.);
#2448=EDGE_CURVE('',#1987,#1959,#1063,.T.);
#2449=EDGE_CURVE('',#1988,#1987,#1692,.T.);
#2450=EDGE_CURVE('',#1988,#1961,#1064,.T.);
#2451=EDGE_CURVE('',#1989,#1960,#1065,.T.);
#2452=EDGE_CURVE('',#1987,#1989,#1066,.T.);
#2453=EDGE_CURVE('',#1990,#1962,#1067,.T.);
#2454=EDGE_CURVE('',#1989,#1990,#1693,.T.);
#2455=EDGE_CURVE('',#1990,#1988,#1068,.T.);
#2456=EDGE_CURVE('',#1991,#1967,#1069,.T.);
#2457=EDGE_CURVE('',#1992,#1991,#1694,.T.);
#2458=EDGE_CURVE('',#1992,#1968,#1070,.T.);
#2459=EDGE_CURVE('',#1991,#1917,#1071,.T.);
#2460=EDGE_CURVE('',#1918,#1992,#1072,.T.);
#2461=EDGE_CURVE('',#1993,#1963,#1073,.T.);
#2462=EDGE_CURVE('',#1994,#1993,#1695,.T.);
#2463=EDGE_CURVE('',#1994,#1965,#1074,.T.);
#2464=EDGE_CURVE('',#1995,#1964,#1075,.T.);
#2465=EDGE_CURVE('',#1993,#1995,#1076,.T.);
#2466=EDGE_CURVE('',#1996,#1966,#1077,.T.);
#2467=EDGE_CURVE('',#1995,#1996,#1696,.T.);
#2468=EDGE_CURVE('',#1996,#1994,#1078,.T.);
#2469=EDGE_CURVE('',#1997,#1998,#1697,.T.);
#2470=EDGE_CURVE('',#1999,#1997,#1079,.T.);
#2471=EDGE_CURVE('',#2000,#1999,#1698,.T.);
#2472=EDGE_CURVE('',#2001,#2000,#1080,.T.);
#2473=EDGE_CURVE('',#2002,#2001,#1699,.T.);
#2474=EDGE_CURVE('',#2003,#2002,#1081,.T.);
#2475=EDGE_CURVE('',#2004,#2003,#1700,.T.);
#2476=EDGE_CURVE('',#2005,#2004,#1082,.T.);
#2477=EDGE_CURVE('',#2006,#2005,#1701,.T.);
#2478=EDGE_CURVE('',#2007,#2006,#1083,.T.);
#2479=EDGE_CURVE('',#2008,#2007,#1702,.T.);
#2480=EDGE_CURVE('',#2009,#2008,#1084,.T.);
#2481=EDGE_CURVE('',#2010,#2009,#1703,.T.);
#2482=EDGE_CURVE('',#2011,#2010,#1085,.T.);
#2483=EDGE_CURVE('',#2012,#2011,#1704,.T.);
#2484=EDGE_CURVE('',#1998,#2012,#1086,.T.);
#2485=EDGE_CURVE('',#2013,#2014,#1087,.T.);
#2486=EDGE_CURVE('',#2014,#2015,#1705,.T.);
#2487=EDGE_CURVE('',#2015,#2016,#1088,.T.);
#2488=EDGE_CURVE('',#2016,#2017,#1706,.T.);
#2489=EDGE_CURVE('',#2017,#2018,#1089,.T.);
#2490=EDGE_CURVE('',#2018,#2019,#1707,.T.);
#2491=EDGE_CURVE('',#2019,#2020,#1090,.T.);
#2492=EDGE_CURVE('',#2020,#2021,#1708,.T.);
#2493=EDGE_CURVE('',#2021,#2022,#1091,.T.);
#2494=EDGE_CURVE('',#2022,#2023,#1709,.T.);
#2495=EDGE_CURVE('',#2023,#2024,#1092,.T.);
#2496=EDGE_CURVE('',#2024,#2025,#1710,.T.);
#2497=EDGE_CURVE('',#2025,#2026,#1093,.T.);
#2498=EDGE_CURVE('',#2026,#2027,#1711,.T.);
#2499=EDGE_CURVE('',#2027,#2028,#1094,.T.);
#2500=EDGE_CURVE('',#2028,#2013,#1712,.T.);
#2501=EDGE_CURVE('',#1997,#1933,#1095,.T.);
#2502=EDGE_CURVE('',#1998,#1934,#1096,.T.);
#2503=EDGE_CURVE('',#2012,#1935,#1097,.T.);
#2504=EDGE_CURVE('',#2011,#1936,#1098,.T.);
#2505=EDGE_CURVE('',#2010,#1937,#1099,.T.);
#2506=EDGE_CURVE('',#2009,#1938,#1100,.T.);
#2507=EDGE_CURVE('',#2008,#1939,#1101,.T.);
#2508=EDGE_CURVE('',#2007,#1940,#1102,.T.);
#2509=EDGE_CURVE('',#2006,#1941,#1103,.T.);
#2510=EDGE_CURVE('',#2005,#1942,#1104,.T.);
#2511=EDGE_CURVE('',#2004,#1943,#1105,.T.);
#2512=EDGE_CURVE('',#2003,#1944,#1106,.T.);
#2513=EDGE_CURVE('',#2002,#1945,#1107,.T.);
#2514=EDGE_CURVE('',#2001,#1946,#1108,.T.);
#2515=EDGE_CURVE('',#2000,#1947,#1109,.T.);
#2516=EDGE_CURVE('',#1999,#1948,#1110,.T.);
#2517=EDGE_CURVE('',#2029,#2030,#1713,.T.);
#2518=EDGE_CURVE('',#2013,#2030,#1111,.T.);
#2519=EDGE_CURVE('',#2028,#2029,#1112,.T.);
#2520=EDGE_CURVE('',#2030,#2031,#1113,.T.);
#2521=EDGE_CURVE('',#2014,#2031,#1114,.T.);
#2522=EDGE_CURVE('',#2031,#2032,#1714,.T.);
#2523=EDGE_CURVE('',#2015,#2032,#1115,.T.);
#2524=EDGE_CURVE('',#2032,#2033,#1116,.T.);
#2525=EDGE_CURVE('',#2016,#2033,#1117,.T.);
#2526=EDGE_CURVE('',#2033,#2034,#1715,.T.);
#2527=EDGE_CURVE('',#2017,#2034,#1118,.T.);
#2528=EDGE_CURVE('',#2034,#2035,#1119,.T.);
#2529=EDGE_CURVE('',#2018,#2035,#1120,.T.);
#2530=EDGE_CURVE('',#2035,#2036,#1716,.T.);
#2531=EDGE_CURVE('',#2019,#2036,#1121,.T.);
#2532=EDGE_CURVE('',#2036,#2037,#1122,.T.);
#2533=EDGE_CURVE('',#2020,#2037,#1123,.T.);
#2534=EDGE_CURVE('',#2037,#2038,#1717,.T.);
#2535=EDGE_CURVE('',#2021,#2038,#1124,.T.);
#2536=EDGE_CURVE('',#2038,#2039,#1125,.T.);
#2537=EDGE_CURVE('',#2022,#2039,#1126,.T.);
#2538=EDGE_CURVE('',#2039,#2040,#1718,.T.);
#2539=EDGE_CURVE('',#2023,#2040,#1127,.T.);
#2540=EDGE_CURVE('',#2040,#2041,#1128,.T.);
#2541=EDGE_CURVE('',#2024,#2041,#1129,.T.);
#2542=EDGE_CURVE('',#2041,#2042,#1719,.T.);
#2543=EDGE_CURVE('',#2025,#2042,#1130,.T.);
#2544=EDGE_CURVE('',#2042,#2043,#1131,.T.);
#2545=EDGE_CURVE('',#2026,#2043,#1132,.T.);
#2546=EDGE_CURVE('',#2043,#2044,#1720,.T.);
#2547=EDGE_CURVE('',#2027,#2044,#1133,.T.);
#2548=EDGE_CURVE('',#2044,#2029,#1134,.T.);
#2549=EDGE_CURVE('',#2045,#2046,#39,.T.);
#2550=EDGE_CURVE('',#2046,#2047,#1135,.T.);
#2551=EDGE_CURVE('',#2047,#2048,#40,.T.);
#2552=EDGE_CURVE('',#2048,#2045,#1136,.T.);
#2553=EDGE_CURVE('',#2049,#2046,#1137,.F.);
#2554=EDGE_CURVE('',#2050,#2049,#1138,.T.);
#2555=EDGE_CURVE('',#2047,#2050,#1139,.T.);
#2556=EDGE_CURVE('',#2051,#2048,#1140,.T.);
#2557=EDGE_CURVE('',#2052,#2051,#1141,.T.);
#2558=EDGE_CURVE('',#2045,#2052,#1142,.F.);
#2559=EDGE_CURVE('',#2049,#2053,#41,.T.);
#2560=EDGE_CURVE('',#2053,#2054,#1143,.T.);
#2561=EDGE_CURVE('',#2054,#2050,#42,.T.);
#2562=EDGE_CURVE('',#2055,#2053,#1144,.F.);
#2563=EDGE_CURVE('',#2056,#2055,#1145,.T.);
#2564=EDGE_CURVE('',#2054,#2056,#1146,.T.);
#2565=EDGE_CURVE('',#2057,#2058,#43,.T.);
#2566=EDGE_CURVE('',#2058,#2059,#1147,.T.);
#2567=EDGE_CURVE('',#2059,#2060,#44,.T.);
#2568=EDGE_CURVE('',#2060,#2057,#1148,.T.);
#2569=EDGE_CURVE('',#2061,#2058,#1149,.F.);
#2570=EDGE_CURVE('',#2062,#2061,#1150,.T.);
#2571=EDGE_CURVE('',#2059,#2062,#1151,.T.);
#2572=EDGE_CURVE('',#2061,#2063,#45,.T.);
#2573=EDGE_CURVE('',#2063,#2064,#1152,.T.);
#2574=EDGE_CURVE('',#2064,#2062,#46,.T.);
#2575=EDGE_CURVE('',#2065,#2063,#1153,.F.);
#2576=EDGE_CURVE('',#2066,#2065,#1154,.T.);
#2577=EDGE_CURVE('',#2064,#2066,#1155,.T.);
#2578=EDGE_CURVE('',#2067,#2060,#1156,.T.);
#2579=EDGE_CURVE('',#2068,#2067,#1157,.T.);
#2580=EDGE_CURVE('',#2057,#2068,#1158,.F.);
#2581=EDGE_CURVE('',#2067,#2069,#47,.T.);
#2582=EDGE_CURVE('',#2069,#2070,#1159,.T.);
#2583=EDGE_CURVE('',#2070,#2068,#48,.T.);
#2584=EDGE_CURVE('',#2071,#2069,#1160,.T.);
#2585=EDGE_CURVE('',#2072,#2071,#1161,.T.);
#2586=EDGE_CURVE('',#2070,#2072,#1162,.F.);
#2587=EDGE_CURVE('',#2065,#2072,#49,.T.);
#2588=EDGE_CURVE('',#2071,#2066,#50,.T.);
#2589=EDGE_CURVE('',#2073,#2073,#51,.T.);
#2590=EDGE_CURVE('',#2073,#2074,#1163,.T.);
#2591=EDGE_CURVE('',#2074,#2074,#52,.F.);
#2592=EDGE_CURVE('',#2075,#2075,#53,.T.);
#2593=EDGE_CURVE('',#2075,#2076,#1164,.T.);
#2594=EDGE_CURVE('',#2076,#2076,#54,.F.);
#2595=EDGE_CURVE('',#2051,#2077,#1165,.T.);
#2596=EDGE_CURVE('',#2077,#2078,#1721,.T.);
#2597=EDGE_CURVE('',#2078,#2079,#1166,.T.);
#2598=EDGE_CURVE('',#2079,#2080,#1722,.T.);
#2599=EDGE_CURVE('',#2080,#2081,#1167,.T.);
#2600=EDGE_CURVE('',#2081,#2082,#1723,.T.);
#2601=EDGE_CURVE('',#2082,#2083,#1168,.T.);
#2602=EDGE_CURVE('',#2083,#2084,#1724,.T.);
#2603=EDGE_CURVE('',#2084,#2056,#1169,.T.);
#2604=EDGE_CURVE('',#2085,#2055,#1170,.T.);
#2605=EDGE_CURVE('',#2086,#2085,#1725,.T.);
#2606=EDGE_CURVE('',#2087,#2086,#1171,.T.);
#2607=EDGE_CURVE('',#2088,#2087,#1726,.T.);
#2608=EDGE_CURVE('',#2089,#2088,#1172,.T.);
#2609=EDGE_CURVE('',#2090,#2089,#1727,.T.);
#2610=EDGE_CURVE('',#2091,#2090,#1173,.T.);
#2611=EDGE_CURVE('',#2092,#2091,#1728,.T.);
#2612=EDGE_CURVE('',#2052,#2092,#1174,.T.);
#2613=EDGE_CURVE('',#2093,#2084,#1175,.T.);
#2614=EDGE_CURVE('',#2093,#2094,#1176,.T.);
#2615=EDGE_CURVE('',#2094,#2077,#1177,.T.);
#2616=EDGE_CURVE('',#2095,#2095,#1729,.T.);
#2617=EDGE_CURVE('',#2096,#2096,#1730,.T.);
#2618=EDGE_CURVE('',#2097,#2097,#1731,.T.);
#2619=EDGE_CURVE('',#2098,#2098,#1732,.T.);
#2620=EDGE_CURVE('',#2099,#2099,#1733,.T.);
#2621=EDGE_CURVE('',#2100,#2100,#1734,.T.);
#2622=EDGE_CURVE('',#2101,#2101,#1735,.T.);
#2623=EDGE_CURVE('',#2101,#2102,#1178,.T.);
#2624=EDGE_CURVE('',#2102,#2102,#1736,.T.);
#2625=EDGE_CURVE('',#2103,#2103,#1737,.T.);
#2626=EDGE_CURVE('',#2103,#2104,#1179,.T.);
#2627=EDGE_CURVE('',#2104,#2104,#1738,.T.);
#2628=EDGE_CURVE('',#2105,#2105,#1739,.T.);
#2629=EDGE_CURVE('',#2105,#2106,#1180,.T.);
#2630=EDGE_CURVE('',#2106,#2106,#1740,.T.);
#2631=EDGE_CURVE('',#2107,#2107,#1741,.T.);
#2632=EDGE_CURVE('',#2107,#2108,#1181,.T.);
#2633=EDGE_CURVE('',#2108,#2108,#1742,.T.);
#2634=EDGE_CURVE('',#2109,#2109,#1743,.T.);
#2635=EDGE_CURVE('',#2109,#2110,#1182,.T.);
#2636=EDGE_CURVE('',#2110,#2110,#1744,.T.);
#2637=EDGE_CURVE('',#2111,#2111,#1745,.T.);
#2638=EDGE_CURVE('',#2111,#2112,#1183,.T.);
#2639=EDGE_CURVE('',#2112,#2112,#1746,.T.);
#2640=EDGE_CURVE('',#2113,#2113,#1747,.T.);
#2641=EDGE_CURVE('',#2113,#2114,#1184,.T.);
#2642=EDGE_CURVE('',#2114,#2114,#1748,.T.);
#2643=EDGE_CURVE('',#2115,#2115,#1749,.T.);
#2644=EDGE_CURVE('',#2115,#2116,#1185,.T.);
#2645=EDGE_CURVE('',#2116,#2116,#1750,.T.);
#2646=EDGE_CURVE('',#2117,#2117,#1751,.T.);
#2647=EDGE_CURVE('',#2117,#2118,#1186,.T.);
#2648=EDGE_CURVE('',#2118,#2118,#1752,.T.);
#2649=EDGE_CURVE('',#2119,#2119,#1753,.T.);
#2650=EDGE_CURVE('',#2119,#2120,#1187,.T.);
#2651=EDGE_CURVE('',#2120,#2120,#1754,.T.);
#2652=EDGE_CURVE('',#2121,#2121,#1755,.T.);
#2653=EDGE_CURVE('',#2121,#2122,#1188,.T.);
#2654=EDGE_CURVE('',#2122,#2122,#1756,.T.);
#2655=EDGE_CURVE('',#2123,#2123,#1757,.T.);
#2656=EDGE_CURVE('',#2123,#2124,#1189,.T.);
#2657=EDGE_CURVE('',#2124,#2124,#1758,.T.);
#2658=EDGE_CURVE('',#2125,#2125,#1759,.T.);
#2659=EDGE_CURVE('',#2125,#2126,#1190,.T.);
#2660=EDGE_CURVE('',#2126,#2126,#1760,.T.);
#2661=EDGE_CURVE('',#2127,#2127,#1761,.T.);
#2662=EDGE_CURVE('',#2127,#2128,#1191,.T.);
#2663=EDGE_CURVE('',#2128,#2128,#1762,.T.);
#2664=EDGE_CURVE('',#2129,#2129,#1763,.T.);
#2665=EDGE_CURVE('',#2129,#2130,#1192,.T.);
#2666=EDGE_CURVE('',#2130,#2130,#1764,.T.);
#2667=EDGE_CURVE('',#2131,#2131,#1765,.T.);
#2668=EDGE_CURVE('',#2131,#2132,#1193,.T.);
#2669=EDGE_CURVE('',#2132,#2132,#1766,.T.);
#2670=EDGE_CURVE('',#2133,#2133,#1767,.T.);
#2671=EDGE_CURVE('',#2133,#2134,#1194,.T.);
#2672=EDGE_CURVE('',#2134,#2134,#1768,.T.);
#2673=EDGE_CURVE('',#2135,#2135,#1769,.T.);
#2674=EDGE_CURVE('',#2135,#2136,#1195,.T.);
#2675=EDGE_CURVE('',#2136,#2136,#1770,.T.);
#2676=EDGE_CURVE('',#2137,#2137,#1771,.T.);
#2677=EDGE_CURVE('',#2137,#2138,#1196,.T.);
#2678=EDGE_CURVE('',#2138,#2138,#1772,.T.);
#2679=EDGE_CURVE('',#2139,#2139,#1773,.T.);
#2680=EDGE_CURVE('',#2139,#2140,#1197,.T.);
#2681=EDGE_CURVE('',#2140,#2140,#1774,.T.);
#2682=EDGE_CURVE('',#2141,#2142,#1775,.T.);
#2683=EDGE_CURVE('',#2142,#2143,#1198,.T.);
#2684=EDGE_CURVE('',#2143,#2143,#1776,.T.);
#2685=EDGE_CURVE('',#2142,#2144,#1777,.T.);
#2686=EDGE_CURVE('',#2144,#2145,#23,.F.);
#2687=EDGE_CURVE('',#2145,#2146,#1778,.T.);
#2688=EDGE_CURVE('',#2146,#2147,#55,.T.);
#2689=EDGE_CURVE('',#2148,#2147,#1779,.T.);
#2690=EDGE_CURVE('',#2149,#2148,#56,.T.);
#2691=EDGE_CURVE('',#2149,#2150,#1780,.T.);
#2692=EDGE_CURVE('',#2150,#2141,#24,.T.);
#2693=EDGE_CURVE('',#2151,#2152,#25,.F.);
#2694=EDGE_CURVE('',#2152,#2153,#1199,.T.);
#2695=EDGE_CURVE('',#2153,#2153,#1781,.T.);
#2696=EDGE_CURVE('',#2152,#2154,#26,.F.);
#2697=EDGE_CURVE('',#2154,#2155,#1782,.T.);
#2698=EDGE_CURVE('',#2155,#2156,#27,.T.);
#2699=EDGE_CURVE('',#2156,#2157,#1783,.T.);
#2700=EDGE_CURVE('',#2157,#2158,#57,.T.);
#2701=EDGE_CURVE('',#2159,#2158,#1784,.T.);
#2702=EDGE_CURVE('',#2159,#2160,#58,.T.);
#2703=EDGE_CURVE('',#2160,#2151,#1785,.T.);
#2704=EDGE_CURVE('',#2161,#2162,#28,.F.);
#2705=EDGE_CURVE('',#2162,#2163,#1200,.T.);
#2706=EDGE_CURVE('',#2163,#2163,#1786,.T.);
#2707=EDGE_CURVE('',#2162,#2164,#29,.F.);
#2708=EDGE_CURVE('',#2164,#2165,#1787,.T.);
#2709=EDGE_CURVE('',#2165,#2166,#59,.T.);
#2710=EDGE_CURVE('',#2167,#2166,#1788,.T.);
#2711=EDGE_CURVE('',#2168,#2167,#60,.T.);
#2712=EDGE_CURVE('',#2168,#2169,#1789,.T.);
#2713=EDGE_CURVE('',#2169,#2170,#30,.T.);
#2714=EDGE_CURVE('',#2170,#2161,#1790,.T.);
#2715=EDGE_CURVE('',#2171,#2172,#1791,.T.);
#2716=EDGE_CURVE('',#2172,#2173,#1201,.T.);
#2717=EDGE_CURVE('',#2173,#2173,#1792,.T.);
#2718=EDGE_CURVE('',#2172,#2174,#1793,.T.);
#2719=EDGE_CURVE('',#2174,#2175,#31,.T.);
#2720=EDGE_CURVE('',#2175,#2176,#1794,.T.);
#2721=EDGE_CURVE('',#2176,#2177,#61,.T.);
#2722=EDGE_CURVE('',#2178,#2177,#1795,.T.);
#2723=EDGE_CURVE('',#2178,#2179,#62,.T.);
#2724=EDGE_CURVE('',#2179,#2180,#1796,.T.);
#2725=EDGE_CURVE('',#2180,#2171,#32,.F.);
#2726=EDGE_CURVE('',#2181,#2182,#1797,.T.);
#2727=EDGE_CURVE('',#2183,#2182,#1202,.T.);
#2728=EDGE_CURVE('',#2184,#2183,#1798,.T.);
#2729=EDGE_CURVE('',#2181,#2184,#1203,.T.);
#2730=EDGE_CURVE('',#2185,#2186,#1799,.T.);
#2731=EDGE_CURVE('',#2187,#2185,#1204,.T.);
#2732=EDGE_CURVE('',#2187,#2188,#1800,.T.);
#2733=EDGE_CURVE('',#2186,#2188,#1205,.T.);
#2734=EDGE_CURVE('',#2189,#2190,#1801,.T.);
#2735=EDGE_CURVE('',#2191,#2190,#1206,.T.);
#2736=EDGE_CURVE('',#2192,#2191,#1802,.T.);
#2737=EDGE_CURVE('',#2189,#2192,#1207,.T.);
#2738=EDGE_CURVE('',#2094,#2193,#1803,.T.);
#2739=EDGE_CURVE('',#2093,#2194,#1804,.T.);
#2740=EDGE_CURVE('',#2193,#2194,#1208,.T.);
#2741=EDGE_CURVE('',#2195,#2092,#1209,.T.);
#2742=EDGE_CURVE('',#2196,#2195,#1210,.T.);
#2743=EDGE_CURVE('',#2196,#2197,#1211,.T.);
#2744=EDGE_CURVE('',#2197,#2198,#1212,.T.);
#2745=EDGE_CURVE('',#2198,#2085,#1213,.T.);
#2746=EDGE_CURVE('',#2145,#2199,#1214,.T.);
#2747=EDGE_CURVE('',#2199,#2146,#1215,.T.);
#2748=EDGE_CURVE('',#2199,#2196,#63,.T.);
#2749=EDGE_CURVE('',#2154,#2144,#1216,.T.);
#2750=EDGE_CURVE('',#2200,#2151,#1217,.T.);
#2751=EDGE_CURVE('',#2200,#2197,#64,.T.);
#2752=EDGE_CURVE('',#2156,#2201,#1218,.T.);
#2753=EDGE_CURVE('',#2201,#2157,#1219,.T.);
#2754=EDGE_CURVE('',#2202,#2203,#1220,.T.);
#2755=EDGE_CURVE('',#2202,#2204,#1221,.T.);
#2756=EDGE_CURVE('',#2204,#2205,#1222,.T.);
#2757=EDGE_CURVE('',#2205,#2087,#1223,.T.);
#2758=EDGE_CURVE('',#2203,#2086,#1224,.T.);
#2759=EDGE_CURVE('',#2201,#2202,#65,.T.);
#2760=EDGE_CURVE('',#2170,#2155,#1225,.T.);
#2761=EDGE_CURVE('',#2206,#2169,#1226,.T.);
#2762=EDGE_CURVE('',#2206,#2204,#66,.T.);
#2763=EDGE_CURVE('',#2164,#2207,#1227,.T.);
#2764=EDGE_CURVE('',#2207,#2165,#1228,.T.);
#2765=EDGE_CURVE('',#2208,#2209,#1229,.T.);
#2766=EDGE_CURVE('',#2209,#2210,#1230,.T.);
#2767=EDGE_CURVE('',#2210,#2089,#1231,.T.);
#2768=EDGE_CURVE('',#2211,#2088,#1232,.T.);
#2769=EDGE_CURVE('',#2208,#2211,#1233,.T.);
#2770=EDGE_CURVE('',#2171,#2161,#1234,.T.);
#2771=EDGE_CURVE('',#2212,#2180,#1235,.T.);
#2772=EDGE_CURVE('',#2212,#2209,#67,.T.);
#2773=EDGE_CURVE('',#2207,#2208,#68,.T.);
#2774=EDGE_CURVE('',#2175,#2213,#1236,.T.);
#2775=EDGE_CURVE('',#2213,#2176,#1237,.T.);
#2776=EDGE_CURVE('',#2214,#2215,#1238,.T.);
#2777=EDGE_CURVE('',#2215,#2216,#1239,.T.);
#2778=EDGE_CURVE('',#2216,#2091,#1240,.T.);
#2779=EDGE_CURVE('',#2217,#2090,#1241,.T.);
#2780=EDGE_CURVE('',#2214,#2217,#1242,.T.);
#2781=EDGE_CURVE('',#2218,#2150,#1243,.T.);
#2782=EDGE_CURVE('',#2218,#2215,#69,.T.);
#2783=EDGE_CURVE('',#2213,#2214,#70,.T.);
#2784=EDGE_CURVE('',#2141,#2174,#1244,.T.);
#2785=EDGE_CURVE('',#2184,#2186,#1805,.T.);
#2786=EDGE_CURVE('',#2188,#2193,#1806,.T.);
#2787=EDGE_CURVE('',#2194,#2189,#1807,.T.);
#2788=EDGE_CURVE('',#2192,#2181,#1808,.T.);
#2789=EDGE_CURVE('',#2212,#2179,#1245,.T.);
#2790=EDGE_CURVE('',#2206,#2168,#1246,.T.);
#2791=EDGE_CURVE('',#2200,#2160,#1247,.T.);
#2792=EDGE_CURVE('',#2185,#2183,#1809,.T.);
#2793=EDGE_CURVE('',#2183,#2080,#1248,.T.);
#2794=EDGE_CURVE('',#2185,#2079,#1249,.T.);
#2795=EDGE_CURVE('',#2187,#2078,#1250,.T.);
#2796=EDGE_CURVE('',#2094,#2187,#1810,.T.);
#2797=EDGE_CURVE('',#2190,#2093,#1811,.T.);
#2798=EDGE_CURVE('',#2190,#2083,#1251,.T.);
#2799=EDGE_CURVE('',#2191,#2082,#1252,.T.);
#2800=EDGE_CURVE('',#2182,#2191,#1812,.T.);
#2801=EDGE_CURVE('',#2182,#2081,#1253,.T.);
#2802=EDGE_CURVE('',#2210,#2219,#71,.T.);
#2803=EDGE_CURVE('',#2219,#2220,#1813,.T.);
#2804=EDGE_CURVE('',#2217,#2220,#72,.T.);
#2805=EDGE_CURVE('',#2216,#2221,#73,.T.);
#2806=EDGE_CURVE('',#2221,#2222,#1814,.T.);
#2807=EDGE_CURVE('',#2195,#2222,#74,.T.);
#2808=EDGE_CURVE('',#2198,#2223,#75,.T.);
#2809=EDGE_CURVE('',#2223,#2224,#1815,.T.);
#2810=EDGE_CURVE('',#2203,#2224,#76,.T.);
#2811=EDGE_CURVE('',#2205,#2225,#77,.T.);
#2812=EDGE_CURVE('',#2225,#2226,#1816,.T.);
#2813=EDGE_CURVE('',#2211,#2226,#78,.T.);
#2814=EDGE_CURVE('',#2218,#2149,#1254,.T.);
#2815=EDGE_CURVE('',#2219,#2178,#1255,.T.);
#2816=EDGE_CURVE('',#2177,#2220,#1256,.T.);
#2817=EDGE_CURVE('',#2225,#2167,#1257,.T.);
#2818=EDGE_CURVE('',#2166,#2226,#1258,.T.);
#2819=EDGE_CURVE('',#2223,#2159,#1259,.T.);
#2820=EDGE_CURVE('',#2158,#2224,#1260,.T.);
#2821=EDGE_CURVE('',#2148,#2221,#1261,.T.);
#2822=EDGE_CURVE('',#2147,#2222,#1262,.T.);
#2823=EDGE_CURVE('',#2227,#2227,#1817,.T.);
#2824=EDGE_CURVE('',#2227,#2228,#1263,.T.);
#2825=EDGE_CURVE('',#2228,#2228,#1818,.T.);
#2826=EDGE_CURVE('',#2229,#2229,#1819,.T.);
#2827=EDGE_CURVE('',#2229,#2227,#1264,.T.);
#2828=EDGE_CURVE('',#2230,#2230,#1820,.T.);
#2829=EDGE_CURVE('',#2230,#2231,#1265,.T.);
#2830=EDGE_CURVE('',#2231,#2231,#1821,.T.);
#2831=EDGE_CURVE('',#2232,#2232,#1822,.T.);
#2832=EDGE_CURVE('',#2232,#2230,#1266,.T.);
#2833=EDGE_CURVE('',#2233,#2233,#1823,.T.);
#2834=EDGE_CURVE('',#2233,#2234,#1267,.T.);
#2835=EDGE_CURVE('',#2234,#2234,#1824,.T.);
#2836=EDGE_CURVE('',#2235,#2235,#1825,.T.);
#2837=EDGE_CURVE('',#2235,#2236,#1268,.T.);
#2838=EDGE_CURVE('',#2236,#2236,#1826,.T.);
#2839=EDGE_CURVE('',#2237,#2238,#1827,.T.);
#2840=EDGE_CURVE('',#2238,#2237,#1828,.T.);
#2841=EDGE_CURVE('',#2238,#2239,#1269,.T.);
#2842=EDGE_CURVE('',#2239,#2239,#1829,.T.);
#2843=EDGE_CURVE('',#2237,#2240,#1270,.T.);
#2844=EDGE_CURVE('',#2240,#2240,#1830,.T.);
#2845=EDGE_CURVE('',#2241,#2241,#1831,.T.);
#2846=EDGE_CURVE('',#2241,#2242,#1271,.T.);
#2847=EDGE_CURVE('',#2242,#2242,#1832,.T.);
#2848=EDGE_CURVE('',#2243,#2243,#1833,.T.);
#2849=EDGE_CURVE('',#2243,#2241,#1272,.T.);
#2850=EDGE_CURVE('',#2244,#2244,#1834,.T.);
#2851=EDGE_CURVE('',#2244,#2245,#1273,.T.);
#2852=EDGE_CURVE('',#2245,#2245,#1835,.T.);
#2853=EDGE_CURVE('',#2246,#2246,#1836,.T.);
#2854=EDGE_CURVE('',#2246,#2244,#1274,.T.);
#2855=EDGE_CURVE('',#2247,#2247,#1837,.T.);
#2856=EDGE_CURVE('',#2247,#2248,#1275,.T.);
#2857=EDGE_CURVE('',#2248,#2248,#1838,.T.);
#2858=EDGE_CURVE('',#2249,#2249,#1839,.T.);
#2859=EDGE_CURVE('',#2249,#2250,#1276,.T.);
#2860=EDGE_CURVE('',#2250,#2250,#1840,.T.);
#2861=EDGE_CURVE('',#2251,#2252,#1841,.T.);
#2862=EDGE_CURVE('',#2252,#2253,#1277,.T.);
#2863=EDGE_CURVE('',#2253,#2253,#1842,.T.);
#2864=EDGE_CURVE('',#2252,#2251,#1843,.T.);
#2865=EDGE_CURVE('',#2251,#2254,#1278,.T.);
#2866=EDGE_CURVE('',#2254,#2254,#1844,.T.);
#2867=EDGE_CURVE('',#2255,#2255,#1845,.T.);
#2868=EDGE_CURVE('',#2255,#2256,#1279,.T.);
#2869=EDGE_CURVE('',#2256,#2256,#1846,.T.);
#2870=EDGE_CURVE('',#2257,#2257,#1847,.T.);
#2871=EDGE_CURVE('',#2257,#2255,#1280,.T.);
#2872=EDGE_CURVE('',#2258,#2258,#1848,.T.);
#2873=EDGE_CURVE('',#2258,#2259,#1281,.T.);
#2874=EDGE_CURVE('',#2259,#2259,#1849,.T.);
#2875=EDGE_CURVE('',#2260,#2260,#1850,.T.);
#2876=EDGE_CURVE('',#2260,#2258,#1282,.T.);
#2877=EDGE_CURVE('',#2261,#2261,#1851,.T.);
#2878=EDGE_CURVE('',#2261,#2262,#1283,.T.);
#2879=EDGE_CURVE('',#2262,#2262,#1852,.T.);
#2880=EDGE_CURVE('',#2263,#2263,#1853,.T.);
#2881=EDGE_CURVE('',#2263,#2264,#1284,.T.);
#2882=EDGE_CURVE('',#2264,#2264,#1854,.T.);
#2883=EDGE_CURVE('',#2265,#2266,#1855,.T.);
#2884=EDGE_CURVE('',#2266,#2265,#1856,.T.);
#2885=EDGE_CURVE('',#2266,#2267,#1285,.T.);
#2886=EDGE_CURVE('',#2267,#2267,#1857,.T.);
#2887=EDGE_CURVE('',#2265,#2268,#1286,.T.);
#2888=EDGE_CURVE('',#2268,#2268,#1858,.T.);
#2889=EDGE_CURVE('',#2269,#2269,#1859,.T.);
#2890=EDGE_CURVE('',#2269,#2270,#1287,.T.);
#2891=EDGE_CURVE('',#2270,#2270,#1860,.T.);
#2892=EDGE_CURVE('',#2271,#2271,#1861,.T.);
#2893=EDGE_CURVE('',#2271,#2269,#1288,.T.);
#2894=EDGE_CURVE('',#2272,#2272,#1862,.T.);
#2895=EDGE_CURVE('',#2272,#2273,#1289,.T.);
#2896=EDGE_CURVE('',#2273,#2273,#1863,.T.);
#2897=EDGE_CURVE('',#2274,#2274,#1864,.T.);
#2898=EDGE_CURVE('',#2274,#2272,#1290,.T.);
#2899=EDGE_CURVE('',#2275,#2275,#1865,.T.);
#2900=EDGE_CURVE('',#2275,#2276,#1291,.T.);
#2901=EDGE_CURVE('',#2276,#2276,#1866,.T.);
#2902=EDGE_CURVE('',#2277,#2277,#1867,.T.);
#2903=EDGE_CURVE('',#2277,#2278,#1292,.T.);
#2904=EDGE_CURVE('',#2278,#2278,#1868,.T.);
#2905=EDGE_CURVE('',#2279,#2280,#1869,.T.);
#2906=EDGE_CURVE('',#2280,#2281,#1293,.T.);
#2907=EDGE_CURVE('',#2281,#2281,#1870,.T.);
#2908=EDGE_CURVE('',#2280,#2279,#1871,.T.);
#2909=EDGE_CURVE('',#2279,#2282,#1294,.T.);
#2910=EDGE_CURVE('',#2282,#2282,#1872,.T.);
#2911=ORIENTED_EDGE('',*,*,#2283,.T.);
#2912=ORIENTED_EDGE('',*,*,#2284,.T.);
#2913=ORIENTED_EDGE('',*,*,#2285,.T.);
#2914=ORIENTED_EDGE('',*,*,#2286,.T.);
#2915=ORIENTED_EDGE('',*,*,#2284,.F.);
#2916=ORIENTED_EDGE('',*,*,#2287,.F.);
#2917=ORIENTED_EDGE('',*,*,#2288,.F.);
#2918=ORIENTED_EDGE('',*,*,#2289,.F.);
#2919=ORIENTED_EDGE('',*,*,#2290,.T.);
#2920=ORIENTED_EDGE('',*,*,#2288,.T.);
#2921=ORIENTED_EDGE('',*,*,#2291,.T.);
#2922=ORIENTED_EDGE('',*,*,#2292,.T.);
#2923=ORIENTED_EDGE('',*,*,#2292,.F.);
#2924=ORIENTED_EDGE('',*,*,#2293,.F.);
#2925=ORIENTED_EDGE('',*,*,#2294,.F.);
#2926=ORIENTED_EDGE('',*,*,#2295,.F.);
#2927=ORIENTED_EDGE('',*,*,#2286,.F.);
#2928=ORIENTED_EDGE('',*,*,#2296,.F.);
#2929=ORIENTED_EDGE('',*,*,#2297,.T.);
#2930=ORIENTED_EDGE('',*,*,#2298,.F.);
#2931=ORIENTED_EDGE('',*,*,#2299,.F.);
#2932=ORIENTED_EDGE('',*,*,#2297,.F.);
#2933=ORIENTED_EDGE('',*,*,#2300,.F.);
#2934=ORIENTED_EDGE('',*,*,#2301,.T.);
#2935=ORIENTED_EDGE('',*,*,#2302,.F.);
#2936=ORIENTED_EDGE('',*,*,#2301,.F.);
#2937=ORIENTED_EDGE('',*,*,#2303,.F.);
#2938=ORIENTED_EDGE('',*,*,#2304,.T.);
#2939=ORIENTED_EDGE('',*,*,#2305,.F.);
#2940=ORIENTED_EDGE('',*,*,#2304,.F.);
#2941=ORIENTED_EDGE('',*,*,#2306,.F.);
#2942=ORIENTED_EDGE('',*,*,#2294,.T.);
#2943=ORIENTED_EDGE('',*,*,#2307,.F.);
#2944=ORIENTED_EDGE('',*,*,#2308,.T.);
#2945=ORIENTED_EDGE('',*,*,#2309,.F.);
#2946=ORIENTED_EDGE('',*,*,#2308,.F.);
#2947=ORIENTED_EDGE('',*,*,#2310,.F.);
#2948=ORIENTED_EDGE('',*,*,#2311,.T.);
#2949=ORIENTED_EDGE('',*,*,#2312,.F.);
#2950=ORIENTED_EDGE('',*,*,#2311,.F.);
#2951=ORIENTED_EDGE('',*,*,#2313,.F.);
#2952=ORIENTED_EDGE('',*,*,#2314,.T.);
#2953=ORIENTED_EDGE('',*,*,#2315,.T.);
#2954=ORIENTED_EDGE('',*,*,#2314,.F.);
#2955=ORIENTED_EDGE('',*,*,#2316,.F.);
#2956=ORIENTED_EDGE('',*,*,#2317,.T.);
#2957=ORIENTED_EDGE('',*,*,#2313,.T.);
#2958=ORIENTED_EDGE('',*,*,#2317,.F.);
#2959=ORIENTED_EDGE('',*,*,#2318,.F.);
#2960=ORIENTED_EDGE('',*,*,#2319,.T.);
#2961=ORIENTED_EDGE('',*,*,#2316,.T.);
#2962=ORIENTED_EDGE('',*,*,#2319,.F.);
#2963=ORIENTED_EDGE('',*,*,#2320,.T.);
#2964=ORIENTED_EDGE('',*,*,#2321,.T.);
#2965=ORIENTED_EDGE('',*,*,#2322,.F.);
#2966=ORIENTED_EDGE('',*,*,#2321,.F.);
#2967=ORIENTED_EDGE('',*,*,#2323,.T.);
#2968=ORIENTED_EDGE('',*,*,#2324,.T.);
#2969=ORIENTED_EDGE('',*,*,#2320,.F.);
#2970=ORIENTED_EDGE('',*,*,#2324,.F.);
#2971=ORIENTED_EDGE('',*,*,#2325,.T.);
#2972=ORIENTED_EDGE('',*,*,#2326,.T.);
#2973=ORIENTED_EDGE('',*,*,#2323,.F.);
#2974=ORIENTED_EDGE('',*,*,#2326,.F.);
#2975=ORIENTED_EDGE('',*,*,#2327,.T.);
#2976=ORIENTED_EDGE('',*,*,#2328,.T.);
#2977=ORIENTED_EDGE('',*,*,#2329,.F.);
#2978=ORIENTED_EDGE('',*,*,#2328,.F.);
#2979=ORIENTED_EDGE('',*,*,#2330,.T.);
#2980=ORIENTED_EDGE('',*,*,#2331,.T.);
#2981=ORIENTED_EDGE('',*,*,#2327,.F.);
#2982=ORIENTED_EDGE('',*,*,#2331,.F.);
#2983=ORIENTED_EDGE('',*,*,#2332,.T.);
#2984=ORIENTED_EDGE('',*,*,#2333,.T.);
#2985=ORIENTED_EDGE('',*,*,#2330,.F.);
#2986=ORIENTED_EDGE('',*,*,#2333,.F.);
#2987=ORIENTED_EDGE('',*,*,#2334,.F.);
#2988=ORIENTED_EDGE('',*,*,#2335,.T.);
#2989=ORIENTED_EDGE('',*,*,#2336,.T.);
#2990=ORIENTED_EDGE('',*,*,#2335,.F.);
#2991=ORIENTED_EDGE('',*,*,#2337,.F.);
#2992=ORIENTED_EDGE('',*,*,#2338,.T.);
#2993=ORIENTED_EDGE('',*,*,#2334,.T.);
#2994=ORIENTED_EDGE('',*,*,#2338,.F.);
#2995=ORIENTED_EDGE('',*,*,#2339,.F.);
#2996=ORIENTED_EDGE('',*,*,#2340,.T.);
#2997=ORIENTED_EDGE('',*,*,#2337,.T.);
#2998=ORIENTED_EDGE('',*,*,#2340,.F.);
#2999=ORIENTED_EDGE('',*,*,#2341,.T.);
#3000=ORIENTED_EDGE('',*,*,#2342,.T.);
#3001=ORIENTED_EDGE('',*,*,#2343,.F.);
#3002=ORIENTED_EDGE('',*,*,#2342,.F.);
#3003=ORIENTED_EDGE('',*,*,#2344,.T.);
#3004=ORIENTED_EDGE('',*,*,#2345,.T.);
#3005=ORIENTED_EDGE('',*,*,#2346,.F.);
#3006=ORIENTED_EDGE('',*,*,#2345,.F.);
#3007=ORIENTED_EDGE('',*,*,#2347,.T.);
#3008=ORIENTED_EDGE('',*,*,#2348,.T.);
#3009=ORIENTED_EDGE('',*,*,#2349,.F.);
#3010=ORIENTED_EDGE('',*,*,#2348,.F.);
#3011=ORIENTED_EDGE('',*,*,#2350,.T.);
#3012=ORIENTED_EDGE('',*,*,#2351,.T.);
#3013=ORIENTED_EDGE('',*,*,#2352,.F.);
#3014=ORIENTED_EDGE('',*,*,#2351,.F.);
#3015=ORIENTED_EDGE('',*,*,#2353,.F.);
#3016=ORIENTED_EDGE('',*,*,#2354,.T.);
#3017=ORIENTED_EDGE('',*,*,#2355,.T.);
#3018=ORIENTED_EDGE('',*,*,#2356,.F.);
#3019=ORIENTED_EDGE('',*,*,#2357,.F.);
#3020=ORIENTED_EDGE('',*,*,#2358,.T.);
#3021=ORIENTED_EDGE('',*,*,#2359,.T.);
#3022=ORIENTED_EDGE('',*,*,#2360,.F.);
#3023=ORIENTED_EDGE('',*,*,#2361,.T.);
#3024=ORIENTED_EDGE('',*,*,#2362,.T.);
#3025=ORIENTED_EDGE('',*,*,#2363,.T.);
#3026=ORIENTED_EDGE('',*,*,#2364,.T.);
#3027=ORIENTED_EDGE('',*,*,#2365,.T.);
#3028=ORIENTED_EDGE('',*,*,#2366,.T.);
#3029=ORIENTED_EDGE('',*,*,#2367,.T.);
#3030=ORIENTED_EDGE('',*,*,#2368,.T.);
#3031=ORIENTED_EDGE('',*,*,#2369,.T.);
#3032=ORIENTED_EDGE('',*,*,#2370,.T.);
#3033=ORIENTED_EDGE('',*,*,#2371,.T.);
#3034=ORIENTED_EDGE('',*,*,#2372,.T.);
#3035=ORIENTED_EDGE('',*,*,#2373,.T.);
#3036=ORIENTED_EDGE('',*,*,#2374,.T.);
#3037=ORIENTED_EDGE('',*,*,#2375,.T.);
#3038=ORIENTED_EDGE('',*,*,#2376,.T.);
#3039=ORIENTED_EDGE('',*,*,#2377,.T.);
#3040=ORIENTED_EDGE('',*,*,#2378,.T.);
#3041=ORIENTED_EDGE('',*,*,#2379,.T.);
#3042=ORIENTED_EDGE('',*,*,#2380,.T.);
#3043=ORIENTED_EDGE('',*,*,#2381,.T.);
#3044=ORIENTED_EDGE('',*,*,#2382,.T.);
#3045=ORIENTED_EDGE('',*,*,#2383,.T.);
#3046=ORIENTED_EDGE('',*,*,#2384,.T.);
#3047=ORIENTED_EDGE('',*,*,#2315,.F.);
#3048=ORIENTED_EDGE('',*,*,#2322,.T.);
#3049=ORIENTED_EDGE('',*,*,#2329,.T.);
#3050=ORIENTED_EDGE('',*,*,#2336,.F.);
#3051=ORIENTED_EDGE('',*,*,#2385,.T.);
#3052=ORIENTED_EDGE('',*,*,#2386,.T.);
#3053=ORIENTED_EDGE('',*,*,#2387,.T.);
#3054=ORIENTED_EDGE('',*,*,#2388,.T.);
#3055=ORIENTED_EDGE('',*,*,#2389,.T.);
#3056=ORIENTED_EDGE('',*,*,#2390,.T.);
#3057=ORIENTED_EDGE('',*,*,#2391,.T.);
#3058=ORIENTED_EDGE('',*,*,#2392,.T.);
#3059=ORIENTED_EDGE('',*,*,#2293,.T.);
#3060=ORIENTED_EDGE('',*,*,#2291,.F.);
#3061=ORIENTED_EDGE('',*,*,#2287,.T.);
#3062=ORIENTED_EDGE('',*,*,#2283,.F.);
#3063=ORIENTED_EDGE('',*,*,#2298,.T.);
#3064=ORIENTED_EDGE('',*,*,#2299,.T.);
#3065=ORIENTED_EDGE('',*,*,#2302,.T.);
#3066=ORIENTED_EDGE('',*,*,#2305,.T.);
#3067=ORIENTED_EDGE('',*,*,#2309,.T.);
#3068=ORIENTED_EDGE('',*,*,#2312,.T.);
#3069=ORIENTED_EDGE('',*,*,#2393,.F.);
#3070=ORIENTED_EDGE('',*,*,#2394,.F.);
#3071=ORIENTED_EDGE('',*,*,#2395,.F.);
#3072=ORIENTED_EDGE('',*,*,#2359,.F.);
#3073=ORIENTED_EDGE('',*,*,#2396,.F.);
#3074=ORIENTED_EDGE('',*,*,#2397,.F.);
#3075=ORIENTED_EDGE('',*,*,#2398,.F.);
#3076=ORIENTED_EDGE('',*,*,#2399,.F.);
#3077=ORIENTED_EDGE('',*,*,#2400,.F.);
#3078=ORIENTED_EDGE('',*,*,#2401,.F.);
#3079=ORIENTED_EDGE('',*,*,#2402,.F.);
#3080=ORIENTED_EDGE('',*,*,#2403,.F.);
#3081=ORIENTED_EDGE('',*,*,#2347,.F.);
#3082=ORIENTED_EDGE('',*,*,#2341,.F.);
#3083=ORIENTED_EDGE('',*,*,#2344,.F.);
#3084=ORIENTED_EDGE('',*,*,#2350,.F.);
#3085=ORIENTED_EDGE('',*,*,#2404,.F.);
#3086=ORIENTED_EDGE('',*,*,#2405,.F.);
#3087=ORIENTED_EDGE('',*,*,#2406,.F.);
#3088=ORIENTED_EDGE('',*,*,#2355,.F.);
#3089=ORIENTED_EDGE('',*,*,#2407,.F.);
#3090=ORIENTED_EDGE('',*,*,#2408,.F.);
#3091=ORIENTED_EDGE('',*,*,#2409,.F.);
#3092=ORIENTED_EDGE('',*,*,#2410,.F.);
#3093=ORIENTED_EDGE('',*,*,#2411,.F.);
#3094=ORIENTED_EDGE('',*,*,#2412,.T.);
#3095=ORIENTED_EDGE('',*,*,#2413,.T.);
#3096=ORIENTED_EDGE('',*,*,#2385,.F.);
#3097=ORIENTED_EDGE('',*,*,#2414,.F.);
#3098=ORIENTED_EDGE('',*,*,#2415,.T.);
#3099=ORIENTED_EDGE('',*,*,#2411,.T.);
#3100=ORIENTED_EDGE('',*,*,#2392,.F.);
#3101=ORIENTED_EDGE('',*,*,#2416,.F.);
#3102=ORIENTED_EDGE('',*,*,#2417,.T.);
#3103=ORIENTED_EDGE('',*,*,#2414,.T.);
#3104=ORIENTED_EDGE('',*,*,#2391,.F.);
#3105=ORIENTED_EDGE('',*,*,#2418,.F.);
#3106=ORIENTED_EDGE('',*,*,#2419,.T.);
#3107=ORIENTED_EDGE('',*,*,#2416,.T.);
#3108=ORIENTED_EDGE('',*,*,#2390,.F.);
#3109=ORIENTED_EDGE('',*,*,#2420,.F.);
#3110=ORIENTED_EDGE('',*,*,#2421,.T.);
#3111=ORIENTED_EDGE('',*,*,#2418,.T.);
#3112=ORIENTED_EDGE('',*,*,#2389,.F.);
#3113=ORIENTED_EDGE('',*,*,#2422,.F.);
#3114=ORIENTED_EDGE('',*,*,#2423,.T.);
#3115=ORIENTED_EDGE('',*,*,#2420,.T.);
#3116=ORIENTED_EDGE('',*,*,#2388,.F.);
#3117=ORIENTED_EDGE('',*,*,#2424,.F.);
#3118=ORIENTED_EDGE('',*,*,#2425,.T.);
#3119=ORIENTED_EDGE('',*,*,#2422,.T.);
#3120=ORIENTED_EDGE('',*,*,#2387,.F.);
#3121=ORIENTED_EDGE('',*,*,#2413,.F.);
#3122=ORIENTED_EDGE('',*,*,#2426,.T.);
#3123=ORIENTED_EDGE('',*,*,#2424,.T.);
#3124=ORIENTED_EDGE('',*,*,#2386,.F.);
#3125=ORIENTED_EDGE('',*,*,#2427,.F.);
#3126=ORIENTED_EDGE('',*,*,#2366,.F.);
#3127=ORIENTED_EDGE('',*,*,#2428,.F.);
#3128=ORIENTED_EDGE('',*,*,#2421,.F.);
#3129=ORIENTED_EDGE('',*,*,#2428,.T.);
#3130=ORIENTED_EDGE('',*,*,#2365,.F.);
#3131=ORIENTED_EDGE('',*,*,#2429,.F.);
#3132=ORIENTED_EDGE('',*,*,#2419,.F.);
#3133=ORIENTED_EDGE('',*,*,#2427,.T.);
#3134=ORIENTED_EDGE('',*,*,#2423,.F.);
#3135=ORIENTED_EDGE('',*,*,#2430,.F.);
#3136=ORIENTED_EDGE('',*,*,#2367,.F.);
#3137=ORIENTED_EDGE('',*,*,#2429,.T.);
#3138=ORIENTED_EDGE('',*,*,#2364,.F.);
#3139=ORIENTED_EDGE('',*,*,#2431,.F.);
#3140=ORIENTED_EDGE('',*,*,#2417,.F.);
#3141=ORIENTED_EDGE('',*,*,#2430,.T.);
#3142=ORIENTED_EDGE('',*,*,#2425,.F.);
#3143=ORIENTED_EDGE('',*,*,#2432,.F.);
#3144=ORIENTED_EDGE('',*,*,#2368,.F.);
#3145=ORIENTED_EDGE('',*,*,#2431,.T.);
#3146=ORIENTED_EDGE('',*,*,#2363,.F.);
#3147=ORIENTED_EDGE('',*,*,#2433,.F.);
#3148=ORIENTED_EDGE('',*,*,#2415,.F.);
#3149=ORIENTED_EDGE('',*,*,#2432,.T.);
#3150=ORIENTED_EDGE('',*,*,#2426,.F.);
#3151=ORIENTED_EDGE('',*,*,#2434,.F.);
#3152=ORIENTED_EDGE('',*,*,#2361,.F.);
#3153=ORIENTED_EDGE('',*,*,#2433,.T.);
#3154=ORIENTED_EDGE('',*,*,#2362,.F.);
#3155=ORIENTED_EDGE('',*,*,#2434,.T.);
#3156=ORIENTED_EDGE('',*,*,#2412,.F.);
#3157=ORIENTED_EDGE('',*,*,#2394,.T.);
#3158=ORIENTED_EDGE('',*,*,#2435,.F.);
#3159=ORIENTED_EDGE('',*,*,#2436,.F.);
#3160=ORIENTED_EDGE('',*,*,#2437,.T.);
#3161=ORIENTED_EDGE('',*,*,#2393,.T.);
#3162=ORIENTED_EDGE('',*,*,#2358,.F.);
#3163=ORIENTED_EDGE('',*,*,#2438,.F.);
#3164=ORIENTED_EDGE('',*,*,#2435,.T.);
#3165=ORIENTED_EDGE('',*,*,#2395,.T.);
#3166=ORIENTED_EDGE('',*,*,#2437,.F.);
#3167=ORIENTED_EDGE('',*,*,#2439,.F.);
#3168=ORIENTED_EDGE('',*,*,#2360,.T.);
#3169=ORIENTED_EDGE('',*,*,#2436,.T.);
#3170=ORIENTED_EDGE('',*,*,#2438,.T.);
#3171=ORIENTED_EDGE('',*,*,#2357,.T.);
#3172=ORIENTED_EDGE('',*,*,#2439,.T.);
#3173=ORIENTED_EDGE('',*,*,#2408,.T.);
#3174=ORIENTED_EDGE('',*,*,#2440,.F.);
#3175=ORIENTED_EDGE('',*,*,#2441,.F.);
#3176=ORIENTED_EDGE('',*,*,#2442,.T.);
#3177=ORIENTED_EDGE('',*,*,#2407,.T.);
#3178=ORIENTED_EDGE('',*,*,#2443,.F.);
#3179=ORIENTED_EDGE('',*,*,#2444,.F.);
#3180=ORIENTED_EDGE('',*,*,#2440,.T.);
#3181=ORIENTED_EDGE('',*,*,#2410,.T.);
#3182=ORIENTED_EDGE('',*,*,#2445,.F.);
#3183=ORIENTED_EDGE('',*,*,#2446,.F.);
#3184=ORIENTED_EDGE('',*,*,#2443,.T.);
#3185=ORIENTED_EDGE('',*,*,#2409,.T.);
#3186=ORIENTED_EDGE('',*,*,#2442,.F.);
#3187=ORIENTED_EDGE('',*,*,#2447,.F.);
#3188=ORIENTED_EDGE('',*,*,#2445,.T.);
#3189=ORIENTED_EDGE('',*,*,#2441,.T.);
#3190=ORIENTED_EDGE('',*,*,#2444,.T.);
#3191=ORIENTED_EDGE('',*,*,#2446,.T.);
#3192=ORIENTED_EDGE('',*,*,#2447,.T.);
#3193=ORIENTED_EDGE('',*,*,#2397,.T.);
#3194=ORIENTED_EDGE('',*,*,#2448,.F.);
#3195=ORIENTED_EDGE('',*,*,#2449,.F.);
#3196=ORIENTED_EDGE('',*,*,#2450,.T.);
#3197=ORIENTED_EDGE('',*,*,#2396,.T.);
#3198=ORIENTED_EDGE('',*,*,#2451,.F.);
#3199=ORIENTED_EDGE('',*,*,#2452,.F.);
#3200=ORIENTED_EDGE('',*,*,#2448,.T.);
#3201=ORIENTED_EDGE('',*,*,#2399,.T.);
#3202=ORIENTED_EDGE('',*,*,#2453,.F.);
#3203=ORIENTED_EDGE('',*,*,#2454,.F.);
#3204=ORIENTED_EDGE('',*,*,#2451,.T.);
#3205=ORIENTED_EDGE('',*,*,#2398,.T.);
#3206=ORIENTED_EDGE('',*,*,#2450,.F.);
#3207=ORIENTED_EDGE('',*,*,#2455,.F.);
#3208=ORIENTED_EDGE('',*,*,#2453,.T.);
#3209=ORIENTED_EDGE('',*,*,#2449,.T.);
#3210=ORIENTED_EDGE('',*,*,#2452,.T.);
#3211=ORIENTED_EDGE('',*,*,#2454,.T.);
#3212=ORIENTED_EDGE('',*,*,#2455,.T.);
#3213=ORIENTED_EDGE('',*,*,#2405,.T.);
#3214=ORIENTED_EDGE('',*,*,#2456,.F.);
#3215=ORIENTED_EDGE('',*,*,#2457,.F.);
#3216=ORIENTED_EDGE('',*,*,#2458,.T.);
#3217=ORIENTED_EDGE('',*,*,#2404,.T.);
#3218=ORIENTED_EDGE('',*,*,#2354,.F.);
#3219=ORIENTED_EDGE('',*,*,#2459,.F.);
#3220=ORIENTED_EDGE('',*,*,#2456,.T.);
#3221=ORIENTED_EDGE('',*,*,#2406,.T.);
#3222=ORIENTED_EDGE('',*,*,#2458,.F.);
#3223=ORIENTED_EDGE('',*,*,#2460,.F.);
#3224=ORIENTED_EDGE('',*,*,#2356,.T.);
#3225=ORIENTED_EDGE('',*,*,#2457,.T.);
#3226=ORIENTED_EDGE('',*,*,#2459,.T.);
#3227=ORIENTED_EDGE('',*,*,#2353,.T.);
#3228=ORIENTED_EDGE('',*,*,#2460,.T.);
#3229=ORIENTED_EDGE('',*,*,#2401,.T.);
#3230=ORIENTED_EDGE('',*,*,#2461,.F.);
#3231=ORIENTED_EDGE('',*,*,#2462,.F.);
#3232=ORIENTED_EDGE('',*,*,#2463,.T.);
#3233=ORIENTED_EDGE('',*,*,#2400,.T.);
#3234=ORIENTED_EDGE('',*,*,#2464,.F.);
#3235=ORIENTED_EDGE('',*,*,#2465,.F.);
#3236=ORIENTED_EDGE('',*,*,#2461,.T.);
#3237=ORIENTED_EDGE('',*,*,#2403,.T.);
#3238=ORIENTED_EDGE('',*,*,#2466,.F.);
#3239=ORIENTED_EDGE('',*,*,#2467,.F.);
#3240=ORIENTED_EDGE('',*,*,#2464,.T.);
#3241=ORIENTED_EDGE('',*,*,#2402,.T.);
#3242=ORIENTED_EDGE('',*,*,#2463,.F.);
#3243=ORIENTED_EDGE('',*,*,#2468,.F.);
#3244=ORIENTED_EDGE('',*,*,#2466,.T.);
#3245=ORIENTED_EDGE('',*,*,#2462,.T.);
#3246=ORIENTED_EDGE('',*,*,#2465,.T.);
#3247=ORIENTED_EDGE('',*,*,#2467,.T.);
#3248=ORIENTED_EDGE('',*,*,#2468,.T.);
#3249=ORIENTED_EDGE('',*,*,#2352,.T.);
#3250=ORIENTED_EDGE('',*,*,#2332,.F.);
#3251=ORIENTED_EDGE('',*,*,#2349,.T.);
#3252=ORIENTED_EDGE('',*,*,#2339,.T.);
#3253=ORIENTED_EDGE('',*,*,#2346,.T.);
#3254=ORIENTED_EDGE('',*,*,#2325,.F.);
#3255=ORIENTED_EDGE('',*,*,#2343,.T.);
#3256=ORIENTED_EDGE('',*,*,#2318,.T.);
#3257=ORIENTED_EDGE('',*,*,#2469,.F.);
#3258=ORIENTED_EDGE('',*,*,#2470,.F.);
#3259=ORIENTED_EDGE('',*,*,#2471,.F.);
#3260=ORIENTED_EDGE('',*,*,#2472,.F.);
#3261=ORIENTED_EDGE('',*,*,#2473,.F.);
#3262=ORIENTED_EDGE('',*,*,#2474,.F.);
#3263=ORIENTED_EDGE('',*,*,#2475,.F.);
#3264=ORIENTED_EDGE('',*,*,#2476,.F.);
#3265=ORIENTED_EDGE('',*,*,#2477,.F.);
#3266=ORIENTED_EDGE('',*,*,#2478,.F.);
#3267=ORIENTED_EDGE('',*,*,#2479,.F.);
#3268=ORIENTED_EDGE('',*,*,#2480,.F.);
#3269=ORIENTED_EDGE('',*,*,#2481,.F.);
#3270=ORIENTED_EDGE('',*,*,#2482,.F.);
#3271=ORIENTED_EDGE('',*,*,#2483,.F.);
#3272=ORIENTED_EDGE('',*,*,#2484,.F.);
#3273=ORIENTED_EDGE('',*,*,#2485,.T.);
#3274=ORIENTED_EDGE('',*,*,#2486,.T.);
#3275=ORIENTED_EDGE('',*,*,#2487,.T.);
#3276=ORIENTED_EDGE('',*,*,#2488,.T.);
#3277=ORIENTED_EDGE('',*,*,#2489,.T.);
#3278=ORIENTED_EDGE('',*,*,#2490,.T.);
#3279=ORIENTED_EDGE('',*,*,#2491,.T.);
#3280=ORIENTED_EDGE('',*,*,#2492,.T.);
#3281=ORIENTED_EDGE('',*,*,#2493,.T.);
#3282=ORIENTED_EDGE('',*,*,#2494,.T.);
#3283=ORIENTED_EDGE('',*,*,#2495,.T.);
#3284=ORIENTED_EDGE('',*,*,#2496,.T.);
#3285=ORIENTED_EDGE('',*,*,#2497,.T.);
#3286=ORIENTED_EDGE('',*,*,#2498,.T.);
#3287=ORIENTED_EDGE('',*,*,#2499,.T.);
#3288=ORIENTED_EDGE('',*,*,#2500,.T.);
#3289=ORIENTED_EDGE('',*,*,#2369,.F.);
#3290=ORIENTED_EDGE('',*,*,#2501,.F.);
#3291=ORIENTED_EDGE('',*,*,#2469,.T.);
#3292=ORIENTED_EDGE('',*,*,#2502,.T.);
#3293=ORIENTED_EDGE('',*,*,#2370,.F.);
#3294=ORIENTED_EDGE('',*,*,#2502,.F.);
#3295=ORIENTED_EDGE('',*,*,#2484,.T.);
#3296=ORIENTED_EDGE('',*,*,#2503,.T.);
#3297=ORIENTED_EDGE('',*,*,#2371,.F.);
#3298=ORIENTED_EDGE('',*,*,#2503,.F.);
#3299=ORIENTED_EDGE('',*,*,#2483,.T.);
#3300=ORIENTED_EDGE('',*,*,#2504,.T.);
#3301=ORIENTED_EDGE('',*,*,#2372,.F.);
#3302=ORIENTED_EDGE('',*,*,#2504,.F.);
#3303=ORIENTED_EDGE('',*,*,#2482,.T.);
#3304=ORIENTED_EDGE('',*,*,#2505,.T.);
#3305=ORIENTED_EDGE('',*,*,#2373,.F.);
#3306=ORIENTED_EDGE('',*,*,#2505,.F.);
#3307=ORIENTED_EDGE('',*,*,#2481,.T.);
#3308=ORIENTED_EDGE('',*,*,#2506,.T.);
#3309=ORIENTED_EDGE('',*,*,#2374,.F.);
#3310=ORIENTED_EDGE('',*,*,#2506,.F.);
#3311=ORIENTED_EDGE('',*,*,#2480,.T.);
#3312=ORIENTED_EDGE('',*,*,#2507,.T.);
#3313=ORIENTED_EDGE('',*,*,#2375,.F.);
#3314=ORIENTED_EDGE('',*,*,#2507,.F.);
#3315=ORIENTED_EDGE('',*,*,#2479,.T.);
#3316=ORIENTED_EDGE('',*,*,#2508,.T.);
#3317=ORIENTED_EDGE('',*,*,#2376,.F.);
#3318=ORIENTED_EDGE('',*,*,#2508,.F.);
#3319=ORIENTED_EDGE('',*,*,#2478,.T.);
#3320=ORIENTED_EDGE('',*,*,#2509,.T.);
#3321=ORIENTED_EDGE('',*,*,#2377,.F.);
#3322=ORIENTED_EDGE('',*,*,#2509,.F.);
#3323=ORIENTED_EDGE('',*,*,#2477,.T.);
#3324=ORIENTED_EDGE('',*,*,#2510,.T.);
#3325=ORIENTED_EDGE('',*,*,#2378,.F.);
#3326=ORIENTED_EDGE('',*,*,#2510,.F.);
#3327=ORIENTED_EDGE('',*,*,#2476,.T.);
#3328=ORIENTED_EDGE('',*,*,#2511,.T.);
#3329=ORIENTED_EDGE('',*,*,#2379,.F.);
#3330=ORIENTED_EDGE('',*,*,#2511,.F.);
#3331=ORIENTED_EDGE('',*,*,#2475,.T.);
#3332=ORIENTED_EDGE('',*,*,#2512,.T.);
#3333=ORIENTED_EDGE('',*,*,#2380,.F.);
#3334=ORIENTED_EDGE('',*,*,#2512,.F.);
#3335=ORIENTED_EDGE('',*,*,#2474,.T.);
#3336=ORIENTED_EDGE('',*,*,#2513,.T.);
#3337=ORIENTED_EDGE('',*,*,#2381,.F.);
#3338=ORIENTED_EDGE('',*,*,#2513,.F.);
#3339=ORIENTED_EDGE('',*,*,#2473,.T.);
#3340=ORIENTED_EDGE('',*,*,#2514,.T.);
#3341=ORIENTED_EDGE('',*,*,#2382,.F.);
#3342=ORIENTED_EDGE('',*,*,#2514,.F.);
#3343=ORIENTED_EDGE('',*,*,#2472,.T.);
#3344=ORIENTED_EDGE('',*,*,#2515,.T.);
#3345=ORIENTED_EDGE('',*,*,#2383,.F.);
#3346=ORIENTED_EDGE('',*,*,#2515,.F.);
#3347=ORIENTED_EDGE('',*,*,#2471,.T.);
#3348=ORIENTED_EDGE('',*,*,#2516,.T.);
#3349=ORIENTED_EDGE('',*,*,#2384,.F.);
#3350=ORIENTED_EDGE('',*,*,#2516,.F.);
#3351=ORIENTED_EDGE('',*,*,#2470,.T.);
#3352=ORIENTED_EDGE('',*,*,#2501,.T.);
#3353=ORIENTED_EDGE('',*,*,#2517,.T.);
#3354=ORIENTED_EDGE('',*,*,#2518,.F.);
#3355=ORIENTED_EDGE('',*,*,#2500,.F.);
#3356=ORIENTED_EDGE('',*,*,#2519,.T.);
#3357=ORIENTED_EDGE('',*,*,#2520,.T.);
#3358=ORIENTED_EDGE('',*,*,#2521,.F.);
#3359=ORIENTED_EDGE('',*,*,#2485,.F.);
#3360=ORIENTED_EDGE('',*,*,#2518,.T.);
#3361=ORIENTED_EDGE('',*,*,#2522,.T.);
#3362=ORIENTED_EDGE('',*,*,#2523,.F.);
#3363=ORIENTED_EDGE('',*,*,#2486,.F.);
#3364=ORIENTED_EDGE('',*,*,#2521,.T.);
#3365=ORIENTED_EDGE('',*,*,#2524,.T.);
#3366=ORIENTED_EDGE('',*,*,#2525,.F.);
#3367=ORIENTED_EDGE('',*,*,#2487,.F.);
#3368=ORIENTED_EDGE('',*,*,#2523,.T.);
#3369=ORIENTED_EDGE('',*,*,#2526,.T.);
#3370=ORIENTED_EDGE('',*,*,#2527,.F.);
#3371=ORIENTED_EDGE('',*,*,#2488,.F.);
#3372=ORIENTED_EDGE('',*,*,#2525,.T.);
#3373=ORIENTED_EDGE('',*,*,#2528,.T.);
#3374=ORIENTED_EDGE('',*,*,#2529,.F.);
#3375=ORIENTED_EDGE('',*,*,#2489,.F.);
#3376=ORIENTED_EDGE('',*,*,#2527,.T.);
#3377=ORIENTED_EDGE('',*,*,#2530,.T.);
#3378=ORIENTED_EDGE('',*,*,#2531,.F.);
#3379=ORIENTED_EDGE('',*,*,#2490,.F.);
#3380=ORIENTED_EDGE('',*,*,#2529,.T.);
#3381=ORIENTED_EDGE('',*,*,#2532,.T.);
#3382=ORIENTED_EDGE('',*,*,#2533,.F.);
#3383=ORIENTED_EDGE('',*,*,#2491,.F.);
#3384=ORIENTED_EDGE('',*,*,#2531,.T.);
#3385=ORIENTED_EDGE('',*,*,#2534,.T.);
#3386=ORIENTED_EDGE('',*,*,#2535,.F.);
#3387=ORIENTED_EDGE('',*,*,#2492,.F.);
#3388=ORIENTED_EDGE('',*,*,#2533,.T.);
#3389=ORIENTED_EDGE('',*,*,#2536,.T.);
#3390=ORIENTED_EDGE('',*,*,#2537,.F.);
#3391=ORIENTED_EDGE('',*,*,#2493,.F.);
#3392=ORIENTED_EDGE('',*,*,#2535,.T.);
#3393=ORIENTED_EDGE('',*,*,#2538,.T.);
#3394=ORIENTED_EDGE('',*,*,#2539,.F.);
#3395=ORIENTED_EDGE('',*,*,#2494,.F.);
#3396=ORIENTED_EDGE('',*,*,#2537,.T.);
#3397=ORIENTED_EDGE('',*,*,#2540,.T.);
#3398=ORIENTED_EDGE('',*,*,#2541,.F.);
#3399=ORIENTED_EDGE('',*,*,#2495,.F.);
#3400=ORIENTED_EDGE('',*,*,#2539,.T.);
#3401=ORIENTED_EDGE('',*,*,#2542,.T.);
#3402=ORIENTED_EDGE('',*,*,#2543,.F.);
#3403=ORIENTED_EDGE('',*,*,#2496,.F.);
#3404=ORIENTED_EDGE('',*,*,#2541,.T.);
#3405=ORIENTED_EDGE('',*,*,#2544,.T.);
#3406=ORIENTED_EDGE('',*,*,#2545,.F.);
#3407=ORIENTED_EDGE('',*,*,#2497,.F.);
#3408=ORIENTED_EDGE('',*,*,#2543,.T.);
#3409=ORIENTED_EDGE('',*,*,#2546,.T.);
#3410=ORIENTED_EDGE('',*,*,#2547,.F.);
#3411=ORIENTED_EDGE('',*,*,#2498,.F.);
#3412=ORIENTED_EDGE('',*,*,#2545,.T.);
#3413=ORIENTED_EDGE('',*,*,#2548,.T.);
#3414=ORIENTED_EDGE('',*,*,#2519,.F.);
#3415=ORIENTED_EDGE('',*,*,#2499,.F.);
#3416=ORIENTED_EDGE('',*,*,#2547,.T.);
#3417=ORIENTED_EDGE('',*,*,#2520,.F.);
#3418=ORIENTED_EDGE('',*,*,#2517,.F.);
#3419=ORIENTED_EDGE('',*,*,#2548,.F.);
#3420=ORIENTED_EDGE('',*,*,#2546,.F.);
#3421=ORIENTED_EDGE('',*,*,#2544,.F.);
#3422=ORIENTED_EDGE('',*,*,#2542,.F.);
#3423=ORIENTED_EDGE('',*,*,#2540,.F.);
#3424=ORIENTED_EDGE('',*,*,#2538,.F.);
#3425=ORIENTED_EDGE('',*,*,#2536,.F.);
#3426=ORIENTED_EDGE('',*,*,#2534,.F.);
#3427=ORIENTED_EDGE('',*,*,#2532,.F.);
#3428=ORIENTED_EDGE('',*,*,#2530,.F.);
#3429=ORIENTED_EDGE('',*,*,#2528,.F.);
#3430=ORIENTED_EDGE('',*,*,#2526,.F.);
#3431=ORIENTED_EDGE('',*,*,#2524,.F.);
#3432=ORIENTED_EDGE('',*,*,#2522,.F.);
#3433=ORIENTED_EDGE('',*,*,#2295,.T.);
#3434=ORIENTED_EDGE('',*,*,#2306,.T.);
#3435=ORIENTED_EDGE('',*,*,#2303,.T.);
#3436=ORIENTED_EDGE('',*,*,#2300,.T.);
#3437=ORIENTED_EDGE('',*,*,#2296,.T.);
#3438=ORIENTED_EDGE('',*,*,#2285,.F.);
#3439=ORIENTED_EDGE('',*,*,#2289,.T.);
#3440=ORIENTED_EDGE('',*,*,#2290,.F.);
#3441=ORIENTED_EDGE('',*,*,#2307,.T.);
#3442=ORIENTED_EDGE('',*,*,#2310,.T.);
#3443=ORIENTED_EDGE('',*,*,#2549,.T.);
#3444=ORIENTED_EDGE('',*,*,#2550,.T.);
#3445=ORIENTED_EDGE('',*,*,#2551,.T.);
#3446=ORIENTED_EDGE('',*,*,#2552,.T.);
#3447=ORIENTED_EDGE('',*,*,#2550,.F.);
#3448=ORIENTED_EDGE('',*,*,#2553,.F.);
#3449=ORIENTED_EDGE('',*,*,#2554,.F.);
#3450=ORIENTED_EDGE('',*,*,#2555,.F.);
#3451=ORIENTED_EDGE('',*,*,#2552,.F.);
#3452=ORIENTED_EDGE('',*,*,#2556,.F.);
#3453=ORIENTED_EDGE('',*,*,#2557,.F.);
#3454=ORIENTED_EDGE('',*,*,#2558,.F.);
#3455=ORIENTED_EDGE('',*,*,#2559,.T.);
#3456=ORIENTED_EDGE('',*,*,#2560,.T.);
#3457=ORIENTED_EDGE('',*,*,#2561,.T.);
#3458=ORIENTED_EDGE('',*,*,#2554,.T.);
#3459=ORIENTED_EDGE('',*,*,#2560,.F.);
#3460=ORIENTED_EDGE('',*,*,#2562,.F.);
#3461=ORIENTED_EDGE('',*,*,#2563,.F.);
#3462=ORIENTED_EDGE('',*,*,#2564,.F.);
#3463=ORIENTED_EDGE('',*,*,#2565,.T.);
#3464=ORIENTED_EDGE('',*,*,#2566,.T.);
#3465=ORIENTED_EDGE('',*,*,#2567,.T.);
#3466=ORIENTED_EDGE('',*,*,#2568,.T.);
#3467=ORIENTED_EDGE('',*,*,#2566,.F.);
#3468=ORIENTED_EDGE('',*,*,#2569,.F.);
#3469=ORIENTED_EDGE('',*,*,#2570,.F.);
#3470=ORIENTED_EDGE('',*,*,#2571,.F.);
#3471=ORIENTED_EDGE('',*,*,#2572,.T.);
#3472=ORIENTED_EDGE('',*,*,#2573,.T.);
#3473=ORIENTED_EDGE('',*,*,#2574,.T.);
#3474=ORIENTED_EDGE('',*,*,#2570,.T.);
#3475=ORIENTED_EDGE('',*,*,#2573,.F.);
#3476=ORIENTED_EDGE('',*,*,#2575,.F.);
#3477=ORIENTED_EDGE('',*,*,#2576,.F.);
#3478=ORIENTED_EDGE('',*,*,#2577,.F.);
#3479=ORIENTED_EDGE('',*,*,#2568,.F.);
#3480=ORIENTED_EDGE('',*,*,#2578,.F.);
#3481=ORIENTED_EDGE('',*,*,#2579,.F.);
#3482=ORIENTED_EDGE('',*,*,#2580,.F.);
#3483=ORIENTED_EDGE('',*,*,#2581,.T.);
#3484=ORIENTED_EDGE('',*,*,#2582,.T.);
#3485=ORIENTED_EDGE('',*,*,#2583,.T.);
#3486=ORIENTED_EDGE('',*,*,#2579,.T.);
#3487=ORIENTED_EDGE('',*,*,#2582,.F.);
#3488=ORIENTED_EDGE('',*,*,#2584,.F.);
#3489=ORIENTED_EDGE('',*,*,#2585,.F.);
#3490=ORIENTED_EDGE('',*,*,#2586,.F.);
#3491=ORIENTED_EDGE('',*,*,#2587,.T.);
#3492=ORIENTED_EDGE('',*,*,#2585,.T.);
#3493=ORIENTED_EDGE('',*,*,#2588,.T.);
#3494=ORIENTED_EDGE('',*,*,#2576,.T.);
#3495=ORIENTED_EDGE('',*,*,#2589,.F.);
#3496=ORIENTED_EDGE('',*,*,#2590,.T.);
#3497=ORIENTED_EDGE('',*,*,#2591,.F.);
#3498=ORIENTED_EDGE('',*,*,#2590,.F.);
#3499=ORIENTED_EDGE('',*,*,#2592,.F.);
#3500=ORIENTED_EDGE('',*,*,#2593,.T.);
#3501=ORIENTED_EDGE('',*,*,#2594,.F.);
#3502=ORIENTED_EDGE('',*,*,#2593,.F.);
#3503=ORIENTED_EDGE('',*,*,#2557,.T.);
#3504=ORIENTED_EDGE('',*,*,#2595,.T.);
#3505=ORIENTED_EDGE('',*,*,#2596,.T.);
#3506=ORIENTED_EDGE('',*,*,#2597,.T.);
#3507=ORIENTED_EDGE('',*,*,#2598,.T.);
#3508=ORIENTED_EDGE('',*,*,#2599,.T.);
#3509=ORIENTED_EDGE('',*,*,#2600,.T.);
#3510=ORIENTED_EDGE('',*,*,#2601,.T.);
#3511=ORIENTED_EDGE('',*,*,#2602,.T.);
#3512=ORIENTED_EDGE('',*,*,#2603,.T.);
#3513=ORIENTED_EDGE('',*,*,#2563,.T.);
#3514=ORIENTED_EDGE('',*,*,#2604,.F.);
#3515=ORIENTED_EDGE('',*,*,#2605,.F.);
#3516=ORIENTED_EDGE('',*,*,#2606,.F.);
#3517=ORIENTED_EDGE('',*,*,#2607,.F.);
#3518=ORIENTED_EDGE('',*,*,#2608,.F.);
#3519=ORIENTED_EDGE('',*,*,#2609,.F.);
#3520=ORIENTED_EDGE('',*,*,#2610,.F.);
#3521=ORIENTED_EDGE('',*,*,#2611,.F.);
#3522=ORIENTED_EDGE('',*,*,#2612,.F.);
#3523=ORIENTED_EDGE('',*,*,#2556,.T.);
#3524=ORIENTED_EDGE('',*,*,#2551,.F.);
#3525=ORIENTED_EDGE('',*,*,#2555,.T.);
#3526=ORIENTED_EDGE('',*,*,#2561,.F.);
#3527=ORIENTED_EDGE('',*,*,#2564,.T.);
#3528=ORIENTED_EDGE('',*,*,#2603,.F.);
#3529=ORIENTED_EDGE('',*,*,#2613,.F.);
#3530=ORIENTED_EDGE('',*,*,#2614,.T.);
#3531=ORIENTED_EDGE('',*,*,#2615,.T.);
#3532=ORIENTED_EDGE('',*,*,#2595,.F.);
#3533=ORIENTED_EDGE('',*,*,#2578,.T.);
#3534=ORIENTED_EDGE('',*,*,#2567,.F.);
#3535=ORIENTED_EDGE('',*,*,#2571,.T.);
#3536=ORIENTED_EDGE('',*,*,#2574,.F.);
#3537=ORIENTED_EDGE('',*,*,#2577,.T.);
#3538=ORIENTED_EDGE('',*,*,#2588,.F.);
#3539=ORIENTED_EDGE('',*,*,#2584,.T.);
#3540=ORIENTED_EDGE('',*,*,#2581,.F.);
#3541=ORIENTED_EDGE('',*,*,#2592,.T.);
#3542=ORIENTED_EDGE('',*,*,#2589,.T.);
#3543=ORIENTED_EDGE('',*,*,#2616,.T.);
#3544=ORIENTED_EDGE('',*,*,#2617,.F.);
#3545=ORIENTED_EDGE('',*,*,#2618,.F.);
#3546=ORIENTED_EDGE('',*,*,#2619,.T.);
#3547=ORIENTED_EDGE('',*,*,#2620,.F.);
#3548=ORIENTED_EDGE('',*,*,#2621,.T.);
#3549=ORIENTED_EDGE('',*,*,#2622,.F.);
#3550=ORIENTED_EDGE('',*,*,#2623,.T.);
#3551=ORIENTED_EDGE('',*,*,#2624,.T.);
#3552=ORIENTED_EDGE('',*,*,#2623,.F.);
#3553=ORIENTED_EDGE('',*,*,#2625,.F.);
#3554=ORIENTED_EDGE('',*,*,#2626,.T.);
#3555=ORIENTED_EDGE('',*,*,#2627,.T.);
#3556=ORIENTED_EDGE('',*,*,#2626,.F.);
#3557=ORIENTED_EDGE('',*,*,#2628,.F.);
#3558=ORIENTED_EDGE('',*,*,#2629,.T.);
#3559=ORIENTED_EDGE('',*,*,#2630,.T.);
#3560=ORIENTED_EDGE('',*,*,#2629,.F.);
#3561=ORIENTED_EDGE('',*,*,#2631,.T.);
#3562=ORIENTED_EDGE('',*,*,#2632,.T.);
#3563=ORIENTED_EDGE('',*,*,#2633,.F.);
#3564=ORIENTED_EDGE('',*,*,#2632,.F.);
#3565=ORIENTED_EDGE('',*,*,#2634,.T.);
#3566=ORIENTED_EDGE('',*,*,#2635,.T.);
#3567=ORIENTED_EDGE('',*,*,#2636,.F.);
#3568=ORIENTED_EDGE('',*,*,#2635,.F.);
#3569=ORIENTED_EDGE('',*,*,#2637,.T.);
#3570=ORIENTED_EDGE('',*,*,#2638,.T.);
#3571=ORIENTED_EDGE('',*,*,#2639,.F.);
#3572=ORIENTED_EDGE('',*,*,#2638,.F.);
#3573=ORIENTED_EDGE('',*,*,#2640,.T.);
#3574=ORIENTED_EDGE('',*,*,#2641,.T.);
#3575=ORIENTED_EDGE('',*,*,#2642,.F.);
#3576=ORIENTED_EDGE('',*,*,#2641,.F.);
#3577=ORIENTED_EDGE('',*,*,#2643,.T.);
#3578=ORIENTED_EDGE('',*,*,#2644,.T.);
#3579=ORIENTED_EDGE('',*,*,#2645,.F.);
#3580=ORIENTED_EDGE('',*,*,#2644,.F.);
#3581=ORIENTED_EDGE('',*,*,#2646,.T.);
#3582=ORIENTED_EDGE('',*,*,#2647,.T.);
#3583=ORIENTED_EDGE('',*,*,#2648,.F.);
#3584=ORIENTED_EDGE('',*,*,#2647,.F.);
#3585=ORIENTED_EDGE('',*,*,#2649,.F.);
#3586=ORIENTED_EDGE('',*,*,#2650,.T.);
#3587=ORIENTED_EDGE('',*,*,#2651,.T.);
#3588=ORIENTED_EDGE('',*,*,#2650,.F.);
#3589=ORIENTED_EDGE('',*,*,#2652,.F.);
#3590=ORIENTED_EDGE('',*,*,#2653,.T.);
#3591=ORIENTED_EDGE('',*,*,#2654,.T.);
#3592=ORIENTED_EDGE('',*,*,#2653,.F.);
#3593=ORIENTED_EDGE('',*,*,#2655,.F.);
#3594=ORIENTED_EDGE('',*,*,#2656,.T.);
#3595=ORIENTED_EDGE('',*,*,#2657,.T.);
#3596=ORIENTED_EDGE('',*,*,#2656,.F.);
#3597=ORIENTED_EDGE('',*,*,#2658,.T.);
#3598=ORIENTED_EDGE('',*,*,#2659,.T.);
#3599=ORIENTED_EDGE('',*,*,#2660,.T.);
#3600=ORIENTED_EDGE('',*,*,#2659,.F.);
#3601=ORIENTED_EDGE('',*,*,#2661,.T.);
#3602=ORIENTED_EDGE('',*,*,#2662,.T.);
#3603=ORIENTED_EDGE('',*,*,#2663,.T.);
#3604=ORIENTED_EDGE('',*,*,#2662,.F.);
#3605=ORIENTED_EDGE('',*,*,#2664,.T.);
#3606=ORIENTED_EDGE('',*,*,#2665,.T.);
#3607=ORIENTED_EDGE('',*,*,#2666,.T.);
#3608=ORIENTED_EDGE('',*,*,#2665,.F.);
#3609=ORIENTED_EDGE('',*,*,#2667,.T.);
#3610=ORIENTED_EDGE('',*,*,#2668,.T.);
#3611=ORIENTED_EDGE('',*,*,#2669,.T.);
#3612=ORIENTED_EDGE('',*,*,#2668,.F.);
#3613=ORIENTED_EDGE('',*,*,#2670,.T.);
#3614=ORIENTED_EDGE('',*,*,#2671,.T.);
#3615=ORIENTED_EDGE('',*,*,#2672,.F.);
#3616=ORIENTED_EDGE('',*,*,#2671,.F.);
#3617=ORIENTED_EDGE('',*,*,#2673,.T.);
#3618=ORIENTED_EDGE('',*,*,#2674,.T.);
#3619=ORIENTED_EDGE('',*,*,#2675,.F.);
#3620=ORIENTED_EDGE('',*,*,#2674,.F.);
#3621=ORIENTED_EDGE('',*,*,#2676,.T.);
#3622=ORIENTED_EDGE('',*,*,#2677,.T.);
#3623=ORIENTED_EDGE('',*,*,#2678,.F.);
#3624=ORIENTED_EDGE('',*,*,#2677,.F.);
#3625=ORIENTED_EDGE('',*,*,#2679,.T.);
#3626=ORIENTED_EDGE('',*,*,#2680,.T.);
#3627=ORIENTED_EDGE('',*,*,#2681,.F.);
#3628=ORIENTED_EDGE('',*,*,#2680,.F.);
#3629=ORIENTED_EDGE('',*,*,#2682,.T.);
#3630=ORIENTED_EDGE('',*,*,#2683,.T.);
#3631=ORIENTED_EDGE('',*,*,#2684,.F.);
#3632=ORIENTED_EDGE('',*,*,#2683,.F.);
#3633=ORIENTED_EDGE('',*,*,#2685,.T.);
#3634=ORIENTED_EDGE('',*,*,#2686,.T.);
#3635=ORIENTED_EDGE('',*,*,#2687,.T.);
#3636=ORIENTED_EDGE('',*,*,#2688,.T.);
#3637=ORIENTED_EDGE('',*,*,#2689,.F.);
#3638=ORIENTED_EDGE('',*,*,#2690,.F.);
#3639=ORIENTED_EDGE('',*,*,#2691,.T.);
#3640=ORIENTED_EDGE('',*,*,#2692,.T.);
#3641=ORIENTED_EDGE('',*,*,#2693,.T.);
#3642=ORIENTED_EDGE('',*,*,#2694,.T.);
#3643=ORIENTED_EDGE('',*,*,#2695,.F.);
#3644=ORIENTED_EDGE('',*,*,#2694,.F.);
#3645=ORIENTED_EDGE('',*,*,#2696,.T.);
#3646=ORIENTED_EDGE('',*,*,#2697,.T.);
#3647=ORIENTED_EDGE('',*,*,#2698,.T.);
#3648=ORIENTED_EDGE('',*,*,#2699,.T.);
#3649=ORIENTED_EDGE('',*,*,#2700,.T.);
#3650=ORIENTED_EDGE('',*,*,#2701,.F.);
#3651=ORIENTED_EDGE('',*,*,#2702,.T.);
#3652=ORIENTED_EDGE('',*,*,#2703,.T.);
#3653=ORIENTED_EDGE('',*,*,#2704,.T.);
#3654=ORIENTED_EDGE('',*,*,#2705,.T.);
#3655=ORIENTED_EDGE('',*,*,#2706,.F.);
#3656=ORIENTED_EDGE('',*,*,#2705,.F.);
#3657=ORIENTED_EDGE('',*,*,#2707,.T.);
#3658=ORIENTED_EDGE('',*,*,#2708,.T.);
#3659=ORIENTED_EDGE('',*,*,#2709,.T.);
#3660=ORIENTED_EDGE('',*,*,#2710,.F.);
#3661=ORIENTED_EDGE('',*,*,#2711,.F.);
#3662=ORIENTED_EDGE('',*,*,#2712,.T.);
#3663=ORIENTED_EDGE('',*,*,#2713,.T.);
#3664=ORIENTED_EDGE('',*,*,#2714,.T.);
#3665=ORIENTED_EDGE('',*,*,#2715,.T.);
#3666=ORIENTED_EDGE('',*,*,#2716,.T.);
#3667=ORIENTED_EDGE('',*,*,#2717,.F.);
#3668=ORIENTED_EDGE('',*,*,#2716,.F.);
#3669=ORIENTED_EDGE('',*,*,#2718,.T.);
#3670=ORIENTED_EDGE('',*,*,#2719,.T.);
#3671=ORIENTED_EDGE('',*,*,#2720,.T.);
#3672=ORIENTED_EDGE('',*,*,#2721,.T.);
#3673=ORIENTED_EDGE('',*,*,#2722,.F.);
#3674=ORIENTED_EDGE('',*,*,#2723,.T.);
#3675=ORIENTED_EDGE('',*,*,#2724,.T.);
#3676=ORIENTED_EDGE('',*,*,#2725,.T.);
#3677=ORIENTED_EDGE('',*,*,#2726,.T.);
#3678=ORIENTED_EDGE('',*,*,#2727,.F.);
#3679=ORIENTED_EDGE('',*,*,#2728,.F.);
#3680=ORIENTED_EDGE('',*,*,#2729,.F.);
#3681=ORIENTED_EDGE('',*,*,#2730,.F.);
#3682=ORIENTED_EDGE('',*,*,#2731,.F.);
#3683=ORIENTED_EDGE('',*,*,#2732,.T.);
#3684=ORIENTED_EDGE('',*,*,#2733,.F.);
#3685=ORIENTED_EDGE('',*,*,#2734,.T.);
#3686=ORIENTED_EDGE('',*,*,#2735,.F.);
#3687=ORIENTED_EDGE('',*,*,#2736,.F.);
#3688=ORIENTED_EDGE('',*,*,#2737,.F.);
#3689=ORIENTED_EDGE('',*,*,#2738,.F.);
#3690=ORIENTED_EDGE('',*,*,#2614,.F.);
#3691=ORIENTED_EDGE('',*,*,#2739,.T.);
#3692=ORIENTED_EDGE('',*,*,#2740,.F.);
#3693=ORIENTED_EDGE('',*,*,#2558,.T.);
#3694=ORIENTED_EDGE('',*,*,#2612,.T.);
#3695=ORIENTED_EDGE('',*,*,#2741,.F.);
#3696=ORIENTED_EDGE('',*,*,#2742,.F.);
#3697=ORIENTED_EDGE('',*,*,#2743,.T.);
#3698=ORIENTED_EDGE('',*,*,#2744,.T.);
#3699=ORIENTED_EDGE('',*,*,#2745,.T.);
#3700=ORIENTED_EDGE('',*,*,#2604,.T.);
#3701=ORIENTED_EDGE('',*,*,#2562,.T.);
#3702=ORIENTED_EDGE('',*,*,#2559,.F.);
#3703=ORIENTED_EDGE('',*,*,#2553,.T.);
#3704=ORIENTED_EDGE('',*,*,#2549,.F.);
#3705=ORIENTED_EDGE('',*,*,#2580,.T.);
#3706=ORIENTED_EDGE('',*,*,#2583,.F.);
#3707=ORIENTED_EDGE('',*,*,#2586,.T.);
#3708=ORIENTED_EDGE('',*,*,#2587,.F.);
#3709=ORIENTED_EDGE('',*,*,#2575,.T.);
#3710=ORIENTED_EDGE('',*,*,#2572,.F.);
#3711=ORIENTED_EDGE('',*,*,#2569,.T.);
#3712=ORIENTED_EDGE('',*,*,#2565,.F.);
#3713=ORIENTED_EDGE('',*,*,#2591,.T.);
#3714=ORIENTED_EDGE('',*,*,#2594,.T.);
#3715=ORIENTED_EDGE('',*,*,#2746,.T.);
#3716=ORIENTED_EDGE('',*,*,#2747,.T.);
#3717=ORIENTED_EDGE('',*,*,#2687,.F.);
#3718=ORIENTED_EDGE('',*,*,#2748,.F.);
#3719=ORIENTED_EDGE('',*,*,#2746,.F.);
#3720=ORIENTED_EDGE('',*,*,#2686,.F.);
#3721=ORIENTED_EDGE('',*,*,#2749,.F.);
#3722=ORIENTED_EDGE('',*,*,#2696,.F.);
#3723=ORIENTED_EDGE('',*,*,#2693,.F.);
#3724=ORIENTED_EDGE('',*,*,#2750,.F.);
#3725=ORIENTED_EDGE('',*,*,#2751,.T.);
#3726=ORIENTED_EDGE('',*,*,#2743,.F.);
#3727=ORIENTED_EDGE('',*,*,#2752,.T.);
#3728=ORIENTED_EDGE('',*,*,#2753,.T.);
#3729=ORIENTED_EDGE('',*,*,#2699,.F.);
#3730=ORIENTED_EDGE('',*,*,#2754,.F.);
#3731=ORIENTED_EDGE('',*,*,#2755,.T.);
#3732=ORIENTED_EDGE('',*,*,#2756,.T.);
#3733=ORIENTED_EDGE('',*,*,#2757,.T.);
#3734=ORIENTED_EDGE('',*,*,#2606,.T.);
#3735=ORIENTED_EDGE('',*,*,#2758,.F.);
#3736=ORIENTED_EDGE('',*,*,#2759,.F.);
#3737=ORIENTED_EDGE('',*,*,#2752,.F.);
#3738=ORIENTED_EDGE('',*,*,#2698,.F.);
#3739=ORIENTED_EDGE('',*,*,#2760,.F.);
#3740=ORIENTED_EDGE('',*,*,#2713,.F.);
#3741=ORIENTED_EDGE('',*,*,#2761,.F.);
#3742=ORIENTED_EDGE('',*,*,#2762,.T.);
#3743=ORIENTED_EDGE('',*,*,#2755,.F.);
#3744=ORIENTED_EDGE('',*,*,#2763,.T.);
#3745=ORIENTED_EDGE('',*,*,#2764,.T.);
#3746=ORIENTED_EDGE('',*,*,#2708,.F.);
#3747=ORIENTED_EDGE('',*,*,#2765,.T.);
#3748=ORIENTED_EDGE('',*,*,#2766,.T.);
#3749=ORIENTED_EDGE('',*,*,#2767,.T.);
#3750=ORIENTED_EDGE('',*,*,#2608,.T.);
#3751=ORIENTED_EDGE('',*,*,#2768,.F.);
#3752=ORIENTED_EDGE('',*,*,#2769,.F.);
#3753=ORIENTED_EDGE('',*,*,#2704,.F.);
#3754=ORIENTED_EDGE('',*,*,#2770,.F.);
#3755=ORIENTED_EDGE('',*,*,#2725,.F.);
#3756=ORIENTED_EDGE('',*,*,#2771,.F.);
#3757=ORIENTED_EDGE('',*,*,#2772,.T.);
#3758=ORIENTED_EDGE('',*,*,#2765,.F.);
#3759=ORIENTED_EDGE('',*,*,#2773,.F.);
#3760=ORIENTED_EDGE('',*,*,#2763,.F.);
#3761=ORIENTED_EDGE('',*,*,#2707,.F.);
#3762=ORIENTED_EDGE('',*,*,#2774,.T.);
#3763=ORIENTED_EDGE('',*,*,#2775,.T.);
#3764=ORIENTED_EDGE('',*,*,#2720,.F.);
#3765=ORIENTED_EDGE('',*,*,#2776,.T.);
#3766=ORIENTED_EDGE('',*,*,#2777,.T.);
#3767=ORIENTED_EDGE('',*,*,#2778,.T.);
#3768=ORIENTED_EDGE('',*,*,#2610,.T.);
#3769=ORIENTED_EDGE('',*,*,#2779,.F.);
#3770=ORIENTED_EDGE('',*,*,#2780,.F.);
#3771=ORIENTED_EDGE('',*,*,#2781,.F.);
#3772=ORIENTED_EDGE('',*,*,#2782,.T.);
#3773=ORIENTED_EDGE('',*,*,#2776,.F.);
#3774=ORIENTED_EDGE('',*,*,#2783,.F.);
#3775=ORIENTED_EDGE('',*,*,#2774,.F.);
#3776=ORIENTED_EDGE('',*,*,#2719,.F.);
#3777=ORIENTED_EDGE('',*,*,#2784,.F.);
#3778=ORIENTED_EDGE('',*,*,#2692,.F.);
#3779=ORIENTED_EDGE('',*,*,#2729,.T.);
#3780=ORIENTED_EDGE('',*,*,#2785,.T.);
#3781=ORIENTED_EDGE('',*,*,#2733,.T.);
#3782=ORIENTED_EDGE('',*,*,#2786,.T.);
#3783=ORIENTED_EDGE('',*,*,#2740,.T.);
#3784=ORIENTED_EDGE('',*,*,#2787,.T.);
#3785=ORIENTED_EDGE('',*,*,#2737,.T.);
#3786=ORIENTED_EDGE('',*,*,#2788,.T.);
#3787=ORIENTED_EDGE('',*,*,#2620,.T.);
#3788=ORIENTED_EDGE('',*,*,#2616,.F.);
#3789=ORIENTED_EDGE('',*,*,#2617,.T.);
#3790=ORIENTED_EDGE('',*,*,#2618,.T.);
#3791=ORIENTED_EDGE('',*,*,#2619,.F.);
#3792=ORIENTED_EDGE('',*,*,#2749,.T.);
#3793=ORIENTED_EDGE('',*,*,#2685,.F.);
#3794=ORIENTED_EDGE('',*,*,#2682,.F.);
#3795=ORIENTED_EDGE('',*,*,#2784,.T.);
#3796=ORIENTED_EDGE('',*,*,#2718,.F.);
#3797=ORIENTED_EDGE('',*,*,#2715,.F.);
#3798=ORIENTED_EDGE('',*,*,#2770,.T.);
#3799=ORIENTED_EDGE('',*,*,#2714,.F.);
#3800=ORIENTED_EDGE('',*,*,#2760,.T.);
#3801=ORIENTED_EDGE('',*,*,#2697,.F.);
#3802=ORIENTED_EDGE('',*,*,#2673,.F.);
#3803=ORIENTED_EDGE('',*,*,#2676,.F.);
#3804=ORIENTED_EDGE('',*,*,#2621,.F.);
#3805=ORIENTED_EDGE('',*,*,#2679,.F.);
#3806=ORIENTED_EDGE('',*,*,#2670,.F.);
#3807=ORIENTED_EDGE('',*,*,#2789,.F.);
#3808=ORIENTED_EDGE('',*,*,#2771,.T.);
#3809=ORIENTED_EDGE('',*,*,#2724,.F.);
#3810=ORIENTED_EDGE('',*,*,#2790,.F.);
#3811=ORIENTED_EDGE('',*,*,#2761,.T.);
#3812=ORIENTED_EDGE('',*,*,#2712,.F.);
#3813=ORIENTED_EDGE('',*,*,#2791,.F.);
#3814=ORIENTED_EDGE('',*,*,#2750,.T.);
#3815=ORIENTED_EDGE('',*,*,#2703,.F.);
#3816=ORIENTED_EDGE('',*,*,#2792,.T.);
#3817=ORIENTED_EDGE('',*,*,#2793,.T.);
#3818=ORIENTED_EDGE('',*,*,#2598,.F.);
#3819=ORIENTED_EDGE('',*,*,#2794,.F.);
#3820=ORIENTED_EDGE('',*,*,#2795,.F.);
#3821=ORIENTED_EDGE('',*,*,#2731,.T.);
#3822=ORIENTED_EDGE('',*,*,#2794,.T.);
#3823=ORIENTED_EDGE('',*,*,#2597,.F.);
#3824=ORIENTED_EDGE('',*,*,#2796,.T.);
#3825=ORIENTED_EDGE('',*,*,#2795,.T.);
#3826=ORIENTED_EDGE('',*,*,#2596,.F.);
#3827=ORIENTED_EDGE('',*,*,#2615,.F.);
#3828=ORIENTED_EDGE('',*,*,#2797,.T.);
#3829=ORIENTED_EDGE('',*,*,#2613,.T.);
#3830=ORIENTED_EDGE('',*,*,#2602,.F.);
#3831=ORIENTED_EDGE('',*,*,#2798,.F.);
#3832=ORIENTED_EDGE('',*,*,#2799,.F.);
#3833=ORIENTED_EDGE('',*,*,#2735,.T.);
#3834=ORIENTED_EDGE('',*,*,#2798,.T.);
#3835=ORIENTED_EDGE('',*,*,#2601,.F.);
#3836=ORIENTED_EDGE('',*,*,#2800,.T.);
#3837=ORIENTED_EDGE('',*,*,#2799,.T.);
#3838=ORIENTED_EDGE('',*,*,#2600,.F.);
#3839=ORIENTED_EDGE('',*,*,#2801,.F.);
#3840=ORIENTED_EDGE('',*,*,#2727,.T.);
#3841=ORIENTED_EDGE('',*,*,#2801,.T.);
#3842=ORIENTED_EDGE('',*,*,#2599,.F.);
#3843=ORIENTED_EDGE('',*,*,#2793,.F.);
#3844=ORIENTED_EDGE('',*,*,#2739,.F.);
#3845=ORIENTED_EDGE('',*,*,#2797,.F.);
#3846=ORIENTED_EDGE('',*,*,#2734,.F.);
#3847=ORIENTED_EDGE('',*,*,#2787,.F.);
#3848=ORIENTED_EDGE('',*,*,#2732,.F.);
#3849=ORIENTED_EDGE('',*,*,#2796,.F.);
#3850=ORIENTED_EDGE('',*,*,#2738,.T.);
#3851=ORIENTED_EDGE('',*,*,#2786,.F.);
#3852=ORIENTED_EDGE('',*,*,#2736,.T.);
#3853=ORIENTED_EDGE('',*,*,#2800,.F.);
#3854=ORIENTED_EDGE('',*,*,#2726,.F.);
#3855=ORIENTED_EDGE('',*,*,#2788,.F.);
#3856=ORIENTED_EDGE('',*,*,#2728,.T.);
#3857=ORIENTED_EDGE('',*,*,#2792,.F.);
#3858=ORIENTED_EDGE('',*,*,#2730,.T.);
#3859=ORIENTED_EDGE('',*,*,#2785,.F.);
#3860=ORIENTED_EDGE('',*,*,#2767,.F.);
#3861=ORIENTED_EDGE('',*,*,#2802,.T.);
#3862=ORIENTED_EDGE('',*,*,#2803,.T.);
#3863=ORIENTED_EDGE('',*,*,#2804,.F.);
#3864=ORIENTED_EDGE('',*,*,#2779,.T.);
#3865=ORIENTED_EDGE('',*,*,#2609,.T.);
#3866=ORIENTED_EDGE('',*,*,#2778,.F.);
#3867=ORIENTED_EDGE('',*,*,#2805,.T.);
#3868=ORIENTED_EDGE('',*,*,#2806,.T.);
#3869=ORIENTED_EDGE('',*,*,#2807,.F.);
#3870=ORIENTED_EDGE('',*,*,#2741,.T.);
#3871=ORIENTED_EDGE('',*,*,#2611,.T.);
#3872=ORIENTED_EDGE('',*,*,#2745,.F.);
#3873=ORIENTED_EDGE('',*,*,#2808,.T.);
#3874=ORIENTED_EDGE('',*,*,#2809,.T.);
#3875=ORIENTED_EDGE('',*,*,#2810,.F.);
#3876=ORIENTED_EDGE('',*,*,#2758,.T.);
#3877=ORIENTED_EDGE('',*,*,#2605,.T.);
#3878=ORIENTED_EDGE('',*,*,#2757,.F.);
#3879=ORIENTED_EDGE('',*,*,#2811,.T.);
#3880=ORIENTED_EDGE('',*,*,#2812,.T.);
#3881=ORIENTED_EDGE('',*,*,#2813,.F.);
#3882=ORIENTED_EDGE('',*,*,#2768,.T.);
#3883=ORIENTED_EDGE('',*,*,#2607,.T.);
#3884=ORIENTED_EDGE('',*,*,#2814,.F.);
#3885=ORIENTED_EDGE('',*,*,#2781,.T.);
#3886=ORIENTED_EDGE('',*,*,#2691,.F.);
#3887=ORIENTED_EDGE('',*,*,#2717,.T.);
#3888=ORIENTED_EDGE('',*,*,#2648,.T.);
#3889=ORIENTED_EDGE('',*,*,#2706,.T.);
#3890=ORIENTED_EDGE('',*,*,#2630,.F.);
#3891=ORIENTED_EDGE('',*,*,#2695,.T.);
#3892=ORIENTED_EDGE('',*,*,#2639,.T.);
#3893=ORIENTED_EDGE('',*,*,#2684,.T.);
#3894=ORIENTED_EDGE('',*,*,#2657,.F.);
#3895=ORIENTED_EDGE('',*,*,#2681,.T.);
#3896=ORIENTED_EDGE('',*,*,#2669,.F.);
#3897=ORIENTED_EDGE('',*,*,#2678,.T.);
#3898=ORIENTED_EDGE('',*,*,#2666,.F.);
#3899=ORIENTED_EDGE('',*,*,#2675,.T.);
#3900=ORIENTED_EDGE('',*,*,#2663,.F.);
#3901=ORIENTED_EDGE('',*,*,#2672,.T.);
#3902=ORIENTED_EDGE('',*,*,#2660,.F.);
#3903=ORIENTED_EDGE('',*,*,#2667,.F.);
#3904=ORIENTED_EDGE('',*,*,#2664,.F.);
#3905=ORIENTED_EDGE('',*,*,#2661,.F.);
#3906=ORIENTED_EDGE('',*,*,#2658,.F.);
#3907=ORIENTED_EDGE('',*,*,#2655,.T.);
#3908=ORIENTED_EDGE('',*,*,#2654,.F.);
#3909=ORIENTED_EDGE('',*,*,#2652,.T.);
#3910=ORIENTED_EDGE('',*,*,#2651,.F.);
#3911=ORIENTED_EDGE('',*,*,#2649,.T.);
#3912=ORIENTED_EDGE('',*,*,#2646,.F.);
#3913=ORIENTED_EDGE('',*,*,#2645,.T.);
#3914=ORIENTED_EDGE('',*,*,#2643,.F.);
#3915=ORIENTED_EDGE('',*,*,#2642,.T.);
#3916=ORIENTED_EDGE('',*,*,#2640,.F.);
#3917=ORIENTED_EDGE('',*,*,#2637,.F.);
#3918=ORIENTED_EDGE('',*,*,#2636,.T.);
#3919=ORIENTED_EDGE('',*,*,#2634,.F.);
#3920=ORIENTED_EDGE('',*,*,#2633,.T.);
#3921=ORIENTED_EDGE('',*,*,#2631,.F.);
#3922=ORIENTED_EDGE('',*,*,#2628,.T.);
#3923=ORIENTED_EDGE('',*,*,#2627,.F.);
#3924=ORIENTED_EDGE('',*,*,#2625,.T.);
#3925=ORIENTED_EDGE('',*,*,#2624,.F.);
#3926=ORIENTED_EDGE('',*,*,#2622,.T.);
#3927=ORIENTED_EDGE('',*,*,#2803,.F.);
#3928=ORIENTED_EDGE('',*,*,#2815,.T.);
#3929=ORIENTED_EDGE('',*,*,#2722,.T.);
#3930=ORIENTED_EDGE('',*,*,#2816,.T.);
#3931=ORIENTED_EDGE('',*,*,#2723,.F.);
#3932=ORIENTED_EDGE('',*,*,#2815,.F.);
#3933=ORIENTED_EDGE('',*,*,#2802,.F.);
#3934=ORIENTED_EDGE('',*,*,#2766,.F.);
#3935=ORIENTED_EDGE('',*,*,#2772,.F.);
#3936=ORIENTED_EDGE('',*,*,#2789,.T.);
#3937=ORIENTED_EDGE('',*,*,#2816,.F.);
#3938=ORIENTED_EDGE('',*,*,#2721,.F.);
#3939=ORIENTED_EDGE('',*,*,#2775,.F.);
#3940=ORIENTED_EDGE('',*,*,#2783,.T.);
#3941=ORIENTED_EDGE('',*,*,#2780,.T.);
#3942=ORIENTED_EDGE('',*,*,#2804,.T.);
#3943=ORIENTED_EDGE('',*,*,#2812,.F.);
#3944=ORIENTED_EDGE('',*,*,#2817,.T.);
#3945=ORIENTED_EDGE('',*,*,#2710,.T.);
#3946=ORIENTED_EDGE('',*,*,#2818,.T.);
#3947=ORIENTED_EDGE('',*,*,#2811,.F.);
#3948=ORIENTED_EDGE('',*,*,#2756,.F.);
#3949=ORIENTED_EDGE('',*,*,#2762,.F.);
#3950=ORIENTED_EDGE('',*,*,#2790,.T.);
#3951=ORIENTED_EDGE('',*,*,#2711,.T.);
#3952=ORIENTED_EDGE('',*,*,#2817,.F.);
#3953=ORIENTED_EDGE('',*,*,#2818,.F.);
#3954=ORIENTED_EDGE('',*,*,#2709,.F.);
#3955=ORIENTED_EDGE('',*,*,#2764,.F.);
#3956=ORIENTED_EDGE('',*,*,#2773,.T.);
#3957=ORIENTED_EDGE('',*,*,#2769,.T.);
#3958=ORIENTED_EDGE('',*,*,#2813,.T.);
#3959=ORIENTED_EDGE('',*,*,#2809,.F.);
#3960=ORIENTED_EDGE('',*,*,#2819,.T.);
#3961=ORIENTED_EDGE('',*,*,#2701,.T.);
#3962=ORIENTED_EDGE('',*,*,#2820,.T.);
#3963=ORIENTED_EDGE('',*,*,#2808,.F.);
#3964=ORIENTED_EDGE('',*,*,#2744,.F.);
#3965=ORIENTED_EDGE('',*,*,#2751,.F.);
#3966=ORIENTED_EDGE('',*,*,#2791,.T.);
#3967=ORIENTED_EDGE('',*,*,#2702,.F.);
#3968=ORIENTED_EDGE('',*,*,#2819,.F.);
#3969=ORIENTED_EDGE('',*,*,#2820,.F.);
#3970=ORIENTED_EDGE('',*,*,#2700,.F.);
#3971=ORIENTED_EDGE('',*,*,#2753,.F.);
#3972=ORIENTED_EDGE('',*,*,#2759,.T.);
#3973=ORIENTED_EDGE('',*,*,#2754,.T.);
#3974=ORIENTED_EDGE('',*,*,#2810,.T.);
#3975=ORIENTED_EDGE('',*,*,#2805,.F.);
#3976=ORIENTED_EDGE('',*,*,#2777,.F.);
#3977=ORIENTED_EDGE('',*,*,#2782,.F.);
#3978=ORIENTED_EDGE('',*,*,#2814,.T.);
#3979=ORIENTED_EDGE('',*,*,#2690,.T.);
#3980=ORIENTED_EDGE('',*,*,#2821,.T.);
#3981=ORIENTED_EDGE('',*,*,#2806,.F.);
#3982=ORIENTED_EDGE('',*,*,#2821,.F.);
#3983=ORIENTED_EDGE('',*,*,#2689,.T.);
#3984=ORIENTED_EDGE('',*,*,#2822,.T.);
#3985=ORIENTED_EDGE('',*,*,#2822,.F.);
#3986=ORIENTED_EDGE('',*,*,#2688,.F.);
#3987=ORIENTED_EDGE('',*,*,#2747,.F.);
#3988=ORIENTED_EDGE('',*,*,#2748,.T.);
#3989=ORIENTED_EDGE('',*,*,#2742,.T.);
#3990=ORIENTED_EDGE('',*,*,#2807,.T.);
#3991=ORIENTED_EDGE('',*,*,#2823,.F.);
#3992=ORIENTED_EDGE('',*,*,#2824,.T.);
#3993=ORIENTED_EDGE('',*,*,#2825,.T.);
#3994=ORIENTED_EDGE('',*,*,#2824,.F.);
#3995=ORIENTED_EDGE('',*,*,#2826,.F.);
#3996=ORIENTED_EDGE('',*,*,#2827,.T.);
#3997=ORIENTED_EDGE('',*,*,#2823,.T.);
#3998=ORIENTED_EDGE('',*,*,#2827,.F.);
#3999=ORIENTED_EDGE('',*,*,#2828,.F.);
#4000=ORIENTED_EDGE('',*,*,#2829,.T.);
#4001=ORIENTED_EDGE('',*,*,#2830,.T.);
#4002=ORIENTED_EDGE('',*,*,#2829,.F.);
#4003=ORIENTED_EDGE('',*,*,#2831,.F.);
#4004=ORIENTED_EDGE('',*,*,#2832,.T.);
#4005=ORIENTED_EDGE('',*,*,#2828,.T.);
#4006=ORIENTED_EDGE('',*,*,#2832,.F.);
#4007=ORIENTED_EDGE('',*,*,#2833,.F.);
#4008=ORIENTED_EDGE('',*,*,#2834,.T.);
#4009=ORIENTED_EDGE('',*,*,#2835,.T.);
#4010=ORIENTED_EDGE('',*,*,#2834,.F.);
#4011=ORIENTED_EDGE('',*,*,#2836,.F.);
#4012=ORIENTED_EDGE('',*,*,#2837,.T.);
#4013=ORIENTED_EDGE('',*,*,#2838,.T.);
#4014=ORIENTED_EDGE('',*,*,#2837,.F.);
#4015=ORIENTED_EDGE('',*,*,#2839,.F.);
#4016=ORIENTED_EDGE('',*,*,#2840,.F.);
#4017=ORIENTED_EDGE('',*,*,#2841,.T.);
#4018=ORIENTED_EDGE('',*,*,#2842,.T.);
#4019=ORIENTED_EDGE('',*,*,#2841,.F.);
#4020=ORIENTED_EDGE('',*,*,#2839,.T.);
#4021=ORIENTED_EDGE('',*,*,#2840,.T.);
#4022=ORIENTED_EDGE('',*,*,#2843,.T.);
#4023=ORIENTED_EDGE('',*,*,#2844,.F.);
#4024=ORIENTED_EDGE('',*,*,#2843,.F.);
#4025=ORIENTED_EDGE('',*,*,#2844,.T.);
#4026=ORIENTED_EDGE('',*,*,#2825,.F.);
#4027=ORIENTED_EDGE('',*,*,#2842,.F.);
#4028=ORIENTED_EDGE('',*,*,#2836,.T.);
#4029=ORIENTED_EDGE('',*,*,#2833,.T.);
#4030=ORIENTED_EDGE('',*,*,#2838,.F.);
#4031=ORIENTED_EDGE('',*,*,#2835,.F.);
#4032=ORIENTED_EDGE('',*,*,#2831,.T.);
#4033=ORIENTED_EDGE('',*,*,#2830,.F.);
#4034=ORIENTED_EDGE('',*,*,#2826,.T.);
#4035=ORIENTED_EDGE('',*,*,#2845,.T.);
#4036=ORIENTED_EDGE('',*,*,#2846,.T.);
#4037=ORIENTED_EDGE('',*,*,#2847,.F.);
#4038=ORIENTED_EDGE('',*,*,#2846,.F.);
#4039=ORIENTED_EDGE('',*,*,#2848,.T.);
#4040=ORIENTED_EDGE('',*,*,#2849,.T.);
#4041=ORIENTED_EDGE('',*,*,#2845,.F.);
#4042=ORIENTED_EDGE('',*,*,#2849,.F.);
#4043=ORIENTED_EDGE('',*,*,#2850,.T.);
#4044=ORIENTED_EDGE('',*,*,#2851,.T.);
#4045=ORIENTED_EDGE('',*,*,#2852,.F.);
#4046=ORIENTED_EDGE('',*,*,#2851,.F.);
#4047=ORIENTED_EDGE('',*,*,#2853,.T.);
#4048=ORIENTED_EDGE('',*,*,#2854,.T.);
#4049=ORIENTED_EDGE('',*,*,#2850,.F.);
#4050=ORIENTED_EDGE('',*,*,#2854,.F.);
#4051=ORIENTED_EDGE('',*,*,#2855,.T.);
#4052=ORIENTED_EDGE('',*,*,#2856,.T.);
#4053=ORIENTED_EDGE('',*,*,#2857,.F.);
#4054=ORIENTED_EDGE('',*,*,#2856,.F.);
#4055=ORIENTED_EDGE('',*,*,#2858,.T.);
#4056=ORIENTED_EDGE('',*,*,#2859,.T.);
#4057=ORIENTED_EDGE('',*,*,#2860,.F.);
#4058=ORIENTED_EDGE('',*,*,#2859,.F.);
#4059=ORIENTED_EDGE('',*,*,#2861,.T.);
#4060=ORIENTED_EDGE('',*,*,#2862,.T.);
#4061=ORIENTED_EDGE('',*,*,#2863,.F.);
#4062=ORIENTED_EDGE('',*,*,#2862,.F.);
#4063=ORIENTED_EDGE('',*,*,#2864,.T.);
#4064=ORIENTED_EDGE('',*,*,#2861,.F.);
#4065=ORIENTED_EDGE('',*,*,#2865,.T.);
#4066=ORIENTED_EDGE('',*,*,#2866,.T.);
#4067=ORIENTED_EDGE('',*,*,#2865,.F.);
#4068=ORIENTED_EDGE('',*,*,#2864,.F.);
#4069=ORIENTED_EDGE('',*,*,#2866,.F.);
#4070=ORIENTED_EDGE('',*,*,#2847,.T.);
#4071=ORIENTED_EDGE('',*,*,#2863,.T.);
#4072=ORIENTED_EDGE('',*,*,#2858,.F.);
#4073=ORIENTED_EDGE('',*,*,#2855,.F.);
#4074=ORIENTED_EDGE('',*,*,#2860,.T.);
#4075=ORIENTED_EDGE('',*,*,#2857,.T.);
#4076=ORIENTED_EDGE('',*,*,#2853,.F.);
#4077=ORIENTED_EDGE('',*,*,#2852,.T.);
#4078=ORIENTED_EDGE('',*,*,#2848,.F.);
#4079=ORIENTED_EDGE('',*,*,#2867,.F.);
#4080=ORIENTED_EDGE('',*,*,#2868,.T.);
#4081=ORIENTED_EDGE('',*,*,#2869,.T.);
#4082=ORIENTED_EDGE('',*,*,#2868,.F.);
#4083=ORIENTED_EDGE('',*,*,#2870,.F.);
#4084=ORIENTED_EDGE('',*,*,#2871,.T.);
#4085=ORIENTED_EDGE('',*,*,#2867,.T.);
#4086=ORIENTED_EDGE('',*,*,#2871,.F.);
#4087=ORIENTED_EDGE('',*,*,#2872,.F.);
#4088=ORIENTED_EDGE('',*,*,#2873,.T.);
#4089=ORIENTED_EDGE('',*,*,#2874,.T.);
#4090=ORIENTED_EDGE('',*,*,#2873,.F.);
#4091=ORIENTED_EDGE('',*,*,#2875,.F.);
#4092=ORIENTED_EDGE('',*,*,#2876,.T.);
#4093=ORIENTED_EDGE('',*,*,#2872,.T.);
#4094=ORIENTED_EDGE('',*,*,#2876,.F.);
#4095=ORIENTED_EDGE('',*,*,#2877,.F.);
#4096=ORIENTED_EDGE('',*,*,#2878,.T.);
#4097=ORIENTED_EDGE('',*,*,#2879,.T.);
#4098=ORIENTED_EDGE('',*,*,#2878,.F.);
#4099=ORIENTED_EDGE('',*,*,#2880,.F.);
#4100=ORIENTED_EDGE('',*,*,#2881,.T.);
#4101=ORIENTED_EDGE('',*,*,#2882,.T.);
#4102=ORIENTED_EDGE('',*,*,#2881,.F.);
#4103=ORIENTED_EDGE('',*,*,#2883,.F.);
#4104=ORIENTED_EDGE('',*,*,#2884,.F.);
#4105=ORIENTED_EDGE('',*,*,#2885,.T.);
#4106=ORIENTED_EDGE('',*,*,#2886,.T.);
#4107=ORIENTED_EDGE('',*,*,#2885,.F.);
#4108=ORIENTED_EDGE('',*,*,#2883,.T.);
#4109=ORIENTED_EDGE('',*,*,#2884,.T.);
#4110=ORIENTED_EDGE('',*,*,#2887,.T.);
#4111=ORIENTED_EDGE('',*,*,#2888,.F.);
#4112=ORIENTED_EDGE('',*,*,#2887,.F.);
#4113=ORIENTED_EDGE('',*,*,#2888,.T.);
#4114=ORIENTED_EDGE('',*,*,#2869,.F.);
#4115=ORIENTED_EDGE('',*,*,#2886,.F.);
#4116=ORIENTED_EDGE('',*,*,#2880,.T.);
#4117=ORIENTED_EDGE('',*,*,#2877,.T.);
#4118=ORIENTED_EDGE('',*,*,#2882,.F.);
#4119=ORIENTED_EDGE('',*,*,#2879,.F.);
#4120=ORIENTED_EDGE('',*,*,#2875,.T.);
#4121=ORIENTED_EDGE('',*,*,#2874,.F.);
#4122=ORIENTED_EDGE('',*,*,#2870,.T.);
#4123=ORIENTED_EDGE('',*,*,#2889,.T.);
#4124=ORIENTED_EDGE('',*,*,#2890,.T.);
#4125=ORIENTED_EDGE('',*,*,#2891,.F.);
#4126=ORIENTED_EDGE('',*,*,#2890,.F.);
#4127=ORIENTED_EDGE('',*,*,#2892,.T.);
#4128=ORIENTED_EDGE('',*,*,#2893,.T.);
#4129=ORIENTED_EDGE('',*,*,#2889,.F.);
#4130=ORIENTED_EDGE('',*,*,#2893,.F.);
#4131=ORIENTED_EDGE('',*,*,#2894,.T.);
#4132=ORIENTED_EDGE('',*,*,#2895,.T.);
#4133=ORIENTED_EDGE('',*,*,#2896,.F.);
#4134=ORIENTED_EDGE('',*,*,#2895,.F.);
#4135=ORIENTED_EDGE('',*,*,#2897,.T.);
#4136=ORIENTED_EDGE('',*,*,#2898,.T.);
#4137=ORIENTED_EDGE('',*,*,#2894,.F.);
#4138=ORIENTED_EDGE('',*,*,#2898,.F.);
#4139=ORIENTED_EDGE('',*,*,#2899,.T.);
#4140=ORIENTED_EDGE('',*,*,#2900,.T.);
#4141=ORIENTED_EDGE('',*,*,#2901,.F.);
#4142=ORIENTED_EDGE('',*,*,#2900,.F.);
#4143=ORIENTED_EDGE('',*,*,#2902,.T.);
#4144=ORIENTED_EDGE('',*,*,#2903,.T.);
#4145=ORIENTED_EDGE('',*,*,#2904,.F.);
#4146=ORIENTED_EDGE('',*,*,#2903,.F.);
#4147=ORIENTED_EDGE('',*,*,#2905,.T.);
#4148=ORIENTED_EDGE('',*,*,#2906,.T.);
#4149=ORIENTED_EDGE('',*,*,#2907,.F.);
#4150=ORIENTED_EDGE('',*,*,#2906,.F.);
#4151=ORIENTED_EDGE('',*,*,#2908,.T.);
#4152=ORIENTED_EDGE('',*,*,#2905,.F.);
#4153=ORIENTED_EDGE('',*,*,#2909,.T.);
#4154=ORIENTED_EDGE('',*,*,#2910,.T.);
#4155=ORIENTED_EDGE('',*,*,#2909,.F.);
#4156=ORIENTED_EDGE('',*,*,#2908,.F.);
#4157=ORIENTED_EDGE('',*,*,#2910,.F.);
#4158=ORIENTED_EDGE('',*,*,#2891,.T.);
#4159=ORIENTED_EDGE('',*,*,#2907,.T.);
#4160=ORIENTED_EDGE('',*,*,#2902,.F.);
#4161=ORIENTED_EDGE('',*,*,#2899,.F.);
#4162=ORIENTED_EDGE('',*,*,#2904,.T.);
#4163=ORIENTED_EDGE('',*,*,#2901,.T.);
#4164=ORIENTED_EDGE('',*,*,#2897,.F.);
#4165=ORIENTED_EDGE('',*,*,#2896,.T.);
#4166=ORIENTED_EDGE('',*,*,#2892,.F.);
#4167=CYLINDRICAL_SURFACE('',#4577,0.25);
#4168=CYLINDRICAL_SURFACE('',#4581,0.25);
#4169=CYLINDRICAL_SURFACE('',#4586,0.25);
#4170=CYLINDRICAL_SURFACE('',#4590,0.25);
#4171=CYLINDRICAL_SURFACE('',#4593,0.1875);
#4172=CYLINDRICAL_SURFACE('',#4596,0.1875);
#4173=CYLINDRICAL_SURFACE('',#4599,0.12);
#4174=CYLINDRICAL_SURFACE('',#4604,0.0639999999999999);
#4175=CYLINDRICAL_SURFACE('',#4606,0.12);
#4176=CYLINDRICAL_SURFACE('',#4611,0.0639999999999999);
#4177=CYLINDRICAL_SURFACE('',#4613,0.12);
#4178=CYLINDRICAL_SURFACE('',#4618,0.0639999999999999);
#4179=CYLINDRICAL_SURFACE('',#4620,0.12);
#4180=CYLINDRICAL_SURFACE('',#4625,0.0639999999999999);
#4181=CYLINDRICAL_SURFACE('',#4627,0.145);
#4182=CYLINDRICAL_SURFACE('',#4630,0.145);
#4183=CYLINDRICAL_SURFACE('',#4633,0.145);
#4184=CYLINDRICAL_SURFACE('',#4636,0.145);
#4185=CYLINDRICAL_SURFACE('',#4639,0.0314999999999986);
#4186=CYLINDRICAL_SURFACE('',#4642,0.0314999999999966);
#4187=CYLINDRICAL_SURFACE('',#4671,0.203000000000001);
#4188=CYLINDRICAL_SURFACE('',#4674,0.202999999999999);
#4189=CYLINDRICAL_SURFACE('',#4677,0.203000000000001);
#4190=CYLINDRICAL_SURFACE('',#4680,0.203000000000002);
#4191=CYLINDRICAL_SURFACE('',#4686,0.062);
#4192=CYLINDRICAL_SURFACE('',#4688,0.062);
#4193=CYLINDRICAL_SURFACE('',#4694,0.062);
#4194=CYLINDRICAL_SURFACE('',#4696,0.062);
#4195=CYLINDRICAL_SURFACE('',#4699,0.0314999999999966);
#4196=CYLINDRICAL_SURFACE('',#4704,0.031500000000001);
#4197=CYLINDRICAL_SURFACE('',#4707,0.031500000000001);
#4198=CYLINDRICAL_SURFACE('',#4711,0.031500000000001);
#4199=CYLINDRICAL_SURFACE('',#4714,0.031500000000001);
#4200=CYLINDRICAL_SURFACE('',#4718,0.0314999999999986);
#4201=CYLINDRICAL_SURFACE('',#4723,0.0314999999999994);
#4202=CYLINDRICAL_SURFACE('',#4726,0.0314999999999994);
#4203=CYLINDRICAL_SURFACE('',#4751,0.186999999999993);
#4204=CYLINDRICAL_SURFACE('',#4753,0.186999999999997);
#4205=CYLINDRICAL_SURFACE('',#4755,0.186999999999999);
#4206=CYLINDRICAL_SURFACE('',#4757,0.186999999999998);
#4207=CYLINDRICAL_SURFACE('',#4759,0.186999999999998);
#4208=CYLINDRICAL_SURFACE('',#4761,0.186999999999999);
#4209=CYLINDRICAL_SURFACE('',#4763,0.186999999999997);
#4210=CYLINDRICAL_SURFACE('',#4765,0.186999999999985);
#4211=CYLINDRICAL_SURFACE('',#4767,0.155999999999997);
#4212=CYLINDRICAL_SURFACE('',#4770,0.155999999999997);
#4213=CYLINDRICAL_SURFACE('',#4773,0.155999999999997);
#4214=CYLINDRICAL_SURFACE('',#4776,0.155999999999988);
#4215=CYLINDRICAL_SURFACE('',#4779,0.155999999999996);
#4216=CYLINDRICAL_SURFACE('',#4782,0.155999999999997);
#4217=CYLINDRICAL_SURFACE('',#4785,0.155999999999999);
#4218=CYLINDRICAL_SURFACE('',#4788,0.155999999999997);
#4219=CYLINDRICAL_SURFACE('',#4793,0.0499999999999999);
#4220=CYLINDRICAL_SURFACE('',#4798,0.05);
#4221=CYLINDRICAL_SURFACE('',#4802,0.0499999999999997);
#4222=CYLINDRICAL_SURFACE('',#4806,0.0499999999999996);
#4223=CYLINDRICAL_SURFACE('',#4811,0.0500000000000006);
#4224=CYLINDRICAL_SURFACE('',#4815,0.05);
#4225=CYLINDRICAL_SURFACE('',#4818,0.275);
#4226=CYLINDRICAL_SURFACE('',#4821,0.275);
#4227=CYLINDRICAL_SURFACE('',#4846,0.0599999999999996);
#4228=CYLINDRICAL_SURFACE('',#4849,0.0929999999999998);
#4229=CYLINDRICAL_SURFACE('',#4852,0.1255);
#4230=CYLINDRICAL_SURFACE('',#4855,0.0599999999999996);
#4231=CYLINDRICAL_SURFACE('',#4858,0.0929999999999998);
#4232=CYLINDRICAL_SURFACE('',#4861,0.1255);
#4233=CYLINDRICAL_SURFACE('',#4864,0.0599999999999996);
#4234=CYLINDRICAL_SURFACE('',#4867,0.0929999999999998);
#4235=CYLINDRICAL_SURFACE('',#4870,0.1255);
#4236=CYLINDRICAL_SURFACE('',#4873,0.0599999999999996);
#4237=CYLINDRICAL_SURFACE('',#4876,0.0929999999999998);
#4238=CYLINDRICAL_SURFACE('',#4879,0.1255);
#4239=CYLINDRICAL_SURFACE('',#4940,0.125);
#4240=CYLINDRICAL_SURFACE('',#4943,0.125);
#4241=CYLINDRICAL_SURFACE('',#4946,0.125);
#4242=CYLINDRICAL_SURFACE('',#4949,0.125);
#4243=CYLINDRICAL_SURFACE('',#4954,0.062);
#4244=CYLINDRICAL_SURFACE('',#4959,0.062);
#4245=CYLINDRICAL_SURFACE('',#4964,0.062);
#4246=CYLINDRICAL_SURFACE('',#4969,0.062);
#4247=CYLINDRICAL_SURFACE('',#5048,0.0445);
#4248=CYLINDRICAL_SURFACE('',#5053,0.0884999999999999);
#4249=CYLINDRICAL_SURFACE('',#5055,0.0985);
#4250=CYLINDRICAL_SURFACE('',#5058,0.0884999999999999);
#4251=CYLINDRICAL_SURFACE('',#5061,0.125);
#4252=CYLINDRICAL_SURFACE('',#5075,0.0445);
#4253=CYLINDRICAL_SURFACE('',#5080,0.0884999999999999);
#4254=CYLINDRICAL_SURFACE('',#5082,0.0985);
#4255=CYLINDRICAL_SURFACE('',#5085,0.0884999999999999);
#4256=CYLINDRICAL_SURFACE('',#5088,0.125);
#4257=CYLINDRICAL_SURFACE('',#5102,0.0445);
#4258=CYLINDRICAL_SURFACE('',#5107,0.0884999999999999);
#4259=CYLINDRICAL_SURFACE('',#5109,0.0985);
#4260=CYLINDRICAL_SURFACE('',#5112,0.0884999999999999);
#4261=CYLINDRICAL_SURFACE('',#5115,0.125);
#4262=CYLINDRICAL_SURFACE('',#5129,0.0445);
#4263=CYLINDRICAL_SURFACE('',#5134,0.0884999999999999);
#4264=CYLINDRICAL_SURFACE('',#5136,0.0985);
#4265=CYLINDRICAL_SURFACE('',#5139,0.0884999999999999);
#4266=CYLINDRICAL_SURFACE('',#5142,0.125);
#4267=ADVANCED_FACE('',(#342),#4167,.F.);
#4268=ADVANCED_FACE('',(#343),#213,.F.);
#4269=ADVANCED_FACE('',(#344),#4168,.F.);
#4270=ADVANCED_FACE('',(#345),#214,.F.);
#4271=ADVANCED_FACE('',(#346),#215,.F.);
#4272=ADVANCED_FACE('',(#347),#4169,.F.);
#4273=ADVANCED_FACE('',(#348),#216,.F.);
#4274=ADVANCED_FACE('',(#349),#4170,.F.);
#4275=ADVANCED_FACE('',(#350),#4171,.F.);
#4276=ADVANCED_FACE('',(#351),#4172,.F.);
#4277=ADVANCED_FACE('',(#352),#4173,.F.);
#4278=ADVANCED_FACE('',(#353),#177,.F.);
#4279=ADVANCED_FACE('',(#354),#4174,.F.);
#4280=ADVANCED_FACE('',(#355),#4175,.F.);
#4281=ADVANCED_FACE('',(#356),#178,.F.);
#4282=ADVANCED_FACE('',(#357),#4176,.F.);
#4283=ADVANCED_FACE('',(#358),#4177,.F.);
#4284=ADVANCED_FACE('',(#359),#179,.F.);
#4285=ADVANCED_FACE('',(#360),#4178,.F.);
#4286=ADVANCED_FACE('',(#361),#4179,.F.);
#4287=ADVANCED_FACE('',(#362),#180,.F.);
#4288=ADVANCED_FACE('',(#363),#4180,.F.);
#4289=ADVANCED_FACE('',(#364),#4181,.T.);
#4290=ADVANCED_FACE('',(#365),#4182,.T.);
#4291=ADVANCED_FACE('',(#366),#4183,.T.);
#4292=ADVANCED_FACE('',(#367),#4184,.T.);
#4293=ADVANCED_FACE('',(#368),#4185,.T.);
#4294=ADVANCED_FACE('',(#369),#4186,.T.);
#4295=ADVANCED_FACE('',(#370,#100,#101,#102,#103,#104),#217,.F.);
#4296=ADVANCED_FACE('',(#371,#105,#106,#107,#108,#109,#110,#111,#112,#113,
#114,#115,#116),#218,.T.);
#4297=ADVANCED_FACE('',(#372),#4187,.T.);
#4298=ADVANCED_FACE('',(#373),#219,.T.);
#4299=ADVANCED_FACE('',(#374),#4188,.T.);
#4300=ADVANCED_FACE('',(#375),#220,.T.);
#4301=ADVANCED_FACE('',(#376),#4189,.T.);
#4302=ADVANCED_FACE('',(#377),#221,.T.);
#4303=ADVANCED_FACE('',(#378),#4190,.T.);
#4304=ADVANCED_FACE('',(#379),#222,.T.);
#4305=ADVANCED_FACE('',(#380),#96,.T.);
#4306=ADVANCED_FACE('',(#381),#4191,.T.);
#4307=ADVANCED_FACE('',(#382),#4192,.T.);
#4308=ADVANCED_FACE('',(#383),#97,.T.);
#4309=ADVANCED_FACE('',(#384),#98,.T.);
#4310=ADVANCED_FACE('',(#385),#4193,.T.);
#4311=ADVANCED_FACE('',(#386),#4194,.T.);
#4312=ADVANCED_FACE('',(#387),#99,.T.);
#4313=ADVANCED_FACE('',(#388),#4195,.T.);
#4314=ADVANCED_FACE('',(#389),#223,.F.);
#4315=ADVANCED_FACE('',(#390),#224,.F.);
#4316=ADVANCED_FACE('',(#391),#225,.T.);
#4317=ADVANCED_FACE('',(#392),#4196,.T.);
#4318=ADVANCED_FACE('',(#393),#226,.F.);
#4319=ADVANCED_FACE('',(#394),#4197,.T.);
#4320=ADVANCED_FACE('',(#395),#227,.F.);
#4321=ADVANCED_FACE('',(#396),#228,.T.);
#4322=ADVANCED_FACE('',(#397),#4198,.T.);
#4323=ADVANCED_FACE('',(#398),#229,.F.);
#4324=ADVANCED_FACE('',(#399),#4199,.T.);
#4325=ADVANCED_FACE('',(#400),#230,.F.);
#4326=ADVANCED_FACE('',(#401),#231,.T.);
#4327=ADVANCED_FACE('',(#402),#4200,.T.);
#4328=ADVANCED_FACE('',(#403),#232,.F.);
#4329=ADVANCED_FACE('',(#404),#233,.F.);
#4330=ADVANCED_FACE('',(#405),#234,.T.);
#4331=ADVANCED_FACE('',(#406),#4201,.T.);
#4332=ADVANCED_FACE('',(#407),#235,.F.);
#4333=ADVANCED_FACE('',(#408),#4202,.T.);
#4334=ADVANCED_FACE('',(#409),#236,.F.);
#4335=ADVANCED_FACE('',(#410),#237,.T.);
#4336=ADVANCED_FACE('',(#411,#117),#238,.T.);
#4337=ADVANCED_FACE('',(#412,#118),#239,.F.);
#4338=ADVANCED_FACE('',(#413,#119),#240,.T.);
#4339=ADVANCED_FACE('',(#414,#120),#241,.F.);
#4340=ADVANCED_FACE('',(#415,#121),#242,.F.);
#4341=ADVANCED_FACE('',(#416),#4203,.F.);
#4342=ADVANCED_FACE('',(#417),#243,.T.);
#4343=ADVANCED_FACE('',(#418),#4204,.F.);
#4344=ADVANCED_FACE('',(#419),#244,.T.);
#4345=ADVANCED_FACE('',(#420),#4205,.F.);
#4346=ADVANCED_FACE('',(#421),#245,.T.);
#4347=ADVANCED_FACE('',(#422),#4206,.F.);
#4348=ADVANCED_FACE('',(#423),#246,.T.);
#4349=ADVANCED_FACE('',(#424),#4207,.F.);
#4350=ADVANCED_FACE('',(#425),#247,.T.);
#4351=ADVANCED_FACE('',(#426),#4208,.F.);
#4352=ADVANCED_FACE('',(#427),#248,.T.);
#4353=ADVANCED_FACE('',(#428),#4209,.F.);
#4354=ADVANCED_FACE('',(#429),#249,.T.);
#4355=ADVANCED_FACE('',(#430),#4210,.F.);
#4356=ADVANCED_FACE('',(#431),#250,.T.);
#4357=ADVANCED_FACE('',(#432),#4211,.T.);
#4358=ADVANCED_FACE('',(#433),#251,.F.);
#4359=ADVANCED_FACE('',(#434),#4212,.T.);
#4360=ADVANCED_FACE('',(#435),#252,.F.);
#4361=ADVANCED_FACE('',(#436),#4213,.T.);
#4362=ADVANCED_FACE('',(#437),#253,.F.);
#4363=ADVANCED_FACE('',(#438),#4214,.T.);
#4364=ADVANCED_FACE('',(#439),#254,.F.);
#4365=ADVANCED_FACE('',(#440),#4215,.T.);
#4366=ADVANCED_FACE('',(#441),#255,.F.);
#4367=ADVANCED_FACE('',(#442),#4216,.T.);
#4368=ADVANCED_FACE('',(#443),#256,.F.);
#4369=ADVANCED_FACE('',(#444),#4217,.T.);
#4370=ADVANCED_FACE('',(#445),#257,.F.);
#4371=ADVANCED_FACE('',(#446),#4218,.T.);
#4372=ADVANCED_FACE('',(#447),#258,.F.);
#4373=ADVANCED_FACE('',(#448,#122,#123,#124),#259,.F.);
#4374=ADVANCED_FACE('',(#449),#4219,.F.);
#4375=ADVANCED_FACE('',(#450),#260,.F.);
#4376=ADVANCED_FACE('',(#451),#261,.F.);
#4377=ADVANCED_FACE('',(#452),#4220,.F.);
#4378=ADVANCED_FACE('',(#453),#262,.F.);
#4379=ADVANCED_FACE('',(#454),#4221,.F.);
#4380=ADVANCED_FACE('',(#455),#263,.F.);
#4381=ADVANCED_FACE('',(#456),#4222,.F.);
#4382=ADVANCED_FACE('',(#457),#264,.F.);
#4383=ADVANCED_FACE('',(#458),#265,.F.);
#4384=ADVANCED_FACE('',(#459),#4223,.F.);
#4385=ADVANCED_FACE('',(#460),#266,.F.);
#4386=ADVANCED_FACE('',(#461),#4224,.F.);
#4387=ADVANCED_FACE('',(#462),#4225,.F.);
#4388=ADVANCED_FACE('',(#463),#4226,.F.);
#4389=ADVANCED_FACE('',(#464),#267,.T.);
#4390=ADVANCED_FACE('',(#465,#125,#126,#127),#268,.T.);
#4391=ADVANCED_FACE('',(#466),#33,.F.);
#4392=ADVANCED_FACE('',(#467),#34,.F.);
#4393=ADVANCED_FACE('',(#468),#35,.F.);
#4394=ADVANCED_FACE('',(#469),#36,.F.);
#4395=ADVANCED_FACE('',(#470),#37,.F.);
#4396=ADVANCED_FACE('',(#471),#38,.T.);
#4397=ADVANCED_FACE('',(#472),#4227,.F.);
#4398=ADVANCED_FACE('',(#473),#4228,.F.);
#4399=ADVANCED_FACE('',(#474),#4229,.F.);
#4400=ADVANCED_FACE('',(#475),#4230,.F.);
#4401=ADVANCED_FACE('',(#476),#4231,.F.);
#4402=ADVANCED_FACE('',(#477),#4232,.F.);
#4403=ADVANCED_FACE('',(#478),#4233,.F.);
#4404=ADVANCED_FACE('',(#479),#4234,.F.);
#4405=ADVANCED_FACE('',(#480),#4235,.F.);
#4406=ADVANCED_FACE('',(#481),#4236,.F.);
#4407=ADVANCED_FACE('',(#482),#4237,.F.);
#4408=ADVANCED_FACE('',(#483),#4238,.F.);
#4409=ADVANCED_FACE('',(#484),#181,.F.);
#4410=ADVANCED_FACE('',(#485),#182,.F.);
#4411=ADVANCED_FACE('',(#486),#183,.F.);
#4412=ADVANCED_FACE('',(#487),#184,.F.);
#4413=ADVANCED_FACE('',(#488),#185,.T.);
#4414=ADVANCED_FACE('',(#489),#186,.T.);
#4415=ADVANCED_FACE('',(#490),#187,.T.);
#4416=ADVANCED_FACE('',(#491),#188,.T.);
#4417=ADVANCED_FACE('',(#492),#189,.T.);
#4418=ADVANCED_FACE('',(#493),#190,.T.);
#4419=ADVANCED_FACE('',(#494),#191,.T.);
#4420=ADVANCED_FACE('',(#495),#192,.T.);
#4421=ADVANCED_FACE('',(#496),#4239,.T.);
#4422=ADVANCED_FACE('',(#497),#4240,.T.);
#4423=ADVANCED_FACE('',(#498),#4241,.T.);
#4424=ADVANCED_FACE('',(#499),#4242,.T.);
#4425=ADVANCED_FACE('',(#500,#128,#129,#130),#269,.F.);
#4426=ADVANCED_FACE('',(#501),#270,.T.);
#4427=ADVANCED_FACE('',(#502),#4243,.F.);
#4428=ADVANCED_FACE('',(#503),#271,.T.);
#4429=ADVANCED_FACE('',(#504),#272,.F.);
#4430=ADVANCED_FACE('',(#505),#4244,.F.);
#4431=ADVANCED_FACE('',(#506),#273,.T.);
#4432=ADVANCED_FACE('',(#507),#274,.F.);
#4433=ADVANCED_FACE('',(#508),#4245,.F.);
#4434=ADVANCED_FACE('',(#509),#275,.T.);
#4435=ADVANCED_FACE('',(#510),#276,.F.);
#4436=ADVANCED_FACE('',(#511),#4246,.F.);
#4437=ADVANCED_FACE('',(#512,#131,#132,#133,#134,#135),#277,.F.);
#4438=ADVANCED_FACE('',(#513,#136,#137,#138,#139,#140),#278,.T.);
#4439=ADVANCED_FACE('',(#514),#279,.T.);
#4440=ADVANCED_FACE('',(#515),#280,.T.);
#4441=ADVANCED_FACE('',(#516),#281,.T.);
#4442=ADVANCED_FACE('',(#517),#193,.T.);
#4443=ADVANCED_FACE('',(#518),#282,.T.);
#4444=ADVANCED_FACE('',(#519),#194,.T.);
#4445=ADVANCED_FACE('',(#520),#195,.T.);
#4446=ADVANCED_FACE('',(#521),#283,.T.);
#4447=ADVANCED_FACE('',(#522),#196,.T.);
#4448=ADVANCED_FACE('',(#523),#284,.T.);
#4449=ADVANCED_FACE('',(#524),#19,.F.);
#4450=ADVANCED_FACE('',(#525),#20,.F.);
#4451=ADVANCED_FACE('',(#526),#21,.F.);
#4452=ADVANCED_FACE('',(#527),#22,.F.);
#4453=ADVANCED_FACE('',(#528),#197,.F.);
#4454=ADVANCED_FACE('',(#529),#198,.F.);
#4455=ADVANCED_FACE('',(#530),#199,.F.);
#4456=ADVANCED_FACE('',(#531),#200,.F.);
#4457=ADVANCED_FACE('',(#532),#285,.T.);
#4458=ADVANCED_FACE('',(#533,#141),#286,.T.);
#4459=ADVANCED_FACE('',(#534,#142),#287,.F.);
#4460=ADVANCED_FACE('',(#535,#143),#288,.T.);
#4461=ADVANCED_FACE('',(#536,#144),#289,.F.);
#4462=ADVANCED_FACE('',(#537,#145),#290,.T.);
#4463=ADVANCED_FACE('',(#538,#146),#291,.F.);
#4464=ADVANCED_FACE('',(#539,#147),#292,.T.);
#4465=ADVANCED_FACE('',(#540,#148),#293,.F.);
#4466=ADVANCED_FACE('',(#541),#294,.T.);
#4467=ADVANCED_FACE('',(#542),#295,.T.);
#4468=ADVANCED_FACE('',(#543),#296,.T.);
#4469=ADVANCED_FACE('',(#544),#297,.T.);
#4470=ADVANCED_FACE('',(#545,#149),#298,.F.);
#4471=ADVANCED_FACE('',(#546,#150),#299,.F.);
#4472=ADVANCED_FACE('',(#547),#300,.F.);
#4473=ADVANCED_FACE('',(#548,#151),#301,.F.);
#4474=ADVANCED_FACE('',(#549,#152),#302,.F.);
#4475=ADVANCED_FACE('',(#550),#303,.F.);
#4476=ADVANCED_FACE('',(#551,#153),#304,.F.);
#4477=ADVANCED_FACE('',(#552,#154),#305,.F.);
#4478=ADVANCED_FACE('',(#553),#306,.F.);
#4479=ADVANCED_FACE('',(#554,#155),#307,.F.);
#4480=ADVANCED_FACE('',(#555,#156),#308,.F.);
#4481=ADVANCED_FACE('',(#556),#309,.F.);
#4482=ADVANCED_FACE('',(#557),#310,.T.);
#4483=ADVANCED_FACE('',(#558),#311,.F.);
#4484=ADVANCED_FACE('',(#559),#312,.F.);
#4485=ADVANCED_FACE('',(#560),#313,.T.);
#4486=ADVANCED_FACE('',(#561),#314,.F.);
#4487=ADVANCED_FACE('',(#562),#315,.F.);
#4488=ADVANCED_FACE('',(#563),#316,.T.);
#4489=ADVANCED_FACE('',(#564),#317,.F.);
#4490=ADVANCED_FACE('',(#565),#318,.F.);
#4491=ADVANCED_FACE('',(#566),#319,.F.);
#4492=ADVANCED_FACE('',(#567),#320,.T.);
#4493=ADVANCED_FACE('',(#568),#321,.F.);
#4494=ADVANCED_FACE('',(#569),#201,.F.);
#4495=ADVANCED_FACE('',(#570),#4247,.F.);
#4496=ADVANCED_FACE('',(#571),#202,.T.);
#4497=ADVANCED_FACE('',(#572),#4248,.T.);
#4498=ADVANCED_FACE('',(#573),#4249,.T.);
#4499=ADVANCED_FACE('',(#574),#4250,.T.);
#4500=ADVANCED_FACE('',(#575),#4251,.T.);
#4501=ADVANCED_FACE('',(#576),#203,.T.);
#4502=ADVANCED_FACE('',(#577,#157),#322,.F.);
#4503=ADVANCED_FACE('',(#578,#158),#323,.F.);
#4504=ADVANCED_FACE('',(#579,#159),#324,.F.);
#4505=ADVANCED_FACE('',(#580,#160),#325,.F.);
#4506=ADVANCED_FACE('',(#581,#161),#326,.F.);
#4507=ADVANCED_FACE('',(#582),#204,.F.);
#4508=ADVANCED_FACE('',(#583),#4252,.F.);
#4509=ADVANCED_FACE('',(#584),#205,.T.);
#4510=ADVANCED_FACE('',(#585),#4253,.T.);
#4511=ADVANCED_FACE('',(#586),#4254,.T.);
#4512=ADVANCED_FACE('',(#587),#4255,.T.);
#4513=ADVANCED_FACE('',(#588),#4256,.T.);
#4514=ADVANCED_FACE('',(#589),#206,.T.);
#4515=ADVANCED_FACE('',(#590,#162),#327,.F.);
#4516=ADVANCED_FACE('',(#591,#163),#328,.F.);
#4517=ADVANCED_FACE('',(#592,#164),#329,.F.);
#4518=ADVANCED_FACE('',(#593,#165),#330,.F.);
#4519=ADVANCED_FACE('',(#594,#166),#331,.F.);
#4520=ADVANCED_FACE('',(#595),#207,.F.);
#4521=ADVANCED_FACE('',(#596),#4257,.F.);
#4522=ADVANCED_FACE('',(#597),#208,.T.);
#4523=ADVANCED_FACE('',(#598),#4258,.T.);
#4524=ADVANCED_FACE('',(#599),#4259,.T.);
#4525=ADVANCED_FACE('',(#600),#4260,.T.);
#4526=ADVANCED_FACE('',(#601),#4261,.T.);
#4527=ADVANCED_FACE('',(#602),#209,.T.);
#4528=ADVANCED_FACE('',(#603,#167),#332,.F.);
#4529=ADVANCED_FACE('',(#604,#168),#333,.F.);
#4530=ADVANCED_FACE('',(#605,#169),#334,.F.);
#4531=ADVANCED_FACE('',(#606,#170),#335,.F.);
#4532=ADVANCED_FACE('',(#607,#171),#336,.F.);
#4533=ADVANCED_FACE('',(#608),#210,.F.);
#4534=ADVANCED_FACE('',(#609),#4262,.F.);
#4535=ADVANCED_FACE('',(#610),#211,.T.);
#4536=ADVANCED_FACE('',(#611),#4263,.T.);
#4537=ADVANCED_FACE('',(#612),#4264,.T.);
#4538=ADVANCED_FACE('',(#613),#4265,.T.);
#4539=ADVANCED_FACE('',(#614),#4266,.T.);
#4540=ADVANCED_FACE('',(#615),#212,.T.);
#4541=ADVANCED_FACE('',(#616,#172),#337,.F.);
#4542=ADVANCED_FACE('',(#617,#173),#338,.F.);
#4543=ADVANCED_FACE('',(#618,#174),#339,.F.);
#4544=ADVANCED_FACE('',(#619,#175),#340,.F.);
#4545=ADVANCED_FACE('',(#620,#176),#341,.F.);
#4546=CLOSED_SHELL('',(#4267,#4268,#4269,#4270,#4271,#4272,#4273,#4274,
#4275,#4276,#4277,#4278,#4279,#4280,#4281,#4282,#4283,#4284,#4285,#4286,
#4287,#4288,#4289,#4290,#4291,#4292,#4293,#4294,#4295,#4296,#4297,#4298,
#4299,#4300,#4301,#4302,#4303,#4304,#4305,#4306,#4307,#4308,#4309,#4310,
#4311,#4312,#4313,#4314,#4315,#4316,#4317,#4318,#4319,#4320,#4321,#4322,
#4323,#4324,#4325,#4326,#4327,#4328,#4329,#4330,#4331,#4332,#4333,#4334,
#4335,#4336,#4337,#4338,#4339,#4340,#4341,#4342,#4343,#4344,#4345,#4346,
#4347,#4348,#4349,#4350,#4351,#4352,#4353,#4354,#4355,#4356,#4357,#4358,
#4359,#4360,#4361,#4362,#4363,#4364,#4365,#4366,#4367,#4368,#4369,#4370,
#4371,#4372,#4373));
#4547=CLOSED_SHELL('',(#4374,#4375,#4376,#4377,#4378,#4379,#4380,#4381,
#4382,#4383,#4384,#4385,#4386,#4387,#4388,#4389,#4390,#4391,#4392,#4393,
#4394,#4395,#4396,#4397,#4398,#4399,#4400,#4401,#4402,#4403,#4404,#4405,
#4406,#4407,#4408,#4409,#4410,#4411,#4412,#4413,#4414,#4415,#4416,#4417,
#4418,#4419,#4420,#4421,#4422,#4423,#4424,#4425,#4426,#4427,#4428,#4429,
#4430,#4431,#4432,#4433,#4434,#4435,#4436,#4437,#4438,#4439,#4440,#4441,
#4442,#4443,#4444,#4445,#4446,#4447,#4448,#4449,#4450,#4451,#4452,#4453,
#4454,#4455,#4456,#4457,#4458,#4459,#4460,#4461,#4462,#4463,#4464,#4465,
#4466,#4467,#4468,#4469,#4470,#4471,#4472,#4473,#4474,#4475,#4476,#4477,
#4478,#4479,#4480,#4481,#4482,#4483,#4484,#4485,#4486,#4487,#4488,#4489,
#4490,#4491,#4492,#4493));
#4548=CLOSED_SHELL('',(#4494,#4495,#4496,#4497,#4498,#4499,#4500,#4501,
#4502,#4503,#4504,#4505,#4506));
#4549=CLOSED_SHELL('',(#4507,#4508,#4509,#4510,#4511,#4512,#4513,#4514,
#4515,#4516,#4517,#4518,#4519));
#4550=CLOSED_SHELL('',(#4520,#4521,#4522,#4523,#4524,#4525,#4526,#4527,
#4528,#4529,#4530,#4531,#4532));
#4551=CLOSED_SHELL('',(#4533,#4534,#4535,#4536,#4537,#4538,#4539,#4540,
#4541,#4542,#4543,#4544,#4545));
#4552=DERIVED_UNIT_ELEMENT(#4556,1.);
#4553=DERIVED_UNIT_ELEMENT(#8096,-3.);
#4554=DERIVED_UNIT_ELEMENT(#4556,1.);
#4555=DERIVED_UNIT_ELEMENT(#8096,-3.);
#4556=(
MASS_UNIT()
NAMED_UNIT(*)
SI_UNIT(.KILO.,.GRAM.)
);
#4557=DERIVED_UNIT((#4552,#4553));
#4558=DERIVED_UNIT((#4554,#4555));
#4559=MEASURE_REPRESENTATION_ITEM('density measure',
POSITIVE_RATIO_MEASURE(7850.),#4557);
#4560=MEASURE_REPRESENTATION_ITEM('density measure',
POSITIVE_RATIO_MEASURE(7850.),#4558);
#4561=PROPERTY_DEFINITION_REPRESENTATION(#4571,#4565);
#4562=PROPERTY_DEFINITION_REPRESENTATION(#4572,#4566);
#4563=PROPERTY_DEFINITION_REPRESENTATION(#4573,#4567);
#4564=PROPERTY_DEFINITION_REPRESENTATION(#4574,#4568);
#4565=REPRESENTATION('material name',(#4569),#8090);
#4566=REPRESENTATION('density',(#4559),#8090);
#4567=REPRESENTATION('material name',(#4570),#8091);
#4568=REPRESENTATION('density',(#4560),#8091);
#4569=DESCRIPTIVE_REPRESENTATION_ITEM('Steel','Steel');
#4570=DESCRIPTIVE_REPRESENTATION_ITEM('Steel','Steel');
#4571=PROPERTY_DEFINITION('material property','material name',#8113);
#4572=PROPERTY_DEFINITION('material property','density of part',#8113);
#4573=PROPERTY_DEFINITION('material property','material name',#8114);
#4574=PROPERTY_DEFINITION('material property','density of part',#8114);
#4575=AXIS2_PLACEMENT_3D('',#6633,#5155,#5156);
#4576=AXIS2_PLACEMENT_3D('',#6634,#5157,#5158);
#4577=AXIS2_PLACEMENT_3D('',#6635,#5159,#5160);
#4578=AXIS2_PLACEMENT_3D('',#6638,#5161,#5162);
#4579=AXIS2_PLACEMENT_3D('',#6642,#5164,#5165);
#4580=AXIS2_PLACEMENT_3D('',#6644,#5167,#5168);
#4581=AXIS2_PLACEMENT_3D('',#6650,#5172,#5173);
#4582=AXIS2_PLACEMENT_3D('',#6652,#5174,#5175);
#4583=AXIS2_PLACEMENT_3D('',#6654,#5176,#5177);
#4584=AXIS2_PLACEMENT_3D('',#6656,#5179,#5180);
#4585=AXIS2_PLACEMENT_3D('',#6662,#5184,#5185);
#4586=AXIS2_PLACEMENT_3D('',#6668,#5189,#5190);
#4587=AXIS2_PLACEMENT_3D('',#6670,#5191,#5192);
#4588=AXIS2_PLACEMENT_3D('',#6672,#5193,#5194);
#4589=AXIS2_PLACEMENT_3D('',#6674,#5196,#5197);
#4590=AXIS2_PLACEMENT_3D('',#6680,#5201,#5202);
#4591=AXIS2_PLACEMENT_3D('',#6681,#5203,#5204);
#4592=AXIS2_PLACEMENT_3D('',#6682,#5205,#5206);
#4593=AXIS2_PLACEMENT_3D('',#6683,#5207,#5208);
#4594=AXIS2_PLACEMENT_3D('',#6685,#5209,#5210);
#4595=AXIS2_PLACEMENT_3D('',#6688,#5212,#5213);
#4596=AXIS2_PLACEMENT_3D('',#6689,#5214,#5215);
#4597=AXIS2_PLACEMENT_3D('',#6691,#5216,#5217);
#4598=AXIS2_PLACEMENT_3D('',#6694,#5219,#5220);
#4599=AXIS2_PLACEMENT_3D('',#6695,#5221,#5222);
#4600=AXIS2_PLACEMENT_3D('',#6697,#5223,#5224);
#4601=AXIS2_PLACEMENT_3D('',#6700,#5226,#5227);
#4602=AXIS2_PLACEMENT_3D('',#6701,#5228,#5229);
#4603=AXIS2_PLACEMENT_3D('',#6703,#5230,#5231);
#4604=AXIS2_PLACEMENT_3D('',#6705,#5233,#5234);
#4605=AXIS2_PLACEMENT_3D('',#6707,#5235,#5236);
#4606=AXIS2_PLACEMENT_3D('',#6709,#5238,#5239);
#4607=AXIS2_PLACEMENT_3D('',#6711,#5240,#5241);
#4608=AXIS2_PLACEMENT_3D('',#6714,#5243,#5244);
#4609=AXIS2_PLACEMENT_3D('',#6715,#5245,#5246);
#4610=AXIS2_PLACEMENT_3D('',#6717,#5247,#5248);
#4611=AXIS2_PLACEMENT_3D('',#6719,#5250,#5251);
#4612=AXIS2_PLACEMENT_3D('',#6721,#5252,#5253);
#4613=AXIS2_PLACEMENT_3D('',#6723,#5255,#5256);
#4614=AXIS2_PLACEMENT_3D('',#6725,#5257,#5258);
#4615=AXIS2_PLACEMENT_3D('',#6728,#5260,#5261);
#4616=AXIS2_PLACEMENT_3D('',#6729,#5262,#5263);
#4617=AXIS2_PLACEMENT_3D('',#6731,#5264,#5265);
#4618=AXIS2_PLACEMENT_3D('',#6733,#5267,#5268);
#4619=AXIS2_PLACEMENT_3D('',#6735,#5269,#5270);
#4620=AXIS2_PLACEMENT_3D('',#6737,#5272,#5273);
#4621=AXIS2_PLACEMENT_3D('',#6739,#5274,#5275);
#4622=AXIS2_PLACEMENT_3D('',#6742,#5277,#5278);
#4623=AXIS2_PLACEMENT_3D('',#6743,#5279,#5280);
#4624=AXIS2_PLACEMENT_3D('',#6745,#5281,#5282);
#4625=AXIS2_PLACEMENT_3D('',#6747,#5284,#5285);
#4626=AXIS2_PLACEMENT_3D('',#6749,#5286,#5287);
#4627=AXIS2_PLACEMENT_3D('',#6751,#5289,#5290);
#4628=AXIS2_PLACEMENT_3D('',#6753,#5291,#5292);
#4629=AXIS2_PLACEMENT_3D('',#6756,#5294,#5295);
#4630=AXIS2_PLACEMENT_3D('',#6757,#5296,#5297);
#4631=AXIS2_PLACEMENT_3D('',#6759,#5298,#5299);
#4632=AXIS2_PLACEMENT_3D('',#6762,#5301,#5302);
#4633=AXIS2_PLACEMENT_3D('',#6763,#5303,#5304);
#4634=AXIS2_PLACEMENT_3D('',#6765,#5305,#5306);
#4635=AXIS2_PLACEMENT_3D('',#6768,#5308,#5309);
#4636=AXIS2_PLACEMENT_3D('',#6769,#5310,#5311);
#4637=AXIS2_PLACEMENT_3D('',#6771,#5312,#5313);
#4638=AXIS2_PLACEMENT_3D('',#6774,#5315,#5316);
#4639=AXIS2_PLACEMENT_3D('',#6775,#5317,#5318);
#4640=AXIS2_PLACEMENT_3D('',#6778,#5319,#5320);
#4641=AXIS2_PLACEMENT_3D('',#6782,#5322,#5323);
#4642=AXIS2_PLACEMENT_3D('',#6784,#5325,#5326);
#4643=AXIS2_PLACEMENT_3D('',#6787,#5327,#5328);
#4644=AXIS2_PLACEMENT_3D('',#6791,#5330,#5331);
#4645=AXIS2_PLACEMENT_3D('',#6793,#5333,#5334);
#4646=AXIS2_PLACEMENT_3D('',#6798,#5336,#5337);
#4647=AXIS2_PLACEMENT_3D('',#6802,#5339,#5340);
#4648=AXIS2_PLACEMENT_3D('',#6806,#5342,#5343);
#4649=AXIS2_PLACEMENT_3D('',#6809,#5345,#5346);
#4650=AXIS2_PLACEMENT_3D('',#6812,#5347,#5348);
#4651=AXIS2_PLACEMENT_3D('',#6816,#5350,#5351);
#4652=AXIS2_PLACEMENT_3D('',#6820,#5353,#5354);
#4653=AXIS2_PLACEMENT_3D('',#6824,#5356,#5357);
#4654=AXIS2_PLACEMENT_3D('',#6828,#5359,#5360);
#4655=AXIS2_PLACEMENT_3D('',#6832,#5362,#5363);
#4656=AXIS2_PLACEMENT_3D('',#6836,#5365,#5366);
#4657=AXIS2_PLACEMENT_3D('',#6840,#5368,#5369);
#4658=AXIS2_PLACEMENT_3D('',#6842,#5371,#5372);
#4659=AXIS2_PLACEMENT_3D('',#6845,#5373,#5374);
#4660=AXIS2_PLACEMENT_3D('',#6849,#5376,#5377);
#4661=AXIS2_PLACEMENT_3D('',#6853,#5379,#5380);
#4662=AXIS2_PLACEMENT_3D('',#6857,#5382,#5383);
#4663=AXIS2_PLACEMENT_3D('',#6862,#5386,#5387);
#4664=AXIS2_PLACEMENT_3D('',#6868,#5390,#5391);
#4665=AXIS2_PLACEMENT_3D('',#6871,#5393,#5394);
#4666=AXIS2_PLACEMENT_3D('',#6876,#5396,#5397);
#4667=AXIS2_PLACEMENT_3D('',#6879,#5399,#5400);
#4668=AXIS2_PLACEMENT_3D('',#6883,#5402,#5403);
#4669=AXIS2_PLACEMENT_3D('',#6889,#5406,#5407);
#4670=AXIS2_PLACEMENT_3D('',#6892,#5409,#5410);
#4671=AXIS2_PLACEMENT_3D('',#6893,#5411,#5412);
#4672=AXIS2_PLACEMENT_3D('',#6897,#5414,#5415);
#4673=AXIS2_PLACEMENT_3D('',#6899,#5417,#5418);
#4674=AXIS2_PLACEMENT_3D('',#6903,#5421,#5422);
#4675=AXIS2_PLACEMENT_3D('',#6906,#5424,#5425);
#4676=AXIS2_PLACEMENT_3D('',#6907,#5426,#5427);
#4677=AXIS2_PLACEMENT_3D('',#6911,#5430,#5431);
#4678=AXIS2_PLACEMENT_3D('',#6914,#5433,#5434);
#4679=AXIS2_PLACEMENT_3D('',#6915,#5435,#5436);
#4680=AXIS2_PLACEMENT_3D('',#6919,#5439,#5440);
#4681=AXIS2_PLACEMENT_3D('',#6922,#5442,#5443);
#4682=AXIS2_PLACEMENT_3D('',#6923,#5444,#5445);
#4683=AXIS2_PLACEMENT_3D('',#6925,#5447,#5448);
#4684=AXIS2_PLACEMENT_3D('',#6926,#5449,#5450);
#4685=AXIS2_PLACEMENT_3D('',#6927,#5451,#5452);
#4686=AXIS2_PLACEMENT_3D('',#6928,#5453,#5454);
#4687=AXIS2_PLACEMENT_3D('',#6929,#5455,#5456);
#4688=AXIS2_PLACEMENT_3D('',#6930,#5457,#5458);
#4689=AXIS2_PLACEMENT_3D('',#6931,#5459,#5460);
#4690=AXIS2_PLACEMENT_3D('',#6932,#5461,#5462);
#4691=AXIS2_PLACEMENT_3D('',#6933,#5463,#5464);
#4692=AXIS2_PLACEMENT_3D('',#6934,#5465,#5466);
#4693=AXIS2_PLACEMENT_3D('',#6935,#5467,#5468);
#4694=AXIS2_PLACEMENT_3D('',#6936,#5469,#5470);
#4695=AXIS2_PLACEMENT_3D('',#6937,#5471,#5472);
#4696=AXIS2_PLACEMENT_3D('',#6938,#5473,#5474);
#4697=AXIS2_PLACEMENT_3D('',#6939,#5475,#5476);
#4698=AXIS2_PLACEMENT_3D('',#6940,#5477,#5478);
#4699=AXIS2_PLACEMENT_3D('',#6941,#5479,#5480);
#4700=AXIS2_PLACEMENT_3D('',#6945,#5482,#5483);
#4701=AXIS2_PLACEMENT_3D('',#6947,#5485,#5486);
#4702=AXIS2_PLACEMENT_3D('',#6949,#5488,#5489);
#4703=AXIS2_PLACEMENT_3D('',#6951,#5491,#5492);
#4704=AXIS2_PLACEMENT_3D('',#6952,#5493,#5494);
#4705=AXIS2_PLACEMENT_3D('',#6956,#5496,#5497);
#4706=AXIS2_PLACEMENT_3D('',#6958,#5499,#5500);
#4707=AXIS2_PLACEMENT_3D('',#6962,#5503,#5504);
#4708=AXIS2_PLACEMENT_3D('',#6965,#5506,#5507);
#4709=AXIS2_PLACEMENT_3D('',#6966,#5508,#5509);
#4710=AXIS2_PLACEMENT_3D('',#6968,#5511,#5512);
#4711=AXIS2_PLACEMENT_3D('',#6969,#5513,#5514);
#4712=AXIS2_PLACEMENT_3D('',#6973,#5516,#5517);
#4713=AXIS2_PLACEMENT_3D('',#6975,#5519,#5520);
#4714=AXIS2_PLACEMENT_3D('',#6979,#5523,#5524);
#4715=AXIS2_PLACEMENT_3D('',#6982,#5526,#5527);
#4716=AXIS2_PLACEMENT_3D('',#6983,#5528,#5529);
#4717=AXIS2_PLACEMENT_3D('',#6985,#5531,#5532);
#4718=AXIS2_PLACEMENT_3D('',#6986,#5533,#5534);
#4719=AXIS2_PLACEMENT_3D('',#6990,#5536,#5537);
#4720=AXIS2_PLACEMENT_3D('',#6992,#5539,#5540);
#4721=AXIS2_PLACEMENT_3D('',#6994,#5542,#5543);
#4722=AXIS2_PLACEMENT_3D('',#6996,#5545,#5546);
#4723=AXIS2_PLACEMENT_3D('',#6997,#5547,#5548);
#4724=AXIS2_PLACEMENT_3D('',#7001,#5550,#5551);
#4725=AXIS2_PLACEMENT_3D('',#7003,#5553,#5554);
#4726=AXIS2_PLACEMENT_3D('',#7007,#5557,#5558);
#4727=AXIS2_PLACEMENT_3D('',#7010,#5560,#5561);
#4728=AXIS2_PLACEMENT_3D('',#7011,#5562,#5563);
#4729=AXIS2_PLACEMENT_3D('',#7013,#5565,#5566);
#4730=AXIS2_PLACEMENT_3D('',#7014,#5567,#5568);
#4731=AXIS2_PLACEMENT_3D('',#7015,#5569,#5570);
#4732=AXIS2_PLACEMENT_3D('',#7016,#5571,#5572);
#4733=AXIS2_PLACEMENT_3D('',#7017,#5573,#5574);
#4734=AXIS2_PLACEMENT_3D('',#7018,#5575,#5576);
#4735=AXIS2_PLACEMENT_3D('',#7021,#5577,#5578);
#4736=AXIS2_PLACEMENT_3D('',#7025,#5580,#5581);
#4737=AXIS2_PLACEMENT_3D('',#7029,#5583,#5584);
#4738=AXIS2_PLACEMENT_3D('',#7033,#5586,#5587);
#4739=AXIS2_PLACEMENT_3D('',#7037,#5589,#5590);
#4740=AXIS2_PLACEMENT_3D('',#7041,#5592,#5593);
#4741=AXIS2_PLACEMENT_3D('',#7045,#5595,#5596);
#4742=AXIS2_PLACEMENT_3D('',#7049,#5598,#5599);
#4743=AXIS2_PLACEMENT_3D('',#7055,#5602,#5603);
#4744=AXIS2_PLACEMENT_3D('',#7059,#5605,#5606);
#4745=AXIS2_PLACEMENT_3D('',#7063,#5608,#5609);
#4746=AXIS2_PLACEMENT_3D('',#7067,#5611,#5612);
#4747=AXIS2_PLACEMENT_3D('',#7071,#5614,#5615);
#4748=AXIS2_PLACEMENT_3D('',#7075,#5617,#5618);
#4749=AXIS2_PLACEMENT_3D('',#7079,#5620,#5621);
#4750=AXIS2_PLACEMENT_3D('',#7082,#5623,#5624);
#4751=AXIS2_PLACEMENT_3D('',#7083,#5625,#5626);
#4752=AXIS2_PLACEMENT_3D('',#7086,#5629,#5630);
#4753=AXIS2_PLACEMENT_3D('',#7088,#5632,#5633);
#4754=AXIS2_PLACEMENT_3D('',#7090,#5635,#5636);
#4755=AXIS2_PLACEMENT_3D('',#7092,#5638,#5639);
#4756=AXIS2_PLACEMENT_3D('',#7094,#5641,#5642);
#4757=AXIS2_PLACEMENT_3D('',#7096,#5644,#5645);
#4758=AXIS2_PLACEMENT_3D('',#7098,#5647,#5648);
#4759=AXIS2_PLACEMENT_3D('',#7100,#5650,#5651);
#4760=AXIS2_PLACEMENT_3D('',#7102,#5653,#5654);
#4761=AXIS2_PLACEMENT_3D('',#7104,#5656,#5657);
#4762=AXIS2_PLACEMENT_3D('',#7106,#5659,#5660);
#4763=AXIS2_PLACEMENT_3D('',#7108,#5662,#5663);
#4764=AXIS2_PLACEMENT_3D('',#7110,#5665,#5666);
#4765=AXIS2_PLACEMENT_3D('',#7112,#5668,#5669);
#4766=AXIS2_PLACEMENT_3D('',#7114,#5671,#5672);
#4767=AXIS2_PLACEMENT_3D('',#7115,#5673,#5674);
#4768=AXIS2_PLACEMENT_3D('',#7118,#5675,#5676);
#4769=AXIS2_PLACEMENT_3D('',#7121,#5679,#5680);
#4770=AXIS2_PLACEMENT_3D('',#7125,#5683,#5684);
#4771=AXIS2_PLACEMENT_3D('',#7127,#5685,#5686);
#4772=AXIS2_PLACEMENT_3D('',#7129,#5688,#5689);
#4773=AXIS2_PLACEMENT_3D('',#7133,#5692,#5693);
#4774=AXIS2_PLACEMENT_3D('',#7135,#5694,#5695);
#4775=AXIS2_PLACEMENT_3D('',#7137,#5697,#5698);
#4776=AXIS2_PLACEMENT_3D('',#7141,#5701,#5702);
#4777=AXIS2_PLACEMENT_3D('',#7143,#5703,#5704);
#4778=AXIS2_PLACEMENT_3D('',#7145,#5706,#5707);
#4779=AXIS2_PLACEMENT_3D('',#7149,#5710,#5711);
#4780=AXIS2_PLACEMENT_3D('',#7151,#5712,#5713);
#4781=AXIS2_PLACEMENT_3D('',#7153,#5715,#5716);
#4782=AXIS2_PLACEMENT_3D('',#7157,#5719,#5720);
#4783=AXIS2_PLACEMENT_3D('',#7159,#5721,#5722);
#4784=AXIS2_PLACEMENT_3D('',#7161,#5724,#5725);
#4785=AXIS2_PLACEMENT_3D('',#7165,#5728,#5729);
#4786=AXIS2_PLACEMENT_3D('',#7167,#5730,#5731);
#4787=AXIS2_PLACEMENT_3D('',#7169,#5733,#5734);
#4788=AXIS2_PLACEMENT_3D('',#7173,#5737,#5738);
#4789=AXIS2_PLACEMENT_3D('',#7175,#5739,#5740);
#4790=AXIS2_PLACEMENT_3D('',#7177,#5742,#5743);
#4791=AXIS2_PLACEMENT_3D('',#7179,#5745,#5746);
#4792=AXIS2_PLACEMENT_3D('',#7180,#5747,#5748);
#4793=AXIS2_PLACEMENT_3D('',#7181,#5749,#5750);
#4794=AXIS2_PLACEMENT_3D('',#7184,#5751,#5752);
#4795=AXIS2_PLACEMENT_3D('',#7188,#5754,#5755);
#4796=AXIS2_PLACEMENT_3D('',#7190,#5757,#5758);
#4797=AXIS2_PLACEMENT_3D('',#7196,#5762,#5763);
#4798=AXIS2_PLACEMENT_3D('',#7202,#5767,#5768);
#4799=AXIS2_PLACEMENT_3D('',#7204,#5769,#5770);
#4800=AXIS2_PLACEMENT_3D('',#7207,#5772,#5773);
#4801=AXIS2_PLACEMENT_3D('',#7208,#5774,#5775);
#4802=AXIS2_PLACEMENT_3D('',#7214,#5779,#5780);
#4803=AXIS2_PLACEMENT_3D('',#7217,#5781,#5782);
#4804=AXIS2_PLACEMENT_3D('',#7221,#5784,#5785);
#4805=AXIS2_PLACEMENT_3D('',#7223,#5787,#5788);
#4806=AXIS2_PLACEMENT_3D('',#7229,#5792,#5793);
#4807=AXIS2_PLACEMENT_3D('',#7231,#5794,#5795);
#4808=AXIS2_PLACEMENT_3D('',#7234,#5797,#5798);
#4809=AXIS2_PLACEMENT_3D('',#7235,#5799,#5800);
#4810=AXIS2_PLACEMENT_3D('',#7241,#5804,#5805);
#4811=AXIS2_PLACEMENT_3D('',#7247,#5809,#5810);
#4812=AXIS2_PLACEMENT_3D('',#7249,#5811,#5812);
#4813=AXIS2_PLACEMENT_3D('',#7252,#5814,#5815);
#4814=AXIS2_PLACEMENT_3D('',#7253,#5816,#5817);
#4815=AXIS2_PLACEMENT_3D('',#7259,#5821,#5822);
#4816=AXIS2_PLACEMENT_3D('',#7260,#5823,#5824);
#4817=AXIS2_PLACEMENT_3D('',#7261,#5825,#5826);
#4818=AXIS2_PLACEMENT_3D('',#7262,#5827,#5828);
#4819=AXIS2_PLACEMENT_3D('',#7264,#5829,#5830);
#4820=AXIS2_PLACEMENT_3D('',#7267,#5832,#5833);
#4821=AXIS2_PLACEMENT_3D('',#7268,#5834,#5835);
#4822=AXIS2_PLACEMENT_3D('',#7270,#5836,#5837);
#4823=AXIS2_PLACEMENT_3D('',#7273,#5839,#5840);
#4824=AXIS2_PLACEMENT_3D('',#7274,#5841,#5842);
#4825=AXIS2_PLACEMENT_3D('',#7278,#5844,#5845);
#4826=AXIS2_PLACEMENT_3D('',#7282,#5847,#5848);
#4827=AXIS2_PLACEMENT_3D('',#7286,#5850,#5851);
#4828=AXIS2_PLACEMENT_3D('',#7290,#5853,#5854);
#4829=AXIS2_PLACEMENT_3D('',#7295,#5857,#5858);
#4830=AXIS2_PLACEMENT_3D('',#7299,#5860,#5861);
#4831=AXIS2_PLACEMENT_3D('',#7303,#5863,#5864);
#4832=AXIS2_PLACEMENT_3D('',#7307,#5866,#5867);
#4833=AXIS2_PLACEMENT_3D('',#7309,#5869,#5870);
#4834=AXIS2_PLACEMENT_3D('',#7315,#5874,#5875);
#4835=AXIS2_PLACEMENT_3D('',#7317,#5876,#5877);
#4836=AXIS2_PLACEMENT_3D('',#7318,#5878,#5879);
#4837=AXIS2_PLACEMENT_3D('',#7320,#5880,#5881);
#4838=AXIS2_PLACEMENT_3D('',#7321,#5882,#5883);
#4839=AXIS2_PLACEMENT_3D('',#7323,#5884,#5885);
#4840=AXIS2_PLACEMENT_3D('',#7324,#5886,#5887);
#4841=AXIS2_PLACEMENT_3D('',#7326,#5888,#5889);
#4842=AXIS2_PLACEMENT_3D('',#7327,#5890,#5891);
#4843=AXIS2_PLACEMENT_3D('',#7329,#5892,#5893);
#4844=AXIS2_PLACEMENT_3D('',#7330,#5894,#5895);
#4845=AXIS2_PLACEMENT_3D('',#7332,#5896,#5897);
#4846=AXIS2_PLACEMENT_3D('',#7333,#5898,#5899);
#4847=AXIS2_PLACEMENT_3D('',#7335,#5900,#5901);
#4848=AXIS2_PLACEMENT_3D('',#7338,#5903,#5904);
#4849=AXIS2_PLACEMENT_3D('',#7339,#5905,#5906);
#4850=AXIS2_PLACEMENT_3D('',#7341,#5907,#5908);
#4851=AXIS2_PLACEMENT_3D('',#7344,#5910,#5911);
#4852=AXIS2_PLACEMENT_3D('',#7345,#5912,#5913);
#4853=AXIS2_PLACEMENT_3D('',#7347,#5914,#5915);
#4854=AXIS2_PLACEMENT_3D('',#7350,#5917,#5918);
#4855=AXIS2_PLACEMENT_3D('',#7351,#5919,#5920);
#4856=AXIS2_PLACEMENT_3D('',#7353,#5921,#5922);
#4857=AXIS2_PLACEMENT_3D('',#7356,#5924,#5925);
#4858=AXIS2_PLACEMENT_3D('',#7357,#5926,#5927);
#4859=AXIS2_PLACEMENT_3D('',#7359,#5928,#5929);
#4860=AXIS2_PLACEMENT_3D('',#7362,#5931,#5932);
#4861=AXIS2_PLACEMENT_3D('',#7363,#5933,#5934);
#4862=AXIS2_PLACEMENT_3D('',#7365,#5935,#5936);
#4863=AXIS2_PLACEMENT_3D('',#7368,#5938,#5939);
#4864=AXIS2_PLACEMENT_3D('',#7369,#5940,#5941);
#4865=AXIS2_PLACEMENT_3D('',#7371,#5942,#5943);
#4866=AXIS2_PLACEMENT_3D('',#7374,#5945,#5946);
#4867=AXIS2_PLACEMENT_3D('',#7375,#5947,#5948);
#4868=AXIS2_PLACEMENT_3D('',#7377,#5949,#5950);
#4869=AXIS2_PLACEMENT_3D('',#7380,#5952,#5953);
#4870=AXIS2_PLACEMENT_3D('',#7381,#5954,#5955);
#4871=AXIS2_PLACEMENT_3D('',#7383,#5956,#5957);
#4872=AXIS2_PLACEMENT_3D('',#7386,#5959,#5960);
#4873=AXIS2_PLACEMENT_3D('',#7387,#5961,#5962);
#4874=AXIS2_PLACEMENT_3D('',#7389,#5963,#5964);
#4875=AXIS2_PLACEMENT_3D('',#7392,#5966,#5967);
#4876=AXIS2_PLACEMENT_3D('',#7393,#5968,#5969);
#4877=AXIS2_PLACEMENT_3D('',#7395,#5970,#5971);
#4878=AXIS2_PLACEMENT_3D('',#7398,#5973,#5974);
#4879=AXIS2_PLACEMENT_3D('',#7399,#5975,#5976);
#4880=AXIS2_PLACEMENT_3D('',#7401,#5977,#5978);
#4881=AXIS2_PLACEMENT_3D('',#7404,#5980,#5981);
#4882=AXIS2_PLACEMENT_3D('',#7405,#5982,#5983);
#4883=AXIS2_PLACEMENT_3D('',#7407,#5984,#5985);
#4884=AXIS2_PLACEMENT_3D('',#7410,#5987,#5988);
#4885=AXIS2_PLACEMENT_3D('',#7411,#5989,#5990);
#4886=AXIS2_PLACEMENT_3D('',#7413,#5991,#5992);
#4887=AXIS2_PLACEMENT_3D('',#7416,#5994,#5995);
#4888=AXIS2_PLACEMENT_3D('',#7417,#5996,#5997);
#4889=AXIS2_PLACEMENT_3D('',#7419,#5998,#5999);
#4890=AXIS2_PLACEMENT_3D('',#7422,#6001,#6002);
#4891=AXIS2_PLACEMENT_3D('',#7423,#6003,#6004);
#4892=AXIS2_PLACEMENT_3D('',#7425,#6005,#6006);
#4893=AXIS2_PLACEMENT_3D('',#7428,#6008,#6009);
#4894=AXIS2_PLACEMENT_3D('',#7429,#6010,#6011);
#4895=AXIS2_PLACEMENT_3D('',#7431,#6012,#6013);
#4896=AXIS2_PLACEMENT_3D('',#7434,#6015,#6016);
#4897=AXIS2_PLACEMENT_3D('',#7435,#6017,#6018);
#4898=AXIS2_PLACEMENT_3D('',#7437,#6019,#6020);
#4899=AXIS2_PLACEMENT_3D('',#7440,#6022,#6023);
#4900=AXIS2_PLACEMENT_3D('',#7441,#6024,#6025);
#4901=AXIS2_PLACEMENT_3D('',#7443,#6026,#6027);
#4902=AXIS2_PLACEMENT_3D('',#7446,#6029,#6030);
#4903=AXIS2_PLACEMENT_3D('',#7447,#6031,#6032);
#4904=AXIS2_PLACEMENT_3D('',#7449,#6033,#6034);
#4905=AXIS2_PLACEMENT_3D('',#7452,#6036,#6037);
#4906=AXIS2_PLACEMENT_3D('',#7453,#6038,#6039);
#4907=AXIS2_PLACEMENT_3D('',#7456,#6040,#6041);
#4908=AXIS2_PLACEMENT_3D('',#7459,#6043,#6044);
#4909=AXIS2_PLACEMENT_3D('',#7461,#6045,#6046);
#4910=AXIS2_PLACEMENT_3D('',#7474,#6047,#6048);
#4911=AXIS2_PLACEMENT_3D('',#7476,#6049,#6050);
#4912=AXIS2_PLACEMENT_3D('',#7478,#6051,#6052);
#4913=AXIS2_PLACEMENT_3D('',#7480,#6053,#6054);
#4914=AXIS2_PLACEMENT_3D('',#7482,#6055,#6056);
#4915=AXIS2_PLACEMENT_3D('',#7493,#6057,#6058);
#4916=AXIS2_PLACEMENT_3D('',#7504,#6060,#6061);
#4917=AXIS2_PLACEMENT_3D('',#7513,#6062,#6063);
#4918=AXIS2_PLACEMENT_3D('',#7526,#6064,#6065);
#4919=AXIS2_PLACEMENT_3D('',#7528,#6066,#6067);
#4920=AXIS2_PLACEMENT_3D('',#7530,#6068,#6069);
#4921=AXIS2_PLACEMENT_3D('',#7532,#6070,#6071);
#4922=AXIS2_PLACEMENT_3D('',#7533,#6072,#6073);
#4923=AXIS2_PLACEMENT_3D('',#7534,#6074,#6075);
#4924=AXIS2_PLACEMENT_3D('',#7545,#6077,#6078);
#4925=AXIS2_PLACEMENT_3D('',#7554,#6079,#6080);
#4926=AXIS2_PLACEMENT_3D('',#7556,#6081,#6082);
#4927=AXIS2_PLACEMENT_3D('',#7558,#6083,#6084);
#4928=AXIS2_PLACEMENT_3D('',#7560,#6085,#6086);
#4929=AXIS2_PLACEMENT_3D('',#7562,#6087,#6088);
#4930=AXIS2_PLACEMENT_3D('',#7574,#6089,#6090);
#4931=AXIS2_PLACEMENT_3D('',#7575,#6091,#6092);
#4932=AXIS2_PLACEMENT_3D('',#7578,#6093,#6094);
#4933=AXIS2_PLACEMENT_3D('',#7581,#6096,#6097);
#4934=AXIS2_PLACEMENT_3D('',#7583,#6098,#6099);
#4935=AXIS2_PLACEMENT_3D('',#7596,#6100,#6101);
#4936=AXIS2_PLACEMENT_3D('',#7598,#6102,#6103);
#4937=AXIS2_PLACEMENT_3D('',#7600,#6104,#6105);
#4938=AXIS2_PLACEMENT_3D('',#7602,#6106,#6107);
#4939=AXIS2_PLACEMENT_3D('',#7604,#6108,#6109);
#4940=AXIS2_PLACEMENT_3D('',#7615,#6110,#6111);
#4941=AXIS2_PLACEMENT_3D('',#7618,#6112,#6113);
#4942=AXIS2_PLACEMENT_3D('',#7622,#6115,#6116);
#4943=AXIS2_PLACEMENT_3D('',#7624,#6118,#6119);
#4944=AXIS2_PLACEMENT_3D('',#7627,#6120,#6121);
#4945=AXIS2_PLACEMENT_3D('',#7631,#6123,#6124);
#4946=AXIS2_PLACEMENT_3D('',#7633,#6126,#6127);
#4947=AXIS2_PLACEMENT_3D('',#7636,#6128,#6129);
#4948=AXIS2_PLACEMENT_3D('',#7640,#6131,#6132);
#4949=AXIS2_PLACEMENT_3D('',#7642,#6134,#6135);
#4950=AXIS2_PLACEMENT_3D('',#7644,#6136,#6137);
#4951=AXIS2_PLACEMENT_3D('',#7646,#6138,#6139);
#4952=AXIS2_PLACEMENT_3D('',#7648,#6141,#6142);
#4953=AXIS2_PLACEMENT_3D('',#7658,#6148,#6149);
#4954=AXIS2_PLACEMENT_3D('',#7662,#6152,#6153);
#4955=AXIS2_PLACEMENT_3D('',#7663,#6154,#6155);
#4956=AXIS2_PLACEMENT_3D('',#7667,#6158,#6159);
#4957=AXIS2_PLACEMENT_3D('',#7668,#6160,#6161);
#4958=AXIS2_PLACEMENT_3D('',#7672,#6164,#6165);
#4959=AXIS2_PLACEMENT_3D('',#7682,#6171,#6172);
#4960=AXIS2_PLACEMENT_3D('',#7683,#6173,#6174);
#4961=AXIS2_PLACEMENT_3D('',#7687,#6177,#6178);
#4962=AXIS2_PLACEMENT_3D('',#7688,#6179,#6180);
#4963=AXIS2_PLACEMENT_3D('',#7692,#6183,#6184);
#4964=AXIS2_PLACEMENT_3D('',#7702,#6190,#6191);
#4965=AXIS2_PLACEMENT_3D('',#7706,#6194,#6195);
#4966=AXIS2_PLACEMENT_3D('',#7707,#6196,#6197);
#4967=AXIS2_PLACEMENT_3D('',#7708,#6198,#6199);
#4968=AXIS2_PLACEMENT_3D('',#7712,#6202,#6203);
#4969=AXIS2_PLACEMENT_3D('',#7722,#6209,#6210);
#4970=AXIS2_PLACEMENT_3D('',#7725,#6212,#6213);
#4971=AXIS2_PLACEMENT_3D('',#7726,#6214,#6215);
#4972=AXIS2_PLACEMENT_3D('',#7728,#6217,#6218);
#4973=AXIS2_PLACEMENT_3D('',#7729,#6219,#6220);
#4974=AXIS2_PLACEMENT_3D('',#7730,#6221,#6222);
#4975=AXIS2_PLACEMENT_3D('',#7731,#6223,#6224);
#4976=AXIS2_PLACEMENT_3D('',#7732,#6225,#6226);
#4977=AXIS2_PLACEMENT_3D('',#7733,#6227,#6228);
#4978=AXIS2_PLACEMENT_3D('',#7734,#6229,#6230);
#4979=AXIS2_PLACEMENT_3D('',#7736,#6232,#6233);
#4980=AXIS2_PLACEMENT_3D('',#7738,#6235,#6236);
#4981=AXIS2_PLACEMENT_3D('',#7740,#6238,#6239);
#4982=AXIS2_PLACEMENT_3D('',#7741,#6240,#6241);
#4983=AXIS2_PLACEMENT_3D('',#7744,#6244,#6245);
#4984=AXIS2_PLACEMENT_3D('',#7746,#6247,#6248);
#4985=AXIS2_PLACEMENT_3D('',#7747,#6249,#6250);
#4986=AXIS2_PLACEMENT_3D('',#7748,#6251,#6252);
#4987=AXIS2_PLACEMENT_3D('',#7749,#6253,#6254);
#4988=AXIS2_PLACEMENT_3D('',#7751,#6256,#6257);
#4989=AXIS2_PLACEMENT_3D('',#7753,#6259,#6260);
#4990=AXIS2_PLACEMENT_3D('',#7754,#6261,#6262);
#4991=AXIS2_PLACEMENT_3D('',#7756,#6264,#6265);
#4992=AXIS2_PLACEMENT_3D('',#7817,#6266,#6267);
#4993=AXIS2_PLACEMENT_3D('',#7819,#6268,#6269);
#4994=AXIS2_PLACEMENT_3D('',#7821,#6270,#6271);
#4995=AXIS2_PLACEMENT_3D('',#7822,#6272,#6273);
#4996=AXIS2_PLACEMENT_3D('',#7823,#6274,#6275);
#4997=AXIS2_PLACEMENT_3D('',#7825,#6276,#6277);
#4998=AXIS2_PLACEMENT_3D('',#7827,#6278,#6279);
#4999=AXIS2_PLACEMENT_3D('',#7828,#6280,#6281);
#5000=AXIS2_PLACEMENT_3D('',#7829,#6282,#6283);
#5001=AXIS2_PLACEMENT_3D('',#7831,#6284,#6285);
#5002=AXIS2_PLACEMENT_3D('',#7833,#6286,#6287);
#5003=AXIS2_PLACEMENT_3D('',#7834,#6288,#6289);
#5004=AXIS2_PLACEMENT_3D('',#7835,#6290,#6291);
#5005=AXIS2_PLACEMENT_3D('',#7837,#6292,#6293);
#5006=AXIS2_PLACEMENT_3D('',#7839,#6294,#6295);
#5007=AXIS2_PLACEMENT_3D('',#7840,#6296,#6297);
#5008=AXIS2_PLACEMENT_3D('',#7841,#6298,#6299);
#5009=AXIS2_PLACEMENT_3D('',#7843,#6301,#6302);
#5010=AXIS2_PLACEMENT_3D('',#7844,#6303,#6304);
#5011=AXIS2_PLACEMENT_3D('',#7845,#6305,#6306);
#5012=AXIS2_PLACEMENT_3D('',#7846,#6307,#6308);
#5013=AXIS2_PLACEMENT_3D('',#7847,#6309,#6310);
#5014=AXIS2_PLACEMENT_3D('',#7848,#6311,#6312);
#5015=AXIS2_PLACEMENT_3D('',#7849,#6313,#6314);
#5016=AXIS2_PLACEMENT_3D('',#7850,#6315,#6316);
#5017=AXIS2_PLACEMENT_3D('',#7851,#6317,#6318);
#5018=AXIS2_PLACEMENT_3D('',#7852,#6319,#6320);
#5019=AXIS2_PLACEMENT_3D('',#7853,#6321,#6322);
#5020=AXIS2_PLACEMENT_3D('',#7854,#6323,#6324);
#5021=AXIS2_PLACEMENT_3D('',#7855,#6325,#6326);
#5022=AXIS2_PLACEMENT_3D('',#7856,#6327,#6328);
#5023=AXIS2_PLACEMENT_3D('',#7857,#6329,#6330);
#5024=AXIS2_PLACEMENT_3D('',#7858,#6331,#6332);
#5025=AXIS2_PLACEMENT_3D('',#7859,#6333,#6334);
#5026=AXIS2_PLACEMENT_3D('',#7860,#6335,#6336);
#5027=AXIS2_PLACEMENT_3D('',#7861,#6337,#6338);
#5028=AXIS2_PLACEMENT_3D('',#7862,#6339,#6340);
#5029=AXIS2_PLACEMENT_3D('',#7863,#6341,#6342);
#5030=AXIS2_PLACEMENT_3D('',#7864,#6343,#6344);
#5031=AXIS2_PLACEMENT_3D('',#7865,#6345,#6346);
#5032=AXIS2_PLACEMENT_3D('',#7866,#6347,#6348);
#5033=AXIS2_PLACEMENT_3D('',#7867,#6349,#6350);
#5034=AXIS2_PLACEMENT_3D('',#7870,#6353,#6354);
#5035=AXIS2_PLACEMENT_3D('',#7871,#6355,#6356);
#5036=AXIS2_PLACEMENT_3D('',#7872,#6357,#6358);
#5037=AXIS2_PLACEMENT_3D('',#7875,#6361,#6362);
#5038=AXIS2_PLACEMENT_3D('',#7876,#6363,#6364);
#5039=AXIS2_PLACEMENT_3D('',#7877,#6365,#6366);
#5040=AXIS2_PLACEMENT_3D('',#7880,#6369,#6370);
#5041=AXIS2_PLACEMENT_3D('',#7881,#6371,#6372);
#5042=AXIS2_PLACEMENT_3D('',#7882,#6373,#6374);
#5043=AXIS2_PLACEMENT_3D('',#7884,#6376,#6377);
#5044=AXIS2_PLACEMENT_3D('',#7886,#6379,#6380);
#5045=AXIS2_PLACEMENT_3D('',#7887,#6381,#6382);
#5046=AXIS2_PLACEMENT_3D('',#7889,#6383,#6384);
#5047=AXIS2_PLACEMENT_3D('',#7892,#6386,#6387);
#5048=AXIS2_PLACEMENT_3D('',#7893,#6388,#6389);
#5049=AXIS2_PLACEMENT_3D('',#7895,#6390,#6391);
#5050=AXIS2_PLACEMENT_3D('',#7897,#6393,#6394);
#5051=AXIS2_PLACEMENT_3D('',#7899,#6395,#6396);
#5052=AXIS2_PLACEMENT_3D('',#7902,#6398,#6399);
#5053=AXIS2_PLACEMENT_3D('',#7903,#6400,#6401);
#5054=AXIS2_PLACEMENT_3D('',#7905,#6402,#6403);
#5055=AXIS2_PLACEMENT_3D('',#7907,#6405,#6406);
#5056=AXIS2_PLACEMENT_3D('',#7909,#6407,#6408);
#5057=AXIS2_PLACEMENT_3D('',#7912,#6410,#6411);
#5058=AXIS2_PLACEMENT_3D('',#7913,#6412,#6413);
#5059=AXIS2_PLACEMENT_3D('',#7915,#6414,#6415);
#5060=AXIS2_PLACEMENT_3D('',#7918,#6417,#6418);
#5061=AXIS2_PLACEMENT_3D('',#7919,#6419,#6420);
#5062=AXIS2_PLACEMENT_3D('',#7922,#6421,#6422);
#5063=AXIS2_PLACEMENT_3D('',#7923,#6423,#6424);
#5064=AXIS2_PLACEMENT_3D('',#7926,#6426,#6427);
#5065=AXIS2_PLACEMENT_3D('',#7927,#6428,#6429);
#5066=AXIS2_PLACEMENT_3D('',#7930,#6431,#6432);
#5067=AXIS2_PLACEMENT_3D('',#7931,#6433,#6434);
#5068=AXIS2_PLACEMENT_3D('',#7932,#6435,#6436);
#5069=AXIS2_PLACEMENT_3D('',#7933,#6437,#6438);
#5070=AXIS2_PLACEMENT_3D('',#7934,#6439,#6440);
#5071=AXIS2_PLACEMENT_3D('',#7935,#6441,#6442);
#5072=AXIS2_PLACEMENT_3D('',#7936,#6443,#6444);
#5073=AXIS2_PLACEMENT_3D('',#7938,#6445,#6446);
#5074=AXIS2_PLACEMENT_3D('',#7941,#6448,#6449);
#5075=AXIS2_PLACEMENT_3D('',#7942,#6450,#6451);
#5076=AXIS2_PLACEMENT_3D('',#7944,#6452,#6453);
#5077=AXIS2_PLACEMENT_3D('',#7946,#6455,#6456);
#5078=AXIS2_PLACEMENT_3D('',#7948,#6457,#6458);
#5079=AXIS2_PLACEMENT_3D('',#7951,#6460,#6461);
#5080=AXIS2_PLACEMENT_3D('',#7952,#6462,#6463);
#5081=AXIS2_PLACEMENT_3D('',#7954,#6464,#6465);
#5082=AXIS2_PLACEMENT_3D('',#7956,#6467,#6468);
#5083=AXIS2_PLACEMENT_3D('',#7958,#6469,#6470);
#5084=AXIS2_PLACEMENT_3D('',#7961,#6472,#6473);
#5085=AXIS2_PLACEMENT_3D('',#7962,#6474,#6475);
#5086=AXIS2_PLACEMENT_3D('',#7964,#6476,#6477);
#5087=AXIS2_PLACEMENT_3D('',#7967,#6479,#6480);
#5088=AXIS2_PLACEMENT_3D('',#7968,#6481,#6482);
#5089=AXIS2_PLACEMENT_3D('',#7971,#6483,#6484);
#5090=AXIS2_PLACEMENT_3D('',#7974,#6486,#6487);
#5091=AXIS2_PLACEMENT_3D('',#7975,#6488,#6489);
#5092=AXIS2_PLACEMENT_3D('',#7976,#6490,#6491);
#5093=AXIS2_PLACEMENT_3D('',#7979,#6493,#6494);
#5094=AXIS2_PLACEMENT_3D('',#7980,#6495,#6496);
#5095=AXIS2_PLACEMENT_3D('',#7981,#6497,#6498);
#5096=AXIS2_PLACEMENT_3D('',#7982,#6499,#6500);
#5097=AXIS2_PLACEMENT_3D('',#7983,#6501,#6502);
#5098=AXIS2_PLACEMENT_3D('',#7984,#6503,#6504);
#5099=AXIS2_PLACEMENT_3D('',#7985,#6505,#6506);
#5100=AXIS2_PLACEMENT_3D('',#7987,#6507,#6508);
#5101=AXIS2_PLACEMENT_3D('',#7990,#6510,#6511);
#5102=AXIS2_PLACEMENT_3D('',#7991,#6512,#6513);
#5103=AXIS2_PLACEMENT_3D('',#7993,#6514,#6515);
#5104=AXIS2_PLACEMENT_3D('',#7995,#6517,#6518);
#5105=AXIS2_PLACEMENT_3D('',#7997,#6519,#6520);
#5106=AXIS2_PLACEMENT_3D('',#8000,#6522,#6523);
#5107=AXIS2_PLACEMENT_3D('',#8001,#6524,#6525);
#5108=AXIS2_PLACEMENT_3D('',#8003,#6526,#6527);
#5109=AXIS2_PLACEMENT_3D('',#8005,#6529,#6530);
#5110=AXIS2_PLACEMENT_3D('',#8007,#6531,#6532);
#5111=AXIS2_PLACEMENT_3D('',#8010,#6534,#6535);
#5112=AXIS2_PLACEMENT_3D('',#8011,#6536,#6537);
#5113=AXIS2_PLACEMENT_3D('',#8013,#6538,#6539);
#5114=AXIS2_PLACEMENT_3D('',#8016,#6541,#6542);
#5115=AXIS2_PLACEMENT_3D('',#8017,#6543,#6544);
#5116=AXIS2_PLACEMENT_3D('',#8020,#6545,#6546);
#5117=AXIS2_PLACEMENT_3D('',#8021,#6547,#6548);
#5118=AXIS2_PLACEMENT_3D('',#8024,#6550,#6551);
#5119=AXIS2_PLACEMENT_3D('',#8025,#6552,#6553);
#5120=AXIS2_PLACEMENT_3D('',#8028,#6555,#6556);
#5121=AXIS2_PLACEMENT_3D('',#8029,#6557,#6558);
#5122=AXIS2_PLACEMENT_3D('',#8030,#6559,#6560);
#5123=AXIS2_PLACEMENT_3D('',#8031,#6561,#6562);
#5124=AXIS2_PLACEMENT_3D('',#8032,#6563,#6564);
#5125=AXIS2_PLACEMENT_3D('',#8033,#6565,#6566);
#5126=AXIS2_PLACEMENT_3D('',#8034,#6567,#6568);
#5127=AXIS2_PLACEMENT_3D('',#8036,#6569,#6570);
#5128=AXIS2_PLACEMENT_3D('',#8039,#6572,#6573);
#5129=AXIS2_PLACEMENT_3D('',#8040,#6574,#6575);
#5130=AXIS2_PLACEMENT_3D('',#8042,#6576,#6577);
#5131=AXIS2_PLACEMENT_3D('',#8044,#6579,#6580);
#5132=AXIS2_PLACEMENT_3D('',#8046,#6581,#6582);
#5133=AXIS2_PLACEMENT_3D('',#8049,#6584,#6585);
#5134=AXIS2_PLACEMENT_3D('',#8050,#6586,#6587);
#5135=AXIS2_PLACEMENT_3D('',#8052,#6588,#6589);
#5136=AXIS2_PLACEMENT_3D('',#8054,#6591,#6592);
#5137=AXIS2_PLACEMENT_3D('',#8056,#6593,#6594);
#5138=AXIS2_PLACEMENT_3D('',#8059,#6596,#6597);
#5139=AXIS2_PLACEMENT_3D('',#8060,#6598,#6599);
#5140=AXIS2_PLACEMENT_3D('',#8062,#6600,#6601);
#5141=AXIS2_PLACEMENT_3D('',#8065,#6603,#6604);
#5142=AXIS2_PLACEMENT_3D('',#8066,#6605,#6606);
#5143=AXIS2_PLACEMENT_3D('',#8069,#6607,#6608);
#5144=AXIS2_PLACEMENT_3D('',#8072,#6610,#6611);
#5145=AXIS2_PLACEMENT_3D('',#8073,#6612,#6613);
#5146=AXIS2_PLACEMENT_3D('',#8074,#6614,#6615);
#5147=AXIS2_PLACEMENT_3D('',#8077,#6617,#6618);
#5148=AXIS2_PLACEMENT_3D('',#8078,#6619,#6620);
#5149=AXIS2_PLACEMENT_3D('',#8079,#6621,#6622);
#5150=AXIS2_PLACEMENT_3D('',#8080,#6623,#6624);
#5151=AXIS2_PLACEMENT_3D('',#8081,#6625,#6626);
#5152=AXIS2_PLACEMENT_3D('',#8082,#6627,#6628);
#5153=AXIS2_PLACEMENT_3D('',#8083,#6629,#6630);
#5154=AXIS2_PLACEMENT_3D('',#8084,#6631,#6632);
#5155=DIRECTION('axis',(0.,0.,1.));
#5156=DIRECTION('refdir',(1.,0.,0.));
#5157=DIRECTION('axis',(0.,0.,1.));
#5158=DIRECTION('refdir',(1.,0.,0.));
#5159=DIRECTION('center_axis',(0.,-1.,1.66533453693773E-16));
#5160=DIRECTION('ref_axis',(0.707106781186547,0.,0.707106781186548));
#5161=DIRECTION('center_axis',(0.,1.,0.));
#5162=DIRECTION('ref_axis',(0.707106781186547,0.,0.707106781186548));
#5163=DIRECTION('',(0.,-1.,1.66533453693773E-16));
#5164=DIRECTION('center_axis',(0.,-1.,0.));
#5165=DIRECTION('ref_axis',(0.707106781186547,0.,0.707106781186548));
#5166=DIRECTION('',(0.,1.,-1.66533453693773E-16));
#5167=DIRECTION('center_axis',(1.,0.,0.));
#5168=DIRECTION('ref_axis',(0.,-1.66533453693773E-16,-1.));
#5169=DIRECTION('',(0.,0.,1.));
#5170=DIRECTION('',(0.,1.,-1.66533453693773E-16));
#5171=DIRECTION('',(0.,0.,1.));
#5172=DIRECTION('center_axis',(0.,1.,-1.66533453693773E-16));
#5173=DIRECTION('ref_axis',(0.707106781186547,0.,-0.707106781186548));
#5174=DIRECTION('center_axis',(0.,-1.,0.));
#5175=DIRECTION('ref_axis',(0.707106781186547,0.,-0.707106781186548));
#5176=DIRECTION('center_axis',(0.,1.,0.));
#5177=DIRECTION('ref_axis',(0.707106781186547,0.,-0.707106781186548));
#5178=DIRECTION('',(0.,-1.,1.66533453693773E-16));
#5179=DIRECTION('center_axis',(0.,-1.66533453693773E-16,-1.));
#5180=DIRECTION('ref_axis',(-1.,0.,0.));
#5181=DIRECTION('',(1.,0.,0.));
#5182=DIRECTION('',(0.,1.,-1.66533453693773E-16));
#5183=DIRECTION('',(-1.,0.,0.));
#5184=DIRECTION('center_axis',(0.,1.66533453693773E-16,1.));
#5185=DIRECTION('ref_axis',(1.,0.,0.));
#5186=DIRECTION('',(1.,0.,0.));
#5187=DIRECTION('',(0.,1.,-1.66533453693773E-16));
#5188=DIRECTION('',(-1.,0.,0.));
#5189=DIRECTION('center_axis',(0.,1.,-1.66533453693773E-16));
#5190=DIRECTION('ref_axis',(0.,1.66533453693773E-16,1.));
#5191=DIRECTION('center_axis',(0.,-1.,0.));
#5192=DIRECTION('ref_axis',(0.,0.,1.));
#5193=DIRECTION('center_axis',(0.,1.,0.));
#5194=DIRECTION('ref_axis',(0.,0.,1.));
#5195=DIRECTION('',(0.,1.,-1.66533453693773E-16));
#5196=DIRECTION('center_axis',(-1.,1.07838597061053E-32,6.47549154053751E-17));
#5197=DIRECTION('ref_axis',(6.47549154053751E-17,1.66533453693773E-16,1.));
#5198=DIRECTION('',(-6.47549154053751E-17,0.,-1.));
#5199=DIRECTION('',(6.47549154053751E-17,0.,1.));
#5200=DIRECTION('',(0.,1.,-1.66533453693773E-16));
#5201=DIRECTION('center_axis',(0.,1.,-1.66533453693773E-16));
#5202=DIRECTION('ref_axis',(-1.,0.,0.));
#5203=DIRECTION('center_axis',(0.,-1.,0.));
#5204=DIRECTION('ref_axis',(-1.,0.,0.));
#5205=DIRECTION('center_axis',(0.,1.,0.));
#5206=DIRECTION('ref_axis',(-1.,0.,0.));
#5207=DIRECTION('center_axis',(0.,1.,-1.66533453693773E-16));
#5208=DIRECTION('ref_axis',(-1.,0.,0.));
#5209=DIRECTION('center_axis',(0.,1.,0.));
#5210=DIRECTION('ref_axis',(-1.,0.,0.));
#5211=DIRECTION('',(0.,1.,-1.66533453693773E-16));
#5212=DIRECTION('center_axis',(0.,-1.,0.));
#5213=DIRECTION('ref_axis',(-1.,0.,0.));
#5214=DIRECTION('center_axis',(0.,1.,-1.66533453693773E-16));
#5215=DIRECTION('ref_axis',(-1.,0.,0.));
#5216=DIRECTION('center_axis',(0.,1.,0.));
#5217=DIRECTION('ref_axis',(-1.,0.,0.));
#5218=DIRECTION('',(0.,1.,-1.66533453693773E-16));
#5219=DIRECTION('center_axis',(0.,-1.,0.));
#5220=DIRECTION('ref_axis',(-1.,0.,0.));
#5221=DIRECTION('center_axis',(0.,-1.,0.));
#5222=DIRECTION('ref_axis',(0.,0.,1.));
#5223=DIRECTION('center_axis',(0.,-1.,0.));
#5224=DIRECTION('ref_axis',(0.,0.,1.));
#5225=DIRECTION('',(0.,-1.,0.));
#5226=DIRECTION('center_axis',(0.,-1.,0.));
#5227=DIRECTION('ref_axis',(0.,0.,1.));
#5228=DIRECTION('center_axis',(0.,-1.,0.));
#5229=DIRECTION('ref_axis',(0.,0.,1.));
#5230=DIRECTION('center_axis',(0.,-1.,0.));
#5231=DIRECTION('ref_axis',(0.,0.,1.));
#5232=DIRECTION('',(8.0344058990494E-17,-0.754709580222776,-0.656059028990503));
#5233=DIRECTION('center_axis',(0.,-1.,0.));
#5234=DIRECTION('ref_axis',(0.,0.,1.));
#5235=DIRECTION('center_axis',(0.,-1.,0.));
#5236=DIRECTION('ref_axis',(0.,0.,1.));
#5237=DIRECTION('',(0.,-1.,0.));
#5238=DIRECTION('center_axis',(0.,-1.,0.));
#5239=DIRECTION('ref_axis',(0.,0.,1.));
#5240=DIRECTION('center_axis',(0.,1.,0.));
#5241=DIRECTION('ref_axis',(0.,0.,1.));
#5242=DIRECTION('',(0.,-1.,0.));
#5243=DIRECTION('center_axis',(0.,1.,0.));
#5244=DIRECTION('ref_axis',(0.,0.,1.));
#5245=DIRECTION('center_axis',(0.,-1.,0.));
#5246=DIRECTION('ref_axis',(0.,0.,1.));
#5247=DIRECTION('center_axis',(0.,1.,0.));
#5248=DIRECTION('ref_axis',(0.,0.,1.));
#5249=DIRECTION('',(8.0344058990494E-17,-0.754709580222776,-0.656059028990503));
#5250=DIRECTION('center_axis',(0.,-1.,0.));
#5251=DIRECTION('ref_axis',(0.,0.,1.));
#5252=DIRECTION('center_axis',(0.,1.,0.));
#5253=DIRECTION('ref_axis',(0.,0.,1.));
#5254=DIRECTION('',(0.,-1.,0.));
#5255=DIRECTION('center_axis',(0.,-1.,0.));
#5256=DIRECTION('ref_axis',(0.,0.,-1.));
#5257=DIRECTION('center_axis',(0.,1.,0.));
#5258=DIRECTION('ref_axis',(0.,0.,-1.));
#5259=DIRECTION('',(0.,-1.,0.));
#5260=DIRECTION('center_axis',(0.,1.,0.));
#5261=DIRECTION('ref_axis',(0.,0.,-1.));
#5262=DIRECTION('center_axis',(0.,-1.,0.));
#5263=DIRECTION('ref_axis',(0.,0.,-1.));
#5264=DIRECTION('center_axis',(0.,1.,0.));
#5265=DIRECTION('ref_axis',(0.,0.,-1.));
#5266=DIRECTION('',(-8.0344058990494E-17,-0.754709580222776,0.656059028990503));
#5267=DIRECTION('center_axis',(0.,-1.,0.));
#5268=DIRECTION('ref_axis',(0.,0.,-1.));
#5269=DIRECTION('center_axis',(0.,1.,0.));
#5270=DIRECTION('ref_axis',(0.,0.,-1.));
#5271=DIRECTION('',(0.,-1.,0.));
#5272=DIRECTION('center_axis',(0.,-1.,0.));
#5273=DIRECTION('ref_axis',(0.,0.,-1.));
#5274=DIRECTION('center_axis',(0.,-1.,0.));
#5275=DIRECTION('ref_axis',(0.,0.,-1.));
#5276=DIRECTION('',(0.,-1.,0.));
#5277=DIRECTION('center_axis',(0.,-1.,0.));
#5278=DIRECTION('ref_axis',(0.,0.,-1.));
#5279=DIRECTION('center_axis',(0.,-1.,0.));
#5280=DIRECTION('ref_axis',(0.,0.,-1.));
#5281=DIRECTION('center_axis',(0.,-1.,0.));
#5282=DIRECTION('ref_axis',(0.,0.,-1.));
#5283=DIRECTION('',(-8.0344058990494E-17,-0.754709580222776,0.656059028990503));
#5284=DIRECTION('center_axis',(0.,-1.,0.));
#5285=DIRECTION('ref_axis',(0.,0.,-1.));
#5286=DIRECTION('center_axis',(0.,-1.,0.));
#5287=DIRECTION('ref_axis',(0.,0.,-1.));
#5288=DIRECTION('',(0.,-1.,0.));
#5289=DIRECTION('center_axis',(0.,-1.,0.));
#5290=DIRECTION('ref_axis',(0.,0.,-1.));
#5291=DIRECTION('center_axis',(0.,1.,0.));
#5292=DIRECTION('ref_axis',(0.,0.,-1.));
#5293=DIRECTION('',(0.,1.,0.));
#5294=DIRECTION('center_axis',(0.,1.,0.));
#5295=DIRECTION('ref_axis',(0.,0.,-1.));
#5296=DIRECTION('center_axis',(0.,-1.,0.));
#5297=DIRECTION('ref_axis',(0.,0.,-1.));
#5298=DIRECTION('center_axis',(0.,1.,0.));
#5299=DIRECTION('ref_axis',(0.,0.,1.));
#5300=DIRECTION('',(0.,1.,0.));
#5301=DIRECTION('center_axis',(0.,1.,0.));
#5302=DIRECTION('ref_axis',(0.,0.,1.));
#5303=DIRECTION('center_axis',(0.,-1.,0.));
#5304=DIRECTION('ref_axis',(0.,0.,-1.));
#5305=DIRECTION('center_axis',(0.,1.,0.));
#5306=DIRECTION('ref_axis',(0.,0.,-1.));
#5307=DIRECTION('',(0.,1.,0.));
#5308=DIRECTION('center_axis',(0.,1.,0.));
#5309=DIRECTION('ref_axis',(0.,0.,-1.));
#5310=DIRECTION('center_axis',(0.,-1.,0.));
#5311=DIRECTION('ref_axis',(0.,0.,-1.));
#5312=DIRECTION('center_axis',(0.,1.,0.));
#5313=DIRECTION('ref_axis',(0.,0.,1.));
#5314=DIRECTION('',(0.,1.,0.));
#5315=DIRECTION('center_axis',(0.,1.,0.));
#5316=DIRECTION('ref_axis',(0.,0.,1.));
#5317=DIRECTION('center_axis',(0.,-1.,0.));
#5318=DIRECTION('ref_axis',(0.,0.,-1.));
#5319=DIRECTION('center_axis',(0.,1.,0.));
#5320=DIRECTION('ref_axis',(0.,0.,1.));
#5321=DIRECTION('',(0.,-1.,0.));
#5322=DIRECTION('center_axis',(0.,1.,0.));
#5323=DIRECTION('ref_axis',(0.,0.,1.));
#5324=DIRECTION('',(0.,-1.,0.));
#5325=DIRECTION('center_axis',(0.,-1.,0.));
#5326=DIRECTION('ref_axis',(0.,0.,-1.));
#5327=DIRECTION('center_axis',(0.,1.,0.));
#5328=DIRECTION('ref_axis',(0.,0.,1.));
#5329=DIRECTION('',(0.,-1.,0.));
#5330=DIRECTION('center_axis',(0.,1.,0.));
#5331=DIRECTION('ref_axis',(0.,0.,1.));
#5332=DIRECTION('',(0.,-1.,0.));
#5333=DIRECTION('center_axis',(0.,1.,0.));
#5334=DIRECTION('ref_axis',(0.,0.,1.));
#5335=DIRECTION('',(-1.,0.,3.34083437380326E-16));
#5336=DIRECTION('center_axis',(0.,-1.,0.));
#5337=DIRECTION('ref_axis',(0.,0.,1.));
#5338=DIRECTION('',(0.,0.,-1.));
#5339=DIRECTION('center_axis',(0.,-1.,0.));
#5340=DIRECTION('ref_axis',(0.,0.,1.));
#5341=DIRECTION('',(1.,0.,-3.34083437380326E-16));
#5342=DIRECTION('center_axis',(0.,-1.,0.));
#5343=DIRECTION('ref_axis',(0.,0.,1.));
#5344=DIRECTION('',(1.29502156608877E-16,0.,1.));
#5345=DIRECTION('center_axis',(0.,-1.,0.));
#5346=DIRECTION('ref_axis',(0.,0.,1.));
#5347=DIRECTION('center_axis',(0.,1.,0.));
#5348=DIRECTION('ref_axis',(0.,0.,1.));
#5349=DIRECTION('',(-0.707106781186543,0.,-0.707106781186552));
#5350=DIRECTION('center_axis',(0.,1.,0.));
#5351=DIRECTION('ref_axis',(0.,0.,1.));
#5352=DIRECTION('',(-1.,0.,0.));
#5353=DIRECTION('center_axis',(0.,1.,0.));
#5354=DIRECTION('ref_axis',(0.,0.,1.));
#5355=DIRECTION('',(-0.707106781186543,0.,0.707106781186552));
#5356=DIRECTION('center_axis',(0.,1.,0.));
#5357=DIRECTION('ref_axis',(0.,0.,1.));
#5358=DIRECTION('',(0.,0.,1.));
#5359=DIRECTION('center_axis',(0.,1.,0.));
#5360=DIRECTION('ref_axis',(0.,0.,-1.));
#5361=DIRECTION('',(0.707106781186543,0.,0.707106781186552));
#5362=DIRECTION('center_axis',(0.,1.,0.));
#5363=DIRECTION('ref_axis',(0.,0.,-1.));
#5364=DIRECTION('',(1.,0.,0.));
#5365=DIRECTION('center_axis',(0.,1.,0.));
#5366=DIRECTION('ref_axis',(0.,0.,-1.));
#5367=DIRECTION('',(0.707106781186529,0.,-0.707106781186566));
#5368=DIRECTION('center_axis',(0.,1.,0.));
#5369=DIRECTION('ref_axis',(0.,0.,-1.));
#5370=DIRECTION('',(0.,0.,-1.));
#5371=DIRECTION('center_axis',(0.,1.,0.));
#5372=DIRECTION('ref_axis',(0.,0.,1.));
#5373=DIRECTION('center_axis',(0.,1.,0.));
#5374=DIRECTION('ref_axis',(0.,0.,1.));
#5375=DIRECTION('',(1.,0.,-3.34083437380326E-16));
#5376=DIRECTION('center_axis',(0.,1.,0.));
#5377=DIRECTION('ref_axis',(0.,0.,1.));
#5378=DIRECTION('',(-1.29502156608877E-16,0.,-1.));
#5379=DIRECTION('center_axis',(0.,1.,0.));
#5380=DIRECTION('ref_axis',(0.,0.,1.));
#5381=DIRECTION('',(-1.,0.,3.34083437380326E-16));
#5382=DIRECTION('center_axis',(0.,1.,0.));
#5383=DIRECTION('ref_axis',(0.,0.,1.));
#5384=DIRECTION('',(0.,0.,1.));
#5385=DIRECTION('',(0.,0.,-1.));
#5386=DIRECTION('center_axis',(0.,1.,0.));
#5387=DIRECTION('ref_axis',(0.,0.,1.));
#5388=DIRECTION('',(0.,0.,1.));
#5389=DIRECTION('',(1.,0.,0.));
#5390=DIRECTION('center_axis',(0.,1.,0.));
#5391=DIRECTION('ref_axis',(0.,0.,1.));
#5392=DIRECTION('',(-1.,0.,0.));
#5393=DIRECTION('center_axis',(0.,1.,0.));
#5394=DIRECTION('ref_axis',(0.,0.,1.));
#5395=DIRECTION('',(1.,0.,0.));
#5396=DIRECTION('center_axis',(0.,1.,0.));
#5397=DIRECTION('ref_axis',(0.,0.,1.));
#5398=DIRECTION('',(-1.,0.,0.));
#5399=DIRECTION('center_axis',(0.,1.,0.));
#5400=DIRECTION('ref_axis',(0.,0.,1.));
#5401=DIRECTION('',(0.,0.,-1.));
#5402=DIRECTION('center_axis',(0.,1.,0.));
#5403=DIRECTION('ref_axis',(0.,0.,1.));
#5404=DIRECTION('',(0.,0.,1.));
#5405=DIRECTION('',(1.,0.,0.));
#5406=DIRECTION('center_axis',(0.,1.,0.));
#5407=DIRECTION('ref_axis',(0.,0.,1.));
#5408=DIRECTION('',(-1.,0.,0.));
#5409=DIRECTION('center_axis',(0.,1.,0.));
#5410=DIRECTION('ref_axis',(0.,0.,1.));
#5411=DIRECTION('center_axis',(0.,1.,0.));
#5412=DIRECTION('ref_axis',(0.,0.,1.));
#5413=DIRECTION('',(0.,1.,0.));
#5414=DIRECTION('center_axis',(0.,1.,0.));
#5415=DIRECTION('ref_axis',(0.,0.,1.));
#5416=DIRECTION('',(0.,1.,0.));
#5417=DIRECTION('center_axis',(-1.,0.,0.));
#5418=DIRECTION('ref_axis',(0.,0.,1.));
#5419=DIRECTION('',(0.,1.,0.));
#5420=DIRECTION('',(0.,0.,1.));
#5421=DIRECTION('center_axis',(0.,1.,0.));
#5422=DIRECTION('ref_axis',(0.,0.,1.));
#5423=DIRECTION('',(0.,1.,0.));
#5424=DIRECTION('center_axis',(0.,1.,0.));
#5425=DIRECTION('ref_axis',(0.,0.,1.));
#5426=DIRECTION('center_axis',(-3.34083437380326E-16,0.,-1.));
#5427=DIRECTION('ref_axis',(-1.,0.,3.34083437380326E-16));
#5428=DIRECTION('',(0.,1.,0.));
#5429=DIRECTION('',(-1.,0.,3.34083437380326E-16));
#5430=DIRECTION('center_axis',(0.,1.,0.));
#5431=DIRECTION('ref_axis',(0.,0.,1.));
#5432=DIRECTION('',(0.,1.,0.));
#5433=DIRECTION('center_axis',(0.,1.,0.));
#5434=DIRECTION('ref_axis',(0.,0.,1.));
#5435=DIRECTION('center_axis',(1.,0.,-1.29502156608877E-16));
#5436=DIRECTION('ref_axis',(-1.29502156608877E-16,0.,-1.));
#5437=DIRECTION('',(0.,1.,0.));
#5438=DIRECTION('',(-1.29502156608877E-16,0.,-1.));
#5439=DIRECTION('center_axis',(0.,1.,0.));
#5440=DIRECTION('ref_axis',(0.,0.,1.));
#5441=DIRECTION('',(0.,1.,0.));
#5442=DIRECTION('center_axis',(0.,1.,0.));
#5443=DIRECTION('ref_axis',(0.,0.,1.));
#5444=DIRECTION('center_axis',(3.34083437380326E-16,0.,1.));
#5445=DIRECTION('ref_axis',(1.,0.,-3.34083437380326E-16));
#5446=DIRECTION('',(1.,0.,-3.34083437380326E-16));
#5447=DIRECTION('center_axis',(0.,1.,0.));
#5448=DIRECTION('ref_axis',(0.,0.,1.));
#5449=DIRECTION('center_axis',(0.,0.,1.));
#5450=DIRECTION('ref_axis',(1.,0.,0.));
#5451=DIRECTION('center_axis',(-1.,0.,0.));
#5452=DIRECTION('ref_axis',(0.,0.,1.));
#5453=DIRECTION('center_axis',(1.,0.,-3.34083437380326E-16));
#5454=DIRECTION('ref_axis',(-3.34083437380326E-16,0.,-1.));
#5455=DIRECTION('center_axis',(-1.,0.,0.));
#5456=DIRECTION('ref_axis',(0.,0.,1.));
#5457=DIRECTION('center_axis',(1.29502156608877E-16,0.,1.));
#5458=DIRECTION('ref_axis',(1.,0.,-1.29502156608877E-16));
#5459=DIRECTION('center_axis',(0.,0.,1.));
#5460=DIRECTION('ref_axis',(1.,0.,0.));
#5461=DIRECTION('center_axis',(0.,1.,0.));
#5462=DIRECTION('ref_axis',(0.,0.,1.));
#5463=DIRECTION('center_axis',(0.,0.,1.));
#5464=DIRECTION('ref_axis',(1.,0.,0.));
#5465=DIRECTION('center_axis',(0.,1.,0.));
#5466=DIRECTION('ref_axis',(0.,0.,1.));
#5467=DIRECTION('center_axis',(-1.,0.,0.));
#5468=DIRECTION('ref_axis',(0.,0.,1.));
#5469=DIRECTION('center_axis',(0.,0.,-1.));
#5470=DIRECTION('ref_axis',(-1.,0.,0.));
#5471=DIRECTION('center_axis',(0.,0.,1.));
#5472=DIRECTION('ref_axis',(1.,0.,0.));
#5473=DIRECTION('center_axis',(-1.,0.,3.34083437380326E-16));
#5474=DIRECTION('ref_axis',(3.34083437380326E-16,0.,1.));
#5475=DIRECTION('center_axis',(-1.,0.,0.));
#5476=DIRECTION('ref_axis',(0.,0.,1.));
#5477=DIRECTION('center_axis',(0.,1.,0.));
#5478=DIRECTION('ref_axis',(0.,0.,1.));
#5479=DIRECTION('center_axis',(0.,-1.,0.));
#5480=DIRECTION('ref_axis',(1.22464679914735E-16,0.,1.));
#5481=DIRECTION('',(0.,-1.,0.));
#5482=DIRECTION('center_axis',(0.,1.,0.));
#5483=DIRECTION('ref_axis',(0.,0.,1.));
#5484=DIRECTION('',(0.,-1.,0.));
#5485=DIRECTION('center_axis',(-1.,0.,0.));
#5486=DIRECTION('ref_axis',(0.,0.,1.));
#5487=DIRECTION('',(0.,0.,-1.));
#5488=DIRECTION('center_axis',(1.,0.,0.));
#5489=DIRECTION('ref_axis',(0.,0.,-1.));
#5490=DIRECTION('',(0.,0.,1.));
#5491=DIRECTION('center_axis',(0.,1.,0.));
#5492=DIRECTION('ref_axis',(0.,0.,1.));
#5493=DIRECTION('center_axis',(0.,-1.,0.));
#5494=DIRECTION('ref_axis',(0.,0.,-1.));
#5495=DIRECTION('',(0.,-1.,0.));
#5496=DIRECTION('center_axis',(0.,1.,0.));
#5497=DIRECTION('ref_axis',(0.,0.,1.));
#5498=DIRECTION('',(0.,-1.,0.));
#5499=DIRECTION('center_axis',(0.,0.,-1.));
#5500=DIRECTION('ref_axis',(-1.,0.,0.));
#5501=DIRECTION('',(0.,-1.,0.));
#5502=DIRECTION('',(1.,0.,0.));
#5503=DIRECTION('center_axis',(0.,-1.,0.));
#5504=DIRECTION('ref_axis',(0.,0.,-1.));
#5505=DIRECTION('',(0.,-1.,0.));
#5506=DIRECTION('center_axis',(0.,1.,0.));
#5507=DIRECTION('ref_axis',(0.,0.,1.));
#5508=DIRECTION('center_axis',(0.,0.,1.));
#5509=DIRECTION('ref_axis',(1.,0.,0.));
#5510=DIRECTION('',(-1.,0.,0.));
#5511=DIRECTION('center_axis',(0.,1.,0.));
#5512=DIRECTION('ref_axis',(0.,0.,1.));
#5513=DIRECTION('center_axis',(0.,-1.,0.));
#5514=DIRECTION('ref_axis',(0.,0.,-1.));
#5515=DIRECTION('',(0.,-1.,0.));
#5516=DIRECTION('center_axis',(0.,1.,0.));
#5517=DIRECTION('ref_axis',(0.,0.,1.));
#5518=DIRECTION('',(0.,-1.,0.));
#5519=DIRECTION('center_axis',(0.,0.,-1.));
#5520=DIRECTION('ref_axis',(-1.,0.,0.));
#5521=DIRECTION('',(0.,-1.,0.));
#5522=DIRECTION('',(1.,0.,0.));
#5523=DIRECTION('center_axis',(0.,-1.,0.));
#5524=DIRECTION('ref_axis',(0.,0.,-1.));
#5525=DIRECTION('',(0.,-1.,0.));
#5526=DIRECTION('center_axis',(0.,1.,0.));
#5527=DIRECTION('ref_axis',(0.,0.,1.));
#5528=DIRECTION('center_axis',(0.,0.,1.));
#5529=DIRECTION('ref_axis',(1.,0.,0.));
#5530=DIRECTION('',(-1.,0.,0.));
#5531=DIRECTION('center_axis',(0.,1.,0.));
#5532=DIRECTION('ref_axis',(0.,0.,1.));
#5533=DIRECTION('center_axis',(0.,-1.,0.));
#5534=DIRECTION('ref_axis',(1.22464679914735E-16,0.,1.));
#5535=DIRECTION('',(0.,-1.,0.));
#5536=DIRECTION('center_axis',(0.,1.,0.));
#5537=DIRECTION('ref_axis',(0.,0.,1.));
#5538=DIRECTION('',(0.,-1.,0.));
#5539=DIRECTION('center_axis',(-1.,0.,0.));
#5540=DIRECTION('ref_axis',(0.,0.,1.));
#5541=DIRECTION('',(0.,0.,-1.));
#5542=DIRECTION('center_axis',(1.,0.,0.));
#5543=DIRECTION('ref_axis',(0.,0.,-1.));
#5544=DIRECTION('',(0.,0.,1.));
#5545=DIRECTION('center_axis',(0.,1.,0.));
#5546=DIRECTION('ref_axis',(0.,0.,1.));
#5547=DIRECTION('center_axis',(0.,-1.,0.));
#5548=DIRECTION('ref_axis',(0.,0.,-1.));
#5549=DIRECTION('',(0.,-1.,0.));
#5550=DIRECTION('center_axis',(0.,1.,0.));
#5551=DIRECTION('ref_axis',(0.,0.,1.));
#5552=DIRECTION('',(0.,-1.,0.));
#5553=DIRECTION('center_axis',(0.,0.,-1.));
#5554=DIRECTION('ref_axis',(-1.,0.,0.));
#5555=DIRECTION('',(0.,-1.,0.));
#5556=DIRECTION('',(1.,0.,0.));
#5557=DIRECTION('center_axis',(0.,-1.,0.));
#5558=DIRECTION('ref_axis',(0.,0.,-1.));
#5559=DIRECTION('',(0.,-1.,0.));
#5560=DIRECTION('center_axis',(0.,1.,0.));
#5561=DIRECTION('ref_axis',(0.,0.,1.));
#5562=DIRECTION('center_axis',(0.,0.,1.));
#5563=DIRECTION('ref_axis',(1.,0.,0.));
#5564=DIRECTION('',(-1.,0.,0.));
#5565=DIRECTION('center_axis',(0.,1.,0.));
#5566=DIRECTION('ref_axis',(0.,0.,1.));
#5567=DIRECTION('center_axis',(0.,1.,0.));
#5568=DIRECTION('ref_axis',(0.,0.,1.));
#5569=DIRECTION('center_axis',(0.,-1.,0.));
#5570=DIRECTION('ref_axis',(0.,0.,-1.));
#5571=DIRECTION('center_axis',(0.,1.,0.));
#5572=DIRECTION('ref_axis',(0.,0.,1.));
#5573=DIRECTION('center_axis',(0.,-1.,0.));
#5574=DIRECTION('ref_axis',(0.,0.,-1.));
#5575=DIRECTION('center_axis',(0.,1.,0.));
#5576=DIRECTION('ref_axis',(0.,0.,1.));
#5577=DIRECTION('center_axis',(0.,1.,0.));
#5578=DIRECTION('ref_axis',(0.,0.,1.));
#5579=DIRECTION('',(0.,0.,-1.));
#5580=DIRECTION('center_axis',(0.,1.,0.));
#5581=DIRECTION('ref_axis',(0.,0.,-1.));
#5582=DIRECTION('',(0.707106781186529,0.,-0.707106781186566));
#5583=DIRECTION('center_axis',(0.,1.,0.));
#5584=DIRECTION('ref_axis',(0.,0.,-1.));
#5585=DIRECTION('',(1.,0.,0.));
#5586=DIRECTION('center_axis',(0.,1.,0.));
#5587=DIRECTION('ref_axis',(0.,0.,-1.));
#5588=DIRECTION('',(0.707106781186543,0.,0.707106781186552));
#5589=DIRECTION('center_axis',(0.,1.,0.));
#5590=DIRECTION('ref_axis',(0.,0.,-1.));
#5591=DIRECTION('',(0.,0.,1.));
#5592=DIRECTION('center_axis',(0.,1.,0.));
#5593=DIRECTION('ref_axis',(0.,0.,1.));
#5594=DIRECTION('',(-0.707106781186543,0.,0.707106781186552));
#5595=DIRECTION('center_axis',(0.,1.,0.));
#5596=DIRECTION('ref_axis',(0.,0.,1.));
#5597=DIRECTION('',(-1.,0.,0.));
#5598=DIRECTION('center_axis',(0.,1.,0.));
#5599=DIRECTION('ref_axis',(0.,0.,1.));
#5600=DIRECTION('',(-0.707106781186543,0.,-0.707106781186552));
#5601=DIRECTION('',(0.707106781186544,0.,0.707106781186551));
#5602=DIRECTION('center_axis',(0.,1.,0.));
#5603=DIRECTION('ref_axis',(0.,0.,-1.));
#5604=DIRECTION('',(1.,0.,0.));
#5605=DIRECTION('center_axis',(0.,1.,0.));
#5606=DIRECTION('ref_axis',(0.,0.,-1.));
#5607=DIRECTION('',(0.707106781186543,0.,-0.707106781186552));
#5608=DIRECTION('center_axis',(0.,1.,0.));
#5609=DIRECTION('ref_axis',(0.,0.,-1.));
#5610=DIRECTION('',(3.4222532322253E-15,0.,-1.));
#5611=DIRECTION('center_axis',(0.,1.,0.));
#5612=DIRECTION('ref_axis',(0.,0.,1.));
#5613=DIRECTION('',(-0.707106781186549,0.,-0.707106781186546));
#5614=DIRECTION('center_axis',(0.,1.,0.));
#5615=DIRECTION('ref_axis',(0.,0.,1.));
#5616=DIRECTION('',(-1.,0.,1.29499574362426E-16));
#5617=DIRECTION('center_axis',(0.,1.,0.));
#5618=DIRECTION('ref_axis',(0.,0.,1.));
#5619=DIRECTION('',(-0.707106781186542,0.,0.707106781186553));
#5620=DIRECTION('center_axis',(0.,1.,0.));
#5621=DIRECTION('ref_axis',(0.,0.,1.));
#5622=DIRECTION('',(0.,0.,1.));
#5623=DIRECTION('center_axis',(0.,1.,0.));
#5624=DIRECTION('ref_axis',(0.,0.,-1.));
#5625=DIRECTION('center_axis',(0.,-1.,0.));
#5626=DIRECTION('ref_axis',(0.,0.,-1.));
#5627=DIRECTION('',(0.,-1.,0.));
#5628=DIRECTION('',(0.,-1.,0.));
#5629=DIRECTION('center_axis',(-0.707106781186552,0.,0.707106781186543));
#5630=DIRECTION('ref_axis',(0.707106781186543,0.,0.707106781186552));
#5631=DIRECTION('',(0.,-1.,0.));
#5632=DIRECTION('center_axis',(0.,-1.,0.));
#5633=DIRECTION('ref_axis',(0.,0.,-1.));
#5634=DIRECTION('',(0.,-1.,0.));
#5635=DIRECTION('center_axis',(0.,0.,1.));
#5636=DIRECTION('ref_axis',(1.,0.,0.));
#5637=DIRECTION('',(0.,-1.,0.));
#5638=DIRECTION('center_axis',(0.,-1.,0.));
#5639=DIRECTION('ref_axis',(0.,0.,-1.));
#5640=DIRECTION('',(0.,-1.,0.));
#5641=DIRECTION('center_axis',(0.707106781186552,0.,0.707106781186543));
#5642=DIRECTION('ref_axis',(0.707106781186543,0.,-0.707106781186552));
#5643=DIRECTION('',(0.,-1.,0.));
#5644=DIRECTION('center_axis',(0.,-1.,0.));
#5645=DIRECTION('ref_axis',(0.,0.,-1.));
#5646=DIRECTION('',(0.,-1.,0.));
#5647=DIRECTION('center_axis',(1.,0.,0.));
#5648=DIRECTION('ref_axis',(0.,0.,-1.));
#5649=DIRECTION('',(0.,-1.,0.));
#5650=DIRECTION('center_axis',(0.,-1.,0.));
#5651=DIRECTION('ref_axis',(0.,0.,-1.));
#5652=DIRECTION('',(0.,-1.,0.));
#5653=DIRECTION('center_axis',(0.707106781186552,0.,-0.707106781186543));
#5654=DIRECTION('ref_axis',(-0.707106781186543,0.,-0.707106781186552));
#5655=DIRECTION('',(0.,-1.,0.));
#5656=DIRECTION('center_axis',(0.,-1.,0.));
#5657=DIRECTION('ref_axis',(0.,0.,-1.));
#5658=DIRECTION('',(0.,-1.,0.));
#5659=DIRECTION('center_axis',(0.,0.,-1.));
#5660=DIRECTION('ref_axis',(-1.,0.,0.));
#5661=DIRECTION('',(0.,-1.,0.));
#5662=DIRECTION('center_axis',(0.,-1.,0.));
#5663=DIRECTION('ref_axis',(0.,0.,-1.));
#5664=DIRECTION('',(0.,-1.,0.));
#5665=DIRECTION('center_axis',(-0.707106781186566,0.,-0.707106781186529));
#5666=DIRECTION('ref_axis',(-0.707106781186529,0.,0.707106781186566));
#5667=DIRECTION('',(0.,-1.,0.));
#5668=DIRECTION('center_axis',(0.,-1.,0.));
#5669=DIRECTION('ref_axis',(0.,0.,-1.));
#5670=DIRECTION('',(0.,-1.,0.));
#5671=DIRECTION('center_axis',(-1.,0.,0.));
#5672=DIRECTION('ref_axis',(0.,0.,1.));
#5673=DIRECTION('center_axis',(0.,-1.,0.));
#5674=DIRECTION('ref_axis',(0.,0.,-1.));
#5675=DIRECTION('center_axis',(0.,1.,0.));
#5676=DIRECTION('ref_axis',(0.,0.,-1.));
#5677=DIRECTION('',(0.,-1.,0.));
#5678=DIRECTION('',(0.,-1.,0.));
#5679=DIRECTION('center_axis',(0.707106781186551,0.,-0.707106781186544));
#5680=DIRECTION('ref_axis',(-0.707106781186544,0.,-0.707106781186551));
#5681=DIRECTION('',(0.707106781186544,0.,0.707106781186551));
#5682=DIRECTION('',(0.,-1.,0.));
#5683=DIRECTION('center_axis',(0.,-1.,0.));
#5684=DIRECTION('ref_axis',(0.,0.,-1.));
#5685=DIRECTION('center_axis',(0.,1.,0.));
#5686=DIRECTION('ref_axis',(0.,0.,-1.));
#5687=DIRECTION('',(0.,-1.,0.));
#5688=DIRECTION('center_axis',(0.,0.,-1.));
#5689=DIRECTION('ref_axis',(-1.,0.,0.));
#5690=DIRECTION('',(1.,0.,0.));
#5691=DIRECTION('',(0.,-1.,0.));
#5692=DIRECTION('center_axis',(0.,-1.,0.));
#5693=DIRECTION('ref_axis',(0.,0.,-1.));
#5694=DIRECTION('center_axis',(0.,1.,0.));
#5695=DIRECTION('ref_axis',(0.,0.,-1.));
#5696=DIRECTION('',(0.,-1.,0.));
#5697=DIRECTION('center_axis',(-0.707106781186552,0.,-0.707106781186543));
#5698=DIRECTION('ref_axis',(-0.707106781186543,0.,0.707106781186552));
#5699=DIRECTION('',(0.707106781186543,0.,-0.707106781186552));
#5700=DIRECTION('',(0.,-1.,0.));
#5701=DIRECTION('center_axis',(0.,-1.,0.));
#5702=DIRECTION('ref_axis',(0.,0.,-1.));
#5703=DIRECTION('center_axis',(0.,1.,0.));
#5704=DIRECTION('ref_axis',(0.,0.,-1.));
#5705=DIRECTION('',(0.,-1.,0.));
#5706=DIRECTION('center_axis',(-1.,0.,-3.4222532322253E-15));
#5707=DIRECTION('ref_axis',(-3.4222532322253E-15,0.,1.));
#5708=DIRECTION('',(3.4222532322253E-15,0.,-1.));
#5709=DIRECTION('',(0.,-1.,0.));
#5710=DIRECTION('center_axis',(0.,-1.,0.));
#5711=DIRECTION('ref_axis',(0.,0.,-1.));
#5712=DIRECTION('center_axis',(0.,1.,0.));
#5713=DIRECTION('ref_axis',(0.,0.,1.));
#5714=DIRECTION('',(0.,-1.,0.));
#5715=DIRECTION('center_axis',(-0.707106781186546,0.,0.707106781186549));
#5716=DIRECTION('ref_axis',(0.707106781186549,0.,0.707106781186546));
#5717=DIRECTION('',(-0.707106781186549,0.,-0.707106781186546));
#5718=DIRECTION('',(0.,-1.,0.));
#5719=DIRECTION('center_axis',(0.,-1.,0.));
#5720=DIRECTION('ref_axis',(0.,0.,-1.));
#5721=DIRECTION('center_axis',(0.,1.,0.));
#5722=DIRECTION('ref_axis',(0.,0.,1.));
#5723=DIRECTION('',(0.,-1.,0.));
#5724=DIRECTION('center_axis',(1.29499574362426E-16,0.,1.));
#5725=DIRECTION('ref_axis',(1.,0.,-1.29499574362426E-16));
#5726=DIRECTION('',(-1.,0.,1.29499574362426E-16));
#5727=DIRECTION('',(0.,-1.,0.));
#5728=DIRECTION('center_axis',(0.,-1.,0.));
#5729=DIRECTION('ref_axis',(0.,0.,-1.));
#5730=DIRECTION('center_axis',(0.,1.,0.));
#5731=DIRECTION('ref_axis',(0.,0.,1.));
#5732=DIRECTION('',(0.,-1.,0.));
#5733=DIRECTION('center_axis',(0.707106781186553,0.,0.707106781186542));
#5734=DIRECTION('ref_axis',(0.707106781186542,0.,-0.707106781186553));
#5735=DIRECTION('',(-0.707106781186542,0.,0.707106781186553));
#5736=DIRECTION('',(0.,-1.,0.));
#5737=DIRECTION('center_axis',(0.,-1.,0.));
#5738=DIRECTION('ref_axis',(0.,0.,-1.));
#5739=DIRECTION('center_axis',(0.,1.,0.));
#5740=DIRECTION('ref_axis',(0.,0.,1.));
#5741=DIRECTION('',(0.,-1.,0.));
#5742=DIRECTION('center_axis',(1.,0.,0.));
#5743=DIRECTION('ref_axis',(0.,0.,-1.));
#5744=DIRECTION('',(0.,0.,1.));
#5745=DIRECTION('center_axis',(0.,1.,0.));
#5746=DIRECTION('ref_axis',(0.,0.,1.));
#5747=DIRECTION('axis',(0.,0.,1.));
#5748=DIRECTION('refdir',(1.,0.,0.));
#5749=DIRECTION('center_axis',(0.,0.,-1.));
#5750=DIRECTION('ref_axis',(-0.70710678118655,-0.707106781186545,0.));
#5751=DIRECTION('center_axis',(9.51993020827154E-17,0.00872653549837396,
0.999961923064171));
#5752=DIRECTION('ref_axis',(-3.49663228577731E-15,-0.999961923064171,0.00872653549837396));
#5753=DIRECTION('',(0.,0.,-1.));
#5754=DIRECTION('center_axis',(-1.42663558395699E-16,0.044400537253948,
-0.999013809860285));
#5755=DIRECTION('ref_axis',(5.09805943310095E-14,-0.999013809860285,-0.044400537253948));
#5756=DIRECTION('',(0.,0.,1.));
#5757=DIRECTION('center_axis',(-8.74191357972564E-17,-1.,0.));
#5758=DIRECTION('ref_axis',(1.,-8.74191357972564E-17,0.));
#5759=DIRECTION('',(1.,-8.74191357972564E-17,-9.4440031877977E-17));
#5760=DIRECTION('',(0.,0.,1.));
#5761=DIRECTION('',(1.,-8.74191357972564E-17,-1.46689678906308E-16));
#5762=DIRECTION('center_axis',(-1.,0.,0.));
#5763=DIRECTION('ref_axis',(0.,-1.,0.));
#5764=DIRECTION('',(0.,-0.999013809860285,-0.044400537253948));
#5765=DIRECTION('',(0.,0.,-1.));
#5766=DIRECTION('',(0.,-0.999961923064171,0.00872653549837396));
#5767=DIRECTION('center_axis',(0.,0.,-1.));
#5768=DIRECTION('ref_axis',(0.707106781186549,-0.707106781186546,0.));
#5769=DIRECTION('center_axis',(9.51993020827154E-17,0.00872653549837396,
0.999961923064171));
#5770=DIRECTION('ref_axis',(1.74831614288865E-15,-0.999961923064171,0.00872653549837396));
#5771=DIRECTION('',(0.,0.,-1.));
#5772=DIRECTION('center_axis',(-1.42663558395699E-16,0.044400537253948,
-0.999013809860285));
#5773=DIRECTION('ref_axis',(1.74665847815021E-15,-0.999013809860285,-0.044400537253948));
#5774=DIRECTION('center_axis',(1.,7.77058984864502E-16,0.));
#5775=DIRECTION('ref_axis',(-7.77058984864502E-16,1.,0.));
#5776=DIRECTION('',(-7.770293968394E-16,0.999961923064171,-0.00872653549837396));
#5777=DIRECTION('',(0.,0.,1.));
#5778=DIRECTION('',(-7.76292656955651E-16,0.999013809860285,0.044400537253948));
#5779=DIRECTION('center_axis',(0.,0.,-1.));
#5780=DIRECTION('ref_axis',(0.707106781186546,-0.707106781186549,0.));
#5781=DIRECTION('center_axis',(9.51993020827154E-17,0.00872653549837396,
0.999961923064171));
#5782=DIRECTION('ref_axis',(-1.74831614288866E-15,-0.999961923064171,0.00872653549837396));
#5783=DIRECTION('',(0.,0.,-1.));
#5784=DIRECTION('center_axis',(-1.42663558395699E-16,0.044400537253948,
-0.999013809860285));
#5785=DIRECTION('ref_axis',(5.26180866542755E-14,-0.999013809860284,-0.044400537253948));
#5786=DIRECTION('',(0.,0.,1.));
#5787=DIRECTION('center_axis',(1.,0.,0.));
#5788=DIRECTION('ref_axis',(0.,1.,0.));
#5789=DIRECTION('',(0.,0.999961923064171,-0.00872653549837396));
#5790=DIRECTION('',(0.,0.,1.));
#5791=DIRECTION('',(0.,0.999013809860285,0.044400537253948));
#5792=DIRECTION('center_axis',(0.,0.,-1.));
#5793=DIRECTION('ref_axis',(0.707106781186547,0.707106781186548,0.));
#5794=DIRECTION('center_axis',(9.51993020827154E-17,0.00872653549837396,
0.999961923064171));
#5795=DIRECTION('ref_axis',(-8.74158071444332E-16,0.999961923064171,-0.00872653549837396));
#5796=DIRECTION('',(0.,0.,-1.));
#5797=DIRECTION('center_axis',(-1.42663558395699E-16,0.044400537253948,
-0.999013809860285));
#5798=DIRECTION('ref_axis',(-5.5238074371501E-14,0.999013809860284,0.044400537253948));
#5799=DIRECTION('center_axis',(1.45698559662093E-16,1.,0.));
#5800=DIRECTION('ref_axis',(-1.,1.45698559662093E-16,0.));
#5801=DIRECTION('',(-1.,1.45698559662093E-16,9.3931435050987E-17));
#5802=DIRECTION('',(0.,0.,1.));
#5803=DIRECTION('',(-1.,1.45698559662093E-16,1.49279871058718E-16));
#5804=DIRECTION('center_axis',(0.,-1.,0.));
#5805=DIRECTION('ref_axis',(1.,0.,0.));
#5806=DIRECTION('',(1.,0.,-1.42804390677693E-16));
#5807=DIRECTION('',(0.,0.,-1.));
#5808=DIRECTION('',(1.,0.,-9.5202927118462E-17));
#5809=DIRECTION('center_axis',(0.,0.,1.));
#5810=DIRECTION('ref_axis',(-0.70710678118655,-0.707106781186545,0.));
#5811=DIRECTION('center_axis',(-1.42663558395699E-16,0.044400537253948,
-0.999013809860285));
#5812=DIRECTION('ref_axis',(-3.49331695630039E-15,-0.999013809860285,-0.044400537253948));
#5813=DIRECTION('',(0.,0.,1.));
#5814=DIRECTION('center_axis',(9.51993020827154E-17,0.00872653549837396,
0.999961923064171));
#5815=DIRECTION('ref_axis',(-3.49663228577726E-15,-0.999961923064171,0.00872653549837396));
#5816=DIRECTION('center_axis',(-1.,2.33117685539634E-15,0.));
#5817=DIRECTION('ref_axis',(-2.33117685539634E-15,-1.,0.));
#5818=DIRECTION('',(-2.32887787176762E-15,-0.999013809860285,-0.044400537253948));
#5819=DIRECTION('',(0.,0.,-1.));
#5820=DIRECTION('',(-2.33108809132481E-15,-0.999961923064171,0.00872653549837396));
#5821=DIRECTION('center_axis',(0.,0.,-1.));
#5822=DIRECTION('ref_axis',(-0.707106781186544,0.707106781186551,0.));
#5823=DIRECTION('center_axis',(9.51993020827154E-17,0.00872653549837396,
0.999961923064171));
#5824=DIRECTION('ref_axis',(5.13567866973541E-15,0.999961923064171,-0.00872653549837396));
#5825=DIRECTION('center_axis',(-1.42663558395699E-16,0.044400537253948,
-0.999013809860285));
#5826=DIRECTION('ref_axis',(-4.92339358528592E-14,0.999013809860285,0.044400537253948));
#5827=DIRECTION('center_axis',(0.,0.,1.));
#5828=DIRECTION('ref_axis',(1.,0.,0.));
#5829=DIRECTION('center_axis',(1.42663558395699E-16,-0.044400537253948,
0.999013809860285));
#5830=DIRECTION('ref_axis',(0.,0.999013809860285,0.044400537253948));
#5831=DIRECTION('',(0.,0.,1.));
#5832=DIRECTION('center_axis',(9.51993020827154E-17,0.00872653549837396,
0.999961923064171));
#5833=DIRECTION('ref_axis',(0.,0.999961923064171,-0.00872653549837396));
#5834=DIRECTION('center_axis',(0.,0.,1.));
#5835=DIRECTION('ref_axis',(1.,0.,0.));
#5836=DIRECTION('center_axis',(1.42663558395699E-16,-0.044400537253948,
0.999013809860285));
#5837=DIRECTION('ref_axis',(0.,0.999013809860285,0.044400537253948));
#5838=DIRECTION('',(0.,0.,1.));
#5839=DIRECTION('center_axis',(9.51993020827154E-17,0.00872653549837396,
0.999961923064171));
#5840=DIRECTION('ref_axis',(0.,0.999961923064171,-0.00872653549837396));
#5841=DIRECTION('center_axis',(0.,1.,0.));
#5842=DIRECTION('ref_axis',(0.,0.,1.));
#5843=DIRECTION('',(-1.,0.,1.42804390677693E-16));
#5844=DIRECTION('center_axis',(0.,1.,0.));
#5845=DIRECTION('ref_axis',(0.,0.,1.));
#5846=DIRECTION('',(0.,0.,1.));
#5847=DIRECTION('center_axis',(0.,1.,0.));
#5848=DIRECTION('ref_axis',(0.,0.,1.));
#5849=DIRECTION('',(1.,0.,1.42804390677693E-16));
#5850=DIRECTION('center_axis',(0.,1.,0.));
#5851=DIRECTION('ref_axis',(0.,0.,1.));
#5852=DIRECTION('',(0.,0.,-1.));
#5853=DIRECTION('center_axis',(0.,1.,0.));
#5854=DIRECTION('ref_axis',(0.,0.,1.));
#5855=DIRECTION('',(-1.,0.,1.42804390677693E-16));
#5856=DIRECTION('',(-1.,0.,9.52029271184621E-17));
#5857=DIRECTION('center_axis',(0.,1.,0.));
#5858=DIRECTION('ref_axis',(0.,0.,1.));
#5859=DIRECTION('',(0.,0.,-1.));
#5860=DIRECTION('center_axis',(0.,1.,0.));
#5861=DIRECTION('ref_axis',(0.,0.,1.));
#5862=DIRECTION('',(1.,0.,1.42804390677693E-16));
#5863=DIRECTION('center_axis',(0.,1.,0.));
#5864=DIRECTION('ref_axis',(0.,0.,1.));
#5865=DIRECTION('',(0.,0.,1.));
#5866=DIRECTION('center_axis',(0.,1.,0.));
#5867=DIRECTION('ref_axis',(0.,0.,1.));
#5868=DIRECTION('',(-1.,0.,9.52029271184621E-17));
#5869=DIRECTION('center_axis',(-1.42663558395699E-16,0.044400537253948,
-0.999013809860285));
#5870=DIRECTION('ref_axis',(-1.54074395550979E-33,0.999013809860285,0.044400537253948));
#5871=DIRECTION('',(0.,0.999013809860284,0.044400537253948));
#5872=DIRECTION('',(-1.,1.86568946132979E-33,1.42804390677693E-16));
#5873=DIRECTION('',(6.34059166831225E-18,0.999013809860284,0.044400537253948));
#5874=DIRECTION('center_axis',(-1.,0.,0.));
#5875=DIRECTION('ref_axis',(0.,0.,1.));
#5876=DIRECTION('center_axis',(0.,-1.,0.));
#5877=DIRECTION('ref_axis',(0.,0.,1.));
#5878=DIRECTION('center_axis',(1.,0.,0.));
#5879=DIRECTION('ref_axis',(0.,0.,-1.));
#5880=DIRECTION('center_axis',(0.,1.,0.));
#5881=DIRECTION('ref_axis',(0.,0.,-1.));
#5882=DIRECTION('center_axis',(-1.,0.,0.));
#5883=DIRECTION('ref_axis',(0.,0.,1.));
#5884=DIRECTION('center_axis',(0.,1.,0.));
#5885=DIRECTION('ref_axis',(0.,0.,1.));
#5886=DIRECTION('center_axis',(1.,0.,0.));
#5887=DIRECTION('ref_axis',(0.,0.,-1.));
#5888=DIRECTION('center_axis',(0.,-1.,0.));
#5889=DIRECTION('ref_axis',(0.,0.,-1.));
#5890=DIRECTION('center_axis',(1.22464679914735E-16,0.,-1.));
#5891=DIRECTION('ref_axis',(1.,0.,6.12323399573678E-17));
#5892=DIRECTION('center_axis',(-6.12303176911189E-17,1.,0.));
#5893=DIRECTION('ref_axis',(-1.,-6.12303176911189E-17,0.));
#5894=DIRECTION('center_axis',(1.22464679914735E-16,0.,1.));
#5895=DIRECTION('ref_axis',(1.,0.,-6.12323399573677E-17));
#5896=DIRECTION('center_axis',(0.,1.,0.));
#5897=DIRECTION('ref_axis',(0.,0.,1.));
#5898=DIRECTION('center_axis',(0.,1.,-1.22402088464924E-16));
#5899=DIRECTION('ref_axis',(0.,-1.22402088464924E-16,-1.));
#5900=DIRECTION('center_axis',(0.,1.,-1.22402088464924E-16));
#5901=DIRECTION('ref_axis',(0.,-1.22402088464924E-16,-1.));
#5902=DIRECTION('',(0.,1.,-1.22402088464924E-16));
#5903=DIRECTION('center_axis',(0.,1.,-1.22402088464924E-16));
#5904=DIRECTION('ref_axis',(0.,-1.22402088464924E-16,-1.));
#5905=DIRECTION('center_axis',(0.,1.,-1.22402088464924E-16));
#5906=DIRECTION('ref_axis',(0.,-1.22402088464924E-16,-1.));
#5907=DIRECTION('center_axis',(0.,1.,-1.22402088464924E-16));
#5908=DIRECTION('ref_axis',(0.,-1.22402088464924E-16,-1.));
#5909=DIRECTION('',(0.,1.,-1.22402088464924E-16));
#5910=DIRECTION('center_axis',(0.,1.,-1.22402088464924E-16));
#5911=DIRECTION('ref_axis',(0.,-1.22402088464924E-16,-1.));
#5912=DIRECTION('center_axis',(0.,1.,-1.22402088464924E-16));
#5913=DIRECTION('ref_axis',(0.,-1.22402088464924E-16,-1.));
#5914=DIRECTION('center_axis',(0.,1.,-1.22402088464924E-16));
#5915=DIRECTION('ref_axis',(0.,-1.22402088464924E-16,-1.));
#5916=DIRECTION('',(0.,1.,-1.22402088464924E-16));
#5917=DIRECTION('center_axis',(0.,1.,-1.22402088464924E-16));
#5918=DIRECTION('ref_axis',(0.,-1.22402088464924E-16,-1.));
#5919=DIRECTION('center_axis',(0.,1.,1.22402088464924E-16));
#5920=DIRECTION('ref_axis',(0.,-1.22402088464924E-16,1.));
#5921=DIRECTION('center_axis',(0.,-1.,-1.22402088464924E-16));
#5922=DIRECTION('ref_axis',(0.,-1.22402088464924E-16,1.));
#5923=DIRECTION('',(0.,1.,1.22402088464924E-16));
#5924=DIRECTION('center_axis',(0.,-1.,-1.22402088464924E-16));
#5925=DIRECTION('ref_axis',(0.,-1.22402088464924E-16,1.));
#5926=DIRECTION('center_axis',(0.,1.,1.22402088464924E-16));
#5927=DIRECTION('ref_axis',(0.,-1.22402088464924E-16,1.));
#5928=DIRECTION('center_axis',(0.,-1.,-1.22402088464924E-16));
#5929=DIRECTION('ref_axis',(0.,-1.22402088464924E-16,1.));
#5930=DIRECTION('',(0.,1.,1.22402088464924E-16));
#5931=DIRECTION('center_axis',(0.,-1.,-1.22402088464924E-16));
#5932=DIRECTION('ref_axis',(0.,-1.22402088464924E-16,1.));
#5933=DIRECTION('center_axis',(0.,1.,1.22402088464924E-16));
#5934=DIRECTION('ref_axis',(0.,-1.22402088464924E-16,1.));
#5935=DIRECTION('center_axis',(0.,-1.,-1.22402088464924E-16));
#5936=DIRECTION('ref_axis',(0.,-1.22402088464924E-16,1.));
#5937=DIRECTION('',(0.,1.,1.22402088464924E-16));
#5938=DIRECTION('center_axis',(0.,-1.,-1.22402088464924E-16));
#5939=DIRECTION('ref_axis',(0.,-1.22402088464924E-16,1.));
#5940=DIRECTION('center_axis',(0.,1.,-1.22402088464924E-16));
#5941=DIRECTION('ref_axis',(0.,-1.22402088464924E-16,-1.));
#5942=DIRECTION('center_axis',(0.,-1.,1.22402088464924E-16));
#5943=DIRECTION('ref_axis',(0.,-1.22402088464924E-16,-1.));
#5944=DIRECTION('',(0.,1.,-1.22402088464924E-16));
#5945=DIRECTION('center_axis',(0.,-1.,1.22402088464924E-16));
#5946=DIRECTION('ref_axis',(0.,-1.22402088464924E-16,-1.));
#5947=DIRECTION('center_axis',(0.,1.,-1.22402088464924E-16));
#5948=DIRECTION('ref_axis',(0.,-1.22402088464924E-16,-1.));
#5949=DIRECTION('center_axis',(0.,-1.,1.22402088464924E-16));
#5950=DIRECTION('ref_axis',(0.,-1.22402088464924E-16,-1.));
#5951=DIRECTION('',(0.,1.,-1.22402088464924E-16));
#5952=DIRECTION('center_axis',(0.,-1.,1.22402088464924E-16));
#5953=DIRECTION('ref_axis',(0.,-1.22402088464924E-16,-1.));
#5954=DIRECTION('center_axis',(0.,1.,-1.22402088464924E-16));
#5955=DIRECTION('ref_axis',(0.,-1.22402088464924E-16,-1.));
#5956=DIRECTION('center_axis',(0.,-1.,1.22402088464924E-16));
#5957=DIRECTION('ref_axis',(0.,-1.22402088464924E-16,-1.));
#5958=DIRECTION('',(0.,1.,-1.22402088464924E-16));
#5959=DIRECTION('center_axis',(0.,-1.,1.22402088464924E-16));
#5960=DIRECTION('ref_axis',(0.,-1.22402088464924E-16,-1.));
#5961=DIRECTION('center_axis',(0.,1.,1.22402088464924E-16));
#5962=DIRECTION('ref_axis',(0.,-1.22402088464924E-16,1.));
#5963=DIRECTION('center_axis',(0.,1.,1.22402088464924E-16));
#5964=DIRECTION('ref_axis',(0.,-1.22402088464924E-16,1.));
#5965=DIRECTION('',(0.,1.,1.22402088464924E-16));
#5966=DIRECTION('center_axis',(0.,1.,1.22402088464924E-16));
#5967=DIRECTION('ref_axis',(0.,-1.22402088464924E-16,1.));
#5968=DIRECTION('center_axis',(0.,1.,1.22402088464924E-16));
#5969=DIRECTION('ref_axis',(0.,-1.22402088464924E-16,1.));
#5970=DIRECTION('center_axis',(0.,1.,1.22402088464924E-16));
#5971=DIRECTION('ref_axis',(0.,-1.22402088464924E-16,1.));
#5972=DIRECTION('',(0.,1.,1.22402088464924E-16));
#5973=DIRECTION('center_axis',(0.,1.,1.22402088464924E-16));
#5974=DIRECTION('ref_axis',(0.,-1.22402088464924E-16,1.));
#5975=DIRECTION('center_axis',(0.,1.,1.22402088464924E-16));
#5976=DIRECTION('ref_axis',(0.,-1.22402088464924E-16,1.));
#5977=DIRECTION('center_axis',(0.,1.,1.22402088464924E-16));
#5978=DIRECTION('ref_axis',(0.,-1.22402088464924E-16,1.));
#5979=DIRECTION('',(0.,1.,1.22402088464924E-16));
#5980=DIRECTION('center_axis',(0.,1.,1.22402088464924E-16));
#5981=DIRECTION('ref_axis',(0.,-1.22402088464924E-16,1.));
#5982=DIRECTION('center_axis',(0.,1.,0.));
#5983=DIRECTION('ref_axis',(0.,0.,-1.));
#5984=DIRECTION('center_axis',(0.,-1.,0.));
#5985=DIRECTION('ref_axis',(0.,0.,1.));
#5986=DIRECTION('',(2.13730336808379E-18,0.999847695156391,0.0174524064372835));
#5987=DIRECTION('center_axis',(0.,1.,0.));
#5988=DIRECTION('ref_axis',(0.,0.,-1.));
#5989=DIRECTION('center_axis',(0.,1.,0.));
#5990=DIRECTION('ref_axis',(0.,0.,1.));
#5991=DIRECTION('center_axis',(0.,-1.,0.));
#5992=DIRECTION('ref_axis',(0.,0.,1.));
#5993=DIRECTION('',(-2.13730336808379E-18,0.999847695156391,-0.0174524064372835));
#5994=DIRECTION('center_axis',(0.,1.,0.));
#5995=DIRECTION('ref_axis',(0.,0.,1.));
#5996=DIRECTION('center_axis',(0.,1.,0.));
#5997=DIRECTION('ref_axis',(0.,0.,-1.));
#5998=DIRECTION('center_axis',(0.,-1.,0.));
#5999=DIRECTION('ref_axis',(0.,0.,1.));
#6000=DIRECTION('',(2.13730336808379E-18,0.999847695156391,0.0174524064372835));
#6001=DIRECTION('center_axis',(0.,1.,0.));
#6002=DIRECTION('ref_axis',(0.,0.,-1.));
#6003=DIRECTION('center_axis',(0.,1.,0.));
#6004=DIRECTION('ref_axis',(0.,0.,1.));
#6005=DIRECTION('center_axis',(0.,-1.,0.));
#6006=DIRECTION('ref_axis',(0.,0.,1.));
#6007=DIRECTION('',(-2.13730336808379E-18,0.999847695156391,-0.0174524064372835));
#6008=DIRECTION('center_axis',(0.,1.,0.));
#6009=DIRECTION('ref_axis',(0.,0.,1.));
#6010=DIRECTION('center_axis',(0.,-1.,0.));
#6011=DIRECTION('ref_axis',(0.,0.,-1.));
#6012=DIRECTION('center_axis',(0.,1.,0.));
#6013=DIRECTION('ref_axis',(0.,0.,1.));
#6014=DIRECTION('',(2.13730336808379E-18,0.999847695156391,-0.0174524064372835));
#6015=DIRECTION('center_axis',(0.,1.,0.));
#6016=DIRECTION('ref_axis',(0.,0.,-1.));
#6017=DIRECTION('center_axis',(0.,-1.,0.));
#6018=DIRECTION('ref_axis',(0.,0.,1.));
#6019=DIRECTION('center_axis',(0.,1.,0.));
#6020=DIRECTION('ref_axis',(0.,0.,1.));
#6021=DIRECTION('',(-2.13730336808379E-18,0.999847695156391,0.0174524064372835));
#6022=DIRECTION('center_axis',(0.,1.,0.));
#6023=DIRECTION('ref_axis',(0.,0.,1.));
#6024=DIRECTION('center_axis',(0.,-1.,0.));
#6025=DIRECTION('ref_axis',(0.,0.,-1.));
#6026=DIRECTION('center_axis',(0.,1.,0.));
#6027=DIRECTION('ref_axis',(0.,0.,1.));
#6028=DIRECTION('',(2.13730336808379E-18,0.999847695156391,-0.0174524064372835));
#6029=DIRECTION('center_axis',(0.,1.,0.));
#6030=DIRECTION('ref_axis',(0.,0.,-1.));
#6031=DIRECTION('center_axis',(0.,-1.,0.));
#6032=DIRECTION('ref_axis',(0.,0.,1.));
#6033=DIRECTION('center_axis',(0.,1.,0.));
#6034=DIRECTION('ref_axis',(0.,0.,1.));
#6035=DIRECTION('',(-2.13730336808379E-18,0.999847695156391,0.0174524064372835));
#6036=DIRECTION('center_axis',(0.,1.,0.));
#6037=DIRECTION('ref_axis',(0.,0.,1.));
#6038=DIRECTION('center_axis',(0.,-1.,0.));
#6039=DIRECTION('ref_axis',(0.,0.,-1.));
#6040=DIRECTION('center_axis',(0.,1.,0.));
#6041=DIRECTION('ref_axis',(0.,0.,1.));
#6042=DIRECTION('',(2.13730336808379E-18,0.999847695156391,-0.0174524064372835));
#6043=DIRECTION('center_axis',(0.,1.,0.));
#6044=DIRECTION('ref_axis',(0.,0.,-1.));
#6045=DIRECTION('center_axis',(0.,1.,0.));
#6046=DIRECTION('ref_axis',(0.,0.,1.));
#6047=DIRECTION('center_axis',(0.,1.,0.));
#6048=DIRECTION('ref_axis',(0.,0.,1.));
#6049=DIRECTION('center_axis',(0.710244858494548,0.026176948307873,-0.703467844580935));
#6050=DIRECTION('ref_axis',(-0.0185984161751431,0.999657324975557,0.0184209537888034));
#6051=DIRECTION('center_axis',(0.,-1.,0.));
#6052=DIRECTION('ref_axis',(1.0471202844393E-14,0.,1.));
#6053=DIRECTION('center_axis',(0.710244858494326,-0.0261769483078706,-0.703467844581159));
#6054=DIRECTION('ref_axis',(0.0185984161524731,0.999657324975557,-0.0184209538116885));
#6055=DIRECTION('center_axis',(0.,1.,0.));
#6056=DIRECTION('ref_axis',(0.,0.,1.));
#6057=DIRECTION('center_axis',(0.,-1.,0.));
#6058=DIRECTION('ref_axis',(0.,0.,1.));
#6059=DIRECTION('',(-2.13730336808379E-18,0.999847695156391,0.0174524064372835));
#6060=DIRECTION('center_axis',(0.,1.,0.));
#6061=DIRECTION('ref_axis',(0.,0.,1.));
#6062=DIRECTION('center_axis',(0.,1.,0.));
#6063=DIRECTION('ref_axis',(0.,0.,1.));
#6064=DIRECTION('center_axis',(0.,1.,0.));
#6065=DIRECTION('ref_axis',(0.,0.,1.));
#6066=DIRECTION('center_axis',(0.710244858494815,0.0261769483078777,0.703467844580665));
#6067=DIRECTION('ref_axis',(0.0185984161795459,-0.999657324975557,0.0184209537843648));
#6068=DIRECTION('center_axis',(0.,-1.,0.));
#6069=DIRECTION('ref_axis',(0.,0.,1.));
#6070=DIRECTION('center_axis',(-0.710244858494008,0.0261769483078815,-0.70346784458148));
#6071=DIRECTION('ref_axis',(0.0185984161771545,0.999657324975557,0.0184209537867847));
#6072=DIRECTION('center_axis',(0.,1.,0.));
#6073=DIRECTION('ref_axis',(0.,0.,1.));
#6074=DIRECTION('center_axis',(0.,-1.,0.));
#6075=DIRECTION('ref_axis',(0.,0.,-1.));
#6076=DIRECTION('',(2.13730336808379E-18,0.999847695156391,-0.0174524064372835));
#6077=DIRECTION('center_axis',(0.,1.,0.));
#6078=DIRECTION('ref_axis',(0.,0.,-1.));
#6079=DIRECTION('center_axis',(0.,1.,0.));
#6080=DIRECTION('ref_axis',(0.,0.,1.));
#6081=DIRECTION('center_axis',(-0.710244858494548,0.026176948307873,0.703467844580935));
#6082=DIRECTION('ref_axis',(-0.0185984161751431,-0.999657324975557,0.0184209537888034));
#6083=DIRECTION('center_axis',(0.,-1.,0.));
#6084=DIRECTION('ref_axis',(6.980801896262E-15,0.,1.));
#6085=DIRECTION('center_axis',(-0.710244858494326,-0.0261769483078706,0.703467844581159));
#6086=DIRECTION('ref_axis',(0.0185984161524731,-0.999657324975557,-0.0184209538116885));
#6087=DIRECTION('center_axis',(0.,1.,0.));
#6088=DIRECTION('ref_axis',(0.,0.,1.));
#6089=DIRECTION('center_axis',(0.,1.,0.));
#6090=DIRECTION('ref_axis',(0.,0.,1.));
#6091=DIRECTION('center_axis',(0.,-1.,0.));
#6092=DIRECTION('ref_axis',(0.,0.,1.));
#6093=DIRECTION('center_axis',(0.,1.,0.));
#6094=DIRECTION('ref_axis',(0.,0.,1.));
#6095=DIRECTION('',(-2.13730336808379E-18,0.999847695156391,0.0174524064372835));
#6096=DIRECTION('center_axis',(0.,1.,0.));
#6097=DIRECTION('ref_axis',(0.,0.,1.));
#6098=DIRECTION('center_axis',(0.,1.,0.));
#6099=DIRECTION('ref_axis',(0.,0.,1.));
#6100=DIRECTION('center_axis',(0.,1.,0.));
#6101=DIRECTION('ref_axis',(0.,0.,1.));
#6102=DIRECTION('center_axis',(-0.710244858494478,0.0261769483078726,-0.703467844581005));
#6103=DIRECTION('ref_axis',(0.0185984161296945,0.999657324975557,0.0184209538346893));
#6104=DIRECTION('center_axis',(0.,-1.,0.));
#6105=DIRECTION('ref_axis',(3.490400948131E-15,0.,1.));
#6106=DIRECTION('center_axis',(0.7102448584949,0.026176948307868,0.703467844580579));
#6107=DIRECTION('ref_axis',(0.0185984161822467,-0.999657324975557,0.0184209537816243));
#6108=DIRECTION('center_axis',(0.,1.,0.));
#6109=DIRECTION('ref_axis',(0.,0.,1.));
#6110=DIRECTION('center_axis',(-1.,0.,-1.42804390677693E-16));
#6111=DIRECTION('ref_axis',(-1.42804390677693E-16,0.,1.));
#6112=DIRECTION('center_axis',(-1.,0.,0.));
#6113=DIRECTION('ref_axis',(0.,0.,1.));
#6114=DIRECTION('',(1.,-1.86568946132979E-33,1.42804390677693E-16));
#6115=DIRECTION('center_axis',(-1.,0.,0.));
#6116=DIRECTION('ref_axis',(0.,0.,1.));
#6117=DIRECTION('',(-1.,0.,-1.42804390677693E-16));
#6118=DIRECTION('center_axis',(0.,0.,-1.));
#6119=DIRECTION('ref_axis',(-1.,0.,0.));
#6120=DIRECTION('center_axis',(-3.88528822861501E-16,-8.74191357972564E-15,
1.));
#6121=DIRECTION('ref_axis',(0.,-1.,-8.74191357972564E-15));
#6122=DIRECTION('',(0.,0.,1.));
#6123=DIRECTION('center_axis',(0.,0.,1.));
#6124=DIRECTION('ref_axis',(1.,0.,0.));
#6125=DIRECTION('',(0.,0.,-1.));
#6126=DIRECTION('center_axis',(0.,0.,1.));
#6127=DIRECTION('ref_axis',(1.,0.,0.));
#6128=DIRECTION('center_axis',(8.75054327922475E-15,0.,1.));
#6129=DIRECTION('ref_axis',(1.,0.,-8.75054327922475E-15));
#6130=DIRECTION('',(0.,0.,-1.));
#6131=DIRECTION('center_axis',(0.,0.,1.));
#6132=DIRECTION('ref_axis',(1.,0.,0.));
#6133=DIRECTION('',(0.,0.,1.));
#6134=DIRECTION('center_axis',(1.,0.,-1.42804390677693E-16));
#6135=DIRECTION('ref_axis',(-1.42804390677693E-16,0.,-1.));
#6136=DIRECTION('center_axis',(-1.,0.,0.));
#6137=DIRECTION('ref_axis',(0.,0.,1.));
#6138=DIRECTION('center_axis',(-1.,0.,0.));
#6139=DIRECTION('ref_axis',(0.,0.,1.));
#6140=DIRECTION('',(1.,0.,-1.42804390677693E-16));
#6141=DIRECTION('center_axis',(-9.51993020827154E-17,-0.00872653549837396,
-0.999961923064171));
#6142=DIRECTION('ref_axis',(-2.88889491658086E-34,0.999961923064171,-0.00872653549837396));
#6143=DIRECTION('',(-8.30791723048367E-19,0.999961923064171,-0.00872653549837395));
#6144=DIRECTION('',(-0.0454510766174358,0.998928528238238,-0.00871751719835237));
#6145=DIRECTION('',(1.,1.92592994438724E-34,-9.52029271184621E-17));
#6146=DIRECTION('',(0.0454510766174358,0.998928528238238,-0.00871751719835239));
#6147=DIRECTION('',(0.,0.999961923064171,-0.00872653549837395));
#6148=DIRECTION('center_axis',(0.,1.,0.));
#6149=DIRECTION('ref_axis',(0.,0.,1.));
#6150=DIRECTION('',(-1.,0.,9.52029271184621E-17));
#6151=DIRECTION('',(0.703708988075645,0.,0.710488325098697));
#6152=DIRECTION('center_axis',(1.,0.,-9.5202927118462E-17));
#6153=DIRECTION('ref_axis',(-9.5202927118462E-17,0.,-1.));
#6154=DIRECTION('center_axis',(0.710244858494519,0.0261769483078542,-0.703467844580965));
#6155=DIRECTION('ref_axis',(0.70395471515013,-0.0264108507925019,0.709753637523835));
#6156=DIRECTION('',(-1.,0.,9.52029271184621E-17));
#6157=DIRECTION('',(-1.,0.,9.52029271184621E-17));
#6158=DIRECTION('center_axis',(0.710244858494529,-0.0261769483078747,0.703467844580954));
#6159=DIRECTION('ref_axis',(0.70395471515012,0.0264108507921077,-0.70975363752386));
#6160=DIRECTION('center_axis',(0.,1.,0.));
#6161=DIRECTION('ref_axis',(0.,0.,1.));
#6162=DIRECTION('',(0.,0.,-1.));
#6163=DIRECTION('',(-0.703708988075645,0.,0.710488325098697));
#6164=DIRECTION('center_axis',(0.999961923064171,-0.00872653549837396,0.));
#6165=DIRECTION('ref_axis',(0.00872653549837396,0.999961923064171,0.));
#6166=DIRECTION('',(0.00871730925301966,0.998904700063261,-0.0459718251858061));
#6167=DIRECTION('',(0.,0.,1.));
#6168=DIRECTION('',(0.00871730925301966,0.998904700063261,0.0459718251858061));
#6169=DIRECTION('',(0.00872653549837395,0.999961923064171,0.));
#6170=DIRECTION('',(0.00872653549837395,0.999961923064171,0.));
#6171=DIRECTION('center_axis',(0.,0.,1.));
#6172=DIRECTION('ref_axis',(1.,0.,0.));
#6173=DIRECTION('center_axis',(0.710244858494534,0.0261769483078474,0.70346784458095));
#6174=DIRECTION('ref_axis',(0.702990541859347,0.0259095815417731,-0.710727086609644));
#6175=DIRECTION('',(0.,0.,-1.));
#6176=DIRECTION('',(0.,0.,-1.));
#6177=DIRECTION('center_axis',(-0.710244858494526,-0.0261769483078709,0.703467844580957));
#6178=DIRECTION('ref_axis',(0.702990541859372,0.0259095815412727,0.710727086609637));
#6179=DIRECTION('center_axis',(0.,1.,0.));
#6180=DIRECTION('ref_axis',(0.,0.,1.));
#6181=DIRECTION('',(1.,0.,1.42804390677693E-16));
#6182=DIRECTION('',(-0.703708988075645,0.,-0.710488325098697));
#6183=DIRECTION('center_axis',(-1.42798953124073E-16,-0.00872653549837396,
0.999961923064171));
#6184=DIRECTION('ref_axis',(3.85185988877447E-34,-0.999961923064171,-0.00872653549837396));
#6185=DIRECTION('',(-1.,-4.30258751644251E-34,-1.42804390677693E-16));
#6186=DIRECTION('',(-0.0454510766174352,0.998928528238238,0.00871751719835237));
#6187=DIRECTION('',(0.,0.999961923064171,0.00872653549837395));
#6188=DIRECTION('',(-1.24618758457255E-18,0.999961923064171,0.00872653549837395));
#6189=DIRECTION('',(0.0454510766174358,0.998928528238238,0.00871751719835239));
#6190=DIRECTION('center_axis',(-1.,0.,-1.42804390677693E-16));
#6191=DIRECTION('ref_axis',(-1.42804390677693E-16,0.,1.));
#6192=DIRECTION('',(1.,0.,1.42804390677693E-16));
#6193=DIRECTION('',(1.,0.,1.42804390677693E-16));
#6194=DIRECTION('center_axis',(-0.710244858494535,-0.0261769483078806,-0.703467844580947));
#6195=DIRECTION('ref_axis',(0.703954715150113,-0.0264108507931836,-0.709753637523826));
#6196=DIRECTION('center_axis',(-0.710244858494533,0.0261769483078954,0.703467844580949));
#6197=DIRECTION('ref_axis',(0.703954715150116,0.0264108507925973,0.709753637523846));
#6198=DIRECTION('center_axis',(0.,1.,0.));
#6199=DIRECTION('ref_axis',(0.,0.,1.));
#6200=DIRECTION('',(0.,0.,1.));
#6201=DIRECTION('',(0.703708988075637,0.,-0.710488325098705));
#6202=DIRECTION('center_axis',(-0.999961923064171,-0.00872653549837396,
0.));
#6203=DIRECTION('ref_axis',(0.00872653549837396,-0.999961923064171,0.));
#6204=DIRECTION('',(0.,0.,-1.));
#6205=DIRECTION('',(-0.00871730925301966,0.998904700063261,-0.0459718251858061));
#6206=DIRECTION('',(-0.00872653549837395,0.999961923064171,0.));
#6207=DIRECTION('',(-0.00872653549837395,0.999961923064171,0.));
#6208=DIRECTION('',(-0.00871730925301966,0.998904700063261,0.0459718251858068));
#6209=DIRECTION('center_axis',(0.,0.,-1.));
#6210=DIRECTION('ref_axis',(-1.,0.,0.));
#6211=DIRECTION('',(0.,0.,1.));
#6212=DIRECTION('center_axis',(0.710244858494527,-0.0261769483078709,-0.703467844580957));
#6213=DIRECTION('ref_axis',(0.702990541859388,-0.0259095815408342,0.710727086609637));
#6214=DIRECTION('center_axis',(-0.710244858494529,0.0261769483078856,-0.703467844580954));
#6215=DIRECTION('ref_axis',(0.702990541859391,-0.0259095815406744,-0.71072708660964));
#6216=DIRECTION('',(0.,0.,1.));
#6217=DIRECTION('center_axis',(0.,1.,0.));
#6218=DIRECTION('ref_axis',(0.,0.,1.));
#6219=DIRECTION('center_axis',(0.,-1.,0.));
#6220=DIRECTION('ref_axis',(0.,0.,1.));
#6221=DIRECTION('center_axis',(0.,-1.,0.));
#6222=DIRECTION('ref_axis',(0.,0.,1.));
#6223=DIRECTION('center_axis',(0.,-1.,0.));
#6224=DIRECTION('ref_axis',(0.,0.,1.));
#6225=DIRECTION('center_axis',(0.,-1.,0.));
#6226=DIRECTION('ref_axis',(0.,0.,1.));
#6227=DIRECTION('center_axis',(0.,1.,0.));
#6228=DIRECTION('ref_axis',(0.,0.,1.));
#6229=DIRECTION('center_axis',(0.,1.,0.));
#6230=DIRECTION('ref_axis',(0.,0.,1.));
#6231=DIRECTION('',(0.703708988075637,0.,-0.710488325098705));
#6232=DIRECTION('center_axis',(0.,1.,0.));
#6233=DIRECTION('ref_axis',(0.,0.,1.));
#6234=DIRECTION('',(-0.703708988075645,0.,-0.710488325098697));
#6235=DIRECTION('center_axis',(0.,1.,0.));
#6236=DIRECTION('ref_axis',(0.,0.,1.));
#6237=DIRECTION('',(-0.703708988075645,0.,0.710488325098697));
#6238=DIRECTION('center_axis',(0.,-1.,0.));
#6239=DIRECTION('ref_axis',(0.,0.,1.));
#6240=DIRECTION('center_axis',(0.,1.,0.));
#6241=DIRECTION('ref_axis',(0.,0.,-1.));
#6242=DIRECTION('',(0.,0.999013809860284,-0.044400537253948));
#6243=DIRECTION('',(0.044400537253948,0.999013809860284,0.));
#6244=DIRECTION('center_axis',(-0.999013809860285,0.044400537253948,0.));
#6245=DIRECTION('ref_axis',(-0.044400537253948,-0.999013809860285,0.));
#6246=DIRECTION('',(0.044400537253948,0.999013809860284,0.));
#6247=DIRECTION('center_axis',(0.,-1.,0.));
#6248=DIRECTION('ref_axis',(0.,0.,1.));
#6249=DIRECTION('center_axis',(0.,1.,0.));
#6250=DIRECTION('ref_axis',(0.,0.,-1.));
#6251=DIRECTION('center_axis',(0.,-1.,0.));
#6252=DIRECTION('ref_axis',(0.,0.,1.));
#6253=DIRECTION('center_axis',(0.,1.,0.));
#6254=DIRECTION('ref_axis',(0.,0.,-1.));
#6255=DIRECTION('',(-0.044400537253948,0.999013809860284,0.));
#6256=DIRECTION('center_axis',(0.999013809860285,0.044400537253948,0.));
#6257=DIRECTION('ref_axis',(-0.044400537253948,0.999013809860285,0.));
#6258=DIRECTION('',(-0.044400537253948,0.999013809860284,0.));
#6259=DIRECTION('center_axis',(0.,-1.,0.));
#6260=DIRECTION('ref_axis',(0.,0.,1.));
#6261=DIRECTION('center_axis',(0.,1.,0.));
#6262=DIRECTION('ref_axis',(0.,0.,-1.));
#6263=DIRECTION('',(6.34059166831225E-18,0.999013809860284,-0.044400537253948));
#6264=DIRECTION('center_axis',(-1.42663558395699E-16,0.044400537253948,
0.999013809860285));
#6265=DIRECTION('ref_axis',(1.54074395550979E-33,-0.999013809860285,0.044400537253948));
#6266=DIRECTION('center_axis',(0.,1.,0.));
#6267=DIRECTION('ref_axis',(0.,0.,1.));
#6268=DIRECTION('center_axis',(-0.710244858494606,-0.0261769483078762,-0.703467844580876));
#6269=DIRECTION('ref_axis',(-0.0185984161599754,0.999657324975557,-0.0184209538041217));
#6270=DIRECTION('center_axis',(0.,-1.,0.));
#6271=DIRECTION('ref_axis',(0.,0.,1.));
#6272=DIRECTION('center_axis',(-0.710244858494216,0.0261769483078857,-0.70346784458127));
#6273=DIRECTION('ref_axis',(0.0185984161638434,0.999657324975557,0.01842095380023));
#6274=DIRECTION('center_axis',(0.,1.,0.));
#6275=DIRECTION('ref_axis',(0.,0.,1.));
#6276=DIRECTION('center_axis',(0.710244858494614,-0.0261769483078699,-0.703467844580869));
#6277=DIRECTION('ref_axis',(0.0185984161562655,0.999657324975557,-0.0184209538078585));
#6278=DIRECTION('center_axis',(0.,-1.,0.));
#6279=DIRECTION('ref_axis',(0.,0.,1.));
#6280=DIRECTION('center_axis',(0.710244858494637,0.0261769483078767,-0.703467844580845));
#6281=DIRECTION('ref_axis',(-0.0185984161600252,0.999657324975557,0.0184209538040722));
#6282=DIRECTION('center_axis',(0.,1.,0.));
#6283=DIRECTION('ref_axis',(0.,0.,1.));
#6284=DIRECTION('center_axis',(0.71024485849465,-0.0261769483078779,0.703467844580832));
#6285=DIRECTION('ref_axis',(-0.0185984161593395,-0.999657324975557,-0.0184209538047662));
#6286=DIRECTION('center_axis',(0.,-1.,0.));
#6287=DIRECTION('ref_axis',(-1.3365077163704E-14,0.,1.));
#6288=DIRECTION('center_axis',(0.710244858494397,0.026176948307879,0.703467844581087));
#6289=DIRECTION('ref_axis',(0.0185984161564,-0.999657324975557,0.0184209538077356));
#6290=DIRECTION('center_axis',(0.,1.,0.));
#6291=DIRECTION('ref_axis',(0.,0.,1.));
#6292=DIRECTION('center_axis',(-0.710244858494525,-0.0261769483078734,0.703467844580958));
#6293=DIRECTION('ref_axis',(0.0185984161628749,-0.999657324975557,-0.0184209538011904));
#6294=DIRECTION('center_axis',(0.,-1.,0.));
#6295=DIRECTION('ref_axis',(0.,0.,1.));
#6296=DIRECTION('center_axis',(-0.710244858494767,0.0261769483078827,0.703467844580713));
#6297=DIRECTION('ref_axis',(-0.0185984161570103,-0.999657324975557,0.0184209538071247));
#6298=DIRECTION('center_axis',(0.,1.,0.));
#6299=DIRECTION('ref_axis',(0.,0.,1.));
#6300=DIRECTION('',(0.703708988075645,0.,0.710488325098697));
#6301=DIRECTION('center_axis',(0.,1.,0.));
#6302=DIRECTION('ref_axis',(0.,0.,1.));
#6303=DIRECTION('center_axis',(0.,-1.,0.));
#6304=DIRECTION('ref_axis',(0.,0.,-1.));
#6305=DIRECTION('center_axis',(0.,1.,0.));
#6306=DIRECTION('ref_axis',(0.,0.,1.));
#6307=DIRECTION('center_axis',(0.,-1.,0.));
#6308=DIRECTION('ref_axis',(0.,0.,-1.));
#6309=DIRECTION('center_axis',(0.,1.,0.));
#6310=DIRECTION('ref_axis',(0.,0.,1.));
#6311=DIRECTION('center_axis',(0.,-1.,0.));
#6312=DIRECTION('ref_axis',(0.,0.,-1.));
#6313=DIRECTION('center_axis',(0.,1.,0.));
#6314=DIRECTION('ref_axis',(0.,0.,1.));
#6315=DIRECTION('center_axis',(0.,-1.,0.));
#6316=DIRECTION('ref_axis',(0.,0.,-1.));
#6317=DIRECTION('center_axis',(0.,1.,0.));
#6318=DIRECTION('ref_axis',(0.,0.,1.));
#6319=DIRECTION('center_axis',(0.,1.,0.));
#6320=DIRECTION('ref_axis',(0.,0.,1.));
#6321=DIRECTION('center_axis',(0.,1.,0.));
#6322=DIRECTION('ref_axis',(0.,0.,1.));
#6323=DIRECTION('center_axis',(0.,1.,0.));
#6324=DIRECTION('ref_axis',(0.,0.,1.));
#6325=DIRECTION('center_axis',(0.,-1.,-1.22402088464924E-16));
#6326=DIRECTION('ref_axis',(0.,1.22402088464924E-16,-1.));
#6327=DIRECTION('center_axis',(0.,-1.,-1.22402088464924E-16));
#6328=DIRECTION('ref_axis',(0.,1.22402088464924E-16,-1.));
#6329=DIRECTION('center_axis',(0.,-1.,-1.22402088464924E-16));
#6330=DIRECTION('ref_axis',(0.,1.22402088464924E-16,-1.));
#6331=DIRECTION('center_axis',(0.,-1.,1.22402088464924E-16));
#6332=DIRECTION('ref_axis',(0.,1.22402088464924E-16,1.));
#6333=DIRECTION('center_axis',(0.,-1.,1.22402088464924E-16));
#6334=DIRECTION('ref_axis',(0.,1.22402088464924E-16,1.));
#6335=DIRECTION('center_axis',(0.,-1.,1.22402088464924E-16));
#6336=DIRECTION('ref_axis',(0.,1.22402088464924E-16,1.));
#6337=DIRECTION('center_axis',(0.,-1.,-1.22402088464924E-16));
#6338=DIRECTION('ref_axis',(0.,1.22402088464924E-16,-1.));
#6339=DIRECTION('center_axis',(0.,-1.,-1.22402088464924E-16));
#6340=DIRECTION('ref_axis',(0.,1.22402088464924E-16,-1.));
#6341=DIRECTION('center_axis',(0.,-1.,-1.22402088464924E-16));
#6342=DIRECTION('ref_axis',(0.,1.22402088464924E-16,-1.));
#6343=DIRECTION('center_axis',(0.,-1.,1.22402088464924E-16));
#6344=DIRECTION('ref_axis',(0.,1.22402088464924E-16,1.));
#6345=DIRECTION('center_axis',(0.,-1.,1.22402088464924E-16));
#6346=DIRECTION('ref_axis',(0.,1.22402088464924E-16,1.));
#6347=DIRECTION('center_axis',(0.,-1.,1.22402088464924E-16));
#6348=DIRECTION('ref_axis',(0.,1.22402088464924E-16,1.));
#6349=DIRECTION('center_axis',(0.,1.,0.));
#6350=DIRECTION('ref_axis',(-0.703708988075637,0.,0.710488325098705));
#6351=DIRECTION('',(0.703708988075637,0.,-0.710488325098705));
#6352=DIRECTION('',(-0.703708988075637,0.,0.710488325098705));
#6353=DIRECTION('center_axis',(-0.710244858494535,-0.0261769483078732,-0.703467844580948));
#6354=DIRECTION('ref_axis',(-0.703708988075637,-1.56125112837913E-17,0.710488325098705));
#6355=DIRECTION('center_axis',(0.710244858494535,-0.0261769483078732,0.703467844580948));
#6356=DIRECTION('ref_axis',(0.703708988075637,-1.56125112837913E-17,-0.710488325098705));
#6357=DIRECTION('center_axis',(0.,1.,0.));
#6358=DIRECTION('ref_axis',(0.703708988075645,0.,0.710488325098697));
#6359=DIRECTION('',(-0.703708988075645,0.,-0.710488325098697));
#6360=DIRECTION('',(0.703708988075645,0.,0.710488325098697));
#6361=DIRECTION('center_axis',(-0.710244858494527,-0.0261769483078732,0.703467844580956));
#6362=DIRECTION('ref_axis',(0.703708988075646,1.73472347597681E-17,0.710488325098697));
#6363=DIRECTION('center_axis',(0.710244858494527,-0.0261769483078732,-0.703467844580956));
#6364=DIRECTION('ref_axis',(-0.703708988075646,1.73472347597681E-17,-0.710488325098697));
#6365=DIRECTION('center_axis',(0.,1.,0.));
#6366=DIRECTION('ref_axis',(0.703708988075645,0.,-0.710488325098697));
#6367=DIRECTION('',(-0.703708988075645,0.,0.710488325098697));
#6368=DIRECTION('',(0.703708988075645,0.,-0.710488325098697));
#6369=DIRECTION('center_axis',(0.710244858494527,-0.0261769483078732,0.703467844580956));
#6370=DIRECTION('ref_axis',(0.703708988075646,-1.73472347597681E-17,-0.710488325098697));
#6371=DIRECTION('center_axis',(-0.710244858494527,-0.0261769483078732,-0.703467844580956));
#6372=DIRECTION('ref_axis',(-0.703708988075646,-1.73472347597681E-17,0.710488325098697));
#6373=DIRECTION('center_axis',(0.710244858494527,-0.0261769483078732,-0.703467844580956));
#6374=DIRECTION('ref_axis',(-0.703708988075646,1.73472347597681E-17,-0.710488325098697));
#6375=DIRECTION('',(-0.703708988075645,0.,-0.710488325098697));
#6376=DIRECTION('center_axis',(0.,1.,0.));
#6377=DIRECTION('ref_axis',(-0.703708988075645,0.,-0.710488325098697));
#6378=DIRECTION('',(-0.703708988075645,0.,-0.710488325098697));
#6379=DIRECTION('center_axis',(-0.710244858494527,-0.0261769483078732,0.703467844580956));
#6380=DIRECTION('ref_axis',(0.703708988075646,1.73472347597681E-17,0.710488325098697));
#6381=DIRECTION('center_axis',(0.,1.,1.22402088464924E-16));
#6382=DIRECTION('ref_axis',(0.,-1.22402088464924E-16,1.));
#6383=DIRECTION('center_axis',(0.,1.,1.22402088464924E-16));
#6384=DIRECTION('ref_axis',(0.,-1.22402088464924E-16,1.));
#6385=DIRECTION('',(-8.65956056235494E-17,0.707106781186547,-0.707106781186548));
#6386=DIRECTION('center_axis',(0.,1.,1.22402088464924E-16));
#6387=DIRECTION('ref_axis',(0.,-1.22402088464924E-16,1.));
#6388=DIRECTION('center_axis',(0.,1.,1.22402088464924E-16));
#6389=DIRECTION('ref_axis',(0.,-1.22402088464924E-16,1.));
#6390=DIRECTION('center_axis',(0.,1.,1.22402088464924E-16));
#6391=DIRECTION('ref_axis',(0.,-1.22402088464924E-16,1.));
#6392=DIRECTION('',(0.,1.,1.22402088464924E-16));
#6393=DIRECTION('center_axis',(0.,1.,1.22402088464924E-16));
#6394=DIRECTION('ref_axis',(0.,-1.22402088464924E-16,1.));
#6395=DIRECTION('center_axis',(0.,1.,1.22402088464924E-16));
#6396=DIRECTION('ref_axis',(0.,-1.22402088464924E-16,1.));
#6397=DIRECTION('',(8.65956056235492E-17,-0.707106781186549,0.707106781186546));
#6398=DIRECTION('center_axis',(0.,1.,1.22402088464924E-16));
#6399=DIRECTION('ref_axis',(0.,-1.22402088464924E-16,1.));
#6400=DIRECTION('center_axis',(0.,1.,1.22402088464924E-16));
#6401=DIRECTION('ref_axis',(0.,-1.22402088464924E-16,1.));
#6402=DIRECTION('center_axis',(0.,1.,1.22402088464924E-16));
#6403=DIRECTION('ref_axis',(0.,-1.22402088464924E-16,1.));
#6404=DIRECTION('',(0.,-1.,-1.22402088464924E-16));
#6405=DIRECTION('center_axis',(0.,1.,1.22402088464924E-16));
#6406=DIRECTION('ref_axis',(0.,-1.22402088464924E-16,1.));
#6407=DIRECTION('center_axis',(0.,1.,1.22402088464924E-16));
#6408=DIRECTION('ref_axis',(0.,-1.22402088464924E-16,1.));
#6409=DIRECTION('',(0.,-1.,-1.22402088464924E-16));
#6410=DIRECTION('center_axis',(0.,1.,1.22402088464924E-16));
#6411=DIRECTION('ref_axis',(0.,-1.22402088464924E-16,1.));
#6412=DIRECTION('center_axis',(0.,1.,1.22402088464924E-16));
#6413=DIRECTION('ref_axis',(0.,-1.22402088464924E-16,1.));
#6414=DIRECTION('center_axis',(0.,1.,1.22402088464924E-16));
#6415=DIRECTION('ref_axis',(0.,-1.22402088464924E-16,1.));
#6416=DIRECTION('',(0.,-1.,-1.22402088464924E-16));
#6417=DIRECTION('center_axis',(0.,1.,1.22402088464924E-16));
#6418=DIRECTION('ref_axis',(0.,-1.22402088464924E-16,1.));
#6419=DIRECTION('center_axis',(0.,1.,1.22402088464924E-16));
#6420=DIRECTION('ref_axis',(0.,-1.22402088464924E-16,1.));
#6421=DIRECTION('center_axis',(0.,1.,1.22402088464924E-16));
#6422=DIRECTION('ref_axis',(0.,-1.22402088464924E-16,1.));
#6423=DIRECTION('center_axis',(0.,1.,1.22402088464924E-16));
#6424=DIRECTION('ref_axis',(0.,-1.22402088464924E-16,1.));
#6425=DIRECTION('',(0.,-1.,-1.22402088464924E-16));
#6426=DIRECTION('center_axis',(0.,1.,1.22402088464924E-16));
#6427=DIRECTION('ref_axis',(0.,-1.22402088464924E-16,1.));
#6428=DIRECTION('center_axis',(0.,-1.,-1.22402088464924E-16));
#6429=DIRECTION('ref_axis',(0.,1.22402088464924E-16,-1.));
#6430=DIRECTION('',(8.65956056235495E-17,0.707106781186546,-0.707106781186549));
#6431=DIRECTION('center_axis',(0.,1.,1.22402088464924E-16));
#6432=DIRECTION('ref_axis',(0.,-1.22402088464924E-16,1.));
#6433=DIRECTION('center_axis',(0.,-1.,-1.22402088464924E-16));
#6434=DIRECTION('ref_axis',(-1.22402088464924E-16,1.22402088464924E-16,
-1.));
#6435=DIRECTION('center_axis',(0.,1.,1.22402088464924E-16));
#6436=DIRECTION('ref_axis',(1.22402088464924E-16,-1.22402088464924E-16,
1.));
#6437=DIRECTION('center_axis',(0.,-1.,-1.22402088464924E-16));
#6438=DIRECTION('ref_axis',(-1.22402088464924E-16,1.22402088464924E-16,
-1.));
#6439=DIRECTION('center_axis',(0.,1.,1.22402088464924E-16));
#6440=DIRECTION('ref_axis',(1.22402088464924E-16,-1.22402088464924E-16,
1.));
#6441=DIRECTION('center_axis',(0.,1.,1.22402088464924E-16));
#6442=DIRECTION('ref_axis',(1.22402088464924E-16,-1.22402088464924E-16,
1.));
#6443=DIRECTION('center_axis',(0.,1.,-1.22402088464924E-16));
#6444=DIRECTION('ref_axis',(0.,-1.22402088464924E-16,-1.));
#6445=DIRECTION('center_axis',(0.,-1.,1.22402088464924E-16));
#6446=DIRECTION('ref_axis',(0.,-1.22402088464924E-16,-1.));
#6447=DIRECTION('',(8.65956056235494E-17,0.707106781186547,0.707106781186548));
#6448=DIRECTION('center_axis',(0.,-1.,1.22402088464924E-16));
#6449=DIRECTION('ref_axis',(0.,-1.22402088464924E-16,-1.));
#6450=DIRECTION('center_axis',(0.,1.,-1.22402088464924E-16));
#6451=DIRECTION('ref_axis',(0.,-1.22402088464924E-16,-1.));
#6452=DIRECTION('center_axis',(0.,-1.,1.22402088464924E-16));
#6453=DIRECTION('ref_axis',(0.,-1.22402088464924E-16,-1.));
#6454=DIRECTION('',(0.,1.,-1.22402088464924E-16));
#6455=DIRECTION('center_axis',(0.,1.,-1.22402088464924E-16));
#6456=DIRECTION('ref_axis',(0.,-1.22402088464924E-16,-1.));
#6457=DIRECTION('center_axis',(0.,-1.,1.22402088464924E-16));
#6458=DIRECTION('ref_axis',(0.,-1.22402088464924E-16,-1.));
#6459=DIRECTION('',(-8.65956056235492E-17,-0.707106781186549,-0.707106781186546));
#6460=DIRECTION('center_axis',(0.,-1.,1.22402088464924E-16));
#6461=DIRECTION('ref_axis',(0.,-1.22402088464924E-16,-1.));
#6462=DIRECTION('center_axis',(0.,1.,-1.22402088464924E-16));
#6463=DIRECTION('ref_axis',(0.,-1.22402088464924E-16,-1.));
#6464=DIRECTION('center_axis',(0.,-1.,1.22402088464924E-16));
#6465=DIRECTION('ref_axis',(0.,-1.22402088464924E-16,-1.));
#6466=DIRECTION('',(0.,-1.,1.22402088464924E-16));
#6467=DIRECTION('center_axis',(0.,1.,-1.22402088464924E-16));
#6468=DIRECTION('ref_axis',(0.,-1.22402088464924E-16,-1.));
#6469=DIRECTION('center_axis',(0.,-1.,1.22402088464924E-16));
#6470=DIRECTION('ref_axis',(0.,-1.22402088464924E-16,-1.));
#6471=DIRECTION('',(0.,-1.,1.22402088464924E-16));
#6472=DIRECTION('center_axis',(0.,-1.,1.22402088464924E-16));
#6473=DIRECTION('ref_axis',(0.,-1.22402088464924E-16,-1.));
#6474=DIRECTION('center_axis',(0.,1.,-1.22402088464924E-16));
#6475=DIRECTION('ref_axis',(0.,-1.22402088464924E-16,-1.));
#6476=DIRECTION('center_axis',(0.,-1.,1.22402088464924E-16));
#6477=DIRECTION('ref_axis',(0.,-1.22402088464924E-16,-1.));
#6478=DIRECTION('',(0.,-1.,1.22402088464924E-16));
#6479=DIRECTION('center_axis',(0.,-1.,1.22402088464924E-16));
#6480=DIRECTION('ref_axis',(0.,-1.22402088464924E-16,-1.));
#6481=DIRECTION('center_axis',(0.,1.,-1.22402088464924E-16));
#6482=DIRECTION('ref_axis',(0.,-1.22402088464924E-16,-1.));
#6483=DIRECTION('center_axis',(0.,-1.,1.22402088464924E-16));
#6484=DIRECTION('ref_axis',(0.,-1.22402088464924E-16,-1.));
#6485=DIRECTION('',(0.,-1.,1.22402088464924E-16));
#6486=DIRECTION('center_axis',(0.,-1.,1.22402088464924E-16));
#6487=DIRECTION('ref_axis',(0.,-1.22402088464924E-16,-1.));
#6488=DIRECTION('center_axis',(0.,-1.,1.22402088464924E-16));
#6489=DIRECTION('ref_axis',(0.,-1.22402088464924E-16,-1.));
#6490=DIRECTION('center_axis',(0.,-1.,1.22402088464924E-16));
#6491=DIRECTION('ref_axis',(0.,1.22402088464924E-16,1.));
#6492=DIRECTION('',(-8.65956056235495E-17,0.707106781186546,0.707106781186549));
#6493=DIRECTION('center_axis',(0.,-1.,1.22402088464924E-16));
#6494=DIRECTION('ref_axis',(0.,-1.22402088464924E-16,-1.));
#6495=DIRECTION('center_axis',(0.,-1.,1.22402088464924E-16));
#6496=DIRECTION('ref_axis',(-1.22402088464924E-16,1.22402088464924E-16,
1.));
#6497=DIRECTION('center_axis',(0.,1.,-1.22402088464924E-16));
#6498=DIRECTION('ref_axis',(1.22402088464924E-16,-1.22402088464924E-16,
-1.));
#6499=DIRECTION('center_axis',(0.,-1.,1.22402088464924E-16));
#6500=DIRECTION('ref_axis',(-1.22402088464924E-16,1.22402088464924E-16,
1.));
#6501=DIRECTION('center_axis',(0.,1.,-1.22402088464924E-16));
#6502=DIRECTION('ref_axis',(1.22402088464924E-16,-1.22402088464924E-16,
-1.));
#6503=DIRECTION('center_axis',(0.,1.,-1.22402088464924E-16));
#6504=DIRECTION('ref_axis',(1.22402088464924E-16,-1.22402088464924E-16,
-1.));
#6505=DIRECTION('center_axis',(0.,1.,-1.22402088464924E-16));
#6506=DIRECTION('ref_axis',(0.,-1.22402088464924E-16,-1.));
#6507=DIRECTION('center_axis',(0.,1.,-1.22402088464924E-16));
#6508=DIRECTION('ref_axis',(0.,-1.22402088464924E-16,-1.));
#6509=DIRECTION('',(8.65956056235494E-17,0.707106781186547,0.707106781186548));
#6510=DIRECTION('center_axis',(0.,1.,-1.22402088464924E-16));
#6511=DIRECTION('ref_axis',(0.,-1.22402088464924E-16,-1.));
#6512=DIRECTION('center_axis',(0.,1.,-1.22402088464924E-16));
#6513=DIRECTION('ref_axis',(0.,-1.22402088464924E-16,-1.));
#6514=DIRECTION('center_axis',(0.,1.,-1.22402088464924E-16));
#6515=DIRECTION('ref_axis',(0.,-1.22402088464924E-16,-1.));
#6516=DIRECTION('',(0.,1.,-1.22402088464924E-16));
#6517=DIRECTION('center_axis',(0.,1.,-1.22402088464924E-16));
#6518=DIRECTION('ref_axis',(0.,-1.22402088464924E-16,-1.));
#6519=DIRECTION('center_axis',(0.,1.,-1.22402088464924E-16));
#6520=DIRECTION('ref_axis',(0.,-1.22402088464924E-16,-1.));
#6521=DIRECTION('',(-8.65956056235492E-17,-0.707106781186549,-0.707106781186546));
#6522=DIRECTION('center_axis',(0.,1.,-1.22402088464924E-16));
#6523=DIRECTION('ref_axis',(0.,-1.22402088464924E-16,-1.));
#6524=DIRECTION('center_axis',(0.,1.,-1.22402088464924E-16));
#6525=DIRECTION('ref_axis',(0.,-1.22402088464924E-16,-1.));
#6526=DIRECTION('center_axis',(0.,1.,-1.22402088464924E-16));
#6527=DIRECTION('ref_axis',(0.,-1.22402088464924E-16,-1.));
#6528=DIRECTION('',(0.,-1.,1.22402088464924E-16));
#6529=DIRECTION('center_axis',(0.,1.,-1.22402088464924E-16));
#6530=DIRECTION('ref_axis',(0.,-1.22402088464924E-16,-1.));
#6531=DIRECTION('center_axis',(0.,1.,-1.22402088464924E-16));
#6532=DIRECTION('ref_axis',(0.,-1.22402088464924E-16,-1.));
#6533=DIRECTION('',(0.,-1.,1.22402088464924E-16));
#6534=DIRECTION('center_axis',(0.,1.,-1.22402088464924E-16));
#6535=DIRECTION('ref_axis',(0.,-1.22402088464924E-16,-1.));
#6536=DIRECTION('center_axis',(0.,1.,-1.22402088464924E-16));
#6537=DIRECTION('ref_axis',(0.,-1.22402088464924E-16,-1.));
#6538=DIRECTION('center_axis',(0.,1.,-1.22402088464924E-16));
#6539=DIRECTION('ref_axis',(0.,-1.22402088464924E-16,-1.));
#6540=DIRECTION('',(0.,-1.,1.22402088464924E-16));
#6541=DIRECTION('center_axis',(0.,1.,-1.22402088464924E-16));
#6542=DIRECTION('ref_axis',(0.,-1.22402088464924E-16,-1.));
#6543=DIRECTION('center_axis',(0.,1.,-1.22402088464924E-16));
#6544=DIRECTION('ref_axis',(0.,-1.22402088464924E-16,-1.));
#6545=DIRECTION('center_axis',(0.,1.,-1.22402088464924E-16));
#6546=DIRECTION('ref_axis',(0.,-1.22402088464924E-16,-1.));
#6547=DIRECTION('center_axis',(0.,1.,-1.22402088464924E-16));
#6548=DIRECTION('ref_axis',(0.,-1.22402088464924E-16,-1.));
#6549=DIRECTION('',(0.,-1.,1.22402088464924E-16));
#6550=DIRECTION('center_axis',(0.,1.,-1.22402088464924E-16));
#6551=DIRECTION('ref_axis',(0.,-1.22402088464924E-16,-1.));
#6552=DIRECTION('center_axis',(0.,-1.,1.22402088464924E-16));
#6553=DIRECTION('ref_axis',(0.,1.22402088464924E-16,1.));
#6554=DIRECTION('',(-8.65956056235495E-17,0.707106781186546,0.707106781186549));
#6555=DIRECTION('center_axis',(0.,1.,-1.22402088464924E-16));
#6556=DIRECTION('ref_axis',(0.,-1.22402088464924E-16,-1.));
#6557=DIRECTION('center_axis',(0.,-1.,1.22402088464924E-16));
#6558=DIRECTION('ref_axis',(1.22402088464924E-16,1.22402088464924E-16,1.));
#6559=DIRECTION('center_axis',(0.,1.,-1.22402088464924E-16));
#6560=DIRECTION('ref_axis',(-1.22402088464924E-16,-1.22402088464924E-16,
-1.));
#6561=DIRECTION('center_axis',(0.,-1.,1.22402088464924E-16));
#6562=DIRECTION('ref_axis',(1.22402088464924E-16,1.22402088464924E-16,1.));
#6563=DIRECTION('center_axis',(0.,1.,-1.22402088464924E-16));
#6564=DIRECTION('ref_axis',(-1.22402088464924E-16,-1.22402088464924E-16,
-1.));
#6565=DIRECTION('center_axis',(0.,1.,-1.22402088464924E-16));
#6566=DIRECTION('ref_axis',(-1.22402088464924E-16,-1.22402088464924E-16,
-1.));
#6567=DIRECTION('center_axis',(0.,1.,1.22402088464924E-16));
#6568=DIRECTION('ref_axis',(0.,-1.22402088464924E-16,1.));
#6569=DIRECTION('center_axis',(0.,-1.,-1.22402088464924E-16));
#6570=DIRECTION('ref_axis',(0.,-1.22402088464924E-16,1.));
#6571=DIRECTION('',(-8.65956056235494E-17,0.707106781186547,-0.707106781186548));
#6572=DIRECTION('center_axis',(0.,-1.,-1.22402088464924E-16));
#6573=DIRECTION('ref_axis',(0.,-1.22402088464924E-16,1.));
#6574=DIRECTION('center_axis',(0.,1.,1.22402088464924E-16));
#6575=DIRECTION('ref_axis',(0.,-1.22402088464924E-16,1.));
#6576=DIRECTION('center_axis',(0.,-1.,-1.22402088464924E-16));
#6577=DIRECTION('ref_axis',(0.,-1.22402088464924E-16,1.));
#6578=DIRECTION('',(0.,1.,1.22402088464924E-16));
#6579=DIRECTION('center_axis',(0.,1.,1.22402088464924E-16));
#6580=DIRECTION('ref_axis',(0.,-1.22402088464924E-16,1.));
#6581=DIRECTION('center_axis',(0.,-1.,-1.22402088464924E-16));
#6582=DIRECTION('ref_axis',(0.,-1.22402088464924E-16,1.));
#6583=DIRECTION('',(8.65956056235492E-17,-0.707106781186549,0.707106781186546));
#6584=DIRECTION('center_axis',(0.,-1.,-1.22402088464924E-16));
#6585=DIRECTION('ref_axis',(0.,-1.22402088464924E-16,1.));
#6586=DIRECTION('center_axis',(0.,1.,1.22402088464924E-16));
#6587=DIRECTION('ref_axis',(0.,-1.22402088464924E-16,1.));
#6588=DIRECTION('center_axis',(0.,-1.,-1.22402088464924E-16));
#6589=DIRECTION('ref_axis',(0.,-1.22402088464924E-16,1.));
#6590=DIRECTION('',(0.,-1.,-1.22402088464924E-16));
#6591=DIRECTION('center_axis',(0.,1.,1.22402088464924E-16));
#6592=DIRECTION('ref_axis',(0.,-1.22402088464924E-16,1.));
#6593=DIRECTION('center_axis',(0.,-1.,-1.22402088464924E-16));
#6594=DIRECTION('ref_axis',(0.,-1.22402088464924E-16,1.));
#6595=DIRECTION('',(0.,-1.,-1.22402088464924E-16));
#6596=DIRECTION('center_axis',(0.,-1.,-1.22402088464924E-16));
#6597=DIRECTION('ref_axis',(0.,-1.22402088464924E-16,1.));
#6598=DIRECTION('center_axis',(0.,1.,1.22402088464924E-16));
#6599=DIRECTION('ref_axis',(0.,-1.22402088464924E-16,1.));
#6600=DIRECTION('center_axis',(0.,-1.,-1.22402088464924E-16));
#6601=DIRECTION('ref_axis',(0.,-1.22402088464924E-16,1.));
#6602=DIRECTION('',(0.,-1.,-1.22402088464924E-16));
#6603=DIRECTION('center_axis',(0.,-1.,-1.22402088464924E-16));
#6604=DIRECTION('ref_axis',(0.,-1.22402088464924E-16,1.));
#6605=DIRECTION('center_axis',(0.,1.,1.22402088464924E-16));
#6606=DIRECTION('ref_axis',(0.,-1.22402088464924E-16,1.));
#6607=DIRECTION('center_axis',(0.,-1.,-1.22402088464924E-16));
#6608=DIRECTION('ref_axis',(0.,-1.22402088464924E-16,1.));
#6609=DIRECTION('',(0.,-1.,-1.22402088464924E-16));
#6610=DIRECTION('center_axis',(0.,-1.,-1.22402088464924E-16));
#6611=DIRECTION('ref_axis',(0.,-1.22402088464924E-16,1.));
#6612=DIRECTION('center_axis',(0.,-1.,-1.22402088464924E-16));
#6613=DIRECTION('ref_axis',(0.,-1.22402088464924E-16,1.));
#6614=DIRECTION('center_axis',(0.,-1.,-1.22402088464924E-16));
#6615=DIRECTION('ref_axis',(0.,1.22402088464924E-16,-1.));
#6616=DIRECTION('',(8.65956056235495E-17,0.707106781186546,-0.707106781186549));
#6617=DIRECTION('center_axis',(0.,-1.,-1.22402088464924E-16));
#6618=DIRECTION('ref_axis',(0.,-1.22402088464924E-16,1.));
#6619=DIRECTION('center_axis',(0.,-1.,-1.22402088464924E-16));
#6620=DIRECTION('ref_axis',(1.22402088464924E-16,1.22402088464924E-16,-1.));
#6621=DIRECTION('center_axis',(0.,1.,1.22402088464924E-16));
#6622=DIRECTION('ref_axis',(-1.22402088464924E-16,-1.22402088464924E-16,
1.));
#6623=DIRECTION('center_axis',(0.,-1.,-1.22402088464924E-16));
#6624=DIRECTION('ref_axis',(1.22402088464924E-16,1.22402088464924E-16,-1.));
#6625=DIRECTION('center_axis',(0.,1.,1.22402088464924E-16));
#6626=DIRECTION('ref_axis',(-1.22402088464924E-16,-1.22402088464924E-16,
1.));
#6627=DIRECTION('center_axis',(0.,1.,1.22402088464924E-16));
#6628=DIRECTION('ref_axis',(-1.22402088464924E-16,-1.22402088464924E-16,
1.));
#6629=DIRECTION('',(0.,1.66533453693773E-16,1.));
#6630=DIRECTION('',(-1.,0.,0.));
#6631=DIRECTION('',(0.,0.,1.));
#6632=DIRECTION('',(1.,0.,0.));
#6633=CARTESIAN_POINT('',(0.,0.,0.));
#6634=CARTESIAN_POINT('',(0.,0.,0.));
#6635=CARTESIAN_POINT('Origin',(1.815,-1.007,0.662500000000001));
#6636=CARTESIAN_POINT('',(1.815,0.,0.912500000000001));
#6637=CARTESIAN_POINT('',(2.065,0.,0.662500000000001));
#6638=CARTESIAN_POINT('Origin',(1.815,-1.74838271594513E-16,0.662500000000001));
#6639=CARTESIAN_POINT('',(2.065,-0.107,0.662500000000001));
#6640=CARTESIAN_POINT('',(2.065,-1.007,0.662500000000001));
#6641=CARTESIAN_POINT('',(1.815,-0.107,0.912500000000001));
#6642=CARTESIAN_POINT('Origin',(1.815,-0.107,0.662500000000001));
#6643=CARTESIAN_POINT('',(1.815,-1.007,0.912500000000001));
#6644=CARTESIAN_POINT('Origin',(2.065,-1.007,0.662500000000001));
#6645=CARTESIAN_POINT('',(2.065,0.,-0.687499999999999));
#6646=CARTESIAN_POINT('',(2.065,0.,1.386));
#6647=CARTESIAN_POINT('',(2.065,-0.107,-0.687499999999999));
#6648=CARTESIAN_POINT('',(2.065,-1.007,-0.687499999999999));
#6649=CARTESIAN_POINT('',(2.065,-0.107,1.386));
#6650=CARTESIAN_POINT('Origin',(1.815,-1.007,-0.687499999999999));
#6651=CARTESIAN_POINT('',(1.815,-0.107,-0.937499999999999));
#6652=CARTESIAN_POINT('Origin',(1.815,-0.107000000000001,-0.687499999999999));
#6653=CARTESIAN_POINT('',(1.815,0.,-0.937499999999999));
#6654=CARTESIAN_POINT('Origin',(1.815,-5.24514814783538E-16,-0.687499999999999));
#6655=CARTESIAN_POINT('',(1.815,-1.007,-0.937499999999999));
#6656=CARTESIAN_POINT('Origin',(1.815,-1.007,-0.937499999999999));
#6657=CARTESIAN_POINT('',(-0.184999999999998,0.,-0.937499999999999));
#6658=CARTESIAN_POINT('',(-0.523499999999999,0.,-0.937499999999999));
#6659=CARTESIAN_POINT('',(-0.184999999999998,-0.107,-0.937499999999999));
#6660=CARTESIAN_POINT('',(-0.184999999999998,-1.007,-0.937499999999999));
#6661=CARTESIAN_POINT('',(-0.523499999999999,-0.107,-0.937499999999999));
#6662=CARTESIAN_POINT('Origin',(-0.184999999999998,-1.007,0.912500000000001));
#6663=CARTESIAN_POINT('',(-0.184999999999998,-0.107,0.912500000000001));
#6664=CARTESIAN_POINT('',(-1.5235,-0.107,0.912500000000001));
#6665=CARTESIAN_POINT('',(-0.184999999999998,0.,0.912500000000001));
#6666=CARTESIAN_POINT('',(-0.184999999999998,-1.007,0.912500000000001));
#6667=CARTESIAN_POINT('',(-1.5235,0.,0.912500000000001));
#6668=CARTESIAN_POINT('Origin',(-0.184999999999998,-1.007,0.662500000000001));
#6669=CARTESIAN_POINT('',(-0.434999999999998,0.,0.662500000000001));
#6670=CARTESIAN_POINT('Origin',(-0.184999999999998,-1.74838271594513E-16,
0.662500000000001));
#6671=CARTESIAN_POINT('',(-0.434999999999998,-0.107,0.662500000000001));
#6672=CARTESIAN_POINT('Origin',(-0.184999999999998,-0.107,0.662500000000001));
#6673=CARTESIAN_POINT('',(-0.434999999999998,-1.007,0.662500000000001));
#6674=CARTESIAN_POINT('Origin',(-0.434999999999998,-1.007,-0.687499999999999));
#6675=CARTESIAN_POINT('',(-0.434999999999998,0.,-0.687499999999999));
#6676=CARTESIAN_POINT('',(-0.434999999999998,0.,0.711000000000001));
#6677=CARTESIAN_POINT('',(-0.434999999999998,-0.107,-0.687499999999999));
#6678=CARTESIAN_POINT('',(-0.434999999999998,-0.107,0.711000000000001));
#6679=CARTESIAN_POINT('',(-0.434999999999998,-1.007,-0.687499999999999));
#6680=CARTESIAN_POINT('Origin',(-0.184999999999998,-1.007,-0.687499999999999));
#6681=CARTESIAN_POINT('Origin',(-0.184999999999998,-5.24514814783538E-16,
-0.687499999999999));
#6682=CARTESIAN_POINT('Origin',(-0.184999999999998,-0.107000000000001,-0.687499999999999));
#6683=CARTESIAN_POINT('Origin',(1.525,-1.007,1.5425));
#6684=CARTESIAN_POINT('',(1.7125,-0.107,1.5425));
#6685=CARTESIAN_POINT('Origin',(1.525,-0.107,1.5425));
#6686=CARTESIAN_POINT('',(1.7125,-1.74838271594513E-16,1.5425));
#6687=CARTESIAN_POINT('',(1.7125,-1.007,1.5425));
#6688=CARTESIAN_POINT('Origin',(1.525,-1.74838271594513E-16,1.5425));
#6689=CARTESIAN_POINT('Origin',(0.275000000000001,-1.007,1.5425));
#6690=CARTESIAN_POINT('',(0.462500000000001,-0.107,1.5425));
#6691=CARTESIAN_POINT('Origin',(0.275000000000001,-0.107,1.5425));
#6692=CARTESIAN_POINT('',(0.462500000000001,-1.74838271594513E-16,1.5425));
#6693=CARTESIAN_POINT('',(0.462500000000001,-1.007,1.5425));
#6694=CARTESIAN_POINT('Origin',(0.275000000000001,-1.74838271594513E-16,
1.5425));
#6695=CARTESIAN_POINT('Origin',(-2.72,0.123,-1.97));
#6696=CARTESIAN_POINT('',(-2.72,-0.0464206308043775,-2.09));
#6697=CARTESIAN_POINT('Origin',(-2.72,-0.0464206308043775,-1.97));
#6698=CARTESIAN_POINT('',(-2.72,-0.107,-2.09));
#6699=CARTESIAN_POINT('',(-2.72,0.123,-2.09));
#6700=CARTESIAN_POINT('Origin',(-2.72,-0.107,-1.97));
#6701=CARTESIAN_POINT('Origin',(-2.72,-0.0464206308043775,-1.97));
#6702=CARTESIAN_POINT('',(-2.72,0.0179999999999999,-2.034));
#6703=CARTESIAN_POINT('Origin',(-2.72,0.018,-1.97));
#6704=CARTESIAN_POINT('',(-2.72,-0.0464206308043775,-2.09));
#6705=CARTESIAN_POINT('Origin',(-2.72,0.123,-1.97));
#6706=CARTESIAN_POINT('',(-2.72,0.128,-2.034));
#6707=CARTESIAN_POINT('Origin',(-2.72,0.128,-1.97));
#6708=CARTESIAN_POINT('',(-2.72,0.123,-2.034));
#6709=CARTESIAN_POINT('Origin',(2.72,0.123,-1.97));
#6710=CARTESIAN_POINT('',(2.72,-0.0464206308043775,-2.09));
#6711=CARTESIAN_POINT('Origin',(2.72,-0.0464206308043775,-1.97));
#6712=CARTESIAN_POINT('',(2.72,-0.107,-2.09));
#6713=CARTESIAN_POINT('',(2.72,0.123,-2.09));
#6714=CARTESIAN_POINT('Origin',(2.72,-0.107,-1.97));
#6715=CARTESIAN_POINT('Origin',(2.72,-0.0464206308043775,-1.97));
#6716=CARTESIAN_POINT('',(2.72,0.0179999999999999,-2.034));
#6717=CARTESIAN_POINT('Origin',(2.72,0.018,-1.97));
#6718=CARTESIAN_POINT('',(2.72,-0.0464206308043775,-2.09));
#6719=CARTESIAN_POINT('Origin',(2.72,0.123,-1.97));
#6720=CARTESIAN_POINT('',(2.72,0.128,-2.034));
#6721=CARTESIAN_POINT('Origin',(2.72,0.128,-1.97));
#6722=CARTESIAN_POINT('',(2.72,0.123,-2.034));
#6723=CARTESIAN_POINT('Origin',(-2.72,0.123,1.97));
#6724=CARTESIAN_POINT('',(-2.72,-0.0464206308043775,2.09));
#6725=CARTESIAN_POINT('Origin',(-2.72,-0.0464206308043775,1.97));
#6726=CARTESIAN_POINT('',(-2.72,-0.107,2.09));
#6727=CARTESIAN_POINT('',(-2.72,0.123,2.09));
#6728=CARTESIAN_POINT('Origin',(-2.72,-0.107,1.97));
#6729=CARTESIAN_POINT('Origin',(-2.72,-0.0464206308043775,1.97));
#6730=CARTESIAN_POINT('',(-2.72,0.0179999999999999,2.034));
#6731=CARTESIAN_POINT('Origin',(-2.72,0.018,1.97));
#6732=CARTESIAN_POINT('',(-2.72,-0.0464206308043775,2.09));
#6733=CARTESIAN_POINT('Origin',(-2.72,0.123,1.97));
#6734=CARTESIAN_POINT('',(-2.72,0.128,2.034));
#6735=CARTESIAN_POINT('Origin',(-2.72,0.128,1.97));
#6736=CARTESIAN_POINT('',(-2.72,0.123,2.034));
#6737=CARTESIAN_POINT('Origin',(2.72,0.123,1.97));
#6738=CARTESIAN_POINT('',(2.72,-0.0464206308043775,2.09));
#6739=CARTESIAN_POINT('Origin',(2.72,-0.0464206308043775,1.97));
#6740=CARTESIAN_POINT('',(2.72,-0.107,2.09));
#6741=CARTESIAN_POINT('',(2.72,0.123,2.09));
#6742=CARTESIAN_POINT('Origin',(2.72,-0.107,1.97));
#6743=CARTESIAN_POINT('Origin',(2.72,-0.0464206308043775,1.97));
#6744=CARTESIAN_POINT('',(2.72,0.0179999999999999,2.034));
#6745=CARTESIAN_POINT('Origin',(2.72,0.018,1.97));
#6746=CARTESIAN_POINT('',(2.72,-0.0464206308043775,2.09));
#6747=CARTESIAN_POINT('Origin',(2.72,0.123,1.97));
#6748=CARTESIAN_POINT('',(2.72,0.128,2.034));
#6749=CARTESIAN_POINT('Origin',(2.72,0.128,1.97));
#6750=CARTESIAN_POINT('',(2.72,0.123,2.034));
#6751=CARTESIAN_POINT('Origin',(-2.72,0.128,-1.97));
#6752=CARTESIAN_POINT('',(-2.72,0.,-1.825));
#6753=CARTESIAN_POINT('Origin',(-2.72,0.,-1.97));
#6754=CARTESIAN_POINT('',(-2.72,0.128,-1.825));
#6755=CARTESIAN_POINT('',(-2.72,0.128,-1.825));
#6756=CARTESIAN_POINT('Origin',(-2.72,0.128,-1.97));
#6757=CARTESIAN_POINT('Origin',(2.72,0.128,-1.97));
#6758=CARTESIAN_POINT('',(2.72,0.,-1.825));
#6759=CARTESIAN_POINT('Origin',(2.72,0.,-1.97));
#6760=CARTESIAN_POINT('',(2.72,0.128,-1.825));
#6761=CARTESIAN_POINT('',(2.72,0.128,-1.825));
#6762=CARTESIAN_POINT('Origin',(2.72,0.128,-1.97));
#6763=CARTESIAN_POINT('Origin',(2.72,0.128,1.97));
#6764=CARTESIAN_POINT('',(2.72,0.,2.115));
#6765=CARTESIAN_POINT('Origin',(2.72,0.,1.97));
#6766=CARTESIAN_POINT('',(2.72,0.128,2.115));
#6767=CARTESIAN_POINT('',(2.72,0.128,2.115));
#6768=CARTESIAN_POINT('Origin',(2.72,0.128,1.97));
#6769=CARTESIAN_POINT('Origin',(-2.72,0.128,1.97));
#6770=CARTESIAN_POINT('',(-2.72,0.,2.115));
#6771=CARTESIAN_POINT('Origin',(-2.72,0.,1.97));
#6772=CARTESIAN_POINT('',(-2.72,0.128,2.115));
#6773=CARTESIAN_POINT('',(-2.72,0.128,2.115));
#6774=CARTESIAN_POINT('Origin',(-2.72,0.128,1.97));
#6775=CARTESIAN_POINT('Origin',(-2.921,0.063,-1.94));
#6776=CARTESIAN_POINT('',(-2.8895,0.063,-1.94));
#6777=CARTESIAN_POINT('',(-2.9525,0.063,-1.94));
#6778=CARTESIAN_POINT('Origin',(-2.921,0.063,-1.94));
#6779=CARTESIAN_POINT('',(-2.8895,0.,-1.94));
#6780=CARTESIAN_POINT('',(-2.8895,0.063,-1.94));
#6781=CARTESIAN_POINT('',(-2.9525,0.,-1.94));
#6782=CARTESIAN_POINT('Origin',(-2.921,0.,-1.94));
#6783=CARTESIAN_POINT('',(-2.9525,0.063,-1.94));
#6784=CARTESIAN_POINT('Origin',(2.92099999999999,0.063,-1.94));
#6785=CARTESIAN_POINT('',(2.95249999999999,0.063,-1.94));
#6786=CARTESIAN_POINT('',(2.8895,0.063,-1.94));
#6787=CARTESIAN_POINT('Origin',(2.92099999999999,0.063,-1.94));
#6788=CARTESIAN_POINT('',(2.95249999999999,0.,-1.94));
#6789=CARTESIAN_POINT('',(2.95249999999999,0.063,-1.94));
#6790=CARTESIAN_POINT('',(2.8895,0.,-1.94));
#6791=CARTESIAN_POINT('Origin',(2.92099999999999,0.,-1.94));
#6792=CARTESIAN_POINT('',(2.8895,0.063,-1.94));
#6793=CARTESIAN_POINT('Origin',(-2.862,-0.107,2.1095));
#6794=CARTESIAN_POINT('',(2.862,-0.107,2.2505));
#6795=CARTESIAN_POINT('',(-2.862,-0.107,2.2505));
#6796=CARTESIAN_POINT('',(-2.862,-0.107,2.2505));
#6797=CARTESIAN_POINT('',(-3.003,-0.107,2.1095));
#6798=CARTESIAN_POINT('Origin',(-2.862,-0.107,2.1095));
#6799=CARTESIAN_POINT('',(-3.003,-0.107,-2.1095));
#6800=CARTESIAN_POINT('',(-3.003,-0.107,-2.1095));
#6801=CARTESIAN_POINT('',(-2.862,-0.107,-2.2505));
#6802=CARTESIAN_POINT('Origin',(-2.862,-0.107,-2.1095));
#6803=CARTESIAN_POINT('',(2.862,-0.107,-2.2505));
#6804=CARTESIAN_POINT('',(2.862,-0.107,-2.2505));
#6805=CARTESIAN_POINT('',(3.003,-0.107,-2.1095));
#6806=CARTESIAN_POINT('Origin',(2.862,-0.107,-2.1095));
#6807=CARTESIAN_POINT('',(3.003,-0.107,2.1095));
#6808=CARTESIAN_POINT('',(3.003,-0.107,2.1095));
#6809=CARTESIAN_POINT('Origin',(2.862,-0.107,2.1095));
#6810=CARTESIAN_POINT('',(2.92749999999999,-0.107,-1.35704206383624));
#6811=CARTESIAN_POINT('',(2.87272896808188,-0.107,-1.48927103191811));
#6812=CARTESIAN_POINT('Origin',(2.7405,-0.107,-1.35704206383624));
#6813=CARTESIAN_POINT('',(2.24177103191813,-0.107,-2.12022896808188));
#6814=CARTESIAN_POINT('',(2.87272896808188,-0.107,-1.48927103191811));
#6815=CARTESIAN_POINT('',(2.10954206383624,-0.107,-2.17499999999999));
#6816=CARTESIAN_POINT('Origin',(2.10954206383624,-0.107,-1.988));
#6817=CARTESIAN_POINT('',(-2.10954206383624,-0.107,-2.17499999999999));
#6818=CARTESIAN_POINT('',(-2.10954206383624,-0.107,-2.17499999999999));
#6819=CARTESIAN_POINT('',(-2.24177103191813,-0.107,-2.12022896808188));
#6820=CARTESIAN_POINT('Origin',(-2.10954206383624,-0.107,-1.98799999999999));
#6821=CARTESIAN_POINT('',(-2.87272896808189,-0.107,-1.4892710319181));
#6822=CARTESIAN_POINT('',(-2.87272896808189,-0.107,-1.4892710319181));
#6823=CARTESIAN_POINT('',(-2.9275,-0.107,-1.35704206383623));
#6824=CARTESIAN_POINT('Origin',(-2.7405,-0.107,-1.35704206383623));
#6825=CARTESIAN_POINT('',(-2.9275,-0.107,1.35704206383623));
#6826=CARTESIAN_POINT('',(-2.9275,-0.107,1.35704206383623));
#6827=CARTESIAN_POINT('',(-2.87272896808189,-0.107,1.4892710319181));
#6828=CARTESIAN_POINT('Origin',(-2.7405,-0.107,1.35704206383623));
#6829=CARTESIAN_POINT('',(-2.24177103191813,-0.107,2.12022896808188));
#6830=CARTESIAN_POINT('',(-2.87272896808189,-0.107,1.4892710319181));
#6831=CARTESIAN_POINT('',(-2.10954206383624,-0.107,2.17499999999999));
#6832=CARTESIAN_POINT('Origin',(-2.10954206383624,-0.107,1.98799999999999));
#6833=CARTESIAN_POINT('',(2.10954206383624,-0.107,2.17499999999999));
#6834=CARTESIAN_POINT('',(-2.10954206383624,-0.107,2.17499999999999));
#6835=CARTESIAN_POINT('',(2.24177103191813,-0.107,2.12022896808188));
#6836=CARTESIAN_POINT('Origin',(2.10954206383624,-0.107,1.988));
#6837=CARTESIAN_POINT('',(2.87272896808187,-0.107,1.48927103191811));
#6838=CARTESIAN_POINT('',(2.87272896808187,-0.107,1.4892710319181));
#6839=CARTESIAN_POINT('',(2.92749999999999,-0.107,1.35704206383624));
#6840=CARTESIAN_POINT('Origin',(2.7405,-0.107,1.35704206383624));
#6841=CARTESIAN_POINT('',(2.92749999999999,-0.107,1.35704206383624));
#6842=CARTESIAN_POINT('Origin',(-2.862,0.,2.1095));
#6843=CARTESIAN_POINT('',(-3.065,0.,2.1095));
#6844=CARTESIAN_POINT('',(-2.862,0.,2.3125));
#6845=CARTESIAN_POINT('Origin',(-2.862,0.,2.1095));
#6846=CARTESIAN_POINT('',(2.862,0.,2.3125));
#6847=CARTESIAN_POINT('',(2.862,0.,2.3125));
#6848=CARTESIAN_POINT('',(3.065,0.,2.1095));
#6849=CARTESIAN_POINT('Origin',(2.862,0.,2.1095));
#6850=CARTESIAN_POINT('',(3.065,0.,-2.1095));
#6851=CARTESIAN_POINT('',(3.065,0.,-2.1095));
#6852=CARTESIAN_POINT('',(2.862,0.,-2.3125));
#6853=CARTESIAN_POINT('Origin',(2.862,0.,-2.1095));
#6854=CARTESIAN_POINT('',(-2.862,0.,-2.3125));
#6855=CARTESIAN_POINT('',(2.862,0.,-2.3125));
#6856=CARTESIAN_POINT('',(-3.065,0.,-2.1095));
#6857=CARTESIAN_POINT('Origin',(-2.862,0.,-2.1095));
#6858=CARTESIAN_POINT('',(-3.065,0.,-2.1095));
#6859=CARTESIAN_POINT('',(2.95249999999999,0.,1.94));
#6860=CARTESIAN_POINT('',(2.95249999999999,0.,1.94));
#6861=CARTESIAN_POINT('',(2.8895,0.,1.94));
#6862=CARTESIAN_POINT('Origin',(2.92099999999999,0.,1.94));
#6863=CARTESIAN_POINT('',(2.8895,0.,1.94));
#6864=CARTESIAN_POINT('',(-2.696,0.,-2.142));
#6865=CARTESIAN_POINT('',(-0.4095,0.,-2.142));
#6866=CARTESIAN_POINT('',(-2.696,0.,-2.142));
#6867=CARTESIAN_POINT('',(-2.696,0.,-2.205));
#6868=CARTESIAN_POINT('Origin',(-2.696,0.,-2.1735));
#6869=CARTESIAN_POINT('',(-0.4095,0.,-2.205));
#6870=CARTESIAN_POINT('',(-2.696,0.,-2.205));
#6871=CARTESIAN_POINT('Origin',(-0.4095,0.,-2.1735));
#6872=CARTESIAN_POINT('',(-2.696,0.,2.205));
#6873=CARTESIAN_POINT('',(2.696,0.,2.205));
#6874=CARTESIAN_POINT('',(-2.696,0.,2.205));
#6875=CARTESIAN_POINT('',(-2.69600000000001,0.,2.142));
#6876=CARTESIAN_POINT('Origin',(-2.696,0.,2.1735));
#6877=CARTESIAN_POINT('',(2.696,0.,2.142));
#6878=CARTESIAN_POINT('',(-2.69600000000001,0.,2.142));
#6879=CARTESIAN_POINT('Origin',(2.696,0.,2.1735));
#6880=CARTESIAN_POINT('',(-2.8895,0.,1.94));
#6881=CARTESIAN_POINT('',(-2.8895,0.,1.94));
#6882=CARTESIAN_POINT('',(-2.9525,0.,1.94));
#6883=CARTESIAN_POINT('Origin',(-2.921,0.,1.94));
#6884=CARTESIAN_POINT('',(-2.9525,0.,1.94));
#6885=CARTESIAN_POINT('',(0.409500000000002,0.,-2.142));
#6886=CARTESIAN_POINT('',(2.696,0.,-2.142));
#6887=CARTESIAN_POINT('',(0.409500000000002,0.,-2.142));
#6888=CARTESIAN_POINT('',(0.409500000000002,0.,-2.205));
#6889=CARTESIAN_POINT('Origin',(0.409500000000002,0.,-2.1735));
#6890=CARTESIAN_POINT('',(2.696,0.,-2.205));
#6891=CARTESIAN_POINT('',(0.409500000000002,0.,-2.205));
#6892=CARTESIAN_POINT('Origin',(2.696,0.,-2.1735));
#6893=CARTESIAN_POINT('Origin',(-2.862,-0.107,2.1095));
#6894=CARTESIAN_POINT('',(-3.065,-0.045,2.1095));
#6895=CARTESIAN_POINT('',(-3.065,-0.107,2.1095));
#6896=CARTESIAN_POINT('',(-2.862,-0.045,2.3125));
#6897=CARTESIAN_POINT('Origin',(-2.862,-0.045,2.1095));
#6898=CARTESIAN_POINT('',(-2.862,-0.107,2.3125));
#6899=CARTESIAN_POINT('Origin',(-3.065,-0.107,-2.1095));
#6900=CARTESIAN_POINT('',(-3.065,-0.045,-2.1095));
#6901=CARTESIAN_POINT('',(-3.065,-0.107,-2.1095));
#6902=CARTESIAN_POINT('',(-3.065,-0.045,2.1095));
#6903=CARTESIAN_POINT('Origin',(-2.862,-0.107,-2.1095));
#6904=CARTESIAN_POINT('',(-2.862,-0.045,-2.3125));
#6905=CARTESIAN_POINT('',(-2.862,-0.107,-2.3125));
#6906=CARTESIAN_POINT('Origin',(-2.862,-0.045,-2.1095));
#6907=CARTESIAN_POINT('Origin',(2.862,-0.107,-2.3125));
#6908=CARTESIAN_POINT('',(2.862,-0.045,-2.3125));
#6909=CARTESIAN_POINT('',(2.862,-0.107,-2.3125));
#6910=CARTESIAN_POINT('',(-2.862,-0.045,-2.3125));
#6911=CARTESIAN_POINT('Origin',(2.862,-0.107,-2.1095));
#6912=CARTESIAN_POINT('',(3.065,-0.045,-2.1095));
#6913=CARTESIAN_POINT('',(3.065,-0.107,-2.1095));
#6914=CARTESIAN_POINT('Origin',(2.862,-0.045,-2.1095));
#6915=CARTESIAN_POINT('Origin',(3.065,-0.107,-2.1095));
#6916=CARTESIAN_POINT('',(3.065,-0.045,2.1095));
#6917=CARTESIAN_POINT('',(3.065,-0.107,2.1095));
#6918=CARTESIAN_POINT('',(3.065,-0.045,-2.1095));
#6919=CARTESIAN_POINT('Origin',(2.862,-0.107,2.1095));
#6920=CARTESIAN_POINT('',(2.862,-0.045,2.3125));
#6921=CARTESIAN_POINT('',(2.862,-0.107,2.3125));
#6922=CARTESIAN_POINT('Origin',(2.862,-0.045,2.1095));
#6923=CARTESIAN_POINT('Origin',(2.862,-0.107,2.3125));
#6924=CARTESIAN_POINT('',(2.862,-0.045,2.3125));
#6925=CARTESIAN_POINT('Origin',(2.862,-0.045,-2.1095));
#6926=CARTESIAN_POINT('Origin',(3.003,-0.045,-2.1095));
#6927=CARTESIAN_POINT('Origin',(2.862,-0.045,-2.2505));
#6928=CARTESIAN_POINT('Origin',(2.862,-0.045,-2.2505));
#6929=CARTESIAN_POINT('Origin',(-2.862,-0.045,-2.2505));
#6930=CARTESIAN_POINT('Origin',(3.003,-0.045,-2.1095));
#6931=CARTESIAN_POINT('Origin',(3.003,-0.045,2.1095));
#6932=CARTESIAN_POINT('Origin',(-2.862,-0.045,-2.1095));
#6933=CARTESIAN_POINT('Origin',(-3.003,-0.045,-2.1095));
#6934=CARTESIAN_POINT('Origin',(2.862,-0.045,2.1095));
#6935=CARTESIAN_POINT('Origin',(2.862,-0.045,2.2505));
#6936=CARTESIAN_POINT('Origin',(-3.003,-0.045,-2.1095));
#6937=CARTESIAN_POINT('Origin',(-3.003,-0.045,2.1095));
#6938=CARTESIAN_POINT('Origin',(2.862,-0.045,2.2505));
#6939=CARTESIAN_POINT('Origin',(-2.862,-0.045,2.2505));
#6940=CARTESIAN_POINT('Origin',(-2.862,-0.045,2.1095));
#6941=CARTESIAN_POINT('Origin',(2.92099999999999,0.063,1.94));
#6942=CARTESIAN_POINT('',(2.95249999999999,0.063,1.94));
#6943=CARTESIAN_POINT('',(2.95249999999999,0.063,1.94));
#6944=CARTESIAN_POINT('',(2.8895,0.063,1.94));
#6945=CARTESIAN_POINT('Origin',(2.92099999999999,0.063,1.94));
#6946=CARTESIAN_POINT('',(2.8895,0.063,1.94));
#6947=CARTESIAN_POINT('Origin',(2.95249999999999,0.063,1.94));
#6948=CARTESIAN_POINT('',(2.95249999999999,0.063,1.94));
#6949=CARTESIAN_POINT('Origin',(2.8895,0.063,1.94));
#6950=CARTESIAN_POINT('',(2.8895,0.063,1.94));
#6951=CARTESIAN_POINT('Origin',(2.92099999999999,0.063,1.94));
#6952=CARTESIAN_POINT('Origin',(0.409500000000002,0.063,-2.1735));
#6953=CARTESIAN_POINT('',(0.409500000000002,0.063,-2.142));
#6954=CARTESIAN_POINT('',(0.409500000000002,0.063,-2.142));
#6955=CARTESIAN_POINT('',(0.409500000000002,0.063,-2.205));
#6956=CARTESIAN_POINT('Origin',(0.409500000000002,0.063,-2.1735));
#6957=CARTESIAN_POINT('',(0.409500000000002,0.063,-2.205));
#6958=CARTESIAN_POINT('Origin',(0.409500000000002,0.063,-2.142));
#6959=CARTESIAN_POINT('',(2.696,0.063,-2.142));
#6960=CARTESIAN_POINT('',(2.696,0.063,-2.142));
#6961=CARTESIAN_POINT('',(0.409500000000002,0.063,-2.142));
#6962=CARTESIAN_POINT('Origin',(2.696,0.063,-2.1735));
#6963=CARTESIAN_POINT('',(2.696,0.063,-2.205));
#6964=CARTESIAN_POINT('',(2.696,0.063,-2.205));
#6965=CARTESIAN_POINT('Origin',(2.696,0.063,-2.1735));
#6966=CARTESIAN_POINT('Origin',(0.409500000000002,0.063,-2.205));
#6967=CARTESIAN_POINT('',(0.409500000000002,0.063,-2.205));
#6968=CARTESIAN_POINT('Origin',(0.409500000000002,0.063,-2.1735));
#6969=CARTESIAN_POINT('Origin',(-2.696,0.063,-2.1735));
#6970=CARTESIAN_POINT('',(-2.696,0.063,-2.142));
#6971=CARTESIAN_POINT('',(-2.696,0.063,-2.142));
#6972=CARTESIAN_POINT('',(-2.696,0.063,-2.205));
#6973=CARTESIAN_POINT('Origin',(-2.696,0.063,-2.1735));
#6974=CARTESIAN_POINT('',(-2.696,0.063,-2.205));
#6975=CARTESIAN_POINT('Origin',(-2.696,0.063,-2.142));
#6976=CARTESIAN_POINT('',(-0.4095,0.063,-2.142));
#6977=CARTESIAN_POINT('',(-0.4095,0.063,-2.142));
#6978=CARTESIAN_POINT('',(-2.696,0.063,-2.142));
#6979=CARTESIAN_POINT('Origin',(-0.4095,0.063,-2.1735));
#6980=CARTESIAN_POINT('',(-0.4095,0.063,-2.205));
#6981=CARTESIAN_POINT('',(-0.4095,0.063,-2.205));
#6982=CARTESIAN_POINT('Origin',(-0.4095,0.063,-2.1735));
#6983=CARTESIAN_POINT('Origin',(-2.696,0.063,-2.205));
#6984=CARTESIAN_POINT('',(-2.696,0.063,-2.205));
#6985=CARTESIAN_POINT('Origin',(-2.696,0.063,-2.1735));
#6986=CARTESIAN_POINT('Origin',(-2.921,0.063,1.94));
#6987=CARTESIAN_POINT('',(-2.8895,0.063,1.94));
#6988=CARTESIAN_POINT('',(-2.8895,0.063,1.94));
#6989=CARTESIAN_POINT('',(-2.9525,0.063,1.94));
#6990=CARTESIAN_POINT('Origin',(-2.921,0.063,1.94));
#6991=CARTESIAN_POINT('',(-2.9525,0.063,1.94));
#6992=CARTESIAN_POINT('Origin',(-2.8895,0.063,1.94));
#6993=CARTESIAN_POINT('',(-2.8895,0.063,1.94));
#6994=CARTESIAN_POINT('Origin',(-2.9525,0.063,1.94));
#6995=CARTESIAN_POINT('',(-2.9525,0.063,1.94));
#6996=CARTESIAN_POINT('Origin',(-2.921,0.063,1.94));
#6997=CARTESIAN_POINT('Origin',(-2.696,0.063,2.1735));
#6998=CARTESIAN_POINT('',(-2.696,0.063,2.205));
#6999=CARTESIAN_POINT('',(-2.696,0.063,2.205));
#7000=CARTESIAN_POINT('',(-2.69600000000001,0.063,2.142));
#7001=CARTESIAN_POINT('Origin',(-2.696,0.063,2.1735));
#7002=CARTESIAN_POINT('',(-2.69600000000001,0.063,2.142));
#7003=CARTESIAN_POINT('Origin',(-2.696,0.063,2.205));
#7004=CARTESIAN_POINT('',(2.696,0.063,2.205));
#7005=CARTESIAN_POINT('',(2.696,0.063,2.205));
#7006=CARTESIAN_POINT('',(-2.696,0.063,2.205));
#7007=CARTESIAN_POINT('Origin',(2.696,0.063,2.1735));
#7008=CARTESIAN_POINT('',(2.696,0.063,2.142));
#7009=CARTESIAN_POINT('',(2.696,0.063,2.142));
#7010=CARTESIAN_POINT('Origin',(2.696,0.063,2.1735));
#7011=CARTESIAN_POINT('Origin',(-2.69600000000001,0.063,2.142));
#7012=CARTESIAN_POINT('',(-2.69600000000001,0.063,2.142));
#7013=CARTESIAN_POINT('Origin',(-2.696,0.063,2.1735));
#7014=CARTESIAN_POINT('Origin',(-2.72,0.128,1.97));
#7015=CARTESIAN_POINT('Origin',(2.72,0.128,1.97));
#7016=CARTESIAN_POINT('Origin',(2.72,0.128,-1.97));
#7017=CARTESIAN_POINT('Origin',(-2.72,0.128,-1.97));
#7018=CARTESIAN_POINT('Origin',(2.7405,-0.097,-1.35704206383624));
#7019=CARTESIAN_POINT('',(2.92749999999999,-0.097,-1.35704206383624));
#7020=CARTESIAN_POINT('',(2.87272896808188,-0.097,-1.48927103191811));
#7021=CARTESIAN_POINT('Origin',(2.7405,-0.097,-1.35704206383624));
#7022=CARTESIAN_POINT('',(2.92749999999999,-0.097,1.35704206383624));
#7023=CARTESIAN_POINT('',(2.92749999999999,-0.097,1.35704206383624));
#7024=CARTESIAN_POINT('',(2.87272896808187,-0.097,1.48927103191811));
#7025=CARTESIAN_POINT('Origin',(2.7405,-0.097,1.35704206383624));
#7026=CARTESIAN_POINT('',(2.24177103191813,-0.097,2.12022896808188));
#7027=CARTESIAN_POINT('',(2.87272896808187,-0.097,1.4892710319181));
#7028=CARTESIAN_POINT('',(2.10954206383624,-0.097,2.17499999999999));
#7029=CARTESIAN_POINT('Origin',(2.10954206383624,-0.097,1.988));
#7030=CARTESIAN_POINT('',(-2.10954206383624,-0.097,2.17499999999999));
#7031=CARTESIAN_POINT('',(-2.10954206383624,-0.097,2.17499999999999));
#7032=CARTESIAN_POINT('',(-2.24177103191813,-0.097,2.12022896808188));
#7033=CARTESIAN_POINT('Origin',(-2.10954206383624,-0.097,1.98799999999999));
#7034=CARTESIAN_POINT('',(-2.87272896808189,-0.097,1.4892710319181));
#7035=CARTESIAN_POINT('',(-2.87272896808189,-0.097,1.4892710319181));
#7036=CARTESIAN_POINT('',(-2.9275,-0.097,1.35704206383623));
#7037=CARTESIAN_POINT('Origin',(-2.7405,-0.097,1.35704206383623));
#7038=CARTESIAN_POINT('',(-2.9275,-0.097,-1.35704206383623));
#7039=CARTESIAN_POINT('',(-2.9275,-0.097,1.35704206383623));
#7040=CARTESIAN_POINT('',(-2.87272896808189,-0.097,-1.4892710319181));
#7041=CARTESIAN_POINT('Origin',(-2.7405,-0.097,-1.35704206383623));
#7042=CARTESIAN_POINT('',(-2.24177103191813,-0.097,-2.12022896808188));
#7043=CARTESIAN_POINT('',(-2.87272896808189,-0.097,-1.4892710319181));
#7044=CARTESIAN_POINT('',(-2.10954206383624,-0.097,-2.17499999999999));
#7045=CARTESIAN_POINT('Origin',(-2.10954206383624,-0.097,-1.98799999999999));
#7046=CARTESIAN_POINT('',(2.10954206383624,-0.097,-2.17499999999999));
#7047=CARTESIAN_POINT('',(-2.10954206383624,-0.097,-2.17499999999999));
#7048=CARTESIAN_POINT('',(2.24177103191813,-0.097,-2.12022896808188));
#7049=CARTESIAN_POINT('Origin',(2.10954206383624,-0.097,-1.988));
#7050=CARTESIAN_POINT('',(2.87272896808188,-0.097,-1.48927103191811));
#7051=CARTESIAN_POINT('',(-2.85080865786511,-0.097,1.46735072170132));
#7052=CARTESIAN_POINT('',(-2.21985072170134,-0.097,2.09830865786509));
#7053=CARTESIAN_POINT('',(-2.85080865786511,-0.097,1.46735072170132));
#7054=CARTESIAN_POINT('',(-2.10954206383624,-0.097,2.14399999999999));
#7055=CARTESIAN_POINT('Origin',(-2.10954206383624,-0.097,1.98799999999999));
#7056=CARTESIAN_POINT('',(2.10954206383624,-0.097,2.14399999999999));
#7057=CARTESIAN_POINT('',(-2.10954206383624,-0.097,2.14399999999999));
#7058=CARTESIAN_POINT('',(2.21985072170134,-0.097,2.09830865786509));
#7059=CARTESIAN_POINT('Origin',(2.10954206383624,-0.097,1.988));
#7060=CARTESIAN_POINT('',(2.8508086578651,-0.097,1.46735072170133));
#7061=CARTESIAN_POINT('',(2.8508086578651,-0.097,1.46735072170133));
#7062=CARTESIAN_POINT('',(2.89649999999999,-0.097,1.35704206383624));
#7063=CARTESIAN_POINT('Origin',(2.7405,-0.097,1.35704206383624));
#7064=CARTESIAN_POINT('',(2.89649999999999,-0.097,-1.35704206383624));
#7065=CARTESIAN_POINT('',(2.89649999999998,-0.097,1.35704206383624));
#7066=CARTESIAN_POINT('',(2.8508086578651,-0.097,-1.46735072170133));
#7067=CARTESIAN_POINT('Origin',(2.7405,-0.097,-1.35704206383624));
#7068=CARTESIAN_POINT('',(2.21985072170134,-0.097,-2.09830865786509));
#7069=CARTESIAN_POINT('',(2.8508086578651,-0.097,-1.46735072170134));
#7070=CARTESIAN_POINT('',(2.10954206383624,-0.097,-2.14399999999999));
#7071=CARTESIAN_POINT('Origin',(2.10954206383624,-0.097,-1.988));
#7072=CARTESIAN_POINT('',(-2.10954206383624,-0.097,-2.14399999999999));
#7073=CARTESIAN_POINT('',(-2.10954206383624,-0.097,-2.14399999999999));
#7074=CARTESIAN_POINT('',(-2.21985072170134,-0.097,-2.09830865786509));
#7075=CARTESIAN_POINT('Origin',(-2.10954206383624,-0.097,-1.98799999999999));
#7076=CARTESIAN_POINT('',(-2.85080865786511,-0.097,-1.46735072170132));
#7077=CARTESIAN_POINT('',(-2.85080865786511,-0.097,-1.46735072170132));
#7078=CARTESIAN_POINT('',(-2.8965,-0.097,-1.35704206383623));
#7079=CARTESIAN_POINT('Origin',(-2.7405,-0.097,-1.35704206383623));
#7080=CARTESIAN_POINT('',(-2.8965,-0.097,1.35704206383623));
#7081=CARTESIAN_POINT('',(-2.8965,-0.097,1.35704206383623));
#7082=CARTESIAN_POINT('Origin',(-2.7405,-0.097,1.35704206383623));
#7083=CARTESIAN_POINT('Origin',(2.7405,-0.097,-1.35704206383624));
#7084=CARTESIAN_POINT('',(2.92749999999999,-0.097,-1.35704206383624));
#7085=CARTESIAN_POINT('',(2.87272896808188,-0.097,-1.48927103191811));
#7086=CARTESIAN_POINT('Origin',(2.87272896808188,-0.097,-1.48927103191811));
#7087=CARTESIAN_POINT('',(2.24177103191813,-0.097,-2.12022896808188));
#7088=CARTESIAN_POINT('Origin',(2.10954206383624,-0.097,-1.988));
#7089=CARTESIAN_POINT('',(2.10954206383624,-0.097,-2.17499999999999));
#7090=CARTESIAN_POINT('Origin',(-2.10954206383624,-0.097,-2.17499999999999));
#7091=CARTESIAN_POINT('',(-2.10954206383624,-0.097,-2.17499999999999));
#7092=CARTESIAN_POINT('Origin',(-2.10954206383624,-0.097,-1.98799999999999));
#7093=CARTESIAN_POINT('',(-2.24177103191813,-0.097,-2.12022896808188));
#7094=CARTESIAN_POINT('Origin',(-2.87272896808189,-0.097,-1.4892710319181));
#7095=CARTESIAN_POINT('',(-2.87272896808189,-0.097,-1.4892710319181));
#7096=CARTESIAN_POINT('Origin',(-2.7405,-0.097,-1.35704206383623));
#7097=CARTESIAN_POINT('',(-2.9275,-0.097,-1.35704206383623));
#7098=CARTESIAN_POINT('Origin',(-2.9275,-0.097,1.35704206383623));
#7099=CARTESIAN_POINT('',(-2.9275,-0.097,1.35704206383623));
#7100=CARTESIAN_POINT('Origin',(-2.7405,-0.097,1.35704206383623));
#7101=CARTESIAN_POINT('',(-2.87272896808189,-0.097,1.4892710319181));
#7102=CARTESIAN_POINT('Origin',(-2.87272896808189,-0.097,1.4892710319181));
#7103=CARTESIAN_POINT('',(-2.24177103191813,-0.097,2.12022896808188));
#7104=CARTESIAN_POINT('Origin',(-2.10954206383624,-0.097,1.98799999999999));
#7105=CARTESIAN_POINT('',(-2.10954206383624,-0.097,2.17499999999999));
#7106=CARTESIAN_POINT('Origin',(-2.10954206383624,-0.097,2.17499999999999));
#7107=CARTESIAN_POINT('',(2.10954206383624,-0.097,2.17499999999999));
#7108=CARTESIAN_POINT('Origin',(2.10954206383624,-0.097,1.988));
#7109=CARTESIAN_POINT('',(2.24177103191813,-0.097,2.12022896808188));
#7110=CARTESIAN_POINT('Origin',(2.87272896808187,-0.097,1.4892710319181));
#7111=CARTESIAN_POINT('',(2.87272896808187,-0.097,1.48927103191811));
#7112=CARTESIAN_POINT('Origin',(2.7405,-0.097,1.35704206383624));
#7113=CARTESIAN_POINT('',(2.92749999999999,-0.097,1.35704206383624));
#7114=CARTESIAN_POINT('Origin',(2.92749999999999,-0.097,1.35704206383624));
#7115=CARTESIAN_POINT('Origin',(-2.7405,-0.097,1.35704206383623));
#7116=CARTESIAN_POINT('',(-2.8965,-0.107,1.35704206383623));
#7117=CARTESIAN_POINT('',(-2.85080865786511,-0.107,1.46735072170132));
#7118=CARTESIAN_POINT('Origin',(-2.7405,-0.107,1.35704206383623));
#7119=CARTESIAN_POINT('',(-2.85080865786511,-0.097,1.46735072170132));
#7120=CARTESIAN_POINT('',(-2.8965,-0.097,1.35704206383623));
#7121=CARTESIAN_POINT('Origin',(-2.85080865786511,-0.097,1.46735072170132));
#7122=CARTESIAN_POINT('',(-2.21985072170134,-0.107,2.09830865786509));
#7123=CARTESIAN_POINT('',(-2.85080865786511,-0.107,1.46735072170132));
#7124=CARTESIAN_POINT('',(-2.21985072170134,-0.097,2.09830865786509));
#7125=CARTESIAN_POINT('Origin',(-2.10954206383624,-0.097,1.98799999999999));
#7126=CARTESIAN_POINT('',(-2.10954206383624,-0.107,2.14399999999999));
#7127=CARTESIAN_POINT('Origin',(-2.10954206383624,-0.107,1.98799999999999));
#7128=CARTESIAN_POINT('',(-2.10954206383624,-0.097,2.14399999999999));
#7129=CARTESIAN_POINT('Origin',(-2.10954206383624,-0.097,2.14399999999999));
#7130=CARTESIAN_POINT('',(2.10954206383624,-0.107,2.14399999999999));
#7131=CARTESIAN_POINT('',(-2.10954206383624,-0.107,2.14399999999999));
#7132=CARTESIAN_POINT('',(2.10954206383624,-0.097,2.14399999999999));
#7133=CARTESIAN_POINT('Origin',(2.10954206383624,-0.097,1.988));
#7134=CARTESIAN_POINT('',(2.21985072170134,-0.107,2.09830865786509));
#7135=CARTESIAN_POINT('Origin',(2.10954206383624,-0.107,1.988));
#7136=CARTESIAN_POINT('',(2.21985072170134,-0.097,2.09830865786509));
#7137=CARTESIAN_POINT('Origin',(2.8508086578651,-0.097,1.46735072170133));
#7138=CARTESIAN_POINT('',(2.8508086578651,-0.107,1.46735072170133));
#7139=CARTESIAN_POINT('',(2.8508086578651,-0.107,1.46735072170133));
#7140=CARTESIAN_POINT('',(2.8508086578651,-0.097,1.46735072170133));
#7141=CARTESIAN_POINT('Origin',(2.7405,-0.097,1.35704206383624));
#7142=CARTESIAN_POINT('',(2.89649999999999,-0.107,1.35704206383624));
#7143=CARTESIAN_POINT('Origin',(2.7405,-0.107,1.35704206383624));
#7144=CARTESIAN_POINT('',(2.89649999999999,-0.097,1.35704206383624));
#7145=CARTESIAN_POINT('Origin',(2.89649999999998,-0.097,1.35704206383624));
#7146=CARTESIAN_POINT('',(2.89649999999999,-0.107,-1.35704206383624));
#7147=CARTESIAN_POINT('',(2.89649999999998,-0.107,1.35704206383624));
#7148=CARTESIAN_POINT('',(2.89649999999999,-0.097,-1.35704206383624));
#7149=CARTESIAN_POINT('Origin',(2.7405,-0.097,-1.35704206383624));
#7150=CARTESIAN_POINT('',(2.8508086578651,-0.107,-1.46735072170133));
#7151=CARTESIAN_POINT('Origin',(2.7405,-0.107,-1.35704206383624));
#7152=CARTESIAN_POINT('',(2.8508086578651,-0.097,-1.46735072170133));
#7153=CARTESIAN_POINT('Origin',(2.8508086578651,-0.097,-1.46735072170134));
#7154=CARTESIAN_POINT('',(2.21985072170134,-0.107,-2.09830865786509));
#7155=CARTESIAN_POINT('',(2.8508086578651,-0.107,-1.46735072170134));
#7156=CARTESIAN_POINT('',(2.21985072170134,-0.097,-2.09830865786509));
#7157=CARTESIAN_POINT('Origin',(2.10954206383624,-0.097,-1.988));
#7158=CARTESIAN_POINT('',(2.10954206383624,-0.107,-2.14399999999999));
#7159=CARTESIAN_POINT('Origin',(2.10954206383624,-0.107,-1.988));
#7160=CARTESIAN_POINT('',(2.10954206383624,-0.097,-2.14399999999999));
#7161=CARTESIAN_POINT('Origin',(-2.10954206383624,-0.097,-2.14399999999999));
#7162=CARTESIAN_POINT('',(-2.10954206383624,-0.107,-2.14399999999999));
#7163=CARTESIAN_POINT('',(-2.10954206383624,-0.107,-2.14399999999999));
#7164=CARTESIAN_POINT('',(-2.10954206383624,-0.097,-2.14399999999999));
#7165=CARTESIAN_POINT('Origin',(-2.10954206383624,-0.097,-1.98799999999999));
#7166=CARTESIAN_POINT('',(-2.21985072170134,-0.107,-2.09830865786509));
#7167=CARTESIAN_POINT('Origin',(-2.10954206383624,-0.107,-1.98799999999999));
#7168=CARTESIAN_POINT('',(-2.21985072170134,-0.097,-2.09830865786509));
#7169=CARTESIAN_POINT('Origin',(-2.85080865786511,-0.097,-1.46735072170132));
#7170=CARTESIAN_POINT('',(-2.85080865786511,-0.107,-1.46735072170132));
#7171=CARTESIAN_POINT('',(-2.85080865786511,-0.107,-1.46735072170132));
#7172=CARTESIAN_POINT('',(-2.85080865786511,-0.097,-1.46735072170132));
#7173=CARTESIAN_POINT('Origin',(-2.7405,-0.097,-1.35704206383623));
#7174=CARTESIAN_POINT('',(-2.8965,-0.107,-1.35704206383623));
#7175=CARTESIAN_POINT('Origin',(-2.7405,-0.107,-1.35704206383623));
#7176=CARTESIAN_POINT('',(-2.8965,-0.097,-1.35704206383623));
#7177=CARTESIAN_POINT('Origin',(-2.8965,-0.097,1.35704206383623));
#7178=CARTESIAN_POINT('',(-2.8965,-0.107,1.35704206383623));
#7179=CARTESIAN_POINT('Origin',(-2.862,-0.107,2.1095));
#7180=CARTESIAN_POINT('',(0.,0.,0.));
#7181=CARTESIAN_POINT('Origin',(1.4455,-0.75,-3.77219838330002));
#7182=CARTESIAN_POINT('',(1.3955,-0.75,-2.19845484915693));
#7183=CARTESIAN_POINT('',(1.4455,-0.8,-2.19801850576739));
#7184=CARTESIAN_POINT('Origin',(1.4455,-0.75,-2.19845484915693));
#7185=CARTESIAN_POINT('',(1.4455,-0.8,-2.34555549428103));
#7186=CARTESIAN_POINT('',(1.4455,-0.8,-3.77219838330002));
#7187=CARTESIAN_POINT('',(1.3955,-0.75,-2.34333327588847));
#7188=CARTESIAN_POINT('Origin',(1.4455,-0.75,-2.34333327588847));
#7189=CARTESIAN_POINT('',(1.3955,-0.75,-3.77219838330002));
#7190=CARTESIAN_POINT('Origin',(1.4075,-0.8,-3.77219838330002));
#7191=CARTESIAN_POINT('',(1.9705,-0.8,-2.19801850576739));
#7192=CARTESIAN_POINT('',(2.1385,-0.8,-2.19801850576739));
#7193=CARTESIAN_POINT('',(1.9705,-0.8,-2.34555549428103));
#7194=CARTESIAN_POINT('',(1.9705,-0.8,-3.77219838330002));
#7195=CARTESIAN_POINT('',(-0.731,-0.8,-2.34555549428103));
#7196=CARTESIAN_POINT('Origin',(1.3955,0.,-3.77219838330002));
#7197=CARTESIAN_POINT('',(1.3955,0.,-2.31));
#7198=CARTESIAN_POINT('',(1.3955,-0.0324291839828861,-2.31144129458205));
#7199=CARTESIAN_POINT('',(1.3955,0.,-2.205));
#7200=CARTESIAN_POINT('',(1.3955,0.,-0.82509919165001));
#7201=CARTESIAN_POINT('',(1.3955,0.00683784578830142,-2.20505967297617));
#7202=CARTESIAN_POINT('Origin',(1.9705,-0.75,-3.77219838330002));
#7203=CARTESIAN_POINT('',(2.0205,-0.75,-2.19845484915693));
#7204=CARTESIAN_POINT('Origin',(1.9705,-0.75,-2.19845484915693));
#7205=CARTESIAN_POINT('',(2.0205,-0.75,-2.34333327588847));
#7206=CARTESIAN_POINT('',(2.0205,-0.75,-3.77219838330002));
#7207=CARTESIAN_POINT('Origin',(1.9705,-0.75,-2.34333327588847));
#7208=CARTESIAN_POINT('Origin',(2.0205,-0.45,-3.77219838330002));
#7209=CARTESIAN_POINT('',(2.0205,0.,-2.205));
#7210=CARTESIAN_POINT('',(2.0205,-0.218145019916793,-2.20309627725197));
#7211=CARTESIAN_POINT('',(2.0205,0.,-2.31));
#7212=CARTESIAN_POINT('',(2.0205,0.,-0.82509919165001));
#7213=CARTESIAN_POINT('',(2.0205,-0.256985617248485,-2.32142156330548));
#7214=CARTESIAN_POINT('Origin',(-1.7275,-0.75,-3.77219838330002));
#7215=CARTESIAN_POINT('',(-1.7275,-0.8,-2.19801850576739));
#7216=CARTESIAN_POINT('',(-1.6775,-0.75,-2.19845484915693));
#7217=CARTESIAN_POINT('Origin',(-1.7275,-0.75,-2.19845484915693));
#7218=CARTESIAN_POINT('',(-1.6775,-0.75,-2.34333327588847));
#7219=CARTESIAN_POINT('',(-1.6775,-0.75,-3.77219838330002));
#7220=CARTESIAN_POINT('',(-1.7275,-0.8,-2.34555549428103));
#7221=CARTESIAN_POINT('Origin',(-1.7275,-0.75,-2.34333327588847));
#7222=CARTESIAN_POINT('',(-1.7275,-0.8,-3.77219838330002));
#7223=CARTESIAN_POINT('Origin',(-1.6775,-0.7,-3.77219838330002));
#7224=CARTESIAN_POINT('',(-1.6775,-0.349999987234281,-2.20194559638464));
#7225=CARTESIAN_POINT('',(-1.6775,-0.343135500864067,-2.20200550184964));
#7226=CARTESIAN_POINT('',(-1.6775,-0.349999987234281,-2.32555552818059));
#7227=CARTESIAN_POINT('',(-1.6775,-0.349999987234281,-3.77219838330002));
#7228=CARTESIAN_POINT('',(-1.6775,-0.381739191284932,-2.32696615704072));
#7229=CARTESIAN_POINT('Origin',(-1.7275,-0.349999987234281,-3.77219838330002));
#7230=CARTESIAN_POINT('',(-1.7275,-0.299999987234281,-2.20238193977418));
#7231=CARTESIAN_POINT('Origin',(-1.7275,-0.349999987234281,-2.20194559638464));
#7232=CARTESIAN_POINT('',(-1.7275,-0.299999987234281,-2.32333330978802));
#7233=CARTESIAN_POINT('',(-1.7275,-0.299999987234281,-3.77219838330002));
#7234=CARTESIAN_POINT('Origin',(-1.7275,-0.349999987234281,-2.32555552818059));
#7235=CARTESIAN_POINT('Origin',(-1.7375,-0.299999987234281,-3.77219838330002));
#7236=CARTESIAN_POINT('',(-2.1275,-0.299999987234281,-2.20238193977418));
#7237=CARTESIAN_POINT('',(0.566,-0.299999987234281,-2.20238193977418));
#7238=CARTESIAN_POINT('',(-2.1275,-0.299999987234281,-2.32333330978802));
#7239=CARTESIAN_POINT('',(-2.1275,-0.299999987234281,-3.77219838330002));
#7240=CARTESIAN_POINT('',(-2.3035,-0.299999987234281,-2.32333330978802));
#7241=CARTESIAN_POINT('Origin',(-2.0375,-0.8,-3.77219838330002));
#7242=CARTESIAN_POINT('',(-2.1275,-0.8,-2.34555549428103));
#7243=CARTESIAN_POINT('',(-2.4535,-0.8,-2.34555549428103));
#7244=CARTESIAN_POINT('',(-2.1275,-0.8,-2.19801850576739));
#7245=CARTESIAN_POINT('',(-2.1275,-0.8,-3.77219838330002));
#7246=CARTESIAN_POINT('',(0.416,-0.8,-2.19801850576739));
#7247=CARTESIAN_POINT('Origin',(-2.1275,-0.749999999999999,-3.77219838330002));
#7248=CARTESIAN_POINT('',(-2.1775,-0.749999999999999,-2.34333327588847));
#7249=CARTESIAN_POINT('Origin',(-2.1275,-0.749999999999999,-2.34333327588847));
#7250=CARTESIAN_POINT('',(-2.1775,-0.749999999999999,-2.19845484915693));
#7251=CARTESIAN_POINT('',(-2.1775,-0.749999999999999,-3.77219838330002));
#7252=CARTESIAN_POINT('Origin',(-2.1275,-0.749999999999999,-2.19845484915693));
#7253=CARTESIAN_POINT('Origin',(-2.1775,-0.399999987234281,-3.77219838330002));
#7254=CARTESIAN_POINT('',(-2.1775,-0.349999987234281,-2.32555552818059));
#7255=CARTESIAN_POINT('',(-2.1775,-0.232034896070923,-2.32031264427531));
#7256=CARTESIAN_POINT('',(-2.1775,-0.349999987234281,-2.20194559638464));
#7257=CARTESIAN_POINT('',(-2.1775,-0.349999987234281,-3.77219838330002));
#7258=CARTESIAN_POINT('',(-2.1775,-0.193146917344958,-2.20331443238814));
#7259=CARTESIAN_POINT('Origin',(-2.1275,-0.349999987234281,-3.77219838330002));
#7260=CARTESIAN_POINT('Origin',(-2.1275,-0.349999987234281,-2.20194559638464));
#7261=CARTESIAN_POINT('Origin',(-2.1275,-0.349999987234281,-2.32555552818059));
#7262=CARTESIAN_POINT('Origin',(0.742746755393614,-0.55,-3.77219838330002));
#7263=CARTESIAN_POINT('',(0.467746755393614,-0.55,-2.33444440231821));
#7264=CARTESIAN_POINT('Origin',(0.742746755393614,-0.55,-2.33444440231821));
#7265=CARTESIAN_POINT('',(0.467746755393614,-0.55,-2.20020022271508));
#7266=CARTESIAN_POINT('',(0.467746755393614,-0.55,-3.77219838330002));
#7267=CARTESIAN_POINT('Origin',(0.742746755393614,-0.55,-2.20020022271508));
#7268=CARTESIAN_POINT('Origin',(-1.15725324460639,-0.55,-3.77219838330002));
#7269=CARTESIAN_POINT('',(-1.43225324460639,-0.55,-2.33444440231821));
#7270=CARTESIAN_POINT('Origin',(-1.15725324460639,-0.55,-2.33444440231821));
#7271=CARTESIAN_POINT('',(-1.43225324460639,-0.55,-2.20020022271508));
#7272=CARTESIAN_POINT('',(-1.43225324460639,-0.55,-3.77219838330002));
#7273=CARTESIAN_POINT('Origin',(-1.15725324460639,-0.55,-2.20020022271508));
#7274=CARTESIAN_POINT('Origin',(-2.8695,0.,2.122));
#7275=CARTESIAN_POINT('',(-2.8695,0.,-2.31));
#7276=CARTESIAN_POINT('',(-2.8695,0.,-2.31));
#7277=CARTESIAN_POINT('',(-3.0575,0.,-2.122));
#7278=CARTESIAN_POINT('Origin',(-2.8695,0.,-2.122));
#7279=CARTESIAN_POINT('',(-3.0575,0.,2.122));
#7280=CARTESIAN_POINT('',(-3.0575,0.,-2.122));
#7281=CARTESIAN_POINT('',(-2.8695,0.,2.31));
#7282=CARTESIAN_POINT('Origin',(-2.8695,0.,2.122));
#7283=CARTESIAN_POINT('',(2.8695,0.,2.31));
#7284=CARTESIAN_POINT('',(2.8695,0.,2.31));
#7285=CARTESIAN_POINT('',(3.0575,0.,2.122));
#7286=CARTESIAN_POINT('Origin',(2.8695,0.,2.122));
#7287=CARTESIAN_POINT('',(3.0575,0.,-2.122));
#7288=CARTESIAN_POINT('',(3.0575,0.,2.122));
#7289=CARTESIAN_POINT('',(2.8695,0.,-2.31));
#7290=CARTESIAN_POINT('Origin',(2.8695,0.,-2.122));
#7291=CARTESIAN_POINT('',(-2.8695,0.,-2.31));
#7292=CARTESIAN_POINT('',(2.8695,0.,-2.205));
#7293=CARTESIAN_POINT('',(2.8695,0.,-2.205));
#7294=CARTESIAN_POINT('',(2.9525,0.,-2.122));
#7295=CARTESIAN_POINT('Origin',(2.8695,0.,-2.122));
#7296=CARTESIAN_POINT('',(2.9525,0.,2.122));
#7297=CARTESIAN_POINT('',(2.9525,0.,2.122));
#7298=CARTESIAN_POINT('',(2.8695,0.,2.205));
#7299=CARTESIAN_POINT('Origin',(2.8695,0.,2.122));
#7300=CARTESIAN_POINT('',(-2.8695,0.,2.205));
#7301=CARTESIAN_POINT('',(-2.8695,0.,2.205));
#7302=CARTESIAN_POINT('',(-2.9525,0.,2.122));
#7303=CARTESIAN_POINT('Origin',(-2.8695,0.,2.122));
#7304=CARTESIAN_POINT('',(-2.9525,0.,-2.122));
#7305=CARTESIAN_POINT('',(-2.9525,0.,-2.122));
#7306=CARTESIAN_POINT('',(-2.8695,0.,-2.205));
#7307=CARTESIAN_POINT('Origin',(-2.8695,0.,-2.122));
#7308=CARTESIAN_POINT('',(2.8695,0.,-2.205));
#7309=CARTESIAN_POINT('Origin',(-2.8695,0.,-2.31));
#7310=CARTESIAN_POINT('',(2.8695,-1.11944993284326,-2.35975324460639));
#7311=CARTESIAN_POINT('',(2.8695,6.05879490851818E-18,-2.31));
#7312=CARTESIAN_POINT('',(-2.8695,-1.11944993284326,-2.35975324460639));
#7313=CARTESIAN_POINT('',(-2.8695,-1.11944993284326,-2.35975324460639));
#7314=CARTESIAN_POINT('',(-2.8695,0.,-2.31));
#7315=CARTESIAN_POINT('Origin',(2.72,-1.374,-1.97));
#7316=CARTESIAN_POINT('',(2.72,-1.25,-2.063));
#7317=CARTESIAN_POINT('Origin',(2.72,-1.25,-1.97));
#7318=CARTESIAN_POINT('Origin',(2.72,-1.374,1.97));
#7319=CARTESIAN_POINT('',(2.72,-1.25,2.063));
#7320=CARTESIAN_POINT('Origin',(2.72,-1.25,1.97));
#7321=CARTESIAN_POINT('Origin',(-2.72,-1.374,-1.97));
#7322=CARTESIAN_POINT('',(-2.72,-1.25,-2.063));
#7323=CARTESIAN_POINT('Origin',(-2.72,-1.25,-1.97));
#7324=CARTESIAN_POINT('Origin',(-2.72,-1.374,1.97));
#7325=CARTESIAN_POINT('',(-2.72,-1.25,2.063));
#7326=CARTESIAN_POINT('Origin',(-2.72,-1.25,1.97));
#7327=CARTESIAN_POINT('Origin',(1.58708983455378E-16,-1.296,0.));
#7328=CARTESIAN_POINT('',(0.0750199973340444,-1.25,0.));
#7329=CARTESIAN_POINT('Origin',(7.65378971138986E-17,-1.25,0.));
#7330=CARTESIAN_POINT('Origin',(0.,-1.282,0.));
#7331=CARTESIAN_POINT('',(-0.140801278403287,-1.15,1.72431834912441E-17));
#7332=CARTESIAN_POINT('Origin',(0.,-1.15,0.));
#7333=CARTESIAN_POINT('Origin',(2.72,-0.135,1.97));
#7334=CARTESIAN_POINT('',(2.72,-0.64,2.03));
#7335=CARTESIAN_POINT('Origin',(2.72,-0.64,1.97));
#7336=CARTESIAN_POINT('',(2.72,-0.528,2.03));
#7337=CARTESIAN_POINT('',(2.72,-0.135,2.03));
#7338=CARTESIAN_POINT('Origin',(2.72,-0.528,1.97));
#7339=CARTESIAN_POINT('Origin',(2.72,-0.135,1.97));
#7340=CARTESIAN_POINT('',(2.72,-0.528,2.063));
#7341=CARTESIAN_POINT('Origin',(2.72,-0.528,1.97));
#7342=CARTESIAN_POINT('',(2.72,-0.169,2.063));
#7343=CARTESIAN_POINT('',(2.72,-0.135,2.063));
#7344=CARTESIAN_POINT('Origin',(2.72,-0.169,1.97));
#7345=CARTESIAN_POINT('Origin',(2.72,-0.135,1.97));
#7346=CARTESIAN_POINT('',(2.72,-0.169,2.0955));
#7347=CARTESIAN_POINT('Origin',(2.72,-0.169,1.97));
#7348=CARTESIAN_POINT('',(2.72,-0.14,2.0955));
#7349=CARTESIAN_POINT('',(2.72,-0.135,2.0955));
#7350=CARTESIAN_POINT('Origin',(2.72,-0.14,1.97));
#7351=CARTESIAN_POINT('Origin',(2.72,-0.135,-1.97));
#7352=CARTESIAN_POINT('',(2.72,-0.64,-2.03));
#7353=CARTESIAN_POINT('Origin',(2.72,-0.64,-1.97));
#7354=CARTESIAN_POINT('',(2.72,-0.528,-2.03));
#7355=CARTESIAN_POINT('',(2.72,-0.135,-2.03));
#7356=CARTESIAN_POINT('Origin',(2.72,-0.528,-1.97));
#7357=CARTESIAN_POINT('Origin',(2.72,-0.135,-1.97));
#7358=CARTESIAN_POINT('',(2.72,-0.528,-2.063));
#7359=CARTESIAN_POINT('Origin',(2.72,-0.528,-1.97));
#7360=CARTESIAN_POINT('',(2.72,-0.169,-2.063));
#7361=CARTESIAN_POINT('',(2.72,-0.135,-2.063));
#7362=CARTESIAN_POINT('Origin',(2.72,-0.169,-1.97));
#7363=CARTESIAN_POINT('Origin',(2.72,-0.135,-1.97));
#7364=CARTESIAN_POINT('',(2.72,-0.169,-2.0955));
#7365=CARTESIAN_POINT('Origin',(2.72,-0.169,-1.97));
#7366=CARTESIAN_POINT('',(2.72,-0.14,-2.0955));
#7367=CARTESIAN_POINT('',(2.72,-0.135,-2.0955));
#7368=CARTESIAN_POINT('Origin',(2.72,-0.14,-1.97));
#7369=CARTESIAN_POINT('Origin',(-2.72,-0.135,1.97));
#7370=CARTESIAN_POINT('',(-2.72,-0.64,2.03));
#7371=CARTESIAN_POINT('Origin',(-2.72,-0.64,1.97));
#7372=CARTESIAN_POINT('',(-2.72,-0.528,2.03));
#7373=CARTESIAN_POINT('',(-2.72,-0.135,2.03));
#7374=CARTESIAN_POINT('Origin',(-2.72,-0.528,1.97));
#7375=CARTESIAN_POINT('Origin',(-2.72,-0.135,1.97));
#7376=CARTESIAN_POINT('',(-2.72,-0.528,2.063));
#7377=CARTESIAN_POINT('Origin',(-2.72,-0.528,1.97));
#7378=CARTESIAN_POINT('',(-2.72,-0.169,2.063));
#7379=CARTESIAN_POINT('',(-2.72,-0.135,2.063));
#7380=CARTESIAN_POINT('Origin',(-2.72,-0.169,1.97));
#7381=CARTESIAN_POINT('Origin',(-2.72,-0.135,1.97));
#7382=CARTESIAN_POINT('',(-2.72,-0.169,2.0955));
#7383=CARTESIAN_POINT('Origin',(-2.72,-0.169,1.97));
#7384=CARTESIAN_POINT('',(-2.72,-0.14,2.0955));
#7385=CARTESIAN_POINT('',(-2.72,-0.135,2.0955));
#7386=CARTESIAN_POINT('Origin',(-2.72,-0.14,1.97));
#7387=CARTESIAN_POINT('Origin',(-2.72,-0.135,-1.97));
#7388=CARTESIAN_POINT('',(-2.72,-0.64,-2.03));
#7389=CARTESIAN_POINT('Origin',(-2.72,-0.64,-1.97));
#7390=CARTESIAN_POINT('',(-2.72,-0.528,-2.03));
#7391=CARTESIAN_POINT('',(-2.72,-0.135,-2.03));
#7392=CARTESIAN_POINT('Origin',(-2.72,-0.528,-1.97));
#7393=CARTESIAN_POINT('Origin',(-2.72,-0.135,-1.97));
#7394=CARTESIAN_POINT('',(-2.72,-0.528,-2.063));
#7395=CARTESIAN_POINT('Origin',(-2.72,-0.528,-1.97));
#7396=CARTESIAN_POINT('',(-2.72,-0.169,-2.063));
#7397=CARTESIAN_POINT('',(-2.72,-0.135,-2.063));
#7398=CARTESIAN_POINT('Origin',(-2.72,-0.169,-1.97));
#7399=CARTESIAN_POINT('Origin',(-2.72,-0.135,-1.97));
#7400=CARTESIAN_POINT('',(-2.72,-0.169,-2.0955));
#7401=CARTESIAN_POINT('Origin',(-2.72,-0.169,-1.97));
#7402=CARTESIAN_POINT('',(-2.72,-0.14,-2.0955));
#7403=CARTESIAN_POINT('',(-2.72,-0.135,-2.0955));
#7404=CARTESIAN_POINT('Origin',(-2.72,-0.14,-1.97));
#7405=CARTESIAN_POINT('Origin',(-2.38,-0.9,-1.625));
#7406=CARTESIAN_POINT('',(-2.38,-1.15,-1.58436376623205));
#7407=CARTESIAN_POINT('Origin',(-2.38,-1.15,-1.625));
#7408=CARTESIAN_POINT('',(-2.38,-0.9,-1.58));
#7409=CARTESIAN_POINT('',(-2.38,-0.9,-1.58));
#7410=CARTESIAN_POINT('Origin',(-2.38,-0.9,-1.625));
#7411=CARTESIAN_POINT('Origin',(2.38,-0.9,-1.625));
#7412=CARTESIAN_POINT('',(2.38,-1.15,-1.66563623376795));
#7413=CARTESIAN_POINT('Origin',(2.38,-1.15,-1.625));
#7414=CARTESIAN_POINT('',(2.38,-0.9,-1.67));
#7415=CARTESIAN_POINT('',(2.38,-0.9,-1.67));
#7416=CARTESIAN_POINT('Origin',(2.38,-0.9,-1.625));
#7417=CARTESIAN_POINT('Origin',(2.38,-0.9,1.625));
#7418=CARTESIAN_POINT('',(2.38,-1.15,1.66563623376795));
#7419=CARTESIAN_POINT('Origin',(2.38,-1.15,1.625));
#7420=CARTESIAN_POINT('',(2.38,-0.9,1.67));
#7421=CARTESIAN_POINT('',(2.38,-0.9,1.67));
#7422=CARTESIAN_POINT('Origin',(2.38,-0.9,1.625));
#7423=CARTESIAN_POINT('Origin',(-2.38,-0.9,1.625));
#7424=CARTESIAN_POINT('',(-2.38,-1.15,1.58436376623205));
#7425=CARTESIAN_POINT('Origin',(-2.38,-1.15,1.625));
#7426=CARTESIAN_POINT('',(-2.38,-0.9,1.58));
#7427=CARTESIAN_POINT('',(-2.38,-0.9,1.58));
#7428=CARTESIAN_POINT('Origin',(-2.38,-0.9,1.625));
#7429=CARTESIAN_POINT('Origin',(-2.38,-0.9,-1.625));
#7430=CARTESIAN_POINT('',(-2.38,-1.15,-1.49563623376795));
#7431=CARTESIAN_POINT('Origin',(-2.38,-1.15,-1.625));
#7432=CARTESIAN_POINT('',(-2.38,-0.9,-1.5));
#7433=CARTESIAN_POINT('',(-2.38,-0.9,-1.5));
#7434=CARTESIAN_POINT('Origin',(-2.38,-0.9,-1.625));
#7435=CARTESIAN_POINT('Origin',(2.38,-0.9,-1.625));
#7436=CARTESIAN_POINT('',(2.38,-1.15,-1.75436376623205));
#7437=CARTESIAN_POINT('Origin',(2.38,-1.15,-1.625));
#7438=CARTESIAN_POINT('',(2.38,-0.9,-1.75));
#7439=CARTESIAN_POINT('',(2.38,-0.9,-1.75));
#7440=CARTESIAN_POINT('Origin',(2.38,-0.9,-1.625));
#7441=CARTESIAN_POINT('Origin',(2.38,-0.9,1.625));
#7442=CARTESIAN_POINT('',(2.38,-1.15,1.75436376623205));
#7443=CARTESIAN_POINT('Origin',(2.38,-1.15,1.625));
#7444=CARTESIAN_POINT('',(2.38,-0.9,1.75));
#7445=CARTESIAN_POINT('',(2.38,-0.9,1.75));
#7446=CARTESIAN_POINT('Origin',(2.38,-0.9,1.625));
#7447=CARTESIAN_POINT('Origin',(-2.38,-0.9,1.625));
#7448=CARTESIAN_POINT('',(-2.38,-1.15,1.49563623376795));
#7449=CARTESIAN_POINT('Origin',(-2.38,-1.15,1.625));
#7450=CARTESIAN_POINT('',(-2.38,-0.9,1.5));
#7451=CARTESIAN_POINT('',(-2.38,-0.9,1.5));
#7452=CARTESIAN_POINT('Origin',(-2.38,-0.9,1.625));
#7453=CARTESIAN_POINT('Origin',(-2.72,-0.14,-1.97));
#7454=CARTESIAN_POINT('',(-2.88100280698374,-1.15,-1.90367339022289));
#7455=CARTESIAN_POINT('',(-2.72,-1.15,-1.7958703844225));
#7456=CARTESIAN_POINT('Origin',(-2.72,-1.15,-1.97));
#7457=CARTESIAN_POINT('',(-2.72,-0.14,-1.8135));
#7458=CARTESIAN_POINT('',(-2.72,-0.14,-1.8135));
#7459=CARTESIAN_POINT('Origin',(-2.72,-0.14,-1.97));
#7460=CARTESIAN_POINT('',(-2.6601004580184,-1.15,-2.13350280698374));
#7461=CARTESIAN_POINT('Origin',(-2.72,-1.15,-1.97));
#7462=CARTESIAN_POINT('',(-2.7798995419816,-1.15,-2.13350280698374));
#7463=CARTESIAN_POINT('Ctrl Pts',(-2.7798995419816,-1.15,-2.13350280698374));
#7464=CARTESIAN_POINT('Ctrl Pts',(-2.77585502907923,-1.15,-2.13498452142559));
#7465=CARTESIAN_POINT('Ctrl Pts',(-2.77173246132698,-1.14994715796626,-2.13632297383136));
#7466=CARTESIAN_POINT('Ctrl Pts',(-2.7517631302803,-1.14958076700689,-2.14198667207312));
#7467=CARTESIAN_POINT('Ctrl Pts',(-2.73525428820536,-1.14908526855337,-2.14411364888071));
#7468=CARTESIAN_POINT('Ctrl Pts',(-2.70474571179464,-1.14908526855337,-2.14411364888071));
#7469=CARTESIAN_POINT('Ctrl Pts',(-2.6882368697197,-1.14958076700689,-2.14198667207312));
#7470=CARTESIAN_POINT('Ctrl Pts',(-2.66826753867302,-1.14994715796626,-2.13632297383136));
#7471=CARTESIAN_POINT('Ctrl Pts',(-2.66414497092077,-1.15,-2.13498452142559));
#7472=CARTESIAN_POINT('Ctrl Pts',(-2.6601004580184,-1.15,-2.13350280698374));
#7473=CARTESIAN_POINT('',(-2.7949099838725,-1.15,-2.12719293030345));
#7474=CARTESIAN_POINT('Origin',(-2.72,-1.15,-1.97));
#7475=CARTESIAN_POINT('',(-2.80594817272079,-0.142,-2.10082847432921));
#7476=CARTESIAN_POINT('Origin',(-2.60419662693063,-5.18254207745049,-2.08469839990844));
#7477=CARTESIAN_POINT('',(-2.84999844887693,-0.142,-2.05719851706854));
#7478=CARTESIAN_POINT('Origin',(-2.72,-0.142,-1.97));
#7479=CARTESIAN_POINT('',(-2.87646751980725,-1.15,-2.04641360001029));
#7480=CARTESIAN_POINT('Origin',(-2.83580337248509,-5.18254207069106,-1.85530159975326));
#7481=CARTESIAN_POINT('',(-2.88100280698374,-1.15,-2.03632660977711));
#7482=CARTESIAN_POINT('Origin',(-2.72,-1.15,-1.97));
#7483=CARTESIAN_POINT('Ctrl Pts',(-2.88100280698374,-1.15,-2.03632660977711));
#7484=CARTESIAN_POINT('Ctrl Pts',(-2.88338247561953,-1.15,-2.03055014492626));
#7485=CARTESIAN_POINT('Ctrl Pts',(-2.88547254368712,-1.14986388972088,-2.0245807209922));
#7486=CARTESIAN_POINT('Ctrl Pts',(-2.89188965053172,-1.14921611031494,-2.0024190038075));
#7487=CARTESIAN_POINT('Ctrl Pts',(-2.89410517387538,-1.14859973582316,-1.98557836360541));
#7488=CARTESIAN_POINT('Ctrl Pts',(-2.89410517387538,-1.14859973582316,-1.95442163639459));
#7489=CARTESIAN_POINT('Ctrl Pts',(-2.89188965053172,-1.14921611031494,-1.9375809961925));
#7490=CARTESIAN_POINT('Ctrl Pts',(-2.88547254368712,-1.14986388972087,-1.9154192790078));
#7491=CARTESIAN_POINT('Ctrl Pts',(-2.88338247561953,-1.15,-1.90944985507374));
#7492=CARTESIAN_POINT('Ctrl Pts',(-2.88100280698374,-1.15,-1.90367339022289));
#7493=CARTESIAN_POINT('Origin',(2.72,-0.14,-1.97));
#7494=CARTESIAN_POINT('',(2.7798995419816,-1.15,-2.13350280698374));
#7495=CARTESIAN_POINT('',(2.72,-1.14908526855337,-2.14411364888071));
#7496=CARTESIAN_POINT('Ctrl Pts',(2.72,-1.14908526855337,-2.14411364888071));
#7497=CARTESIAN_POINT('Ctrl Pts',(2.73525428820536,-1.14908526855337,-2.14411364888071));
#7498=CARTESIAN_POINT('Ctrl Pts',(2.7517631302803,-1.14958076700689,-2.14198667207312));
#7499=CARTESIAN_POINT('Ctrl Pts',(2.77173246132701,-1.14994715796626,-2.13632297383135));
#7500=CARTESIAN_POINT('Ctrl Pts',(2.77585502907929,-1.15,-2.13498452142557));
#7501=CARTESIAN_POINT('Ctrl Pts',(2.77989954198169,-1.15,-2.13350280698371));
#7502=CARTESIAN_POINT('',(2.72,-0.14,-2.1265));
#7503=CARTESIAN_POINT('',(2.72,-0.14,-2.1265));
#7504=CARTESIAN_POINT('Origin',(2.72,-0.14,-1.97));
#7505=CARTESIAN_POINT('',(2.6601004580184,-1.15,-2.13350280698374));
#7506=CARTESIAN_POINT('Ctrl Pts',(2.6601004580183,-1.15,-2.13350280698371));
#7507=CARTESIAN_POINT('Ctrl Pts',(2.66414497092071,-1.15,-2.13498452142557));
#7508=CARTESIAN_POINT('Ctrl Pts',(2.66826753867299,-1.14994715796626,-2.13632297383135));
#7509=CARTESIAN_POINT('Ctrl Pts',(2.6882368697197,-1.14958076700689,-2.14198667207312));
#7510=CARTESIAN_POINT('Ctrl Pts',(2.70474571179464,-1.14908526855337,-2.14411364888071));
#7511=CARTESIAN_POINT('Ctrl Pts',(2.72,-1.14908526855337,-2.14411364888071));
#7512=CARTESIAN_POINT('',(2.88100280698374,-1.15,-1.90367339022289));
#7513=CARTESIAN_POINT('Origin',(2.72,-1.15,-1.97));
#7514=CARTESIAN_POINT('',(2.88100280698374,-1.15,-2.03632660977711));
#7515=CARTESIAN_POINT('Ctrl Pts',(2.88100280698374,-1.15,-1.90367339022289));
#7516=CARTESIAN_POINT('Ctrl Pts',(2.88338247561953,-1.15,-1.90944985507374));
#7517=CARTESIAN_POINT('Ctrl Pts',(2.88547254368712,-1.14986388972088,-1.9154192790078));
#7518=CARTESIAN_POINT('Ctrl Pts',(2.89188965053172,-1.14921611031494,-1.93758099619249));
#7519=CARTESIAN_POINT('Ctrl Pts',(2.89410517387538,-1.14859973582316,-1.95442163639459));
#7520=CARTESIAN_POINT('Ctrl Pts',(2.89410517387538,-1.14859973582316,-1.98557836360541));
#7521=CARTESIAN_POINT('Ctrl Pts',(2.89188965053172,-1.14921611031494,-2.00241900380751));
#7522=CARTESIAN_POINT('Ctrl Pts',(2.88547254368712,-1.14986388972088,-2.0245807209922));
#7523=CARTESIAN_POINT('Ctrl Pts',(2.88338247561953,-1.15,-2.03055014492626));
#7524=CARTESIAN_POINT('Ctrl Pts',(2.88100280698374,-1.15,-2.03632660977711));
#7525=CARTESIAN_POINT('',(2.87646751980725,-1.15,-2.04641360001029));
#7526=CARTESIAN_POINT('Origin',(2.72,-1.15,-1.97));
#7527=CARTESIAN_POINT('',(2.84999844887691,-0.142,-2.05719851706852));
#7528=CARTESIAN_POINT('Origin',(2.83580337265835,-5.18254204998792,-1.85530160069837));
#7529=CARTESIAN_POINT('',(2.80594817272082,-0.142,-2.10082847432923));
#7530=CARTESIAN_POINT('Origin',(2.72,-0.142,-1.97));
#7531=CARTESIAN_POINT('',(2.7949099838725,-1.15,-2.12719293030345));
#7532=CARTESIAN_POINT('Origin',(2.60419662684957,-5.18254207898396,-2.08469839988389));
#7533=CARTESIAN_POINT('Origin',(2.72,-1.15,-1.97));
#7534=CARTESIAN_POINT('Origin',(2.72,-0.14,1.97));
#7535=CARTESIAN_POINT('',(2.6601004580184,-1.15,2.13350280698374));
#7536=CARTESIAN_POINT('',(2.72,-1.14908526855337,2.14411364888071));
#7537=CARTESIAN_POINT('Ctrl Pts',(2.72,-1.14908526855337,2.14411364888071));
#7538=CARTESIAN_POINT('Ctrl Pts',(2.70474571179464,-1.14908526855337,2.14411364888071));
#7539=CARTESIAN_POINT('Ctrl Pts',(2.6882368697197,-1.14958076700689,2.14198667207312));
#7540=CARTESIAN_POINT('Ctrl Pts',(2.66826753867299,-1.14994715796626,2.13632297383135));
#7541=CARTESIAN_POINT('Ctrl Pts',(2.66414497092071,-1.15,2.13498452142557));
#7542=CARTESIAN_POINT('Ctrl Pts',(2.6601004580183,-1.15,2.13350280698371));
#7543=CARTESIAN_POINT('',(2.72,-0.14,2.1265));
#7544=CARTESIAN_POINT('',(2.72,-0.14,2.1265));
#7545=CARTESIAN_POINT('Origin',(2.72,-0.14,1.97));
#7546=CARTESIAN_POINT('',(2.7798995419816,-1.15,2.13350280698374));
#7547=CARTESIAN_POINT('Ctrl Pts',(2.77989954198169,-1.15,2.13350280698371));
#7548=CARTESIAN_POINT('Ctrl Pts',(2.77585502907929,-1.15,2.13498452142557));
#7549=CARTESIAN_POINT('Ctrl Pts',(2.77173246132701,-1.14994715796626,2.13632297383135));
#7550=CARTESIAN_POINT('Ctrl Pts',(2.7517631302803,-1.14958076700689,2.14198667207312));
#7551=CARTESIAN_POINT('Ctrl Pts',(2.73525428820536,-1.14908526855337,2.14411364888071));
#7552=CARTESIAN_POINT('Ctrl Pts',(2.72,-1.14908526855337,2.14411364888071));
#7553=CARTESIAN_POINT('',(2.7949099838725,-1.15,2.12719293030345));
#7554=CARTESIAN_POINT('Origin',(2.72,-1.15,1.97));
#7555=CARTESIAN_POINT('',(2.80594817272079,-0.142,2.10082847432921));
#7556=CARTESIAN_POINT('Origin',(2.60419662693063,-5.18254207745049,2.08469839990844));
#7557=CARTESIAN_POINT('',(2.84999844887693,-0.142,2.05719851706854));
#7558=CARTESIAN_POINT('Origin',(2.72,-0.142,1.97));
#7559=CARTESIAN_POINT('',(2.87646751980725,-1.15,2.04641360001029));
#7560=CARTESIAN_POINT('Origin',(2.83580337248509,-5.18254207069106,1.85530159975326));
#7561=CARTESIAN_POINT('',(2.88100280698374,-1.15,2.03632660977711));
#7562=CARTESIAN_POINT('Origin',(2.72,-1.15,1.97));
#7563=CARTESIAN_POINT('',(2.88100280698374,-1.15,1.90367339022289));
#7564=CARTESIAN_POINT('Ctrl Pts',(2.88100280698374,-1.15,2.03632660977711));
#7565=CARTESIAN_POINT('Ctrl Pts',(2.88338247561953,-1.15,2.03055014492626));
#7566=CARTESIAN_POINT('Ctrl Pts',(2.88547254368712,-1.14986388972087,2.0245807209922));
#7567=CARTESIAN_POINT('Ctrl Pts',(2.89188965053172,-1.14921611031494,2.0024190038075));
#7568=CARTESIAN_POINT('Ctrl Pts',(2.89410517387538,-1.14859973582316,1.98557836360541));
#7569=CARTESIAN_POINT('Ctrl Pts',(2.89410517387538,-1.14859973582316,1.95442163639459));
#7570=CARTESIAN_POINT('Ctrl Pts',(2.89188965053172,-1.14921611031494,1.9375809961925));
#7571=CARTESIAN_POINT('Ctrl Pts',(2.88547254368712,-1.14986388972088,1.9154192790078));
#7572=CARTESIAN_POINT('Ctrl Pts',(2.88338247561953,-1.15,1.90944985507374));
#7573=CARTESIAN_POINT('Ctrl Pts',(2.88100280698374,-1.15,1.90367339022289));
#7574=CARTESIAN_POINT('Origin',(2.72,-1.15,1.97));
#7575=CARTESIAN_POINT('Origin',(-2.72,-0.14,1.97));
#7576=CARTESIAN_POINT('',(-2.6601004580184,-1.15,2.13350280698374));
#7577=CARTESIAN_POINT('',(-2.72,-1.15,1.7958703844225));
#7578=CARTESIAN_POINT('Origin',(-2.72,-1.15,1.97));
#7579=CARTESIAN_POINT('',(-2.72,-0.14,1.8135));
#7580=CARTESIAN_POINT('',(-2.72,-0.14,1.8135));
#7581=CARTESIAN_POINT('Origin',(-2.72,-0.14,1.97));
#7582=CARTESIAN_POINT('',(-2.88100280698374,-1.15,1.90367339022289));
#7583=CARTESIAN_POINT('Origin',(-2.72,-1.15,1.97));
#7584=CARTESIAN_POINT('',(-2.88100280698374,-1.15,2.03632660977711));
#7585=CARTESIAN_POINT('Ctrl Pts',(-2.88100280698374,-1.15,1.90367339022289));
#7586=CARTESIAN_POINT('Ctrl Pts',(-2.88338247561953,-1.15,1.90944985507374));
#7587=CARTESIAN_POINT('Ctrl Pts',(-2.88547254368712,-1.14986388972088,1.9154192790078));
#7588=CARTESIAN_POINT('Ctrl Pts',(-2.89188965053172,-1.14921611031494,1.93758099619249));
#7589=CARTESIAN_POINT('Ctrl Pts',(-2.89410517387538,-1.14859973582316,1.95442163639459));
#7590=CARTESIAN_POINT('Ctrl Pts',(-2.89410517387538,-1.14859973582316,1.98557836360541));
#7591=CARTESIAN_POINT('Ctrl Pts',(-2.89188965053172,-1.14921611031494,2.00241900380751));
#7592=CARTESIAN_POINT('Ctrl Pts',(-2.88547254368712,-1.14986388972088,2.0245807209922));
#7593=CARTESIAN_POINT('Ctrl Pts',(-2.88338247561953,-1.15,2.03055014492626));
#7594=CARTESIAN_POINT('Ctrl Pts',(-2.88100280698374,-1.15,2.03632660977711));
#7595=CARTESIAN_POINT('',(-2.87646751980723,-1.15,2.04641360001027));
#7596=CARTESIAN_POINT('Origin',(-2.72,-1.15,1.97));
#7597=CARTESIAN_POINT('',(-2.84999844887688,-0.142,2.05719851706849));
#7598=CARTESIAN_POINT('Origin',(-2.83580337243969,-5.18254208900743,1.85530159902578));
#7599=CARTESIAN_POINT('',(-2.80594817272081,-0.142,2.10082847432923));
#7600=CARTESIAN_POINT('Origin',(-2.72,-0.142,1.97));
#7601=CARTESIAN_POINT('',(-2.79490998387249,-1.15,2.12719293030343));
#7602=CARTESIAN_POINT('Origin',(-2.6041966266515,-5.18254208299129,2.08469839983265));
#7603=CARTESIAN_POINT('',(-2.7798995419816,-1.15,2.13350280698374));
#7604=CARTESIAN_POINT('Origin',(-2.72,-1.15,1.97));
#7605=CARTESIAN_POINT('Ctrl Pts',(-2.6601004580184,-1.15,2.13350280698374));
#7606=CARTESIAN_POINT('Ctrl Pts',(-2.66414497092077,-1.15,2.13498452142559));
#7607=CARTESIAN_POINT('Ctrl Pts',(-2.66826753867302,-1.14994715796626,2.13632297383136));
#7608=CARTESIAN_POINT('Ctrl Pts',(-2.6882368697197,-1.14958076700689,2.14198667207312));
#7609=CARTESIAN_POINT('Ctrl Pts',(-2.70474571179464,-1.14908526855337,2.14411364888071));
#7610=CARTESIAN_POINT('Ctrl Pts',(-2.73525428820536,-1.14908526855337,2.14411364888071));
#7611=CARTESIAN_POINT('Ctrl Pts',(-2.7517631302803,-1.14958076700689,2.14198667207312));
#7612=CARTESIAN_POINT('Ctrl Pts',(-2.77173246132698,-1.14994715796626,2.13632297383136));
#7613=CARTESIAN_POINT('Ctrl Pts',(-2.77585502907923,-1.15,2.13498452142559));
#7614=CARTESIAN_POINT('Ctrl Pts',(-2.7798995419816,-1.15,2.13350280698374));
#7615=CARTESIAN_POINT('Origin',(2.8695,-1.125,2.23487651837385));
#7616=CARTESIAN_POINT('',(2.8695,-1.25,2.23487651837385));
#7617=CARTESIAN_POINT('',(2.8695,-1.11944993284326,2.35975324460639));
#7618=CARTESIAN_POINT('Origin',(2.8695,-1.125,2.23487651837385));
#7619=CARTESIAN_POINT('',(-2.8695,-1.11944993284326,2.35975324460639));
#7620=CARTESIAN_POINT('',(2.8695,-1.11944993284326,2.35975324460639));
#7621=CARTESIAN_POINT('',(-2.8695,-1.25,2.23487651837385));
#7622=CARTESIAN_POINT('Origin',(-2.8695,-1.125,2.23487651837385));
#7623=CARTESIAN_POINT('',(-2.8695,-1.25,2.23487651837385));
#7624=CARTESIAN_POINT('Origin',(-2.98237651837385,-1.125,-2.122));
#7625=CARTESIAN_POINT('',(-3.10725324460638,-1.11944993284326,2.122));
#7626=CARTESIAN_POINT('',(-2.98237651837385,-1.25,2.122));
#7627=CARTESIAN_POINT('Origin',(-2.98237651837385,-1.125,2.122));
#7628=CARTESIAN_POINT('',(-3.10725324460638,-1.11944993284326,-2.122));
#7629=CARTESIAN_POINT('',(-3.10725324460638,-1.11944993284326,2.122));
#7630=CARTESIAN_POINT('',(-2.98237651837385,-1.25,-2.122));
#7631=CARTESIAN_POINT('Origin',(-2.98237651837385,-1.125,-2.122));
#7632=CARTESIAN_POINT('',(-2.98237651837385,-1.25,-2.122));
#7633=CARTESIAN_POINT('Origin',(2.98237651837385,-1.125,2.122));
#7634=CARTESIAN_POINT('',(2.98237651837385,-1.25,-2.122));
#7635=CARTESIAN_POINT('',(3.10725324460638,-1.11944993284326,-2.122));
#7636=CARTESIAN_POINT('Origin',(2.98237651837385,-1.125,-2.122));
#7637=CARTESIAN_POINT('',(3.10725324460638,-1.11944993284326,2.122));
#7638=CARTESIAN_POINT('',(3.10725324460638,-1.11944993284326,-2.122));
#7639=CARTESIAN_POINT('',(2.98237651837385,-1.25,2.122));
#7640=CARTESIAN_POINT('Origin',(2.98237651837385,-1.125,2.122));
#7641=CARTESIAN_POINT('',(2.98237651837385,-1.25,2.122));
#7642=CARTESIAN_POINT('Origin',(-2.8695,-1.125,-2.23487651837385));
#7643=CARTESIAN_POINT('',(-2.8695,-1.25,-2.23487651837385));
#7644=CARTESIAN_POINT('Origin',(-2.8695,-1.125,-2.23487651837385));
#7645=CARTESIAN_POINT('',(2.8695,-1.25,-2.23487651837385));
#7646=CARTESIAN_POINT('Origin',(2.8695,-1.125,-2.23487651837385));
#7647=CARTESIAN_POINT('',(2.8695,-1.25,-2.23487651837385));
#7648=CARTESIAN_POINT('Origin',(2.8695,0.,-2.205));
#7649=CARTESIAN_POINT('',(-2.8695,-0.985922385336559,-2.19639598569122));
#7650=CARTESIAN_POINT('',(-2.8695,0.,-2.205));
#7651=CARTESIAN_POINT('',(-2.86483086858566,-1.0885410452009,-2.19550044621372));
#7652=CARTESIAN_POINT('',(-2.90241100069162,-0.262600960842085,-2.20270831613301));
#7653=CARTESIAN_POINT('',(2.86483086858566,-1.0885410452009,-2.19550044621372));
#7654=CARTESIAN_POINT('',(2.8695,-1.0885410452009,-2.19550044621372));
#7655=CARTESIAN_POINT('',(2.8695,-0.985922385336549,-2.19639598569122));
#7656=CARTESIAN_POINT('',(2.91426662899028,-0.00203671882416431,-2.2049822258241));
#7657=CARTESIAN_POINT('',(2.8695,0.,-2.205));
#7658=CARTESIAN_POINT('Origin',(-2.8695,-1.15,2.122));
#7659=CARTESIAN_POINT('',(-2.80115965297572,-1.15,-2.13350280698374));
#7660=CARTESIAN_POINT('',(-2.8695,-1.15,-2.13350280698374));
#7661=CARTESIAN_POINT('',(-0.707348612801272,-1.15,-0.0195205725450978));
#7662=CARTESIAN_POINT('Origin',(2.8695,-1.088,-2.13350280698374));
#7663=CARTESIAN_POINT('Origin',(-2.80344473927472,-1.08799999999999,-2.13350280698372));
#7664=CARTESIAN_POINT('',(-2.8695,-1.15,-2.13350280698374));
#7665=CARTESIAN_POINT('',(2.80115965297573,-1.15,-2.13350280698374));
#7666=CARTESIAN_POINT('',(-2.8695,-1.15,-2.13350280698374));
#7667=CARTESIAN_POINT('Origin',(2.8034447392747,-1.08799999999996,-2.1335028069837));
#7668=CARTESIAN_POINT('Origin',(-2.8695,-1.15,2.122));
#7669=CARTESIAN_POINT('',(2.88100280698374,-1.15,-2.05099257888432));
#7670=CARTESIAN_POINT('',(2.88100280698374,-1.15,2.122));
#7671=CARTESIAN_POINT('',(-2.05308303594118,-1.15,2.93062687721971));
#7672=CARTESIAN_POINT('Origin',(2.9525,0.,2.122));
#7673=CARTESIAN_POINT('',(2.94300044621372,-1.0885410452009,-2.11587445335282));
#7674=CARTESIAN_POINT('',(2.94416198992558,-0.955441319192735,-2.122));
#7675=CARTESIAN_POINT('',(2.95078159275803,-0.196909966229758,-2.15690930691802));
#7676=CARTESIAN_POINT('',(2.94300044621372,-1.0885410452009,2.11587445335282));
#7677=CARTESIAN_POINT('',(2.94300044621372,-1.0885410452009,2.122));
#7678=CARTESIAN_POINT('',(2.94416198992558,-0.955441319192749,2.122));
#7679=CARTESIAN_POINT('',(2.95248237837688,-0.00201923800674942,2.16587861348714));
#7680=CARTESIAN_POINT('',(2.9525,-1.19193303775766E-18,2.122));
#7681=CARTESIAN_POINT('',(2.9525,0.,-2.122));
#7682=CARTESIAN_POINT('Origin',(2.88100280698374,-1.088,2.122));
#7683=CARTESIAN_POINT('Origin',(2.88100280698378,-1.08800000000005,-2.05329967907038));
#7684=CARTESIAN_POINT('',(2.88100280698374,-1.15,2.122));
#7685=CARTESIAN_POINT('',(2.88100280698374,-1.15,2.05099257888432));
#7686=CARTESIAN_POINT('',(2.88100280698374,-1.15,2.122));
#7687=CARTESIAN_POINT('Origin',(2.88100280698375,-1.08800000000002,2.05329967907036));
#7688=CARTESIAN_POINT('Origin',(-2.8695,-1.15,2.122));
#7689=CARTESIAN_POINT('',(2.80115965297573,-1.15,2.13350280698374));
#7690=CARTESIAN_POINT('',(-2.8695,-1.15,2.13350280698374));
#7691=CARTESIAN_POINT('',(-0.0127380977449458,-1.15,-0.707503253455566));
#7692=CARTESIAN_POINT('Origin',(-2.8695,0.,2.205));
#7693=CARTESIAN_POINT('',(2.86483086858566,-1.0885410452009,2.19550044621372));
#7694=CARTESIAN_POINT('',(-2.86483086858566,-1.0885410452009,2.19550044621372));
#7695=CARTESIAN_POINT('',(-2.8695,-1.0885410452009,2.19550044621372));
#7696=CARTESIAN_POINT('',(-2.8695,-0.985922385336464,2.19639598569122));
#7697=CARTESIAN_POINT('',(-2.91426662899027,-0.00203671882416406,2.2049822258241));
#7698=CARTESIAN_POINT('',(-2.8695,1.19193303775766E-18,2.205));
#7699=CARTESIAN_POINT('',(2.8695,-0.985922385336559,2.19639598569122));
#7700=CARTESIAN_POINT('',(2.8695,-2.38368453834041E-18,2.205));
#7701=CARTESIAN_POINT('',(2.90241100069162,-0.262600960842085,2.20270831613301));
#7702=CARTESIAN_POINT('Origin',(-2.8695,-1.088,2.13350280698374));
#7703=CARTESIAN_POINT('',(-2.8695,-1.15,2.13350280698374));
#7704=CARTESIAN_POINT('',(-2.80115965297572,-1.15,2.13350280698374));
#7705=CARTESIAN_POINT('',(-2.8695,-1.15,2.13350280698374));
#7706=CARTESIAN_POINT('Origin',(-2.80344473927475,-1.08800000000002,2.13350280698376));
#7707=CARTESIAN_POINT('Origin',(2.80344473927472,-1.08799999999998,2.13350280698373));
#7708=CARTESIAN_POINT('Origin',(-2.8695,-1.15,2.122));
#7709=CARTESIAN_POINT('',(-2.88100280698374,-1.15,2.05099257888433));
#7710=CARTESIAN_POINT('',(-2.88100280698374,-1.15,2.122));
#7711=CARTESIAN_POINT('',(-2.91080862286699,-1.15,2.08108553572292));
#7712=CARTESIAN_POINT('Origin',(-2.9525,0.,-2.122));
#7713=CARTESIAN_POINT('',(-2.94300044621372,-1.0885410452009,2.11587445335282));
#7714=CARTESIAN_POINT('',(-2.94300044621372,-1.0885410452009,-2.11587445335282));
#7715=CARTESIAN_POINT('',(-2.94300044621372,-1.0885410452009,-2.122));
#7716=CARTESIAN_POINT('',(-2.94416198992558,-0.955441319192756,-2.122));
#7717=CARTESIAN_POINT('',(-2.95248237837688,-0.00201923800674946,-2.16587861348714));
#7718=CARTESIAN_POINT('',(-2.9525,-1.19193303775766E-18,-2.122));
#7719=CARTESIAN_POINT('',(-2.94416198992558,-0.955441319192838,2.122));
#7720=CARTESIAN_POINT('',(-2.9525,0.,2.122));
#7721=CARTESIAN_POINT('',(-2.95078159275803,-0.196909966229761,2.15690930691803));
#7722=CARTESIAN_POINT('Origin',(-2.88100280698374,-1.088,-2.122));
#7723=CARTESIAN_POINT('',(-2.88100280698374,-1.15,-2.05099257888432));
#7724=CARTESIAN_POINT('',(-2.88100280698374,-1.15,2.122));
#7725=CARTESIAN_POINT('Origin',(-2.88100280698373,-1.088,-2.05329967907033));
#7726=CARTESIAN_POINT('Origin',(-2.88100280698372,-1.08799999999999,2.05329967907033));
#7727=CARTESIAN_POINT('',(-2.88100280698374,-1.15,2.122));
#7728=CARTESIAN_POINT('Origin',(-2.8695,-1.25,2.122));
#7729=CARTESIAN_POINT('Origin',(-2.8695,-1.25,2.122));
#7730=CARTESIAN_POINT('Origin',(-2.8695,-1.25,-2.122));
#7731=CARTESIAN_POINT('Origin',(2.8695,-1.25,-2.122));
#7732=CARTESIAN_POINT('Origin',(2.8695,-1.25,2.122));
#7733=CARTESIAN_POINT('Origin',(-2.8695,-1.15,2.122));
#7734=CARTESIAN_POINT('Origin',(-2.8695,-1.15,2.122));
#7735=CARTESIAN_POINT('',(-2.82925108693224,-1.15,2.16186486601608));
#7736=CARTESIAN_POINT('Origin',(-2.8695,-1.15,2.122));
#7737=CARTESIAN_POINT('',(0.0688194381897975,-1.15,-0.788282583748726));
#7738=CARTESIAN_POINT('Origin',(-2.8695,-1.15,2.122));
#7739=CARTESIAN_POINT('',(-2.13464057187592,-1.15,2.84984754692655));
#7740=CARTESIAN_POINT('Origin',(-2.8695,0.,2.122));
#7741=CARTESIAN_POINT('Origin',(-2.8695,-1.11944993284326,2.122));
#7742=CARTESIAN_POINT('',(-2.8695,-6.05879490851818E-18,2.31));
#7743=CARTESIAN_POINT('',(-3.0575,0.,2.122));
#7744=CARTESIAN_POINT('Origin',(-3.0575,0.,-2.122));
#7745=CARTESIAN_POINT('',(-3.0575,6.05879490851818E-18,-2.122));
#7746=CARTESIAN_POINT('Origin',(-2.8695,0.,-2.122));
#7747=CARTESIAN_POINT('Origin',(-2.8695,-1.11944993284326,-2.122));
#7748=CARTESIAN_POINT('Origin',(2.8695,0.,-2.122));
#7749=CARTESIAN_POINT('Origin',(2.8695,-1.11944993284326,-2.122));
#7750=CARTESIAN_POINT('',(3.0575,0.,-2.122));
#7751=CARTESIAN_POINT('Origin',(3.0575,0.,2.122));
#7752=CARTESIAN_POINT('',(3.0575,6.05879490851818E-18,2.122));
#7753=CARTESIAN_POINT('Origin',(2.8695,0.,2.122));
#7754=CARTESIAN_POINT('Origin',(2.8695,-1.11944993284326,2.122));
#7755=CARTESIAN_POINT('',(2.8695,0.,2.31));
#7756=CARTESIAN_POINT('Origin',(2.8695,0.,2.31));
#7757=CARTESIAN_POINT('Ctrl Pts',(2.98237651837385,-1.25,-2.12200000000001));
#7758=CARTESIAN_POINT('Ctrl Pts',(2.98237651837385,-1.25,-2.23487651837385));
#7759=CARTESIAN_POINT('Ctrl Pts',(2.8695,-1.25,-2.23487651837385));
#7760=CARTESIAN_POINT('Ctrl Pts',(3.03578690633875,-1.25,-2.12200000000001));
#7761=CARTESIAN_POINT('Ctrl Pts',(3.03578690633876,-1.25,-2.28828690633876));
#7762=CARTESIAN_POINT('Ctrl Pts',(2.8695,-1.25,-2.28828690633875));
#7763=CARTESIAN_POINT('Ctrl Pts',(3.07270580043286,-1.2114038240051,-2.122));
#7764=CARTESIAN_POINT('Ctrl Pts',(3.07270580043287,-1.21140382400509,-2.32520580043287));
#7765=CARTESIAN_POINT('Ctrl Pts',(2.8695,-1.2114038240051,-2.32520580043286));
#7766=CARTESIAN_POINT('Ctrl Pts',(3.10962469452697,-1.17280764801019,-2.122));
#7767=CARTESIAN_POINT('Ctrl Pts',(3.10962469452698,-1.17280764801018,-2.36212469452698));
#7768=CARTESIAN_POINT('Ctrl Pts',(2.8695,-1.1728076480102,-2.36212469452697));
#7769=CARTESIAN_POINT('Ctrl Pts',(3.10725324460639,-1.11944993284326,-2.122));
#7770=CARTESIAN_POINT('Ctrl Pts',(3.1072532446064,-1.11944993284325,-2.3597532446064));
#7771=CARTESIAN_POINT('Ctrl Pts',(2.8695,-1.11944993284326,-2.35975324460639));
#7772=CARTESIAN_POINT('Ctrl Pts',(-2.86950000000001,-1.25,-2.23487651837385));
#7773=CARTESIAN_POINT('Ctrl Pts',(-2.98237651837385,-1.25,-2.23487651837385));
#7774=CARTESIAN_POINT('Ctrl Pts',(-2.98237651837385,-1.25,-2.12200000000001));
#7775=CARTESIAN_POINT('Ctrl Pts',(-2.86950000000001,-1.25,-2.28828690633875));
#7776=CARTESIAN_POINT('Ctrl Pts',(-3.03578690633876,-1.25,-2.28828690633876));
#7777=CARTESIAN_POINT('Ctrl Pts',(-3.03578690633875,-1.25,-2.12200000000001));
#7778=CARTESIAN_POINT('Ctrl Pts',(-2.86950000000001,-1.2114038240051,-2.32520580043286));
#7779=CARTESIAN_POINT('Ctrl Pts',(-3.07270580043287,-1.21140382400509,-2.32520580043287));
#7780=CARTESIAN_POINT('Ctrl Pts',(-3.07270580043286,-1.2114038240051,-2.12200000000001));
#7781=CARTESIAN_POINT('Ctrl Pts',(-2.86950000000001,-1.17280764801019,-2.36212469452697));
#7782=CARTESIAN_POINT('Ctrl Pts',(-3.10962469452698,-1.17280764801019,-2.36212469452698));
#7783=CARTESIAN_POINT('Ctrl Pts',(-3.10962469452697,-1.17280764801019,-2.122));
#7784=CARTESIAN_POINT('Ctrl Pts',(-2.86950000000001,-1.11944993284326,-2.35975324460639));
#7785=CARTESIAN_POINT('Ctrl Pts',(-3.1072532446064,-1.11944993284325,-2.3597532446064));
#7786=CARTESIAN_POINT('Ctrl Pts',(-3.10725324460639,-1.11944993284326,-2.122));
#7787=CARTESIAN_POINT('Ctrl Pts',(2.86949999999995,-1.25,2.23487651837384));
#7788=CARTESIAN_POINT('Ctrl Pts',(2.98237651837383,-1.25000000000001,2.23487651837382));
#7789=CARTESIAN_POINT('Ctrl Pts',(2.98237651837385,-1.25,2.12199999999994));
#7790=CARTESIAN_POINT('Ctrl Pts',(2.86949999999995,-1.25000000000001,2.28828690633875));
#7791=CARTESIAN_POINT('Ctrl Pts',(3.03578690633873,-1.25000000000002,2.28828690633872));
#7792=CARTESIAN_POINT('Ctrl Pts',(3.03578690633876,-1.25,2.12199999999994));
#7793=CARTESIAN_POINT('Ctrl Pts',(2.86949999999995,-1.2114038240051,2.32520580043287));
#7794=CARTESIAN_POINT('Ctrl Pts',(3.07270580043283,-1.21140382400511,2.32520580043283));
#7795=CARTESIAN_POINT('Ctrl Pts',(3.07270580043287,-1.2114038240051,2.12199999999995));
#7796=CARTESIAN_POINT('Ctrl Pts',(2.86949999999995,-1.1728076480102,2.36212469452698));
#7797=CARTESIAN_POINT('Ctrl Pts',(3.10962469452694,-1.17280764801021,2.36212469452694));
#7798=CARTESIAN_POINT('Ctrl Pts',(3.10962469452699,-1.17280764801019,2.12199999999995));
#7799=CARTESIAN_POINT('Ctrl Pts',(2.86949999999996,-1.11944993284326,2.3597532446064));
#7800=CARTESIAN_POINT('Ctrl Pts',(3.10725324460636,-1.11944993284327,2.35975324460635));
#7801=CARTESIAN_POINT('Ctrl Pts',(3.1072532446064,-1.11944993284325,2.12199999999995));
#7802=CARTESIAN_POINT('Ctrl Pts',(-2.98237651837384,-1.25,2.12200000000002));
#7803=CARTESIAN_POINT('Ctrl Pts',(-2.98237651837387,-1.25,2.23487651837387));
#7804=CARTESIAN_POINT('Ctrl Pts',(-2.86950000000002,-1.25,2.23487651837385));
#7805=CARTESIAN_POINT('Ctrl Pts',(-3.03578690633875,-1.25,2.12200000000002));
#7806=CARTESIAN_POINT('Ctrl Pts',(-3.03578690633878,-1.25,2.28828690633878));
#7807=CARTESIAN_POINT('Ctrl Pts',(-2.86950000000002,-1.25,2.28828690633875));
#7808=CARTESIAN_POINT('Ctrl Pts',(-3.07270580043286,-1.2114038240051,2.12200000000002));
#7809=CARTESIAN_POINT('Ctrl Pts',(-3.0727058004329,-1.21140382400509,2.3252058004329));
#7810=CARTESIAN_POINT('Ctrl Pts',(-2.86950000000002,-1.2114038240051,2.32520580043286));
#7811=CARTESIAN_POINT('Ctrl Pts',(-3.10962469452696,-1.1728076480102,2.12200000000002));
#7812=CARTESIAN_POINT('Ctrl Pts',(-3.10962469452701,-1.17280764801019,2.36212469452702));
#7813=CARTESIAN_POINT('Ctrl Pts',(-2.86950000000002,-1.17280764801019,2.36212469452697));
#7814=CARTESIAN_POINT('Ctrl Pts',(-3.10725324460638,-1.11944993284326,2.12200000000002));
#7815=CARTESIAN_POINT('Ctrl Pts',(-3.10725324460643,-1.11944993284325,2.35975324460643));
#7816=CARTESIAN_POINT('Ctrl Pts',(-2.86950000000002,-1.11944993284326,2.35975324460638));
#7817=CARTESIAN_POINT('Origin',(-2.8695,0.,2.122));
#7818=CARTESIAN_POINT('',(-2.90145653098104,-0.142,2.19725693359732));
#7819=CARTESIAN_POINT('Origin',(-2.89396393411438,2.3282892881071,2.09776949584059));
#7820=CARTESIAN_POINT('',(-2.94507671031756,-0.142,2.15319273608367));
#7821=CARTESIAN_POINT('Origin',(-2.8695,-0.142,2.122));
#7822=CARTESIAN_POINT('Origin',(-2.84490366263103,2.39236488007975,2.14636164400619));
#7823=CARTESIAN_POINT('Origin',(-2.8695,0.,-2.122));
#7824=CARTESIAN_POINT('',(-2.94507671031757,-0.142,-2.15319273608368));
#7825=CARTESIAN_POINT('Origin',(-2.84490366271917,2.39236487750301,-2.14636164399917));
#7826=CARTESIAN_POINT('',(-2.90145653098104,-0.142,-2.19725693359731));
#7827=CARTESIAN_POINT('Origin',(-2.8695,-0.142,-2.122));
#7828=CARTESIAN_POINT('Origin',(-2.89396393411322,2.32828928803255,-2.09776949584218));
#7829=CARTESIAN_POINT('Origin',(2.8695,0.,-2.122));
#7830=CARTESIAN_POINT('',(2.90145653098104,-0.142,-2.19725693359732));
#7831=CARTESIAN_POINT('Origin',(2.89396393411469,2.32828928829211,-2.097769495834));
#7832=CARTESIAN_POINT('',(2.94507671031757,-0.142,-2.15319273608368));
#7833=CARTESIAN_POINT('Origin',(2.8695,-0.142,-2.122));
#7834=CARTESIAN_POINT('Origin',(2.84490366271777,2.39236487754238,-2.14636164399929));
#7835=CARTESIAN_POINT('Origin',(2.8695,0.,2.122));
#7836=CARTESIAN_POINT('',(2.94507671031757,-0.142,2.15319273608369));
#7837=CARTESIAN_POINT('Origin',(2.84490366264219,2.39236487977692,2.14636164400609));
#7838=CARTESIAN_POINT('',(2.90145653098104,-0.142,2.19725693359731));
#7839=CARTESIAN_POINT('Origin',(2.8695,-0.142,2.122));
#7840=CARTESIAN_POINT('Origin',(2.89396393411656,2.32828928905898,2.09776949580732));
#7841=CARTESIAN_POINT('Origin',(-2.8695,-1.15,2.122));
#7842=CARTESIAN_POINT('',(-0.788906148736015,-1.15,0.0612587577480616));
#7843=CARTESIAN_POINT('Origin',(-2.72,-0.14,1.97));
#7844=CARTESIAN_POINT('Origin',(2.72,-0.14,1.97));
#7845=CARTESIAN_POINT('Origin',(2.72,-0.14,-1.97));
#7846=CARTESIAN_POINT('Origin',(-2.72,-0.14,-1.97));
#7847=CARTESIAN_POINT('Origin',(-2.38,-0.9,1.625));
#7848=CARTESIAN_POINT('Origin',(2.38,-0.9,1.625));
#7849=CARTESIAN_POINT('Origin',(2.38,-0.9,-1.625));
#7850=CARTESIAN_POINT('Origin',(-2.38,-0.9,-1.625));
#7851=CARTESIAN_POINT('Origin',(-2.8695,-1.15,2.122));
#7852=CARTESIAN_POINT('Origin',(-2.8695,-1.15,2.122));
#7853=CARTESIAN_POINT('Origin',(-2.8695,-1.15,2.122));
#7854=CARTESIAN_POINT('Origin',(-2.8695,-1.15,2.122));
#7855=CARTESIAN_POINT('Origin',(-2.72,-0.169,-1.8445));
#7856=CARTESIAN_POINT('Origin',(-2.72,-0.528,-1.877));
#7857=CARTESIAN_POINT('Origin',(-2.72,-0.64,-1.91));
#7858=CARTESIAN_POINT('Origin',(-2.72,-0.169,1.8445));
#7859=CARTESIAN_POINT('Origin',(-2.72,-0.528,1.877));
#7860=CARTESIAN_POINT('Origin',(-2.72,-0.64,1.91));
#7861=CARTESIAN_POINT('Origin',(2.72,-0.169,-1.8445));
#7862=CARTESIAN_POINT('Origin',(2.72,-0.528,-1.877));
#7863=CARTESIAN_POINT('Origin',(2.72,-0.64,-1.91));
#7864=CARTESIAN_POINT('Origin',(2.72,-0.169,1.8445));
#7865=CARTESIAN_POINT('Origin',(2.72,-0.528,1.877));
#7866=CARTESIAN_POINT('Origin',(2.72,-0.64,1.91));
#7867=CARTESIAN_POINT('Origin',(-2.9284353431814,-0.142,2.18044335141049));
#7868=CARTESIAN_POINT('',(-2.80810531855578,-0.142,2.10300640150829));
#7869=CARTESIAN_POINT('',(-2.8521555947119,-0.142,2.0593764442476));
#7870=CARTESIAN_POINT('Origin',(-2.80810531855578,-0.142,2.10300640150829));
#7871=CARTESIAN_POINT('Origin',(-2.8521555947119,-0.142,2.0593764442476));
#7872=CARTESIAN_POINT('Origin',(2.9284353431814,-0.142,2.18044335141049));
#7873=CARTESIAN_POINT('',(2.8521555947119,-0.142,2.0593764442476));
#7874=CARTESIAN_POINT('',(2.80810531855578,-0.142,2.10300640150829));
#7875=CARTESIAN_POINT('Origin',(2.8521555947119,-0.142,2.0593764442476));
#7876=CARTESIAN_POINT('Origin',(2.80810531855578,-0.142,2.10300640150829));
#7877=CARTESIAN_POINT('Origin',(2.9284353431814,-0.142,-2.18044335141049));
#7878=CARTESIAN_POINT('',(2.80810531855578,-0.142,-2.10300640150829));
#7879=CARTESIAN_POINT('',(2.8521555947119,-0.142,-2.0593764442476));
#7880=CARTESIAN_POINT('Origin',(2.80810531855578,-0.142,-2.10300640150829));
#7881=CARTESIAN_POINT('Origin',(2.8521555947119,-0.142,-2.0593764442476));
#7882=CARTESIAN_POINT('Origin',(-2.8521555947119,-0.142,-2.0593764442476));
#7883=CARTESIAN_POINT('',(-2.8521555947119,-0.142,-2.0593764442476));
#7884=CARTESIAN_POINT('Origin',(-2.9284353431814,-0.142,-2.18044335141049));
#7885=CARTESIAN_POINT('',(-2.80810531855578,-0.142,-2.10300640150829));
#7886=CARTESIAN_POINT('Origin',(-2.80810531855578,-0.142,-2.10300640150829));
#7887=CARTESIAN_POINT('Origin',(-2.72,-0.139,-1.97));
#7888=CARTESIAN_POINT('',(-2.72,-0.157,-2.0145));
#7889=CARTESIAN_POINT('Origin',(-2.72,-0.157,-1.97));
#7890=CARTESIAN_POINT('',(-2.72,-0.139,-2.0325));
#7891=CARTESIAN_POINT('',(-2.72,-0.139,-2.0325));
#7892=CARTESIAN_POINT('Origin',(-2.72,-0.139,-1.97));
#7893=CARTESIAN_POINT('Origin',(-2.72,-0.139,-1.97));
#7894=CARTESIAN_POINT('',(-2.72,-0.414,-2.0145));
#7895=CARTESIAN_POINT('Origin',(-2.72,-0.414,-1.97));
#7896=CARTESIAN_POINT('',(-2.72,-0.139,-2.0145));
#7897=CARTESIAN_POINT('Origin',(-2.72,-0.414,-1.97));
#7898=CARTESIAN_POINT('',(-2.72,-0.404,-2.0585));
#7899=CARTESIAN_POINT('Origin',(-2.72,-0.404,-1.97));
#7900=CARTESIAN_POINT('',(-2.72,-0.414,-2.0485));
#7901=CARTESIAN_POINT('',(-2.72,-0.414,-2.0485));
#7902=CARTESIAN_POINT('Origin',(-2.72,-0.414,-1.97));
#7903=CARTESIAN_POINT('Origin',(-2.72,-0.139000000000055,-1.97));
#7904=CARTESIAN_POINT('',(-2.72,-0.299,-2.0585));
#7905=CARTESIAN_POINT('Origin',(-2.72,-0.299,-1.97));
#7906=CARTESIAN_POINT('',(-2.72,-0.139000000000055,-2.0585));
#7907=CARTESIAN_POINT('Origin',(-2.72,-0.139000000000055,-1.97));
#7908=CARTESIAN_POINT('',(-2.72,-0.189,-2.0685));
#7909=CARTESIAN_POINT('Origin',(-2.72,-0.189,-1.97));
#7910=CARTESIAN_POINT('',(-2.72,-0.299,-2.0685));
#7911=CARTESIAN_POINT('',(-2.72,-0.139000000000055,-2.0685));
#7912=CARTESIAN_POINT('Origin',(-2.72,-0.299,-1.97));
#7913=CARTESIAN_POINT('Origin',(-2.72,-0.139000000000055,-1.97));
#7914=CARTESIAN_POINT('',(-2.72,-0.169,-2.0585));
#7915=CARTESIAN_POINT('Origin',(-2.72,-0.169,-1.97));
#7916=CARTESIAN_POINT('',(-2.72,-0.189,-2.0585));
#7917=CARTESIAN_POINT('',(-2.72,-0.139000000000055,-2.0585));
#7918=CARTESIAN_POINT('Origin',(-2.72,-0.189,-1.97));
#7919=CARTESIAN_POINT('Origin',(-2.72,-0.139000000000055,-1.97));
#7920=CARTESIAN_POINT('',(-2.72,-0.149,-1.845));
#7921=CARTESIAN_POINT('',(-2.72,-0.149,-2.095));
#7922=CARTESIAN_POINT('Origin',(-2.72,-0.149,-1.97));
#7923=CARTESIAN_POINT('Origin',(-2.72,-0.149,-1.97));
#7924=CARTESIAN_POINT('',(-2.72,-0.169,-2.095));
#7925=CARTESIAN_POINT('',(-2.72,-0.139000000000055,-2.095));
#7926=CARTESIAN_POINT('Origin',(-2.72,-0.169,-1.97));
#7927=CARTESIAN_POINT('Origin',(-2.72,-0.149,-1.97));
#7928=CARTESIAN_POINT('',(-2.72,-0.139,-1.855));
#7929=CARTESIAN_POINT('',(-2.72,-0.149,-1.845));
#7930=CARTESIAN_POINT('Origin',(-2.72,-0.139,-1.97));
#7931=CARTESIAN_POINT('Origin',(-2.72,-0.139,-1.97));
#7932=CARTESIAN_POINT('Origin',(-2.595,-0.169,-1.97));
#7933=CARTESIAN_POINT('Origin',(-2.6315,-0.189,-1.97));
#7934=CARTESIAN_POINT('Origin',(-2.6215,-0.299,-1.97));
#7935=CARTESIAN_POINT('Origin',(-2.6415,-0.414,-1.97));
#7936=CARTESIAN_POINT('Origin',(-2.72,-0.139,1.97));
#7937=CARTESIAN_POINT('',(-2.72,-0.157,2.0145));
#7938=CARTESIAN_POINT('Origin',(-2.72,-0.157,1.97));
#7939=CARTESIAN_POINT('',(-2.72,-0.139,2.0325));
#7940=CARTESIAN_POINT('',(-2.72,-0.139,2.0325));
#7941=CARTESIAN_POINT('Origin',(-2.72,-0.139,1.97));
#7942=CARTESIAN_POINT('Origin',(-2.72,-0.139,1.97));
#7943=CARTESIAN_POINT('',(-2.72,-0.414,2.0145));
#7944=CARTESIAN_POINT('Origin',(-2.72,-0.414,1.97));
#7945=CARTESIAN_POINT('',(-2.72,-0.139,2.0145));
#7946=CARTESIAN_POINT('Origin',(-2.72,-0.414,1.97));
#7947=CARTESIAN_POINT('',(-2.72,-0.404,2.0585));
#7948=CARTESIAN_POINT('Origin',(-2.72,-0.404,1.97));
#7949=CARTESIAN_POINT('',(-2.72,-0.414,2.0485));
#7950=CARTESIAN_POINT('',(-2.72,-0.414,2.0485));
#7951=CARTESIAN_POINT('Origin',(-2.72,-0.414,1.97));
#7952=CARTESIAN_POINT('Origin',(-2.72,-0.139000000000055,1.97));
#7953=CARTESIAN_POINT('',(-2.72,-0.299,2.0585));
#7954=CARTESIAN_POINT('Origin',(-2.72,-0.299,1.97));
#7955=CARTESIAN_POINT('',(-2.72,-0.139000000000055,2.0585));
#7956=CARTESIAN_POINT('Origin',(-2.72,-0.139000000000055,1.97));
#7957=CARTESIAN_POINT('',(-2.72,-0.189,2.0685));
#7958=CARTESIAN_POINT('Origin',(-2.72,-0.189,1.97));
#7959=CARTESIAN_POINT('',(-2.72,-0.299,2.0685));
#7960=CARTESIAN_POINT('',(-2.72,-0.139000000000055,2.0685));
#7961=CARTESIAN_POINT('Origin',(-2.72,-0.299,1.97));
#7962=CARTESIAN_POINT('Origin',(-2.72,-0.139000000000055,1.97));
#7963=CARTESIAN_POINT('',(-2.72,-0.169,2.0585));
#7964=CARTESIAN_POINT('Origin',(-2.72,-0.169,1.97));
#7965=CARTESIAN_POINT('',(-2.72,-0.189,2.0585));
#7966=CARTESIAN_POINT('',(-2.72,-0.139000000000055,2.0585));
#7967=CARTESIAN_POINT('Origin',(-2.72,-0.189,1.97));
#7968=CARTESIAN_POINT('Origin',(-2.72,-0.139000000000055,1.97));
#7969=CARTESIAN_POINT('',(-2.72,-0.149,1.845));
#7970=CARTESIAN_POINT('',(-2.72,-0.149,2.095));
#7971=CARTESIAN_POINT('Origin',(-2.72,-0.149,1.97));
#7972=CARTESIAN_POINT('',(-2.72,-0.169,2.095));
#7973=CARTESIAN_POINT('',(-2.72,-0.139000000000055,2.095));
#7974=CARTESIAN_POINT('Origin',(-2.72,-0.169,1.97));
#7975=CARTESIAN_POINT('Origin',(-2.72,-0.149,1.97));
#7976=CARTESIAN_POINT('Origin',(-2.72,-0.149,1.97));
#7977=CARTESIAN_POINT('',(-2.72,-0.139,1.855));
#7978=CARTESIAN_POINT('',(-2.72,-0.149,1.845));
#7979=CARTESIAN_POINT('Origin',(-2.72,-0.139,1.97));
#7980=CARTESIAN_POINT('Origin',(-2.72,-0.139,1.97));
#7981=CARTESIAN_POINT('Origin',(-2.595,-0.169,1.97));
#7982=CARTESIAN_POINT('Origin',(-2.6315,-0.189,1.97));
#7983=CARTESIAN_POINT('Origin',(-2.6215,-0.299,1.97));
#7984=CARTESIAN_POINT('Origin',(-2.6415,-0.414,1.97));
#7985=CARTESIAN_POINT('Origin',(2.72,-0.139,1.97));
#7986=CARTESIAN_POINT('',(2.72,-0.157,2.0145));
#7987=CARTESIAN_POINT('Origin',(2.72,-0.157,1.97));
#7988=CARTESIAN_POINT('',(2.72,-0.139,2.0325));
#7989=CARTESIAN_POINT('',(2.72,-0.139,2.0325));
#7990=CARTESIAN_POINT('Origin',(2.72,-0.139,1.97));
#7991=CARTESIAN_POINT('Origin',(2.72,-0.139,1.97));
#7992=CARTESIAN_POINT('',(2.72,-0.414,2.0145));
#7993=CARTESIAN_POINT('Origin',(2.72,-0.414,1.97));
#7994=CARTESIAN_POINT('',(2.72,-0.139,2.0145));
#7995=CARTESIAN_POINT('Origin',(2.72,-0.414,1.97));
#7996=CARTESIAN_POINT('',(2.72,-0.404,2.0585));
#7997=CARTESIAN_POINT('Origin',(2.72,-0.404,1.97));
#7998=CARTESIAN_POINT('',(2.72,-0.414,2.0485));
#7999=CARTESIAN_POINT('',(2.72,-0.414,2.0485));
#8000=CARTESIAN_POINT('Origin',(2.72,-0.414,1.97));
#8001=CARTESIAN_POINT('Origin',(2.72,-0.139000000000055,1.97));
#8002=CARTESIAN_POINT('',(2.72,-0.299,2.0585));
#8003=CARTESIAN_POINT('Origin',(2.72,-0.299,1.97));
#8004=CARTESIAN_POINT('',(2.72,-0.139000000000055,2.0585));
#8005=CARTESIAN_POINT('Origin',(2.72,-0.139000000000055,1.97));
#8006=CARTESIAN_POINT('',(2.72,-0.189,2.0685));
#8007=CARTESIAN_POINT('Origin',(2.72,-0.189,1.97));
#8008=CARTESIAN_POINT('',(2.72,-0.299,2.0685));
#8009=CARTESIAN_POINT('',(2.72,-0.139000000000055,2.0685));
#8010=CARTESIAN_POINT('Origin',(2.72,-0.299,1.97));
#8011=CARTESIAN_POINT('Origin',(2.72,-0.139000000000055,1.97));
#8012=CARTESIAN_POINT('',(2.72,-0.169,2.0585));
#8013=CARTESIAN_POINT('Origin',(2.72,-0.169,1.97));
#8014=CARTESIAN_POINT('',(2.72,-0.189,2.0585));
#8015=CARTESIAN_POINT('',(2.72,-0.139000000000055,2.0585));
#8016=CARTESIAN_POINT('Origin',(2.72,-0.189,1.97));
#8017=CARTESIAN_POINT('Origin',(2.72,-0.139000000000055,1.97));
#8018=CARTESIAN_POINT('',(2.72,-0.149,1.845));
#8019=CARTESIAN_POINT('',(2.72,-0.149,2.095));
#8020=CARTESIAN_POINT('Origin',(2.72,-0.149,1.97));
#8021=CARTESIAN_POINT('Origin',(2.72,-0.149,1.97));
#8022=CARTESIAN_POINT('',(2.72,-0.169,2.095));
#8023=CARTESIAN_POINT('',(2.72,-0.139000000000055,2.095));
#8024=CARTESIAN_POINT('Origin',(2.72,-0.169,1.97));
#8025=CARTESIAN_POINT('Origin',(2.72,-0.149,1.97));
#8026=CARTESIAN_POINT('',(2.72,-0.139,1.855));
#8027=CARTESIAN_POINT('',(2.72,-0.149,1.845));
#8028=CARTESIAN_POINT('Origin',(2.72,-0.139,1.97));
#8029=CARTESIAN_POINT('Origin',(2.72,-0.139,1.97));
#8030=CARTESIAN_POINT('Origin',(2.595,-0.169,1.97));
#8031=CARTESIAN_POINT('Origin',(2.6315,-0.189,1.97));
#8032=CARTESIAN_POINT('Origin',(2.6215,-0.299,1.97));
#8033=CARTESIAN_POINT('Origin',(2.6415,-0.414,1.97));
#8034=CARTESIAN_POINT('Origin',(2.72,-0.139,-1.97));
#8035=CARTESIAN_POINT('',(2.72,-0.157,-2.0145));
#8036=CARTESIAN_POINT('Origin',(2.72,-0.157,-1.97));
#8037=CARTESIAN_POINT('',(2.72,-0.139,-2.0325));
#8038=CARTESIAN_POINT('',(2.72,-0.139,-2.0325));
#8039=CARTESIAN_POINT('Origin',(2.72,-0.139,-1.97));
#8040=CARTESIAN_POINT('Origin',(2.72,-0.139,-1.97));
#8041=CARTESIAN_POINT('',(2.72,-0.414,-2.0145));
#8042=CARTESIAN_POINT('Origin',(2.72,-0.414,-1.97));
#8043=CARTESIAN_POINT('',(2.72,-0.139,-2.0145));
#8044=CARTESIAN_POINT('Origin',(2.72,-0.414,-1.97));
#8045=CARTESIAN_POINT('',(2.72,-0.404,-2.0585));
#8046=CARTESIAN_POINT('Origin',(2.72,-0.404,-1.97));
#8047=CARTESIAN_POINT('',(2.72,-0.414,-2.0485));
#8048=CARTESIAN_POINT('',(2.72,-0.414,-2.0485));
#8049=CARTESIAN_POINT('Origin',(2.72,-0.414,-1.97));
#8050=CARTESIAN_POINT('Origin',(2.72,-0.139000000000055,-1.97));
#8051=CARTESIAN_POINT('',(2.72,-0.299,-2.0585));
#8052=CARTESIAN_POINT('Origin',(2.72,-0.299,-1.97));
#8053=CARTESIAN_POINT('',(2.72,-0.139000000000055,-2.0585));
#8054=CARTESIAN_POINT('Origin',(2.72,-0.139000000000055,-1.97));
#8055=CARTESIAN_POINT('',(2.72,-0.189,-2.0685));
#8056=CARTESIAN_POINT('Origin',(2.72,-0.189,-1.97));
#8057=CARTESIAN_POINT('',(2.72,-0.299,-2.0685));
#8058=CARTESIAN_POINT('',(2.72,-0.139000000000055,-2.0685));
#8059=CARTESIAN_POINT('Origin',(2.72,-0.299,-1.97));
#8060=CARTESIAN_POINT('Origin',(2.72,-0.139000000000055,-1.97));
#8061=CARTESIAN_POINT('',(2.72,-0.169,-2.0585));
#8062=CARTESIAN_POINT('Origin',(2.72,-0.169,-1.97));
#8063=CARTESIAN_POINT('',(2.72,-0.189,-2.0585));
#8064=CARTESIAN_POINT('',(2.72,-0.139000000000055,-2.0585));
#8065=CARTESIAN_POINT('Origin',(2.72,-0.189,-1.97));
#8066=CARTESIAN_POINT('Origin',(2.72,-0.139000000000055,-1.97));
#8067=CARTESIAN_POINT('',(2.72,-0.149,-1.845));
#8068=CARTESIAN_POINT('',(2.72,-0.149,-2.095));
#8069=CARTESIAN_POINT('Origin',(2.72,-0.149,-1.97));
#8070=CARTESIAN_POINT('',(2.72,-0.169,-2.095));
#8071=CARTESIAN_POINT('',(2.72,-0.139000000000055,-2.095));
#8072=CARTESIAN_POINT('Origin',(2.72,-0.169,-1.97));
#8073=CARTESIAN_POINT('Origin',(2.72,-0.149,-1.97));
#8074=CARTESIAN_POINT('Origin',(2.72,-0.149,-1.97));
#8075=CARTESIAN_POINT('',(2.72,-0.139,-1.855));
#8076=CARTESIAN_POINT('',(2.72,-0.149,-1.845));
#8077=CARTESIAN_POINT('Origin',(2.72,-0.139,-1.97));
#8078=CARTESIAN_POINT('Origin',(2.72,-0.139,-1.97));
#8079=CARTESIAN_POINT('Origin',(2.595,-0.169,-1.97));
#8080=CARTESIAN_POINT('Origin',(2.6315,-0.189,-1.97));
#8081=CARTESIAN_POINT('Origin',(2.6215,-0.299,-1.97));
#8082=CARTESIAN_POINT('Origin',(2.6415,-0.414,-1.97));
#8083=CARTESIAN_POINT('',(-0.505977856426301,0.728304363081687,-0.227801616699976));
#8084=CARTESIAN_POINT('',(-0.505977856426301,0.728304363081687,-0.227801616699976));
#8085=UNCERTAINTY_MEASURE_WITH_UNIT(LENGTH_MEASURE(0.000393700787401575),
#8094,'DISTANCE_ACCURACY_VALUE',
'Maximum model space distance between geometric entities at asserted c
onnectivities');
#8086=UNCERTAINTY_MEASURE_WITH_UNIT(LENGTH_MEASURE(0.000393700787401575),
#8094,'DISTANCE_ACCURACY_VALUE',
'Maximum model space distance between geometric entities at asserted c
onnectivities');
#8087=UNCERTAINTY_MEASURE_WITH_UNIT(LENGTH_MEASURE(0.000393700787401575),
#8094,'DISTANCE_ACCURACY_VALUE',
'Maximum model space distance between geometric entities at asserted c
onnectivities');
#8088=UNCERTAINTY_MEASURE_WITH_UNIT(LENGTH_MEASURE(0.000393700787401575),
#8094,'DISTANCE_ACCURACY_VALUE',
'Maximum model space distance between geometric entities at asserted c
onnectivities');
#8089=(
GEOMETRIC_REPRESENTATION_CONTEXT(3)
GLOBAL_UNCERTAINTY_ASSIGNED_CONTEXT((#8085))
GLOBAL_UNIT_ASSIGNED_CONTEXT((#8094,#8098,#8099))
REPRESENTATION_CONTEXT('','3D')
);
#8090=(
GEOMETRIC_REPRESENTATION_CONTEXT(3)
GLOBAL_UNCERTAINTY_ASSIGNED_CONTEXT((#8086))
GLOBAL_UNIT_ASSIGNED_CONTEXT((#8094,#8098,#8099))
REPRESENTATION_CONTEXT('','3D')
);
#8091=(
GEOMETRIC_REPRESENTATION_CONTEXT(3)
GLOBAL_UNCERTAINTY_ASSIGNED_CONTEXT((#8087))
GLOBAL_UNIT_ASSIGNED_CONTEXT((#8094,#8098,#8099))
REPRESENTATION_CONTEXT('','3D')
);
#8092=(
GEOMETRIC_REPRESENTATION_CONTEXT(3)
GLOBAL_UNCERTAINTY_ASSIGNED_CONTEXT((#8088))
GLOBAL_UNIT_ASSIGNED_CONTEXT((#8094,#8098,#8099))
REPRESENTATION_CONTEXT('','3D')
);
#8093=DIMENSIONAL_EXPONENTS(1.,0.,0.,0.,0.,0.,0.);
#8094=(
CONVERSION_BASED_UNIT('inch',#8097)
LENGTH_UNIT()
NAMED_UNIT(#8093)
);
#8095=(
LENGTH_UNIT()
NAMED_UNIT(*)
SI_UNIT(.MILLI.,.METRE.)
);
#8096=(
LENGTH_UNIT()
NAMED_UNIT(*)
SI_UNIT($,.METRE.)
);
#8097=LENGTH_MEASURE_WITH_UNIT(LENGTH_MEASURE(25.4),#8095);
#8098=(
NAMED_UNIT(*)
PLANE_ANGLE_UNIT()
SI_UNIT($,.RADIAN.)
);
#8099=(
NAMED_UNIT(*)
SI_UNIT($,.STERADIAN.)
SOLID_ANGLE_UNIT()
);
#8100=SHAPE_DEFINITION_REPRESENTATION(#8103,#8108);
#8101=SHAPE_DEFINITION_REPRESENTATION(#8104,#8109);
#8102=SHAPE_DEFINITION_REPRESENTATION(#8105,#8110);
#8103=PRODUCT_DEFINITION_SHAPE('',$,#8112);
#8104=PRODUCT_DEFINITION_SHAPE('',$,#8113);
#8105=PRODUCT_DEFINITION_SHAPE('',$,#8114);
#8106=PRODUCT_DEFINITION_SHAPE($,$,#17);
#8107=PRODUCT_DEFINITION_SHAPE($,$,#18);
#8108=SHAPE_REPRESENTATION('',(#4575,#5153,#5154),#8089);
#8109=SHAPE_REPRESENTATION('',(#4576),#8090);
#8110=SHAPE_REPRESENTATION('',(#4792),#8091);
#8111=PRODUCT_DEFINITION_CONTEXT('part definition',#8122,'design');
#8112=PRODUCT_DEFINITION('DC-45PMBYT_ASS''Y_BOX_Model',
'DC-45PMBYT_ASS''Y_BOX_Model v3 v10',#8115,#8111);
#8113=PRODUCT_DEFINITION('DC-46C_DC-46C-T','DC-46C_DC-46C-T',#8116,#8111);
#8114=PRODUCT_DEFINITION('DC-45B_DC-45BPMBY','DC-45B_DC-45BPMBY',#8117,
#8111);
#8115=PRODUCT_DEFINITION_FORMATION('',$,#8124);
#8116=PRODUCT_DEFINITION_FORMATION('',$,#8125);
#8117=PRODUCT_DEFINITION_FORMATION('',$,#8126);
#8118=PRODUCT_RELATED_PRODUCT_CATEGORY(
'DC-45PMBYT_ASS''Y_BOX_Model v3 v10',
'DC-45PMBYT_ASS''Y_BOX_Model v3 v10',(#8124));
#8119=PRODUCT_RELATED_PRODUCT_CATEGORY('DC-46C_DC-46C-T',
'DC-46C_DC-46C-T',(#8125));
#8120=PRODUCT_RELATED_PRODUCT_CATEGORY('DC-45B_DC-45BPMBY',
'DC-45B_DC-45BPMBY',(#8126));
#8121=APPLICATION_PROTOCOL_DEFINITION('international standard',
'automotive_design',2009,#8122);
#8122=APPLICATION_CONTEXT(
'Core Data for Automotive Mechanical Design Process');
#8123=PRODUCT_CONTEXT('part definition',#8122,'mechanical');
#8124=PRODUCT('DC-45PMBYT_ASS''Y_BOX_Model',
'DC-45PMBYT_ASS''Y_BOX_Model v3 v10',$,(#8123));
#8125=PRODUCT('DC-46C_DC-46C-T','DC-46C_DC-46C-T',$,(#8123));
#8126=PRODUCT('DC-45B_DC-45BPMBY','DC-45B_DC-45BPMBY',$,(#8123));
#8127=PRESENTATION_STYLE_ASSIGNMENT((#8130));
#8128=PRESENTATION_STYLE_ASSIGNMENT((#8131));
#8129=PRESENTATION_STYLE_ASSIGNMENT((#8132));
#8130=SURFACE_STYLE_USAGE(.BOTH.,#8133);
#8131=SURFACE_STYLE_USAGE(.BOTH.,#8134);
#8132=SURFACE_STYLE_USAGE(.BOTH.,#8135);
#8133=SURFACE_SIDE_STYLE('',(#8136));
#8134=SURFACE_SIDE_STYLE('',(#8137));
#8135=SURFACE_SIDE_STYLE('',(#8138));
#8136=SURFACE_STYLE_FILL_AREA(#8139);
#8137=SURFACE_STYLE_FILL_AREA(#8140);
#8138=SURFACE_STYLE_FILL_AREA(#8141);
#8139=FILL_AREA_STYLE('Steel - Satin',(#8142));
#8140=FILL_AREA_STYLE('Opaque(192,192,192)',(#8143));
#8141=FILL_AREA_STYLE('Opaque(255,221,135)',(#8144));
#8142=FILL_AREA_STYLE_COLOUR('Steel - Satin',#8145);
#8143=FILL_AREA_STYLE_COLOUR('Opaque(192,192,192)',#8146);
#8144=FILL_AREA_STYLE_COLOUR('Opaque(255,221,135)',#8147);
#8145=COLOUR_RGB('Steel - Satin',0.627450980392157,0.627450980392157,0.627450980392157);
#8146=COLOUR_RGB('Opaque(192,192,192)',0.752941176470588,0.752941176470588,
0.752941176470588);
#8147=COLOUR_RGB('Opaque(255,221,135)',1.,0.866666666666667,0.529411764705882);
ENDSEC;
END-ISO-10303-21;
