:0200000460009A
:100000004643464200000156000000000103030081
:1000100000000000000000000000000000000000E0
:1000200000000000000000000000000000000000D0
:1000300000000000000000000000000000000000C0
:1000400000000000010408000000000000000000A3
:100050000000800000000000000000000000000020
:100060000000000000000000000000000000000090
:100070000000000000000000000000000000000080
:10008000EB04180A063204260000000000000000FD
:10009000050404240000000000000000000000002F
:1000A0000000000000000000000000000000000050
:1000B0000604000000000000000000000000000036
:1000C0000000000000000000000000000000000030
:1000D00020041808000000000000000000000000DC
:1000E0000000000000000000000000000000000010
:1000F0000000000000000000000000000000000000
:10010000D8041808000000000000000000000000F3
:100110000204180804200000000000000000000095
:1001200000000000000000000000000000000000CF
:10013000600400000000000000000000000000005B
:1001400000000000000000000000000000000000AF
:10015000000000000000000000000000000000009F
:10016000000000000000000000000000000000008F
:10017000000000000000000000000000000000007F
:10018000000000000000000000000000000000006F
:10019000000000000000000000000000000000005F
:1001A000000000000000000000000000000000004F
:1001B000000000000000000000000000000000003F
:1001C000000100000010000001000000000000001D
:1001D000000001000000000000000000000000001E
:1001E000000000000000000000000000000000000F
:1001F00000000000000000000000000000000000FF
:10020000FFFFFFFFFFFFFFFFFFFFFFFFFFFFFFFFFE
:10021000FFFFFFFFFFFFFFFFFFFFFFFFFFFFFFFFEE
:10022000FFFFFFFFFFFFFFFFFFFFFFFFFFFFFFFFDE
:10023000FFFFFFFFFFFFFFFFFFFFFFFFFFFFFFFFCE
:10024000FFFFFFFFFFFFFFFFFFFFFFFFFFFFFFFFBE
:10025000FFFFFFFFFFFFFFFFFFFFFFFFFFFFFFFFAE
:10026000FFFFFFFFFFFFFFFFFFFFFFFFFFFFFFFF9E
:10027000FFFFFFFFFFFFFFFFFFFFFFFFFFFFFFFF8E
:10028000FFFFFFFFFFFFFFFFFFFFFFFFFFFFFFFF7E
:10029000FFFFFFFFFFFFFFFFFFFFFFFFFFFFFFFF6E
:1002A000FFFFFFFFFFFFFFFFFFFFFFFFFFFFFFFF5E
:1002B000FFFFFFFFFFFFFFFFFFFFFFFFFFFFFFFF4E
:1002C000FFFFFFFFFFFFFFFFFFFFFFFFFFFFFFFF3E
:1002D000FFFFFFFFFFFFFFFFFFFFFFFFFFFFFFFF2E
:1002E000FFFFFFFFFFFFFFFFFFFFFFFFFFFFFFFF1E
:1002F000FFFFFFFFFFFFFFFFFFFFFFFFFFFFFFFF0E
:10030000FFFFFFFFFFFFFFFFFFFFFFFFFFFFFFFFFD
:10031000FFFFFFFFFFFFFFFFFFFFFFFFFFFFFFFFED
:10032000FFFFFFFFFFFFFFFFFFFFFFFFFFFFFFFFDD
:10033000FFFFFFFFFFFFFFFFFFFFFFFFFFFFFFFFCD
:10034000FFFFFFFFFFFFFFFFFFFFFFFFFFFFFFFFBD
:10035000FFFFFFFFFFFFFFFFFFFFFFFFFFFFFFFFAD
:10036000FFFFFFFFFFFFFFFFFFFFFFFFFFFFFFFF9D
:10037000FFFFFFFFFFFFFFFFFFFFFFFFFFFFFFFF8D
:10038000FFFFFFFFFFFFFFFFFFFFFFFFFFFFFFFF7D
:10039000FFFFFFFFFFFFFFFFFFFFFFFFFFFFFFFF6D
:1003A000FFFFFFFFFFFFFFFFFFFFFFFFFFFFFFFF5D
:1003B000FFFFFFFFFFFFFFFFFFFFFFFFFFFFFFFF4D
:1003C000FFFFFFFFFFFFFFFFFFFFFFFFFFFFFFFF3D
:1003D000FFFFFFFFFFFFFFFFFFFFFFFFFFFFFFFF2D
:1003E000FFFFFFFFFFFFFFFFFFFFFFFFFFFFFFFF1D
:1003F000FFFFFFFFFFFFFFFFFFFFFFFFFFFFFFFF0D
:10040000FFFFFFFFFFFFFFFFFFFFFFFFFFFFFFFFFC
:10041000FFFFFFFFFFFFFFFFFFFFFFFFFFFFFFFFEC
:10042000FFFFFFFFFFFFFFFFFFFFFFFFFFFFFFFFDC
:10043000FFFFFFFFFFFFFFFFFFFFFFFFFFFFFFFFCC
:10044000FFFFFFFFFFFFFFFFFFFFFFFFFFFFFFFFBC
:10045000FFFFFFFFFFFFFFFFFFFFFFFFFFFFFFFFAC
:10046000FFFFFFFFFFFFFFFFFFFFFFFFFFFFFFFF9C
:10047000FFFFFFFFFFFFFFFFFFFFFFFFFFFFFFFF8C
:10048000FFFFFFFFFFFFFFFFFFFFFFFFFFFFFFFF7C
:10049000FFFFFFFFFFFFFFFFFFFFFFFFFFFFFFFF6C
:1004A000FFFFFFFFFFFFFFFFFFFFFFFFFFFFFFFF5C
:1004B000FFFFFFFFFFFFFFFFFFFFFFFFFFFFFFFF4C
:1004C000FFFFFFFFFFFFFFFFFFFFFFFFFFFFFFFF3C
:1004D000FFFFFFFFFFFFFFFFFFFFFFFFFFFFFFFF2C
:1004E000FFFFFFFFFFFFFFFFFFFFFFFFFFFFFFFF1C
:1004F000FFFFFFFFFFFFFFFFFFFFFFFFFFFFFFFF0C
:10050000FFFFFFFFFFFFFFFFFFFFFFFFFFFFFFFFFB
:10051000FFFFFFFFFFFFFFFFFFFFFFFFFFFFFFFFEB
:10052000FFFFFFFFFFFFFFFFFFFFFFFFFFFFFFFFDB
:10053000FFFFFFFFFFFFFFFFFFFFFFFFFFFFFFFFCB
:10054000FFFFFFFFFFFFFFFFFFFFFFFFFFFFFFFFBB
:10055000FFFFFFFFFFFFFFFFFFFFFFFFFFFFFFFFAB
:10056000FFFFFFFFFFFFFFFFFFFFFFFFFFFFFFFF9B
:10057000FFFFFFFFFFFFFFFFFFFFFFFFFFFFFFFF8B
:10058000FFFFFFFFFFFFFFFFFFFFFFFFFFFFFFFF7B
:10059000FFFFFFFFFFFFFFFFFFFFFFFFFFFFFFFF6B
:1005A000FFFFFFFFFFFFFFFFFFFFFFFFFFFFFFFF5B
:1005B000FFFFFFFFFFFFFFFFFFFFFFFFFFFFFFFF4B
:1005C000FFFFFFFFFFFFFFFFFFFFFFFFFFFFFFFF3B
:1005D000FFFFFFFFFFFFFFFFFFFFFFFFFFFFFFFF2B
:1005E000FFFFFFFFFFFFFFFFFFFFFFFFFFFFFFFF1B
:1005F000FFFFFFFFFFFFFFFFFFFFFFFFFFFFFFFF0B
:10060000FFFFFFFFFFFFFFFFFFFFFFFFFFFFFFFFFA
:10061000FFFFFFFFFFFFFFFFFFFFFFFFFFFFFFFFEA
:10062000FFFFFFFFFFFFFFFFFFFFFFFFFFFFFFFFDA
:10063000FFFFFFFFFFFFFFFFFFFFFFFFFFFFFFFFCA
:10064000FFFFFFFFFFFFFFFFFFFFFFFFFFFFFFFFBA
:10065000FFFFFFFFFFFFFFFFFFFFFFFFFFFFFFFFAA
:10066000FFFFFFFFFFFFFFFFFFFFFFFFFFFFFFFF9A
:10067000FFFFFFFFFFFFFFFFFFFFFFFFFFFFFFFF8A
:10068000FFFFFFFFFFFFFFFFFFFFFFFFFFFFFFFF7A
:10069000FFFFFFFFFFFFFFFFFFFFFFFFFFFFFFFF6A
:1006A000FFFFFFFFFFFFFFFFFFFFFFFFFFFFFFFF5A
:1006B000FFFFFFFFFFFFFFFFFFFFFFFFFFFFFFFF4A
:1006C000FFFFFFFFFFFFFFFFFFFFFFFFFFFFFFFF3A
:1006D000FFFFFFFFFFFFFFFFFFFFFFFFFFFFFFFF2A
:1006E000FFFFFFFFFFFFFFFFFFFFFFFFFFFFFFFF1A
:1006F000FFFFFFFFFFFFFFFFFFFFFFFFFFFFFFFF0A
:10070000FFFFFFFFFFFFFFFFFFFFFFFFFFFFFFFFF9
:10071000FFFFFFFFFFFFFFFFFFFFFFFFFFFFFFFFE9
:10072000FFFFFFFFFFFFFFFFFFFFFFFFFFFFFFFFD9
:10073000FFFFFFFFFFFFFFFFFFFFFFFFFFFFFFFFC9
:10074000FFFFFFFFFFFFFFFFFFFFFFFFFFFFFFFFB9
:10075000FFFFFFFFFFFFFFFFFFFFFFFFFFFFFFFFA9
:10076000FFFFFFFFFFFFFFFFFFFFFFFFFFFFFFFF99
:10077000FFFFFFFFFFFFFFFFFFFFFFFFFFFFFFFF89
:10078000FFFFFFFFFFFFFFFFFFFFFFFFFFFFFFFF79
:10079000FFFFFFFFFFFFFFFFFFFFFFFFFFFFFFFF69
:1007A000FFFFFFFFFFFFFFFFFFFFFFFFFFFFFFFF59
:1007B000FFFFFFFFFFFFFFFFFFFFFFFFFFFFFFFF49
:1007C000FFFFFFFFFFFFFFFFFFFFFFFFFFFFFFFF39
:1007D000FFFFFFFFFFFFFFFFFFFFFFFFFFFFFFFF29
:1007E000FFFFFFFFFFFFFFFFFFFFFFFFFFFFFFFF19
:1007F000FFFFFFFFFFFFFFFFFFFFFFFFFFFFFFFF09
:10080000FFFFFFFFFFFFFFFFFFFFFFFFFFFFFFFFF8
:10081000FFFFFFFFFFFFFFFFFFFFFFFFFFFFFFFFE8
:10082000FFFFFFFFFFFFFFFFFFFFFFFFFFFFFFFFD8
:10083000FFFFFFFFFFFFFFFFFFFFFFFFFFFFFFFFC8
:10084000FFFFFFFFFFFFFFFFFFFFFFFFFFFFFFFFB8
:10085000FFFFFFFFFFFFFFFFFFFFFFFFFFFFFFFFA8
:10086000FFFFFFFFFFFFFFFFFFFFFFFFFFFFFFFF98
:10087000FFFFFFFFFFFFFFFFFFFFFFFFFFFFFFFF88
:10088000FFFFFFFFFFFFFFFFFFFFFFFFFFFFFFFF78
:10089000FFFFFFFFFFFFFFFFFFFFFFFFFFFFFFFF68
:1008A000FFFFFFFFFFFFFFFFFFFFFFFFFFFFFFFF58
:1008B000FFFFFFFFFFFFFFFFFFFFFFFFFFFFFFFF48
:1008C000FFFFFFFFFFFFFFFFFFFFFFFFFFFFFFFF38
:1008D000FFFFFFFFFFFFFFFFFFFFFFFFFFFFFFFF28
:1008E000FFFFFFFFFFFFFFFFFFFFFFFFFFFFFFFF18
:1008F000FFFFFFFFFFFFFFFFFFFFFFFFFFFFFFFF08
:10090000FFFFFFFFFFFFFFFFFFFFFFFFFFFFFFFFF7
:10091000FFFFFFFFFFFFFFFFFFFFFFFFFFFFFFFFE7
:10092000FFFFFFFFFFFFFFFFFFFFFFFFFFFFFFFFD7
:10093000FFFFFFFFFFFFFFFFFFFFFFFFFFFFFFFFC7
:10094000FFFFFFFFFFFFFFFFFFFFFFFFFFFFFFFFB7
:10095000FFFFFFFFFFFFFFFFFFFFFFFFFFFFFFFFA7
:10096000FFFFFFFFFFFFFFFFFFFFFFFFFFFFFFFF97
:10097000FFFFFFFFFFFFFFFFFFFFFFFFFFFFFFFF87
:10098000FFFFFFFFFFFFFFFFFFFFFFFFFFFFFFFF77
:10099000FFFFFFFFFFFFFFFFFFFFFFFFFFFFFFFF67
:1009A000FFFFFFFFFFFFFFFFFFFFFFFFFFFFFFFF57
:1009B000FFFFFFFFFFFFFFFFFFFFFFFFFFFFFFFF47
:1009C000FFFFFFFFFFFFFFFFFFFFFFFFFFFFFFFF37
:1009D000FFFFFFFFFFFFFFFFFFFFFFFFFFFFFFFF27
:1009E000FFFFFFFFFFFFFFFFFFFFFFFFFFFFFFFF17
:1009F000FFFFFFFFFFFFFFFFFFFFFFFFFFFFFFFF07
:100A0000FFFFFFFFFFFFFFFFFFFFFFFFFFFFFFFFF6
:100A1000FFFFFFFFFFFFFFFFFFFFFFFFFFFFFFFFE6
:100A2000FFFFFFFFFFFFFFFFFFFFFFFFFFFFFFFFD6
:100A3000FFFFFFFFFFFFFFFFFFFFFFFFFFFFFFFFC6
:100A4000FFFFFFFFFFFFFFFFFFFFFFFFFFFFFFFFB6
:100A5000FFFFFFFFFFFFFFFFFFFFFFFFFFFFFFFFA6
:100A6000FFFFFFFFFFFFFFFFFFFFFFFFFFFFFFFF96
:100A7000FFFFFFFFFFFFFFFFFFFFFFFFFFFFFFFF86
:100A8000FFFFFFFFFFFFFFFFFFFFFFFFFFFFFFFF76
:100A9000FFFFFFFFFFFFFFFFFFFFFFFFFFFFFFFF66
:100AA000FFFFFFFFFFFFFFFFFFFFFFFFFFFFFFFF56
:100AB000FFFFFFFFFFFFFFFFFFFFFFFFFFFFFFFF46
:100AC000FFFFFFFFFFFFFFFFFFFFFFFFFFFFFFFF36
:100AD000FFFFFFFFFFFFFFFFFFFFFFFFFFFFFFFF26
:100AE000FFFFFFFFFFFFFFFFFFFFFFFFFFFFFFFF16
:100AF000FFFFFFFFFFFFFFFFFFFFFFFFFFFFFFFF06
:100B0000FFFFFFFFFFFFFFFFFFFFFFFFFFFFFFFFF5
:100B1000FFFFFFFFFFFFFFFFFFFFFFFFFFFFFFFFE5
:100B2000FFFFFFFFFFFFFFFFFFFFFFFFFFFFFFFFD5
:100B3000FFFFFFFFFFFFFFFFFFFFFFFFFFFFFFFFC5
:100B4000FFFFFFFFFFFFFFFFFFFFFFFFFFFFFFFFB5
:100B5000FFFFFFFFFFFFFFFFFFFFFFFFFFFFFFFFA5
:100B6000FFFFFFFFFFFFFFFFFFFFFFFFFFFFFFFF95
:100B7000FFFFFFFFFFFFFFFFFFFFFFFFFFFFFFFF85
:100B8000FFFFFFFFFFFFFFFFFFFFFFFFFFFFFFFF75
:100B9000FFFFFFFFFFFFFFFFFFFFFFFFFFFFFFFF65
:100BA000FFFFFFFFFFFFFFFFFFFFFFFFFFFFFFFF55
:100BB000FFFFFFFFFFFFFFFFFFFFFFFFFFFFFFFF45
:100BC000FFFFFFFFFFFFFFFFFFFFFFFFFFFFFFFF35
:100BD000FFFFFFFFFFFFFFFFFFFFFFFFFFFFFFFF25
:100BE000FFFFFFFFFFFFFFFFFFFFFFFFFFFFFFFF15
:100BF000FFFFFFFFFFFFFFFFFFFFFFFFFFFFFFFF05
:100C0000FFFFFFFFFFFFFFFFFFFFFFFFFFFFFFFFF4
:100C1000FFFFFFFFFFFFFFFFFFFFFFFFFFFFFFFFE4
:100C2000FFFFFFFFFFFFFFFFFFFFFFFFFFFFFFFFD4
:100C3000FFFFFFFFFFFFFFFFFFFFFFFFFFFFFFFFC4
:100C4000FFFFFFFFFFFFFFFFFFFFFFFFFFFFFFFFB4
:100C5000FFFFFFFFFFFFFFFFFFFFFFFFFFFFFFFFA4
:100C6000FFFFFFFFFFFFFFFFFFFFFFFFFFFFFFFF94
:100C7000FFFFFFFFFFFFFFFFFFFFFFFFFFFFFFFF84
:100C8000FFFFFFFFFFFFFFFFFFFFFFFFFFFFFFFF74
:100C9000FFFFFFFFFFFFFFFFFFFFFFFFFFFFFFFF64
:100CA000FFFFFFFFFFFFFFFFFFFFFFFFFFFFFFFF54
:100CB000FFFFFFFFFFFFFFFFFFFFFFFFFFFFFFFF44
:100CC000FFFFFFFFFFFFFFFFFFFFFFFFFFFFFFFF34
:100CD000FFFFFFFFFFFFFFFFFFFFFFFFFFFFFFFF24
:100CE000FFFFFFFFFFFFFFFFFFFFFFFFFFFFFFFF14
:100CF000FFFFFFFFFFFFFFFFFFFFFFFFFFFFFFFF04
:100D0000FFFFFFFFFFFFFFFFFFFFFFFFFFFFFFFFF3
:100D1000FFFFFFFFFFFFFFFFFFFFFFFFFFFFFFFFE3
:100D2000FFFFFFFFFFFFFFFFFFFFFFFFFFFFFFFFD3
:100D3000FFFFFFFFFFFFFFFFFFFFFFFFFFFFFFFFC3
:100D4000FFFFFFFFFFFFFFFFFFFFFFFFFFFFFFFFB3
:100D5000FFFFFFFFFFFFFFFFFFFFFFFFFFFFFFFFA3
:100D6000FFFFFFFFFFFFFFFFFFFFFFFFFFFFFFFF93
:100D7000FFFFFFFFFFFFFFFFFFFFFFFFFFFFFFFF83
:100D8000FFFFFFFFFFFFFFFFFFFFFFFFFFFFFFFF73
:100D9000FFFFFFFFFFFFFFFFFFFFFFFFFFFFFFFF63
:100DA000FFFFFFFFFFFFFFFFFFFFFFFFFFFFFFFF53
:100DB000FFFFFFFFFFFFFFFFFFFFFFFFFFFFFFFF43
:100DC000FFFFFFFFFFFFFFFFFFFFFFFFFFFFFFFF33
:100DD000FFFFFFFFFFFFFFFFFFFFFFFFFFFFFFFF23
:100DE000FFFFFFFFFFFFFFFFFFFFFFFFFFFFFFFF13
:100DF000FFFFFFFFFFFFFFFFFFFFFFFFFFFFFFFF03
:100E0000FFFFFFFFFFFFFFFFFFFFFFFFFFFFFFFFF2
:100E1000FFFFFFFFFFFFFFFFFFFFFFFFFFFFFFFFE2
:100E2000FFFFFFFFFFFFFFFFFFFFFFFFFFFFFFFFD2
:100E3000FFFFFFFFFFFFFFFFFFFFFFFFFFFFFFFFC2
:100E4000FFFFFFFFFFFFFFFFFFFFFFFFFFFFFFFFB2
:100E5000FFFFFFFFFFFFFFFFFFFFFFFFFFFFFFFFA2
:100E6000FFFFFFFFFFFFFFFFFFFFFFFFFFFFFFFF92
:100E7000FFFFFFFFFFFFFFFFFFFFFFFFFFFFFFFF82
:100E8000FFFFFFFFFFFFFFFFFFFFFFFFFFFFFFFF72
:100E9000FFFFFFFFFFFFFFFFFFFFFFFFFFFFFFFF62
:100EA000FFFFFFFFFFFFFFFFFFFFFFFFFFFFFFFF52
:100EB000FFFFFFFFFFFFFFFFFFFFFFFFFFFFFFFF42
:100EC000FFFFFFFFFFFFFFFFFFFFFFFFFFFFFFFF32
:100ED000FFFFFFFFFFFFFFFFFFFFFFFFFFFFFFFF22
:100EE000FFFFFFFFFFFFFFFFFFFFFFFFFFFFFFFF12
:100EF000FFFFFFFFFFFFFFFFFFFFFFFFFFFFFFFF02
:100F0000FFFFFFFFFFFFFFFFFFFFFFFFFFFFFFFFF1
:100F1000FFFFFFFFFFFFFFFFFFFFFFFFFFFFFFFFE1
:100F2000FFFFFFFFFFFFFFFFFFFFFFFFFFFFFFFFD1
:100F3000FFFFFFFFFFFFFFFFFFFFFFFFFFFFFFFFC1
:100F4000FFFFFFFFFFFFFFFFFFFFFFFFFFFFFFFFB1
:100F5000FFFFFFFFFFFFFFFFFFFFFFFFFFFFFFFFA1
:100F6000FFFFFFFFFFFFFFFFFFFFFFFFFFFFFFFF91
:100F7000FFFFFFFFFFFFFFFFFFFFFFFFFFFFFFFF81
:100F8000FFFFFFFFFFFFFFFFFFFFFFFFFFFFFFFF71
:100F9000FFFFFFFFFFFFFFFFFFFFFFFFFFFFFFFF61
:100FA000FFFFFFFFFFFFFFFFFFFFFFFFFFFFFFFF51
:100FB000FFFFFFFFFFFFFFFFFFFFFFFFFFFFFFFF41
:100FC000FFFFFFFFFFFFFFFFFFFFFFFFFFFFFFFF31
:100FD000FFFFFFFFFFFFFFFFFFFFFFFFFFFFFFFF21
:100FE000FFFFFFFFFFFFFFFFFFFFFFFFFFFFFFFF11
:100FF000FFFFFFFFFFFFFFFFFFFFFFFFFFFFFFFF01
:10100000D1002043F1150060000000000000000046
:101010002010006000100060003803600000000035
:10102000000000600044030000000000FFFFFFFF1D
:10103000FFFFFFFFFFFFFFFFFFFFFFFFFFFFFFFFC0
:10104000FFFFFFFFFFFFFFFFFFFFFFFFFFFFFFFFB0
:10105000FFFFFFFFFFFFFFFFFFFFFFFFFFFFFFFFA0
:10106000FFFFFFFFFFFFFFFFFFFFFFFFFFFFFFFF90
:10107000FFFFFFFFFFFFFFFFFFFFFFFFFFFFFFFF80
:10108000FFFFFFFFFFFFFFFFFFFFFFFFFFFFFFFF70
:10109000FFFFFFFFFFFFFFFFFFFFFFFFFFFFFFFF60
:1010A000FFFFFFFFFFFFFFFFFFFFFFFFFFFFFFFF50
:1010B000FFFFFFFFFFFFFFFFFFFFFFFFFFFFFFFF40
:1010C000FFFFFFFFFFFFFFFFFFFFFFFFFFFFFFFF30
:1010D000FFFFFFFFFFFFFFFFFFFFFFFFFFFFFFFF20
:1010E000FFFFFFFFFFFFFFFFFFFFFFFFFFFFFFFF10
:1010F000FFFFFFFFFFFFFFFFFFFFFFFFFFFFFFFF00
:10110000FFFFFFFFFFFFFFFFFFFFFFFFFFFFFFFFEF
:10111000FFFFFFFFFFFFFFFFFFFFFFFFFFFFFFFFDF
:10112000FFFFFFFFFFFFFFFFFFFFFFFFFFFFFFFFCF
:10113000FFFFFFFFFFFFFFFFFFFFFFFFFFFFFFFFBF
:10114000FFFFFFFFFFFFFFFFFFFFFFFFFFFFFFFFAF
:10115000FFFFFFFFFFFFFFFFFFFFFFFFFFFFFFFF9F
:10116000FFFFFFFFFFFFFFFFFFFFFFFFFFFFFFFF8F
:10117000FFFFFFFFFFFFFFFFFFFFFFFFFFFFFFFF7F
:10118000FFFFFFFFFFFFFFFFFFFFFFFFFFFFFFFF6F
:10119000FFFFFFFFFFFFFFFFFFFFFFFFFFFFFFFF5F
:1011A000FFFFFFFFFFFFFFFFFFFFFFFFFFFFFFFF4F
:1011B000FFFFFFFFFFFFFFFFFFFFFFFFFFFFFFFF3F
:1011C000FFFFFFFFFFFFFFFFFFFFFFFFFFFFFFFF2F
:1011D000FFFFFFFFFFFFFFFFFFFFFFFFFFFFFFFF1F
:1011E000FFFFFFFFFFFFFFFFFFFFFFFFFFFFFFFF0F
:1011F000FFFFFFFFFFFFFFFFFFFFFFFFFFFFFFFFFF
:10120000FFFFFFFFFFFFFFFFFFFFFFFFFFFFFFFFEE
:10121000FFFFFFFFFFFFFFFFFFFFFFFFFFFFFFFFDE
:10122000FFFFFFFFFFFFFFFFFFFFFFFFFFFFFFFFCE
:10123000FFFFFFFFFFFFFFFFFFFFFFFFFFFFFFFFBE
:10124000FFFFFFFFFFFFFFFFFFFFFFFFFFFFFFFFAE
:10125000FFFFFFFFFFFFFFFFFFFFFFFFFFFFFFFF9E
:10126000FFFFFFFFFFFFFFFFFFFFFFFFFFFFFFFF8E
:10127000FFFFFFFFFFFFFFFFFFFFFFFFFFFFFFFF7E
:10128000FFFFFFFFFFFFFFFFFFFFFFFFFFFFFFFF6E
:10129000FFFFFFFFFFFFFFFFFFFFFFFFFFFFFFFF5E
:1012A000FFFFFFFFFFFFFFFFFFFFFFFFFFFFFFFF4E
:1012B000FFFFFFFFFFFFFFFFFFFFFFFFFFFFFFFF3E
:1012C000FFFFFFFFFFFFFFFFFFFFFFFFFFFFFFFF2E
:1012D000FFFFFFFFFFFFFFFFFFFFFFFFFFFFFFFF1E
:1012E000FFFFFFFFFFFFFFFFFFFFFFFFFFFFFFFF0E
:1012F000FFFFFFFFFFFFFFFFFFFFFFFFFFFFFFFFFE
:10130000FFFFFFFFFFFFFFFFFFFFFFFFFFFFFFFFED
:10131000FFFFFFFFFFFFFFFFFFFFFFFFFFFFFFFFDD
:10132000FFFFFFFFFFFFFFFFFFFFFFFFFFFFFFFFCD
:10133000FFFFFFFFFFFFFFFFFFFFFFFFFFFFFFFFBD
:10134000FFFFFFFFFFFFFFFFFFFFFFFFFFFFFFFFAD
:10135000FFFFFFFFFFFFFFFFFFFFFFFFFFFFFFFF9D
:10136000FFFFFFFFFFFFFFFFFFFFFFFFFFFFFFFF8D
:10137000FFFFFFFFFFFFFFFFFFFFFFFFFFFFFFFF7D
:10138000FFFFFFFFFFFFFFFFFFFFFFFFFFFFFFFF6D
:10139000FFFFFFFFFFFFFFFFFFFFFFFFFFFFFFFF5D
:1013A000FFFFFFFFFFFFFFFFFFFFFFFFFFFFFFFF4D
:1013B000FFFFFFFFFFFFFFFFFFFFFFFFFFFFFFFF3D
:1013C000FFFFFFFFFFFFFFFFFFFFFFFFFFFFFFFF2D
:1013D000FFFFFFFFFFFFFFFFFFFFFFFFFFFFFFFF1D
:1013E000FFFFFFFFFFFFFFFFFFFFFFFFFFFFFFFF0D
:1013F000FFFFFFFFFFFFFFFFFFFFFFFFFFFFFFFFFD
:10140000824205D051F8043B40F8043B8242F9D8AF
:10141000704700BF044A05494FF0000342F8043BFF
:101420009142FBD8704700BFC09E0020C02F012012
:1014300080B5BFF34F8F00F0AFFA544C544B0820E7
:101440005449C3F85401544AC3F800115348C3F82F
:10145000F0405349FFF7D4FF524A53495348FFF72E
:10146000CFFF534CFFF7D6FF4FF470004FF0E02151
:101470000023504AC1F8880D44F823200133B02BD3
:10148000FAD14D4B80214D4A03F8011B9342FBD109
:101490004FF0E0254A4F4B4A4FF0FF31C5F8084D59
:1014A0000026D5F8243D43F4E023C5F8243DFB692C
:1014B00023F07F0343F04003FB617B6A23F07F034B
:1014C00043F040037B629166D1661167516700F07B
:1014D0006BFA3D4B63223D49A3633D4BE36303231A
:1014E0006A613C4AAE612B61C5F8202DD5F8FC2D10
:1014F000394B42F08072C5F8FC2D1A6842F00102A7
:101500001A605B680B6000F013FC344800F0C0FD0B
:10151000F96E334B334A41F44051F9661E60C3F80B
:101520000861C3F81861C3F82861C3F83861936B88
:10153000DB0708D442F615632B4951651365936B9D
:1015400043F001039363274A284C936843F0011347
:10155000936000F0B3FA00F04FFD00F081FD00F061
:1015600015FC00F01BFA2368132BFCD900F0A6FC35
:101570002368B3F5967FFBD300F014FA00F010FA5D
:1015800000F08AFD00F07CFD30BFFDE70C0D11136B
:1015900000800D401B101820C874020000000000DD
:1015A00020230060C09E0020EC9702600000002015
:1015B000009C002051B0010000E400E0A0E400E045
:1015C00000C00F4000C00A40F5960100B02E012077
:1015D000F996010000002020001000E00046C3231F
:1015E0000040084000400D400000C056B42E0120CD
:1015F000054B4FF42A01054A05485A641864054A08
:1016000099639546FFF714FF00C00A40FFABAAAAF2
:1016100007002000008005201BB9124B1B6F9B04A4
:101620001ED400F03F000F4B22F0604221F06041D9
:1016300040F489101867C3F88010C3F890201A6F1F
:1016400022F480521A671A6F002AFCDAD3F870115C
:10165000054A0A40C3F870211A6F22F480321A67D3
:10166000704700BF00800D40FF7F7FFF43690A4A3B
:1016700003EB011010B4037A084C02EB0313D3E917
:1016800001321460C2681A6003690BB142691A60C2
:101690005DF8044B704700BF344B002061F8010037
:1016A0004369027E03EB021292F808C08C451CD0FD
:1016B0001A7AFF2A19D0914210B5044616D01A7E24
:1016C000FF2A06D00121D3E9002312681A4201D172
:1016D000217610BD064B0522204603EB0C135B68F8
:1016E0001A60FFF7C3FF2176F3E770470021EAE7AE
:1016F000344B002043690A4A03EB011010B490F800
:101700002830084C02EB0313D3E901321460C26A9B
:101710001A60036B0BB1426B1A605DF8044B7047A3
:10172000344B002061F801004369427E03EB021252
:1017300092F828C08C451ED093F82820FF2A1AD092
:10174000914210B5044617D093F83820FF2A06D0EE
:101750000121D3E9002312681A4201D1617610BD3C
:10176000064B0522204603EB0C135B681A60FFF75B
:10177000C1FF6176F3E770470021EAE7344B0020B0
:10178000164942698B6B23F47C0343F4802370B5C4
:101790008B630446124DD2E900130A681A430369A9
:1017A0000A60022200211A610E4A19619A6401221C
:1017B0005A629D624FF43035DD624FF001159E6C28
:1017C0001E6519629D651A61017EFFF74FFF617EFC
:1017D0002046BDE87040FFF78DBF00BF00C00F403E
:1017E000B80B05053B372819B1F5607FF0B50E46FB
:1017F0008DB028BF4FF460760F46054672B62E4B6B
:1018000000247022186021462C4B2D481C8000F0CB
:1018100033FCCFB121462A484FF0010C4A0901F0B0
:101820001F03013150F822400CFA03F38E4243EAC1
:10183000040340F82230F1D82846002343800133C6
:1018400000F582709E42F9D81E4C257815B162B61B
:101850000DB0F0BD082000F00BFC1B4B80220646AB
:10186000009302A90693194B0271056008A8029320
:1018700000F016FC06A9164A304600F005FC069B4F
:1018800008A8DB689847009B02A8DB689847237884
:10189000002BDCD10F4B104AC3F858210F49D02040
:1018A0004FF0E023402281F84600C3F808210123CD
:1018B000237062B60DB0F0BD20A700204C2F012090
:1018C00028A70020632F0120E83E0020F1900100AE
:1018D0001B100100009C0020FD90010000E400E0CE
:1018E0002B4A0021012310B4C2F8A000C2F8A410B2
:1018F000C2F8B0305369DB07FCD501234FF48034C4
:1019000023495361C2F8A000C2F8A440C2F8B03025
:101910004B69DC07FCD501234FF400341C4A4B61B2
:10192000C1F8A000C1F8A440C1F8B0305369D9078C
:10193000FCD50123174C16495361C2F8A000C2F828
:10194000A440C2F8B0304B69DB07FCD5D1F80031B8
:1019500045F60D5021249AB24C61824214D045F6CE
:101960009D518A420CD1C3F34253032B0CD0A3F1F7
:1019700004035DF8044BB3FA83F35B091801704765
:1019800000205DF8044B704708205DF8044B704759
:1019900000402A4004000300704700BF704700BFAA
:1019A000704700BF00BF704710B44FF0E023002124
:1019B00010243248C3F8941DC3F89C4D1124C3F879
:1019C000A00D2F48C3F89C4D1224C3F8A00D2D483C
:1019D000C3F89C4D2C4AC3F8A00D2C4C42F01502C4
:1019E0002B48C3F89C4DC3F8A00D2A4C2A48C3F8D5
:1019F0009C4DC3F8A00D294CC3F89C2D2848294ABA
:101A0000C3F8A04DC3F89C0DC3F8A02D02F5A02289
:101A1000254C0C322548C3F89C4DC3F8A02D244A10
:101A2000C3F89C0DC3F8A02D02F14062214C023294
:101A30002148C3F89C4DC3F8A02D0A32C3F89C0D71
:101A4000C3F8A02D00BF00BF00BF00BF00BF012230
:101A5000C3F8942DBFF34F8FBFF36F8FC3F8501FA0
:101A6000BFF34F8FBFF36F8FD3F8142D5DF8044B86
:101A700042F44032C3F8142D704700BF3F000010FD
:101A80002500080709001000C02F012013002000C6
:101A9000210002071400002025000813090000108F
:101AA0001600202027000B131700004018000060CC
:101AB0002F000B07190000701A000080F0B5824B50
:101AC0001822824D0120824F83B0C3F85C528149B5
:101AD000C3F86072804CC3F86452A5F530457F4E60
:101AE000C3F8685248F20C75C3F86C42C3F87042F0
:101AF000C3F87442C3F878424FF0FF34DA661A67CD
:101B00005A679A67DA67C3F88020C3F88420C3F85D
:101B10008820C1F82C03724AC1F83003C1F834039D
:101B2000C1F83803C1F83C03C1F85003B1696D4BEB
:101B30000A406D486D4913436D4AB361D6F884304D
:101B400043F00C03C6F88430036843F002030360DB
:101B500003682B4021251A43664B026044608A6863
:101B6000654C1340654A43F000538360C36823F01B
:101B70007803C360036A134023430362036A13407C
:101B80005F4A234340F2056443628262C2620022DC
:101B9000D1F8B83023F03F0343F00103C0F8B83068
:101BA000D1F8BC30574923F03F0343F00103C0F89C
:101BB000BC3002610567C0F880404567C0F88440CA
:101BC0000224036823F00203036081614E4B4F49F6
:101BD000C46143F8042B8B42FBD1434D2B6843F087
:101BE00001032B602C6814F00104FBD1454902234A
:101BF00040F2F5622046A96140F29941EB6140F262
:101C00006643C5F8002242F20142C5F81032404B4B
:101C1000C5F82012C5F8303240F23543C5F83422F9
:101C20003C49C5F840323C4BC5F850123B4AC5F818
:101C3000543242F20123C5F86022C5F86432FFF73E
:101C40004FFE0646002836D083024FF480222B66D2
:101C50000123C5F8A040244CC5F8A420C5F8B03035
:101C60006369DA07FCD50125370565613846FFF75A
:101C700037FE32182A4BD2B21A7078B180024FF474
:101C8000802319496066C4F8A070C4F8A430C4F871
:101C9000B0504B69DB07FCD501234B61214900247F
:101CA000214801230094401A00EB02521F4800F023
:101CB000D3F903B0F0BD1D4B194A18601070D860FD
:101CC000C3E9010003B0F0BD00801F40F9B001007E
:101CD000F910010000841F40F970010000C00F409E
:101CE000FFFCFF1F0003008000402A4000802A40C4
:101CF0001200FFFFFF37F7004000008000FFF07C7C
:101D0000FF000F83F05AF05A00422A4000432A4055
:101D10009F041830EB06180A063201263806180A06
:101D2000782F012000000070000000705400012096
:101D3000F0B4154A40274FF480314FF480564FF4E9
:101D400000554FF4404443F24200136913F0020F70
:101D50000ED113F4005F0FD013F4805F0ED0002B70
:101D6000F3DA13F4803F0BD15B060BD5F0BC704760
:101D7000946151619061E8E75561E6E75661E4E7F7
:101D80009161E2E75761E0E700800D403F4A0320A0
:101D90003F49F3EE095AD2F880304FF0000C9FED26
:101DA0003D6A23F001039FED3C5A30B4C2F8803005
:101DB000C2F89000D1F8E010384DCBB2384C394819
:101DC0002B6007EE903A0B0DC1F30B21F8EEE77A8A
:101DD00006EE903A07EE101A334BB8EEC77A216040
:101DE000F8EEE66A314937EEC66A37EEC55A76EE46
:101DF000C76A77EEE57A26EE266AC3ED006A25EE1D
:101E0000265AD2F8803067EEA64AC0ED007AC6EEB8
:101E1000275A274885EE276AC4EEA76A75EE875AC7
:101E2000FCEEE55A36EE076A15EE904ABCEEC66A3D
:101E300043EA045376EE877AC2F8803016EE103A01
:101E4000D2F89041FCEEE77A01EA0341214317EE14
:101E5000903AC2F89011C3F30B03D2F890110B43E0
:101E60001449C2F89031D2F8803043F00203C2F82E
:101E70008030114B80F840C0C1F840314FF0E02372
:101E8000012230BCC3F80821704700BF00810D401B
:101E900000441F400000AA420000B442782C0120F8
:101EA000742C01207C2C0120802C01200000FF0FCD
:101EB00000E400E0009C00203DB20100314B40F600
:101EC000617210B5C3F8202140F2044400F0CCF850
:101ED0002D4A2E49D2F880302D4843F00303C2F832
:101EE00080302C4BC1F8604102681A4203D1D1F80E
:101EF000A8319A071BD0254A4FF00041244B596363
:101F0000D2F8403143F00203C2F84031D2F84031F8
:101F10009B07FBD44FF400304FF0E0211C4B4FF0F7
:101F20000042C1F88C0219209A6300F0BDF8184AEB
:101F30004FF08040154C002190630A20164B116031
:101F40004FF42072C4F8A801184600F095F84FF439
:101F5000800203464FF4810040F243111860C4F838
:101F600058311A640D4B0E4AC4F84811C3F80422C4
:101F70004FF0E0224FF400310123C2F80C11C4F8F5
:101F8000403110BD00800D4000C00F4000002E40C9
:101F900000900D40001C1E0000000020009C00204E
:101FA00025B4010008B50E4B1B6E9B0700D4FBBE89
:101FB00072B60C4B00200C4AC3F8400103F1604399
:101FC0000A49A3F55F2311649D46BFF34F8F4FF479
:101FD00000130748074ADB6902609B68984700BF07
:101FE00000441F4000002E4000C00A4003002000B3
:101FF00000802020000012EB104BA020104AD96E68
:1020000041F4403110B4D96640F23764D96E41F4DE
:102010004071D96654649064936C1B06FCD4094AE1
:1020200040F23761A02351649364936C13F08003F2
:10203000FBD1054A13705DF8044B704700C00F4098
:1020400000400C4000800C40772F0120F8B500BF05
:10205000F8BC08BC9E4670475FF800F085C40100DC
:102060005FF800F039AF01005FF800F095BB0100A8
:102070005FF800F0E5AA01005FF800F089100200A7
:102080005FF800F0A1A901005FF800F0CD97010012
:102090005FF800F0CD9F01005FF800F0BD13020073
:1020A0005FF800F0659101005FF800F0BDA201004B
:1020B000050100003D59000081AC000049B400005A
:1020C0008DB60000A5B60000BDB60000D5B6000074
:1020D000EDB6000005B700001DB7000035B70000E1
:1020E0004DB7000065B7000079BD000091BD00004C
:1020F000A9BD0000C1BD0000D9BD0000F1BD0000B8
:1021000009BE000021BE000055BE000085BE0000D3
:102110009DBE0000B5BE0000CDBE0000E5BE0000C3
:08212000D5D40000D1980100A4
:1021280080C00F40000000031900000010000000EC
:10213800E8841F4001000000FF000000FF000000CD
:10214800000000000000000018000000100000005F
:10215800E4841F4001000000FF000000FF000000B1
:1021680000000000000000001F000000394B0100C3
:1021780070C00F40000C00001100000011000000AA
:10218800E0841F40020000002C0000001200000044
:10219800E0841F4001000000100000001100000052
:1021A800DC841F40020000002D0000001200000027
:1021B800DC841F40010000001E0000002D4B0100C0
:1021C80070C00F40C00000001200000013000000A3
:1021D800D0841F4001000000FF000000FF00000045
:1021E80000000000000000001300000013000000C1
:1021F800CC841F4001000000FF000000FF00000029
:1022080000000000000000001C000000214B01003D
:102218001603550053004200200053006500720069
:10222800690061006C000000180354006500650037
:102238006E00730079006400750069006E006F001D
:102248000403090409026200030100C032080B00FC
:102258000202020100090400000102020100052433
:1022680000100105240101010424020605240600CA
:10227800010705820310001009040100020A00008A
:10228800000705030240000007058402400000091A
:1022980004020002FF6AFF000705810240000107EF
:1022A800050102400001000009026200030100C0AC
:1022B80032080B00020202010009040000010202B8
:1022C800010005240010010524010101042402066F
:1022D8000524060001070582031000050904010012
:1022E800020A000000070503020002000705840235
:1022F8000002000904020002FF6AC7000705810204
:102308000002010705010200020100000A0600029E
:08231800EF020140010000008A
:1023200000000000000000000000000000000000AD
:10233000000000000000000000000000000000009D
:10234000F8B54FF084439D695A6915400DD0254F6B
:1023500001269D6195FAA5F4B4FA84F457F8243067
:1023600006FA04F49847A543F4D11F4B9D695A69B6
:1023700015400DD01D4F01269D6195FAA5F4B4FAC4
:1023800084F457F8243006FA04F49847A543F4D1AE
:10239000174B9D695A6915400DD0164F01269D6156
:1023A00095FAA5F4B4FA84F457F8243006FA04F444
:1023B0009847A543F4D1104B9D695A6915400DD03B
:1023C0000E4F01269D6195FAA5F4B4FA84F457F8EE
:1023D000243006FA04F49847A543F4D1BFF34F8F95
:1023E000F8BD00BF0C990020004000428C990020ED
:1023F000008000420C9A002000C000428C9A00200D
:102400000548064B1B1AD90F01EBA301491002D056
:10241000034B03B118477047C09E0020C09E0020A8
:102420000000000008B5054B1BB105490548AFF396
:102430000080BDE80840FFF7E3BF00BF00000000D8
:10244000002801200044036040F6B83398422DE98B
:10245000F0414FF0000882B0324E334D334F35D04B
:10246000334CC6F81C80012CC5F81C80FC610CD9CB
:1024700080232246782107F12000009307F12C03E6
:102480001CF0BCFC08B1C7F81C80012CF4610BD90E
:102490008022284B78210092A3F10C00244A1CF0E2
:1024A000ADFC08B10023F361012CEC610BD9224B88
:1024B00080201F4A00907821A3F10C001CF09EFCA4
:1024C00008B10023EB6102B0BDE8F0811B4CC6F8F7
:1024D0001C80012CC5F81C80FC610CD9802322468D
:1024E000782107F12000009307F12C031CF086FCF3
:1024F00008B1C7F81C80012CF4610BD980220D4B68
:1025000078210092A3F10C000C4A1CF077FC08B172
:102510000023F361012CEC61D5D9074B8020074AD9
:10252000C8E700BFA81F0120301A0120EC1C0120C1
:10253000F8910020D41F01205C1A0120089100208E
:102540001B4B1A6810B4D2E90014138B0968906809
:102550009B0024680140D0689BB20442138318D0CA
:10256000A1B943F0010303F00F031249C9561383C5
:1025700049B1518B43EA01139BB2D9B253832B2942
:102580000CD0172910D05DF8044B704743F00203BC
:10259000E7E70029E7D043F00203E4E753695DF879
:1025A000044B013B53617047536901335361EAE7C0
:1025B000C0A80020F09200201B4B5A6810B4D2E94A
:1025C0000014138B096890689B0024680140D06850
:1025D0009BB20442138318D0A1B943F0010303F066
:1025E0000F031249C956138349B1518B43EA0113B2
:1025F0009BB2D9B253832B290CD0172910D05DF888
:10260000044B704743F00203E7E70029E7D043F0AB
:102610000203E4E753695DF8044B013B53617047E3
:10262000536901335361EAE7C0A80020F09200200B
:102630001B4B9A6810B4D2E90014138B0968906898
:102640009B0024680140D0689BB20442138318D0D9
:10265000A1B943F0010303F00F031249C9561383D4
:1026600049B1518B43EA01139BB2D9B253832B2951
:102670000CD0172910D05DF8044B704743F00203CB
:10268000E7E70029E7D043F00203E4E753695DF888
:10269000044B013B53617047536901335361EAE7CF
:1026A000C0A80020F09200201B4BDA6810B4D2E9D9
:1026B0000014138B096890689B0024680140D0685F
:1026C0009BB20442138318D0A1B943F0010303F075
:1026D0000F031249C956138349B1518B43EA0113C1
:1026E0009BB2D9B253832B290CD0172910D05DF897
:1026F000044B704743F00203E7E70029E7D043F0BB
:102700000203E4E753695DF8044B013B53617047F2
:10271000536901335361EAE7C0A80020F09200201A
:102720001C4BD3F8D02010B4D2E90014138B0968E5
:1027300090689B0024680140D0689BB204421383D8
:1027400018D0A1B943F0010303F00F031249C95691
:10275000138349B1518B43EA01139BB2D9B253831E
:102760002B290CD0172910D05DF8044B704743F08B
:102770000203E7E70029E7D043F00203E4E75369E7
:102780005DF8044B013B536170475369013353615A
:10279000EAE700BFC0A80020F09200201C4BD3F84D
:1027A000D42010B4D2E90014138B096890689B0000
:1027B00024680140D0689BB20442138318D0A1B9A9
:1027C00043F0010303F00F031249C956138349B1C3
:1027D000518B43EA01139BB2D9B253832B290CD0FE
:1027E000172910D05DF8044B704743F00203E7E768
:1027F0000029E7D043F00203E4E753695DF8044B96
:10280000013B53617047536901335361EAE700BFED
:10281000C0A80020F09200201B4B1A6D10B4D2E922
:102820000014138B096890689B0024680140D068ED
:102830009BB20442138318D0A1B943F0010303F003
:102840000F031249C956138349B1518B43EA01134F
:102850009BB2D9B253832B290CD0172910D05DF825
:10286000044B704743F00203E7E70029E7D043F049
:102870000203E4E753695DF8044B013B5361704781
:10288000536901335361EAE7C0A80020F0920020A9
:102890001B4B5A6D10B4D2E90014138B0968906871
:1028A0009B0024680140D0689BB20442138318D077
:1028B000A1B943F0010303F00F031249C956138372
:1028C00049B1518B43EA01139BB2D9B253832B29EF
:1028D0000CD0172910D05DF8044B704743F0020369
:1028E000E7E70029E7D043F00203E4E753695DF826
:1028F000044B013B53617047536901335361EAE76D
:10290000C0A80020F09200201B4B9A6D10B4D2E9B1
:102910000014138B096890689B0024680140D068FC
:102920009BB20442138318D0A1B943F0010303F012
:102930000F031249C956138349B1518B43EA01135E
:102940009BB2D9B253832B290CD0172910D05DF834
:10295000044B704743F00203E7E70029E7D043F058
:102960000203E4E753695DF8044B013B5361704790
:10297000536901335361EAE7C0A80020F0920020B8
:102980001B4BDA6D10B4D2E90014138B0968906800
:102990009B0024680140D0689BB20442138318D086
:1029A000A1B943F0010303F00F031249C956138381
:1029B00049B1518B43EA01139BB2D9B253832B29FE
:1029C0000CD0172910D05DF8044B704743F0020378
:1029D000E7E70029E7D043F00203E4E753695DF835
:1029E000044B013B53617047536901335361EAE77C
:1029F000C0A80020F09200201B4B1A6E10B4D2E940
:102A00000014138B096890689B0024680140D0680B
:102A10009BB20442138318D0A1B943F0010303F021
:102A20000F031249C956138349B1518B43EA01136D
:102A30009BB2D9B253832B290CD0172910D05DF843
:102A4000044B704743F00203E7E70029E7D043F067
:102A50000203E4E753695DF8044B013B536170479F
:102A6000536901335361EAE7C0A80020F0920020C7
:102A70001B4B5A6E10B4D2E90014138B096890688E
:102A80009B0024680140D0689BB20442138318D095
:102A9000A1B943F0010303F00F031249C956138390
:102AA00049B1518B43EA01139BB2D9B253832B290D
:102AB0000CD0172910D05DF8044B704743F0020387
:102AC000E7E70029E7D043F00203E4E753695DF844
:102AD000044B013B53617047536901335361EAE78B
:102AE000C0A80020F09200201B4B9A6E10B4D2E9CF
:102AF0000014138B096890689B0024680140D0681B
:102B00009BB20442138318D0A1B943F0010303F030
:102B10000F031249C956138349B1518B43EA01137C
:102B20009BB2D9B253832B290CD0172910D05DF852
:102B3000044B704743F00203E7E70029E7D043F076
:102B40000203E4E753695DF8044B013B53617047AE
:102B5000536901335361EAE7C0A80020F0920020D6
:102B60001B4BDA6E10B4D2E90014138B096890681D
:102B70009B0024680140D0689BB20442138318D0A4
:102B8000A1B943F0010303F00F031249C95613839F
:102B900049B1518B43EA01139BB2D9B253832B291C
:102BA0000CD0172910D05DF8044B704743F0020396
:102BB000E7E70029E7D043F00203E4E753695DF853
:102BC000044B013B53617047536901335361EAE79A
:102BD000C0A80020F09200201B4B1A6F10B4D2E95D
:102BE0000014138B096890689B0024680140D0682A
:102BF0009BB20442138318D0A1B943F0010303F040
:102C00000F031249C956138349B1518B43EA01138B
:102C10009BB2D9B253832B290CD0172910D05DF861
:102C2000044B704743F00203E7E70029E7D043F085
:102C30000203E4E753695DF8044B013B53617047BD
:102C4000536901335361EAE7C0A80020F0920020E5
:102C50001B4B5A6F10B4D2E90014138B09689068AB
:102C60009B0024680140D0689BB20442138318D0B3
:102C7000A1B943F0010303F00F031249C9561383AE
:102C800049B1518B43EA01139BB2D9B253832B292B
:102C90000CD0172910D05DF8044B704743F00203A5
:102CA000E7E70029E7D043F00203E4E753695DF862
:102CB000044B013B53617047536901335361EAE7A9
:102CC000C0A80020F09200201B4B9A6F10B4D2E9EC
:102CD0000014138B096890689B0024680140D06839
:102CE0009BB20442138318D0A1B943F0010303F04F
:102CF0000F031249C956138349B1518B43EA01139B
:102D00009BB2D9B253832B290CD0172910D05DF870
:102D1000044B704743F00203E7E70029E7D043F094
:102D20000203E4E753695DF8044B013B53617047CC
:102D3000536901335361EAE7C0A80020F0920020F4
:102D40001B4BDA6F10B4D2E90014138B096890683A
:102D50009B0024680140D0689BB20442138318D0C2
:102D6000A1B943F0010303F00F031249C9561383BD
:102D700049B1518B43EA01139BB2D9B253832B293A
:102D80000CD0172910D05DF8044B704743F00203B4
:102D9000E7E70029E7D043F00203E4E753695DF871
:102DA000044B013B53617047536901335361EAE7B8
:102DB000C0A80020F09200201C4BD3F8802010B453
:102DC000D2E90014138B096890689B0024680140C5
:102DD000D0689BB20442138318D0A1B943F0010319
:102DE00003F00F031249C956138349B1518B43EACB
:102DF00001139BB2D9B253832B290CD0172910D0C1
:102E00005DF8044B704743F00203E7E70029E7D081
:102E100043F00203E4E753695DF8044B013B53615F
:102E20007047536901335361EAE700BFC0A800202F
:102E3000F09200201C4BD3F8842010B4D2E9001487
:102E4000138B096890689B0024680140D0689BB28E
:102E50000442138318D0A1B943F0010303F00F0318
:102E60001249C956138349B1518B43EA01139BB2EE
:102E7000D9B253832B290CD0172910D05DF8044BFD
:102E8000704743F00203E7E70029E7D043F002036D
:102E9000E4E753695DF8044B013B536170475369A4
:102EA00001335361EAE700BFC0A80020F092002080
:102EB0001C4BD3F8882010B4D2E90014138B096896
:102EC00090689B0024680140D0689BB20442138341
:102ED00018D0A1B943F0010303F00F031249C956FA
:102EE000138349B1518B43EA01139BB2D9B2538387
:102EF0002B290CD0172910D05DF8044B704743F0F4
:102F00000203E7E70029E7D043F00203E4E753694F
:102F10005DF8044B013B53617047536901335361C2
:102F2000EAE700BFC0A80020F09200201C4BD3F8B5
:102F30008C2010B4D2E90014138B096890689B00B0
:102F400024680140D0689BB20442138318D0A1B911
:102F500043F0010303F00F031249C956138349B12B
:102F6000518B43EA01139BB2D9B253832B290CD066
:102F7000172910D05DF8044B704743F00203E7E7D0
:102F80000029E7D043F00203E4E753695DF8044BFE
:102F9000013B53617047536901335361EAE700BF56
:102FA000C0A80020F09200201C4BD3F8902010B451
:102FB000D2E90014138B096890689B0024680140D3
:102FC000D0689BB20442138318D0A1B943F0010327
:102FD00003F00F031249C956138349B1518B43EAD9
:102FE00001139BB2D9B253832B290CD0172910D0CF
:102FF0005DF8044B704743F00203E7E70029E7D090
:1030000043F00203E4E753695DF8044B013B53616D
:103010007047536901335361EAE700BFC0A800203D
:10302000F09200201C4BD3F8942010B4D2E9001485
:10303000138B096890689B0024680140D0689BB29C
:103040000442138318D0A1B943F0010303F00F0326
:103050001249C956138349B1518B43EA01139BB2FC
:10306000D9B253832B290CD0172910D05DF8044B0B
:10307000704743F00203E7E70029E7D043F002037B
:10308000E4E753695DF8044B013B536170475369B2
:1030900001335361EAE700BFC0A80020F09200208E
:1030A0001C4BD3F8982010B4D2E90014138B096894
:1030B00090689B0024680140D0689BB2044213834F
:1030C00018D0A1B943F0010303F00F031249C95608
:1030D000138349B1518B43EA01139BB2D9B2538395
:1030E0002B290CD0172910D05DF8044B704743F002
:1030F0000203E7E70029E7D043F00203E4E753695E
:103100005DF8044B013B53617047536901335361D0
:10311000EAE700BFC0A80020F09200201C4BD3F8C3
:103120009C2010B4D2E90014138B096890689B00AE
:1031300024680140D0689BB20442138318D0A1B91F
:1031400043F0010303F00F031249C956138349B139
:10315000518B43EA01139BB2D9B253832B290CD074
:10316000172910D05DF8044B704743F00203E7E7DE
:103170000029E7D043F00203E4E753695DF8044B0C
:10318000013B53617047536901335361EAE700BF64
:10319000C0A80020F09200201C4BD3F8A02010B44F
:1031A000D2E90014138B096890689B0024680140E1
:1031B000D0689BB20442138318D0A1B943F0010335
:1031C00003F00F031249C956138349B1518B43EAE7
:1031D00001139BB2D9B253832B290CD0172910D0DD
:1031E0005DF8044B704743F00203E7E70029E7D09E
:1031F00043F00203E4E753695DF8044B013B53617C
:103200007047536901335361EAE700BFC0A800204B
:10321000F09200201C4BD3F8A42010B4D2E9001483
:10322000138B096890689B0024680140D0689BB2AA
:103230000442138318D0A1B943F0010303F00F0334
:103240001249C956138349B1518B43EA01139BB20A
:10325000D9B253832B290CD0172910D05DF8044B19
:10326000704743F00203E7E70029E7D043F0020389
:10327000E4E753695DF8044B013B536170475369C0
:1032800001335361EAE700BFC0A80020F09200209C
:103290001C4BD3F8A82010B4D2E90014138B096892
:1032A00090689B0024680140D0689BB2044213835D
:1032B00018D0A1B943F0010303F00F031249C95616
:1032C000138349B1518B43EA01139BB2D9B25383A3
:1032D0002B290CD0172910D05DF8044B704743F010
:1032E0000203E7E70029E7D043F00203E4E753696C
:1032F0005DF8044B013B53617047536901335361DF
:10330000EAE700BFC0A80020F09200201C4BD3F8D1
:10331000AC2010B4D2E90014138B096890689B00AC
:1033200024680140D0689BB20442138318D0A1B92D
:1033300043F0010303F00F031249C956138349B147
:10334000518B43EA01139BB2D9B253832B290CD082
:10335000172910D05DF8044B704743F00203E7E7EC
:103360000029E7D043F00203E4E753695DF8044B1A
:10337000013B53617047536901335361EAE700BF72
:10338000C0A80020F09200201C4BD3F8B02010B44D
:10339000D2E90014138B096890689B0024680140EF
:1033A000D0689BB20442138318D0A1B943F0010343
:1033B00003F00F031249C956138349B1518B43EAF5
:1033C00001139BB2D9B253832B290CD0172910D0EB
:1033D0005DF8044B704743F00203E7E70029E7D0AC
:1033E00043F00203E4E753695DF8044B013B53618A
:1033F0007047536901335361EAE700BFC0A800205A
:10340000F09200201C4BD3F8B42010B4D2E9001481
:10341000138B096890689B0024680140D0689BB2B8
:103420000442138318D0A1B943F0010303F00F0342
:103430001249C956138349B1518B43EA01139BB218
:10344000D9B253832B290CD0172910D05DF8044B27
:10345000704743F00203E7E70029E7D043F0020397
:10346000E4E753695DF8044B013B536170475369CE
:1034700001335361EAE700BFC0A80020F0920020AA
:103480001C4BD3F8B82010B4D2E90014138B096890
:1034900090689B0024680140D0689BB2044213836B
:1034A00018D0A1B943F0010303F00F031249C95624
:1034B000138349B1518B43EA01139BB2D9B25383B1
:1034C0002B290CD0172910D05DF8044B704743F01E
:1034D0000203E7E70029E7D043F00203E4E753697A
:1034E0005DF8044B013B53617047536901335361ED
:1034F000EAE700BFC0A80020F09200201C4BD3F8E0
:10350000BC2010B4D2E90014138B096890689B00AA
:1035100024680140D0689BB20442138318D0A1B93B
:1035200043F0010303F00F031249C956138349B155
:10353000518B43EA01139BB2D9B253832B290CD090
:10354000172910D05DF8044B704743F00203E7E7FA
:103550000029E7D043F00203E4E753695DF8044B28
:10356000013B53617047536901335361EAE700BF80
:10357000C0A80020F09200201C4BD3F8C02010B44B
:10358000D2E90014138B096890689B0024680140FD
:10359000D0689BB20442138318D0A1B943F0010351
:1035A00003F00F031249C956138349B1518B43EA03
:1035B00001139BB2D9B253832B290CD0172910D0F9
:1035C0005DF8044B704743F00203E7E70029E7D0BA
:1035D00043F00203E4E753695DF8044B013B536198
:1035E0007047536901335361EAE700BFC0A8002068
:1035F000F09200201C4BD3F8C42010B4D2E9001480
:10360000138B096890689B0024680140D0689BB2C6
:103610000442138318D0A1B943F0010303F00F0350
:103620001249C956138349B1518B43EA01139BB226
:10363000D9B253832B290CD0172910D05DF8044B35
:10364000704743F00203E7E70029E7D043F00203A5
:10365000E4E753695DF8044B013B536170475369DC
:1036600001335361EAE700BFC0A80020F0920020B8
:103670001C4BD3F8C82010B4D2E90014138B09688E
:1036800090689B0024680140D0689BB20442138379
:1036900018D0A1B943F0010303F00F031249C95632
:1036A000138349B1518B43EA01139BB2D9B25383BF
:1036B0002B290CD0172910D05DF8044B704743F02C
:1036C0000203E7E70029E7D043F00203E4E7536988
:1036D0005DF8044B013B53617047536901335361FB
:1036E000EAE700BFC0A80020F09200201C4BD3F8EE
:1036F000CC2010B4D2E90014138B096890689B00A9
:1037000024680140D0689BB20442138318D0A1B949
:1037100043F0010303F00F031249C956138349B163
:10372000518B43EA01139BB2D9B253832B290CD09E
:10373000172910D05DF8044B704743F00203E7E708
:103740000029E7D043F00203E4E753695DF8044B36
:10375000013B53617047536901335361EAE700BF8E
:10376000C0A80020F09200201B4B1A6910B4D2E9C7
:103770000014138B096890689B0024680140D0688E
:103780009BB20442138318D0A1B943F0010303F0A4
:103790000F031249C956138349B1518B43EA0113F0
:1037A0009BB2D9B253832B290CD0172910D05DF8C6
:1037B000044B704743F00203E7E70029E7D043F0EA
:1037C0000203E4E753695DF8044B013B5361704722
:1037D000536901335361EAE7C0A80020F09200204A
:1037E0001B4B5A6910B4D2E90014138B0968906816
:1037F0009B0024680140D0689BB20442138318D018
:10380000A1B943F0010303F00F031249C956138312
:1038100049B1518B43EA01139BB2D9B253832B298F
:103820000CD0172910D05DF8044B704743F0020309
:10383000E7E70029E7D043F00203E4E753695DF8C6
:10384000044B013B53617047536901335361EAE70D
:10385000C0A80020F09200201B4B9A6910B4D2E956
:103860000014138B096890689B0024680140D0689D
:103870009BB20442138318D0A1B943F0010303F0B3
:103880000F031249C956138349B1518B43EA0113FF
:103890009BB2D9B253832B290CD0172910D05DF8D5
:1038A000044B704743F00203E7E70029E7D043F0F9
:1038B0000203E4E753695DF8044B013B5361704731
:1038C000536901335361EAE7C0A80020F092002059
:1038D0001B4BDA6910B4D2E90014138B09689068A5
:1038E0009B0024680140D0689BB20442138318D027
:1038F000A1B943F0010303F00F031249C956138322
:1039000049B1518B43EA01139BB2D9B253832B299E
:103910000CD0172910D05DF8044B704743F0020318
:10392000E7E70029E7D043F00203E4E753695DF8D5
:10393000044B013B53617047536901335361EAE71C
:10394000C0A80020F09200201B4B1A6A10B4D2E9E4
:103950000014138B096890689B0024680140D068AC
:103960009BB20442138318D0A1B943F0010303F0C2
:103970000F031249C956138349B1518B43EA01130E
:103980009BB2D9B253832B290CD0172910D05DF8E4
:10399000044B704743F00203E7E70029E7D043F008
:1039A0000203E4E753695DF8044B013B5361704740
:1039B000536901335361EAE7C0A80020F092002068
:1039C0001B4B5A6A10B4D2E90014138B0968906833
:1039D0009B0024680140D0689BB20442138318D036
:1039E000A1B943F0010303F00F031249C956138331
:1039F00049B1518B43EA01139BB2D9B253832B29AE
:103A00000CD0172910D05DF8044B704743F0020327
:103A1000E7E70029E7D043F00203E4E753695DF8E4
:103A2000044B013B53617047536901335361EAE72B
:103A3000C0A80020F09200201B4B9A6A10B4D2E973
:103A40000014138B096890689B0024680140D068BB
:103A50009BB20442138318D0A1B943F0010303F0D1
:103A60000F031249C956138349B1518B43EA01131D
:103A70009BB2D9B253832B290CD0172910D05DF8F3
:103A8000044B704743F00203E7E70029E7D043F017
:103A90000203E4E753695DF8044B013B536170474F
:103AA000536901335361EAE7C0A80020F092002077
:103AB0001B4BDA6A10B4D2E90014138B09689068C2
:103AC0009B0024680140D0689BB20442138318D045
:103AD000A1B943F0010303F00F031249C956138340
:103AE00049B1518B43EA01139BB2D9B253832B29BD
:103AF0000CD0172910D05DF8044B704743F0020337
:103B0000E7E70029E7D043F00203E4E753695DF8F3
:103B1000044B013B53617047536901335361EAE73A
:103B2000C0A80020F09200201B4B1A6B10B4D2E901
:103B30000014138B096890689B0024680140D068CA
:103B40009BB20442138318D0A1B943F0010303F0E0
:103B50000F031249C956138349B1518B43EA01132C
:103B60009BB2D9B253832B290CD0172910D05DF802
:103B7000044B704743F00203E7E70029E7D043F026
:103B80000203E4E753695DF8044B013B536170475E
:103B9000536901335361EAE7C0A80020F092002086
:103BA0001B4B5A6B10B4D2E90014138B0968906850
:103BB0009B0024680140D0689BB20442138318D054
:103BC000A1B943F0010303F00F031249C95613834F
:103BD00049B1518B43EA01139BB2D9B253832B29CC
:103BE0000CD0172910D05DF8044B704743F0020346
:103BF000E7E70029E7D043F00203E4E753695DF803
:103C0000044B013B53617047536901335361EAE749
:103C1000C0A80020F09200201B4B9A6B10B4D2E990
:103C20000014138B096890689B0024680140D068D9
:103C30009BB20442138318D0A1B943F0010303F0EF
:103C40000F031249C956138349B1518B43EA01133B
:103C50009BB2D9B253832B290CD0172910D05DF811
:103C6000044B704743F00203E7E70029E7D043F035
:103C70000203E4E753695DF8044B013B536170476D
:103C8000536901335361EAE7C0A80020F092002095
:103C90001B4BDA6B10B4D2E90014138B09689068DF
:103CA0009B0024680140D0689BB20442138318D063
:103CB000A1B943F0010303F00F031249C95613835E
:103CC00049B1518B43EA01139BB2D9B253832B29DB
:103CD0000CD0172910D05DF8044B704743F0020355
:103CE000E7E70029E7D043F00203E4E753695DF812
:103CF000044B013B53617047536901335361EAE759
:103D0000C0A80020F09200201B4B1A6C10B4D2E91E
:103D10000014138B096890689B0024680140D068E8
:103D20009BB20442138318D0A1B943F0010303F0FE
:103D30000F031249C956138349B1518B43EA01134A
:103D40009BB2D9B253832B290CD0172910D05DF820
:103D5000044B704743F00203E7E70029E7D043F044
:103D60000203E4E753695DF8044B013B536170477C
:103D7000536901335361EAE7C0A80020F0920020A4
:103D80001B4B5A6C10B4D2E90014138B096890686D
:103D90009B0024680140D0689BB20442138318D072
:103DA000A1B943F0010303F00F031249C95613836D
:103DB00049B1518B43EA01139BB2D9B253832B29EA
:103DC0000CD0172910D05DF8044B704743F0020364
:103DD000E7E70029E7D043F00203E4E753695DF821
:103DE000044B013B53617047536901335361EAE768
:103DF000C0A80020F09200201B4B9A6C10B4D2E9AE
:103E00000014138B096890689B0024680140D068F7
:103E10009BB20442138318D0A1B943F0010303F00D
:103E20000F031249C956138349B1518B43EA011359
:103E30009BB2D9B253832B290CD0172910D05DF82F
:103E4000044B704743F00203E7E70029E7D043F053
:103E50000203E4E753695DF8044B013B536170478B
:103E6000536901335361EAE7C0A80020F0920020B3
:103E70001B4BDA6C10B4D2E90014138B09689068FC
:103E80009B0024680140D0689BB20442138318D081
:103E9000A1B943F0010303F00F031249C95613837C
:103EA00049B1518B43EA01139BB2D9B253832B29F9
:103EB0000CD0172910D05DF8044B704743F0020373
:103EC000E7E70029E7D043F00203E4E753695DF830
:103ED000044B013B53617047536901335361EAE777
:103EE000C0A80020F09200201C4BD3F8D82010B4BA
:103EF000D2E90014138B096890689B002468014084
:103F0000D0689BB20442138318D0A1B943F00103D7
:103F100003F00F031249C956138349B1518B43EA89
:103F200001139BB2D9B253832B290CD0172910D07F
:103F30005DF8044B704743F00203E7E70029E7D040
:103F400043F00203E4E753695DF8044B013B53611E
:103F50007047536901335361EAE700BFC0A80020EE
:103F6000F092002010B584B004460391029217F03D
:103F700065FB00222046DDE90231009217F0D2FBFA
:103F8000204604B010BD00BF10B500230446104603
:103F90000D4A617223722260C4E9033019B18A00AC
:103FA00019461FF001FA094A136853B11A465B69B2
:103FB000002BFBD154610023204663616360A37230
:103FC00010BD1460F7E700BFF03B002024A70020DD
:103FD00003460022114910B4114C43F8184B4FF41A
:103FE000807482610481C0E903230B689BB11A4687
:103FF0005B69002BFBD1506100230A4C47F6FF712F
:104000004FF4004204605DF8044B436143608372E7
:10401000C183028470470860EEE700BF24A7002038
:10402000F03B0020383C00200346002214494FF4A6
:10403000807C10B4134C43F8184BA0F808C0826180
:10404000C0E903230B6893B11A465B69002BFBD1CF
:10405000506100230C4A5DF8044B43614360837256
:10406000026083629FED047B80ED087B70470860EF
:10407000EFE700BFAFF30080000000000000000089
:1040800024A70020F03B00202C3C002010B541F27A
:10409000CC530446134800222344134920604FF4B4
:1040A0008070C4E90323208104F580500B68C0F8B8
:1040B000CC25ABB11A465B69002BFBD154610021C2
:1040C0000A4B41F28C5204F1400061616160A172BF
:1040D000236021766183E1611FF066F9204610BDFF
:1040E0000C60ECE7F03B002024A70020443C0020BB
:1040F0000022034613494FF4806C10B4124C43F86D
:10410000284BA0F808C0C0E903230B68C0E90A22C5
:10411000C0E90C229BB11A465B69002BFBD15061B0
:1041200000224FF4803309495DF8044B426142603C
:1041300082720160C0E90633C0E908337047086045
:10414000EEE700BF24A70020F03B0020E43B002066
:104150000B4610B5362800F29782DFE810F08C028B
:1041600082027902700267025E0255024C0243022B
:104170003A02310228021F02BF01B601AD01A401BB
:104180009B0192018901800177016E0165015C014B
:1041900053014A01410138012F0126011D0113017C
:1041A0000901FF00F500EB00E100D700CD00C300DE
:1041B000B900AF00A5009B00910087007D0073004F
:1041C00069005F0055004B0041003700C84C0422D5
:1041D000C8493620C4F8D83018F0F0FC012010BDD2
:1041E000C34C0422C4493520C4F8D43018F0E6FC8E
:1041F000012010BDBE4C0422C0493420C4F8D03088
:1042000018F0DCFC012010BDB94C0422BC4933205D
:10421000C4F8CC3018F0D2FC012010BDB44C0422FC
:10422000B8493220C4F8C83018F0C8FC012010BDCD
:10423000AF4C0422B4493120C4F8C43018F0BEFC9D
:10424000012010BDAA4C0422B0493020C4F8C0306F
:1042500018F0B4FC012010BDA54C0422AC492F205D
:10426000C4F8BC3018F0AAFC012010BDA04C0422F8
:10427000A8492E20C4F8B83018F0A0FC012010BDC9
:104280009B4C0422A4492D20C4F8B43018F096FCAD
:10429000012010BD964C0422A0492C20C4F8B03057
:1042A00018F08CFC012010BD914C04229C492B205D
:1042B000C4F8AC3018F082FC012010BD8C4C0422F4
:1042C00098492A20C4F8A83018F078FC012010BDC5
:1042D000874C042294492920C4F8A43018F06EFCBD
:1042E000012010BD824C042290492820C4F8A0303F
:1042F00018F064FC012010BD7D4C04228C4927205D
:10430000C4F89C3018F05AFC012010BD784C0422EF
:1043100088492620C4F8983018F050FC012010BDC0
:10432000734C042284492520C4F8943018F046FCCC
:10433000012010BD6E4C042280492420C4F8903026
:1043400018F03CFC012010BD694C04227C4923205C
:10435000C4F88C3018F032FC012010BD644C0422EB
:1043600078492220C4F8883018F028FC012010BDBC
:104370005F4C042274492120C4F8843018F01EFCDC
:10438000012010BD5A4C042270492020C4F880300E
:1043900018F014FC012010BD554C04226C491F205C
:1043A000E36718F00BFC012010BD514C0422694951
:1043B0001E20A36718F002FC012010BD4C4C042203
:1043C00065491D20636718F0F9FB012010BD484CBA
:1043D000042262491C20236718F0F0FB012010BD65
:1043E000434C04225E491B20E36618F0E7FB0120E2
:1043F00010BD3F4C04225B491A20A36618F0DEFB77
:10440000012010BD3A4C042257491920636618F068
:10441000D5FB012010BD364C0422544918202366D8
:1044200018F0CCFB012010BD314C0422504917205C
:10443000E36518F0C3FB012010BD2D4C04224D494B
:104440001620A36518F0BAFB012010BD284C0422E9
:1044500049491520636518F0B1FB012010BD244CBB
:10446000042246491420236518F0A8FB012010BD42
:104470001F4C042242491320E36418F09FFB0120E3
:1044800010BD1B4C04223F491220A36418F096FB78
:10449000012010BD164C04223B491120636418F022
:1044A0008DFB012010BD124C0422384910202364DA
:1044B00018F084FB012010BD0D4C042234490F205C
:1044C000E36318F07BFB012010BD094C0422314945
:1044D0000E20A36318F072FB012010BD044C0422CF
:1044E0002D490D20636318F069FB012010BD00BF4A
:1044F000C0A80020C91B00007D04000001040000CA
:10450000CD13000051130000D51200005912000015
:10451000DD11000061110000E510000069100000CD
:10452000ED0F0000710F0000F50E0000790E000085
:10453000FD0D0000810D0000050D0000890C00003C
:104540000D0C0000910B0000150B0000990A0000F3
:10455000210A0000A909000031090000B908000083
:1045600041080000C907000051070000D9060000FB
:1045700061060000E905000071050000F904000073
:10458000511B0000D91A0000611A0000E91900004F
:1045900071190000F9180000811800003B4C04223A
:1045A0003B490C20236318F009FB012010BD374C58
:1045B000042238490B20E36218F000FB012010BDF3
:1045C000324C042234490A20A36218F0F7FA012081
:1045D00010BD2E4C042231490920636218F0EEFA16
:1045E000012010BD294C04222D490820236218F017
:1045F000E5FA012010BD254C04222A490720E36179
:1046000018F0DCFA012010BD204C042226490620B7
:10461000A36118F0D3FA012010BD1C4C04222349D9
:104620000520636118F0CAFA012010BD0422174C5E
:104630001F491046236118F0C1FA012010BD134C28
:1046400004221C490320E36018F0B8FA012010BDD1
:104650000E4C042218490220A36018F0AFFA012082
:1046600010BD04460948042214494360012018F093
:10467000A5FA204610BD054C0422114900202360F4
:1046800018F09CFA012010BD002010BDC0A8002029
:10469000091800009117000019170000A11600006A
:1046A00029160000B115000039150000C1140000E2
:1046B0004914000089030000110300009902000062
:1046C000210200002DE9F0410F4616460446022162
:1046D000384618F03DF80221304618F039F8224BE0
:1046E0003A0122483101DFF88CC053F8028003EB15
:1046F0000712C4F80080D2F80CE003EB06125958F8
:104700000023C4F808E0D2686361194BE260456891
:104710001B686160ACFB033C4FF4FA634FEA9C4CAE
:1047200003FB0CFC43685B1B9C45FBD8D8F80030AE
:10473000384609681EEA030F14BF012300230A420A
:10474000214618BF43F002032374FFF701FD03461F
:10475000214630462377FFF7FBFC227F03462046A5
:1047600013442377BDE8F081344B0020001000E0B3
:10477000F489002083DE1B4338B5B34B04461B6825
:1047800003F5967207EE903A2DED088BB0EE40BA25
:1047900000EE102AF8EEE77AB8EEC00A87EE800A3B
:1047A0001BF04AF8A948836AF2EE047A20EE27AAA1
:1047B000002B40F01B8107EE904AB3EE041BB2EED3
:1047C000040BB8EEE77ADFEDA27AF7EE00AA37EE37
:1047D000277A37EE0A7AB7EEC77A87EE011B1AF00E
:1047E0003FFDDFED9C5AB7EE007BB0EE409B30EE14
:1047F000077B80EE078BB7EEC88B7AEEC8AAF4EE83
:10480000E5AAF1EE10FA09DCDFED937AF4EEE7AAFF
:10481000F1EE10FA40F1E380904A00E0904ADFEDBB
:104820008D7A904BB4EEE78A9A61F1EE10FA09DCCA
:10483000DFED897AB4EEE78AF1EE10FA40F1C88034
:10484000864900E08649884D0022D9612968A14245
:10485000C3E9082200F0B9800121844819F092FED2
:10486000834817F079FA0A21824819F08BFE8048B4
:1048700017F072FA0F21804819F084FE21467C4817
:1048800017F05EFA7A4817F067FA23217B4819F08F
:1048900079FEB7EECA0A0221754817F089FA744802
:1048A00017F05AFA1321764819F06CFEB7EECBBA1E
:1048B00002216F48B0EE4B0B17F07AFA6C4817F0F4
:1048C0004BFA13216F4819F05DFE6F4B02216848C7
:1048D00093ED000AB7EEC00A17F06AFA1C216B4884
:1048E00019F050FE6A4B0221614893ED000AB7EEC1
:1048F000C00A17F05DFA5E4817F02EFA0E216548DF
:1049000019F040FE644B0221594893ED000AB7EEBE
:10491000C00A17F04DFA564817F01EFA13215F48E7
:1049200019F030FEB0EE490B0221514817F040FA61
:104930004F4817F011FA0C21594819F023FEB7EE31
:10494000C80A02214A4817F033FA0E21554819F0D7
:1049500019FEB7EEEA0A0221454817F029FA444841
:1049600017F0FAF90521504819F00CFE4F4B0221BF
:104970003F4893ED000A9FED2C7BB7EEC00A20EE76
:10498000070B8BEE000B17F013FA394817F0E4F918
:104990001121474819F0F6FD464B3548196817F0C4
:1049A000CFF9334817F0D8F91121434819F0EAFD3F
:1049B000424B02212E4893ED000AB7EEC00A17F0D1
:1049C000F7F92B4817F0C8F92C60BDEC088B38BDFF
:1049D000F0EE487AFEEEC87A17EE901A33E7F0EE62
:1049E0006A7AFEEEC87A17EE902A18E708F0A4FA61
:1049F000B7EEC00A244B9FED0E7B9FED0F4B93ED5E
:104A0000006A20EE077BB7EEC66A9FED0D5BB7EE3E
:104A1000C77BB7EEC77A27EE047BA6EE057BB7EE21
:104A2000C77B83ED007AC6E639B4C876BE9F0640E0
:104A300066666666668E8A409A9999999999A93FA1
:104A4000666666666666EE3FB8980020E8A00020BD
:104A5000C3F5884000FEFF4600FEFFC6000001804F
:104A60000000FF7F30260120EC920020EC35002072
:104A7000488A0020283600203436002044360020A2
:104A8000683600207C3600201CC1002090360020B3
:104A90000C230120B0360020AC250120C0360020B8
:104AA000D4360020E4360020F4360020A42501206E
:104AB000FC360020F098002010370020A8250120A7
:104AC00038B51F4B30EE000A05460C4693ED006AE0
:104AD000B7EEC07AB8EE466B9FED154B9FED165BB7
:104AE00086EE040B27EE057BB7EEC00BB7EEC00ACF
:104AF00027EE000B1AF04CFF124B6FF02700B7EEB9
:104B0000006B07EE104ABAEEEF7B36EE406B93ED8A
:104B1000000A27EE067BBDEEC77B17EE103AED1AB2
:104B2000A842B8BF2846BDE83840FFF725BE00BF01
:104B30000000000000408F406E861BF0F921094004
:104B4000B42E0120902501202DE9F041C168B0F874
:104B5000048084681FFA88F808F1FF36002EB7B287
:104B600017DDA8F10205ADB22A4602F1FF3E01EBC6
:104B7000820C531C1FFA8EF2DCF800E09BB2A5EB0E
:104B8000020C01EB83031FFA8CFCC3F800E0B44570
:104B9000EBDB90ED007A81ED007AB8F1000F13D0D5
:104BA000221D23460431DFED0B7A02EB870201E080
:104BB000B1EC017AF3EC016A9A42E6EE877AF7D11A
:104BC000C0ED047ABDE8F081DFED027AC0ED047A31
:104BD000BDE8F081000000002DE9F041984AF1EEB7
:104BE000007A002312682DED0A8B84B0DFED958AE0
:104BF000022A02AF6E46009347FEA88AB846019388
:104C0000029303939FED8A9B9FED8BABB7EE00BAA7
:104C10008D4D8E4C2946204617F07CF907EE100A80
:104C200029462046B8EEC77B27EE097BF7EEC7BBC7
:104C3000C6ED00BA17F06EF907EE900AB8EEE77B02
:104C400027EE097BB7EEC78B28EE08CA87ED008AEE
:104C5000ABEEABCAB4EECBCAF1EE10FADADAB7EECD
:104C6000CC7AB4EECA7BF1EE10FAD3D4B5EE40CADA
:104C7000F1EE10FA00F1D480B1EECCBAB0EE4C0AED
:104C80001AF08AFAB8EE007BB7EEC00A20EE070BE6
:104C9000B5EE400BF1EE10FA00F1BD80B1EEC06B45
:104CA000B7EEC66B6BEE86BA28EE067A6BEEA8BA44
:104CB00027EE287ACBEE8B6AC7EE0B7AE6EC016A18
:104CC000B045E7EC017AA1D161488025614C009B99
:104CD000614A624EC260858084600360FFF734FFE2
:104CE000029B5F4A90ED045A30465E4FF260B580F9
:104CF000B4603360FFF728FF019B38465A4A96EDAF
:104D0000046A5A4EFA60BD80BC603B60FFF71CFF2E
:104D1000039B3046564AD7ED045AF260B580B46022
:104D20003360FFF711FF9FED537AD6ED047AB4EEAE
:104D3000C75AF1EE10FA08DC9FED4F7AB4EEC75A6D
:104D4000F1EE10FA60D54D4B00E04D4B9FED4A7AE5
:104D50004C49B4EEC76ACB61F1EE10FA08D49FED6E
:104D6000457AB4EEC76AF1EE10FA44DD434B00E039
:104D7000434B9FED407A8B61F4EEC75AF1EE10FA87
:104D800008DC9FED3D7AF4EEC75AF1EE10FA2BD510
:104D90003A4B00E03A4B9FED387A4B62F4EEC77A1B
:104DA000F1EE10FA08D49FED337AF4EEC77AF1EE03
:104DB00010FA10DD314B00E0314B334A00204FF444
:104DC00000440B6250629461C2E9070004B0BDEC7C
:104DD0000A8BBDE8F0819FED2D7A67EEC77AFDEE74
:104DE000E77A17EE903AE8E7B0EE657ABEEEC87A59
:104DF00017EE103ACFE79FED257A26EE476ABDEE13
:104E0000C67A17EE103AB4E7B0EE457ABEEEC87A2D
:104E100017EE103A9AE71AF097FDB0EE406B3FE7B5
:104E2000B0EE4C0A1AF038FDB0EE40BA26E700BFEB
:104E3000F168E388B5F8E43E9A9999999999B93F50
:104E4000F098002011053540A18601006079FEFF31
:104E500064220120188E002040F00020B42201209E
:104E600040F800207822012040F20020C8220120D2
:104E700040FA002000FEFF4600FEFFC60000018051
:104E80000000FF7F6826012048270120000080479E
:104E90002DE9F0412DED0A8B84B00023924D02AF35
:104EA0006E46DFED928AB846914C009301930293CF
:104EB00003939FED899B9FED8AABB7EE00BA29461D
:104EC000204617F027F807EE100A29462046B8EECC
:104ED000C77B27EE097BF7EEC7BBC6ED00BA17F01C
:104EE00019F807EE900AB8EEE77B27EE097BB7EEDC
:104EF000C78B28EE08CA87ED008AABEEABCAB4EECA
:104F0000CBCAF1EE10FADADAB7EECC7AB4EECA7B9D
:104F1000F1EE10FAD3D4B5EE40CAF1EE10FA00F17A
:104F2000D480B1EECCBAB0EE4C0A1AF035F9B8EE36
:104F3000007BB7EEC00A20EE070BB5EE400BF1EE9A
:104F400010FA00F1BD80B1EEC06BB7EEC66B6BEE30
:104F500086BA28EE067A6BEEA8BA27EE287ACBEE50
:104F60008B6AC7EE0B7AE6EC016AB045E7EC017A92
:104F7000A3D160488025604C009B604A604EC260AF
:104F8000858084600360FFF7DFFD029B5D4A90ED42
:104F9000045A30465C4FF260B580B4603360FFF76E
:104FA000D3FD019B3846594A96ED046A584EFA6083
:104FB000BD80BC603B60FFF7C7FD039B3046554A90
:104FC000D7ED045AF260B580B4603360FFF7BCFDE2
:104FD0009FED517AD6ED047AB4EEC75AF1EE10FA8D
:104FE00008DC9FED4E7AB4EEC75AF1EE10FA60D5A8
:104FF0004B4B00E04B4B9FED497A4B49B4EEC76AEF
:10500000CB61F1EE10FA08D49FED437AB4EEC76A93
:10501000F1EE10FA44DD424B00E0424B9FED3E7A48
:105020008B61F4EEC75AF1EE10FA08DC9FED3B7A83
:10503000F4EEC75AF1EE10FA2BD5394B00E0394B9C
:105040009FED367A4B62F4EEC77AF1EE10FA08D48F
:105050009FED317AF4EEC77AF1EE10FA10DD304BA5
:1050600000E0304B314A00204FF400440B625062A4
:105070009461C2E9070004B0BDEC0A8BBDE8F08181
:105080009FED2B7A67EEC77AFDEEE77A17EE903A3E
:10509000E8E7B0EE657ABEEEC87A17EE103ACFE7D1
:1050A0009FED237A26EE476ABDEEC67A17EE103AD8
:1050B000B4E7B0EE457ABEEEC87A17EE103A9AE73A
:1050C0001AF042FCB0EE406B3FE7B0EE4C0A1AF02B
:1050D000E3FBB0EE40BA26E7F168E388B5F8E43EBA
:1050E0009A9999999999B93FA1860100110535407E
:1050F0006079FEFF8C220120188E002040F40020F1
:10510000DC22012040FC0020A022012040F60020EB
:10511000F022012040FE002000FEFF4600FEFFC6F8
:10512000000001800000FF7FD826012048270120D1
:10513000000080478F4B1B68032B70B508DC0428E8
:1051400008D8DFE810F048007500A900DD00110064
:10515000042B00D070BD0428FCD8DFE810F0C20298
:105160005502E9017E011101834B187EC20740F10F
:1051700004831A6A3A2A00F27086DA8B012A01D86F
:105180000222DA833B221A627C4A117E11F001046A
:1051900040F08E831462D48B0CB90124D48341F087
:1051A00001011176850700F17783EB245C62DC8BCB
:1051B000022C01D80324DC8340F0020018768C070F
:1051C00000F19383D38BB020022B506200F2CD808C
:1051D0000323D383C9E0684B187EC20740F1D8820D
:1051E0001A6A3A2A00F2BA86DA8B012A01D8022218
:1051F000DA833B221A62614A117E11F0010300F04A
:105200000983002014460346054644F8200F41FA5E
:1052100003F0C00707D554F823007F30C0090130E0
:10522000854238BF05460133082BF0D1D58370BDC8
:10523000514B187EC20740F195821A6A3A2A00F251
:105240007586DA8B012A01D80222DA833B221A62A0
:105250004A4A117E11F0010440F0FD821462D48BA1
:105260000CB90124D48341F001011176850700F1C6
:10527000E68251245C62DC8B012C01D80224DC83A1
:1052800040F0020018768C0700F1CD82D38B1620F7
:10529000012B506269D866E0374B187EC20740F197
:1052A00056821A6A3A2A00F24285DA8B012A01D81C
:1052B0000222DA833B221A62304A117E11F0010485
:1052C00040F060831462D48B0CB90124D48341F084
:1052D00001011176850700F1498367245C62DC8B4C
:1052E000012C01D80224DC8340F0020018768C07E0
:1052F00000F16583D38B2C20012B506235D832E02E
:105300001D4B187EC20740F117821A6A3A2A00F232
:105310004485DA8B012A01D80222DA833B221A6201
:10532000164A117E11F0010440F0F7821462D48B0A
:105330000CB90124D48341F001011176850700F1F5
:10534000E08293245C62DC8B022C01D80324DC8392
:1053500040F0020018768C0700F1FC82D38B5820B5
:10536000012B506201D80223D38341F00201117650
:1053700070BD00BFF0980020A0C4002070DA0020AB
:105380009F4B187EC20740F13A821A6A3A2A00F20D
:105390007887DA8B012A01D80222DA833B221A624B
:1053A000984A117E11F0010440F080841462D48B7D
:1053B0000CB90124D48341F001011176850700F175
:1053C000688493245C62DC8B022C01D80324DC8388
:1053D00040F0020018768D0700F1EB8358245462E8
:1053E000D48B012C01D80224D48341F00201117620
:1053F000450700F1D283EB249C62DC8B022C01D8A0
:105400000324DC8340F0040018764D0700F1B983D3
:10541000B0249462D48B022C01D80324D48341F0AD
:1054200004011176050700F19E834FF4A274DC623B
:10543000DC8B032C01D80424DC8340F008001876B0
:105440000C0700F15084D38B40F20910032BD0627B
:1054500000F243810423D3833FE1694B187EC207E6
:1054600040F1C2811A6A3A2A01F25980DA8B012A84
:1054700001D80222DA833B221A62624A117E11F0BD
:10548000010440F0EA831462D48B0CB90124D48364
:1054900041F001011176850700F1D38367245C6236
:1054A000DC8B012C01D80224DC8340F0020018764A
:1054B0008D0700F1BA832C245462D48B012C01D8BF
:1054C0000224D48341F002011176450700F1A18343
:1054D00093249C62DC8B022C01D80324DC8340F0F3
:1054E000040018764D0700F17C8358249462D48B15
:1054F000012C01D80224D48341F004011176050760
:1055000000F16383BF24DC62DC8B022C01D803240E
:10551000DC8340F0080018760C0700F16E83D38B13
:105520008420022BD06200F2D8800323D383D4E0FE
:10553000334B187EC20740F14C811A6A3A2A00F2B6
:105540001387DA8B012A01D80222DA833B221A62FE
:105550002C4A117E11F0010440F079821462D48B40
:105560000CB90124D48341F001011176850700F1C3
:10557000628251245C62DC8B012C01D80224DC8322
:1055800040F0020018768D0700F14982162454621B
:10559000D48B012C01D80224D48341F0020111766E
:1055A000450700F1308267249C62DC8B012C01D816
:1055B0000224DC8340F0040018764D0700F11782C6
:1055C0002C249462D48B012C01D80224D48341F082
:1055D00004011176050700F1FE817D24DC62DC8B7D
:1055E000012C01D80224DC8340F0080018760C0757
:1055F00000F14982D38B4220012BD0626DD86AE042
:10560000A0C4002070DA0020A14B187EC20740F130
:10561000D5801A6A3A2A00F2D485DA8B012A01D899
:105620000222DA833B221A629A4A117E11F00104A7
:1056300040F07D821462D48B0CB90124D48341F0F4
:1056400001011176850700F1668246245C62DC8BDD
:10565000012C01D80224DC8340F0020018768D076B
:1056600000F14D820B245462D48B012C01D802240A
:10567000D48341F002011176450700F134825124B0
:105680009C62DC8B012C01D80224DC8340F00400F6
:1056900018764D0700F10F8216249462D48B012CEA
:1056A00001D80224D48341F004011176050700F1EA
:1056B000F6815C24DC62DC8B012C01D80224DC83C3
:1056C00040F0080018760C0700F10182D38B2120EE
:1056D000012BD06201D80223D38341F00801117657
:1056E00070BD6B4B187EC2075DD51A6A3A2A00F26C
:1056F0004D84DA8B012A01D80222DA833B221A6216
:10570000644A117E11F0010300F0848000201446E9
:105710000346054644F8200F41FA03F0C00707D5B9
:1057200054F823007F30C0090130854238BF054658
:105730000133082BF0D179E5DA8B3B21012A19627C
:1057400001D80222DA8340F001001876E8E5DA8B0E
:105750003B21012A196201D80222DA8340F00100BC
:105760001876A9E5DA8B3B21012A196201D80222B9
:10577000DA8340F0010018766AE5DA8B3B21012AD2
:10578000196201D80222DA8340F001001876FBE4A6
:10579000DA8B3B21012A196201D80222DA8340F018
:1057A0000100187627E5DA8B3B21012A196201D81E
:1057B0000222DA8340F001001876A1E7DA8B3B2160
:1057C000012A196201D80222DA8340F0010018761A
:1057D0002AE7DA8B3B21012A196201D80222DA83F7
:1057E00040F001001876B3E6DA8B3B21012A1962FA
:1057F00001D80222DA8340F0010018763DE6DA8B08
:105800003B21012A196201D80222DA8340F001000B
:105810001876C5E5D08B136208B90123D38341F014
:105820000101117670BD536A152B00F26A83D38B88
:10583000012B01D80223D3831623536270BD5C6A07
:10584000502C00F24083D88B012801D80220D88345
:105850005120586217E54FF0000C1446654644F895
:1058600020CF41FA0CFE1EF0010F0AD054F82C6034
:1058700006F17F0E4FEADE1E0EF1010E754538BFB0
:1058800075460CF1010CBCF1080FEAD1D583EDE4AB
:10589000A0C4002070DA00205C6AEA2C00F2F582D5
:1058A000D88B022801D80320D883EB20586286E4E5
:1058B0004FF0000C1446654644F820CF41FA0CFE28
:1058C0001EF0010F0AD054F82C6006F17F0E4FEA4B
:1058D000DE1E0EF1010E754538BF75460CF1010C48
:1058E000BCF1080FEAD1D5835CE4536AAF2B00F218
:1058F0009F82D38B022B01D80323D383B02353621F
:1059000070BD5C6A922C00F22A82D88B022801D8E2
:105910000320D883932058621DE54FF0000C1446F5
:10592000654644F820CF41FA0CFE1EF0010F0AD064
:1059300054F82C6006F17F0E4FEADE1E0EF1010EC8
:10594000754538BF75460CF1010CBCF1080FEAD162
:10595000D583F3E4536A572B00F25582D38B012B86
:1059600001D80223D3835823536270BD5C6A662C2E
:1059700000F22B82D88B012801D80220D88367201F
:105980005862B4E44FF0000C1446654644F820CF4A
:1059900041FA0CFE1EF0010F0AD054F82C6006F1FB
:1059A0007F0E4FEADE1E0EF1010E754538BF7546BB
:1059B0000CF1010CBCF1080FEAD1D5838AE4536ADB
:1059C0002B2B00F29E81D38B012B01D80223D38392
:1059D0002C23536270BDDC6A7C2C00F28B84D88B44
:1059E000012801D80220D8837D20D862FFE5946A7F
:1059F0002B2C00F25E84D48B012C01D80224D4839A
:105A00002C249462E6E59C6A662C00F2E284DC8B2E
:105A1000012C01D80224DC8367249C62CDE5546A02
:105A2000152C00F2B984D48B012C01D80224D48324
:105A300016245462B4E55C6A502C00F27884DC8B46
:105A4000012C01D80224DC8351245C629BE54FF0D9
:105A5000000C1546664645F820CF41FA0CF4E407E1
:105A60000AD555F82C4004F17F0E4FEADE1E0EF1E8
:105A7000010E764538BF76460CF1010CBCF1080FDB
:105A8000EBD1D68372E5D36A412B00F2CF83D38B5F
:105A9000012B01D80223D3834223D36270BDDC6A79
:105AA0005B2C00F2A683D88B012801D80220D88372
:105AB0005C20D86207E6946A152C00F26583D48BCB
:105AC000012C01D80224D48316249462EEE5D36A13
:105AD000202B00F24483D38B012B01D80223D383E4
:105AE0002123D36270BD9C6A502C00F21B83DC8B97
:105AF000012C01D80224DC8351249C62C9E5546A3C
:105B00000A2C00F2F282D48B012C01D80224D48317
:105B10000B245462B0E55C6A452C00F2C982DC8B30
:105B2000012C01D80224DC8346245C6297E54FF007
:105B3000000C1546664645F820CF41FA0CF4E40700
:105B40000AD555F82C4004F17F0E4FEADE1E0EF107
:105B5000010E764538BF76460CF1010CBCF1080FFA
:105B6000EBD1D6836EE5DC6AB4F5A27F80F0828249
:105B7000D88B032801D80420D8834FF4A270D862B0
:105B80005EE4946AAF2C00F25882D48B022C01D8C8
:105B90000324D483B024946244E49C6AEA2C00F287
:105BA0002F82DC8B022C01D80324DC83EB249C6243
:105BB0002BE4546A572C00F20182D48B012C01D8BB
:105BC0000224D4835824546212E4DC6ABE2C00F20E
:105BD000DB84D88B022801D80320D883BF20D86269
:105BE0009AE4946A572C00F2B284D48B012C01D829
:105BF0000224D4835824946281E4D36A832B00F274
:105C00007984D38B022B01D80323D3838423D362DB
:105C100070BD9C6A922C00F21684DC8B022C01D899
:105C20000324DC8393249C625CE4546A2B2C00F2F2
:105C3000ED83D48B012C01D80224D4832C2454620C
:105C400043E45C6A662C00F23884DC8B012C01D8BA
:105C50000224DC8367245C622AE44FF0000C1546C2
:105C6000664645F820CF41FA0CF4E4070AD555F80A
:105C70002C4004F17F0E4FEADE1E0EF1010E764538
:105C800038BF76460CF1010CBCF1080FEBD1D6837E
:105C900001E45C6A922C00F2F383DC8B022C01D8C5
:105CA0000324DC8393245C62FFF795BB4FF0000C68
:105CB0001546664645F820CF41FA0CF4E4070AD5AC
:105CC00055F82C4004F17F0E4FEADE1E0EF1010E56
:105CD000764538BF76460CF1010CBCF1080FEBD1CC
:105CE000D683FFF76BBBD36AB3F5847F00F2B38230
:105CF000D38B032B01D80423D38340F20913D3623F
:105D000070BD00232C20BC4D1C46506241FA03F0AC
:105D1000C00707D555F823007F30C0090130844201
:105D200038BF04460133082BF0D1D48370BD002264
:105D30003B211D46144645F8201F40FA02F1CE07CC
:105D400007D555F822107F31C90901318C4238BF7F
:105D50000C460132082AF0D1DC83FFF7ADBA932458
:105D60004FF0000CA54D5C62644640FA0CFE1EF03C
:105D7000010F0AD055F82C6006F17F0E4FEADE1EA7
:105D80000EF1010E744538BF74460CF1010CBCF1E4
:105D9000080FEAD1DC83FFF7DEBA00223B211D4663
:105DA000144645F8201F40FA02F1CE0707D555F8F2
:105DB00022107F31C90901318C4238BF0C460132B3
:105DC000082AF0D1DC83FFF7ABBA67244FF0000C50
:105DD0008A4D5C62644640FA0CFE1EF0010F0AD048
:105DE00055F82C6006F17F0E4FEADE1E0EF1010E13
:105DF000744538BF74460CF1010CBCF1080FEAD1B0
:105E0000DC83FFF774BA002358207B4D1C46506298
:105E100041FA03F0C00707D555F823007F30C009C9
:105E20000130844238BF04460133082BF0D17CE7AF
:105E30000023B020704D1C46506241FA03F0C007A9
:105E400007D555F823007F30C0090130844238BFA0
:105E500004460133082BF0D167E700223B211D46A1
:105E6000144645F8201F40FA02F1CE0707D555F831
:105E700022107F31C90901318C4238BF0C460132F2
:105E8000082AF0D1DC83FFF77FB9EB244FF0000C38
:105E90005A4D5C62644640FA0CFE1EF0010F0AD0B7
:105EA00055F82C6006F17F0E4FEADE1E0EF1010E52
:105EB000744538BF74460CF1010CBCF1080FEAD1EF
:105EC000DC83FFF77CB951244FF0000C4B4D5C6232
:105ED000644640FA0CFE1EF0010F0AD055F82C6003
:105EE00006F17F0E4FEADE1E0EF1010E744538BF3B
:105EF00074460CF1010CBCF1080FEAD1DC83FFF70A
:105F0000C2B9002316203C4D1C46506241FA03F0F2
:105F1000C00707D555F823007F30C00901308442FF
:105F200038BF04460133082BF0D1FEE600223B21A6
:105F30001D46144645F8201F40FA02F1CE0707D54A
:105F400055F822107F31C90901318C4238BF0C4607
:105F50000132082AF0D1DC83FFF77AB900223B2115
:105F60001D46144645F8201F40FA02F1CE0707D51A
:105F700055F822107F31C90901318C4238BF0C46D7
:105F80000132082AF0D1DC83FFF735B900223B212A
:105F90001D46144645F8201F40FA02F1CE0707D5EA
:105FA00055F822107F31C90901318C4238BF0C46A7
:105FB0000132082AF0D1DC83FFF7A2BB4FF0000CBE
:105FC00058240D4E6546546241FA0CF4E4070AD594
:105FD00056F82C4004F17F0E4FEADE1E0EF1010E42
:105FE000754538BF75460CF1010CBCF1080FEBD1BB
:105FF000D583FFF7FDB900BF90DA0020C0C40020B0
:106000004FF0000CEB24B94E65469C6240FA0CF44C
:10601000E4070AD556F82C4004F17F0E4FEADE1E45
:106020000EF1010E754538BF75460CF1010CBCF13F
:10603000080FEBD1DD83FFF7E8B94FF0000CB02477
:10604000AB4E6546946241FA0CF4E4070AD556F863
:106050002C4004F17F0E4FEADE1E0EF1010E754555
:1060600038BF75460CF1010CBCF1080FEBD1D5839C
:10607000FFF7D8B94FF0000C4FF4A2749B4E654661
:10608000DC6240FA0CF4E4070AD556F82C4004F11F
:106090007F0E4FEADE1E0EF1010E754538BF7546C4
:1060A0000CF1010CBCF1080FEBD1DD83FFF7C8B98F
:1060B0004FF0000C46248D4E65465C6240FA0CF4AD
:1060C000E4070AD556F82C4004F17F0E4FEADE1E95
:1060D0000EF1010E754538BF75460CF1010CBCF18F
:1060E000080FEBD1DD83FFF7BABA4FF0000C0B2499
:1060F0007F4E6546546241FA0CF4E4070AD556F81F
:106100002C4004F17F0E4FEADE1E0EF1010E7545A4
:1061100038BF75460CF1010CBCF1080FEBD1D583EB
:10612000FFF7AABA4FF0000C5124704E65469C62EE
:1061300040FA0CF4E4070AD556F82C4004F17F0E1F
:106140004FEADE1E0EF1010E754538BF75460CF1A3
:10615000010CBCF1080FEBD1DD83FFF79ABA0023E5
:106160002120634D1C46D06241FA03F0C00707D5D9
:1061700055F823007F30C0090130844238BF0446FF
:106180000133082BF0D1D0E54FF0000C1624584E07
:106190006546946241FA0CF4E4070AD556F82C409F
:1061A00004F17F0E4FEADE1E0EF1010E754538BF79
:1061B00075460CF1010CBCF1080FEBD1D583FFF74C
:1061C00075BA00223B211D46144645F8201F40FAAF
:1061D00002F1CE0707D555F822107F31C9090131E8
:1061E0008C4238BF0C460132082AF0D1DC83FFF71D
:1061F0001BBA4FF0000C5C243C4E6546DC6240FA52
:106200000CF4E4070AD556F82C4004F17F0E4FEA4F
:10621000DE1E0EF1010E754538BF75460CF1010CFE
:10622000BCF1080FEBD1DD83FFF74DBA002342200C
:106230002F4D1C46D06241FA03F0C00707D555F830
:1062400023007F30C0090130844238BF0446013347
:10625000082BF0D169E5002340F20910244D1C46BB
:10626000D06241FA03F0C00707D555F823007F300C
:10627000C0090130844238BF04460133082BF0D1F5
:1062800053E500223B211D46144645F8201F40FAE5
:1062900002F1CE0707D555F822107F31C909013127
:1062A0008C4238BF0C460132082AF0D1DC83FFF75C
:1062B00077B84FF0000C2C240D4E6546946241FADD
:1062C0000CF4E4070AD556F82C4004F17F0E4FEA8F
:1062D000DE1E0EF1010E754538BF75460CF1010C3E
:1062E000BCF1080FEBD1D583FFF774B9C0C400200F
:1062F00090DA00204FF0000C7D24B24E6546DC623F
:1063000040FA0CF4E4070AD556F82C4004F17F0E4D
:106310004FEADE1E0EF1010E754538BF75460CF1D1
:10632000010CBCF1080FEBD1DD83FFF760B94FF032
:10633000000C5124A34E65465C6240FA0CF4E4075D
:106340000AD556F82C4004F17F0E4FEADE1E0EF1FE
:10635000010E754538BF75460CF1010CBCF1080FF4
:10636000EBD1DD83FFF70FB900223B211D46144618
:1063700045F8201F40FA02F1CE0707D555F8221044
:106380007F31C90901318C4238BF0C460132082ADD
:10639000F0D1DC83FFF7DCB84FF0000C16248A4EF6
:1063A0006546546241FA0CF4E4070AD556F82C40CD
:1063B00004F17F0E4FEADE1E0EF1010E754538BF67
:1063C00075460CF1010CBCF1080FEBD1D583FFF73A
:1063D000E7B84FF0000C67247A4E65469C6240FA9D
:1063E0000CF4E4070AD556F82C4004F17F0E4FEA6E
:1063F000DE1E0EF1010E754538BF75460CF1010C1D
:10640000BCF1080FEBD1DD83FFF7D7B84FF0000CDC
:106410002C246D4E6546546241FA0CF4E4070AD50B
:1064200056F82C4004F17F0E4FEADE1E0EF1010EED
:10643000754538BF75460CF1010CBCF1080FEBD166
:10644000D583FFF742B84FF0000C93245D4E6546AC
:106450009C6240FA0CF4E4070AD556F82C4004F18B
:106460007F0E4FEADE1E0EF1010E754538BF7546F0
:106470000CF1010CBCF1080FEBD1DD83FFF732B852
:106480004FF0000C93244F4E65465C6240FA0CF4CA
:10649000E4070AD556F82C4004F17F0E4FEADE1EC1
:1064A0000EF1010E754538BF75460CF1010CBCF1BB
:1064B000080FEBD1DD83FEF78EBF4FF0000C672491
:1064C000404E65465C6240FA0CF4E4070AD556F883
:1064D0002C4004F17F0E4FEADE1E0EF1010E7545D1
:1064E00038BF75460CF1010CBCF1080FEBD1DD8310
:1064F000FEF7DEBF00238420334D1C46D06241FAF4
:1065000003F0C00707D555F823007F30C0090130DC
:10651000844238BF04460133082BF0D105E4002241
:106520003B211D46144645F8201F40FA02F1CE07D4
:1065300007D555F822107F31C90901318C4238BF87
:106540000C460132082AF0D1DC83FEF796BF4FF0EB
:10655000000C58241C4E6546946241FA0CF4E40782
:106560000AD556F82C4004F17F0E4FEADE1E0EF1DC
:10657000010E754538BF75460CF1010CBCF1080FD2
:10658000EBD1D583FEF7BBBF4FF0000CBF240D4EFF
:106590006546DC6240FA0CF4E4070AD556F82C4054
:1065A00004F17F0E4FEADE1E0EF1010E754538BF75
:1065B00075460CF1010CBCF1080FEBD1DD83FEF741
:1065C000ABBF00BFC0C4002090DA002070B51A49EC
:1065D00086B01A4D0024064601E055F8041F6846AF
:1065E00015F0CCFC304615F061FE0146684615F00A
:1065F0002DFE034668464BB9013415F0F9FC102C0A
:10660000EBD14FF0FF34204606B070BD0C4903A813
:1066100015F0B4FC03A9684615F018FE054603A85A
:1066200015F0E6FC15B1074B00221A70684615F00C
:10663000DFFC204606B070BD283400202839002039
:106640003C340020629B002070B52DED028B8AB097
:106650000D46064615F03AFE0021044601A815F045
:106660008DFC002104A815F089FC002107A815F075
:1066700085FC304615F030FE042DB0EE408A09DD71
:10668000052D78D0062D2DD1282C52D8A84B1C6072
:1066900001247CE0304615F019FE00F12803502B50
:1066A00040F2C2800A2D44D1B2EE046AA14ADFED65
:1066B000A26A00239FED985B01E0F2EC016A66EEAE
:1066C000866A36EEC87AB0EEC77AB7EEC77AB4EE0D
:1066D000C57BF1EE10FA00F14D810133092BECD1AD
:1066E000002454E0072D1CD1B2EE046ADFED926A5B
:1066F000904A00239FED885B01E0F2EC016A66EEB0
:10670000866A36EEC87AB0EEC77AB7EEC77AB4EECC
:10671000C57BF1EE10FA00F18B800133092BECD12F
:1067200007E0082D41D104F1C803B3F5C87F40F25A
:106730008680A5F10B01012959D8DFED7F6A00237E
:106740009FED7E6A7B4A9FED745B01E0F2EC016A8B
:1067500066EE866A36EEC87AB0EEC77AB7EEC77ACA
:10676000B4EEC57BF1EE10FA00F1B4800133092BD1
:10677000ECD100240BE0304615F0A8FD042818BF2A
:1067800002280CBF01240024AAD16D4B186007A871
:1067900015F02EFC04A815F02BFC01A815F028FC20
:1067A00020460AB0BDEC028B70BD092D7FF47AAF94
:1067B000B1EE408A5F4ADFED606A00239FED5F6AB9
:1067C0009FED555B01E0F2EC016AB0EE487AA6EE6F
:1067D000867AB0EEC77AB7EEC77AB4EEC57BF1EE33
:1067E00010FA4DD40133092BEDD10024CFE7A5F1E8
:1067F0000D03012B27D8DFED506A00234D4A9FED92
:10680000465B01E0F2EC016A36EEC87AB0EEC77A78
:10681000B7EEC77AB4EEC57BF1EE10FA00F1E48072
:106820000133092BEED15BE7464B01241860AEE73C
:10683000454A01241360454BC3ED006AA7E7444B6A
:106840001C600124A3E70F2D7FF44AAF304615F0FA
:106850003DFD40F6B83341F270720546904218BFD4
:1068600098420CBF012400247FF43AAF984201D033
:10687000904202D12846FBF7E7FD364B1D6086E7C4
:10688000B7EEE67A344A9FED266B1360B4EEC67B12
:10689000F1EE10FA19D49FED246B27EE067BB7EECC
:1068A000C77BB5EEC07AF1EE10FA00F1D880F7EEB2
:1068B000007AB4EEE77AF1EE10FA40F3DD804FF49F
:1068C0008033264A0124136261E7244B002201240D
:1068D0001A625CE7DFED227A093D224AF4EEE76AAC
:1068E00042F82130F1EE10FA13DCDFED1F7AF4EEFE
:1068F000E76AF1EE10FA00F1B080F0EE667AFEEE93
:10690000C87A17EE903A0635184A012442F8253025
:106910003DE7174BF7E700BFFCA9F1D24D62503FAE
:106920007B14AE47E17A843F7F466A60EF988A3FE6
:106930000C26012008390020000000000000C84299
:10694000F098002000990020D49800206C250120A8
:106950001C260120B8980020CC980020502E012041
:1069600000FEFF46D898002000FEFFC61027012039
:106970000000FF7F4C4A1360002BA6D04B4A4C4BC3
:10698000126803EB820393ED007A9FED455BB7EE4F
:10699000C77A27EE057BB7EEC77BB5EEC07AF1EE7E
:1069A00010FA60D4F7EE007AB4EEE77AF1EE10FA5E
:1069B00069DD4FF48033F5EEC06A3E4A1362F1EEB2
:1069C00010FA4ED4DFED3C7AF4EEE76AF1EE10FAFD
:1069D0004FDCDFED3A7A66EEA76AFCEEE67A17EE58
:1069E000903A0124D361D2E6354A0D2D42F8213088
:1069F00019D00E2D2FD1DFED337AF4EEE76AF1EEE8
:106A000010FA32DCDFED307AF4EEE76AF1EE10FADC
:106A100042D4F0EE667AFEEEC87A17EE903A2B4A30
:106A200001249361B3E6DFED277AF4EEE76AF1EE35
:106A300010FA1CDCDFED247AF4EEE76AF1EE10FACE
:106A400028D4F0EE667AFEEEC87A17EE903A204A25
:106A5000012493619BE6012499E61E4B53E7002332
:106A60002FE70023BDE70023A5E71B4BD7E71A4B11
:106A7000EDE74FF00043B4E7F0EE477AFEEEC87A58
:106A800017EE903A1DE7F0EE477AFEEEC87A17EE61
:106A9000903A90E70F4BDAE70E4BC0E7AFF3008078
:106AA0007F466A60EF988A3FD0980020CC980020FB
:106AB00004390020502E01200044AC46C637BE47A2
:106AC000D898002000FEFF4600FEFFC650C40020FC
:106AD00030C40020000001800000FF7FF0B51E4C94
:106AE00085B00746154620460E4613F07FFA20462D
:106AF000012113F0F1F82046002112F0DDFB2046C1
:106B000040F2FF7114F080FC2046032114F076FC63
:106B10003946204615F0EEF8204615F01DF92046BE
:106B20004FF4FC6114F070FC2046032114F066FC65
:106B3000314601A815F040FA294601A815F046FB98
:106B40000146204615F0D6F8204615F005F901A8B3
:106B500015F04EFA05B0F0BDBC2E0120000000007B
:106B6000F0B52DED028B93B00C46074615F0AEFB49
:106B700000210546684615F001FA002103A815F02A
:106B8000FDF9002106A815F0F9F9384615F0A4FB27
:106B9000042CB0EE408A2BDD052C1FD0062C4BD1E7
:106BA000282D40F27381A4F10B06032E00F2C4805D
:106BB000384615F08BFB1428054640F2A9810026C3
:106BC00006A815F015FA03A815F012FA684615F094
:106BD0000FFA304613B0BDEC028BF0BD042D18BF88
:106BE000022D0CBF01260026DDD1B34B1D60E7E767
:106BF000384615F06BFB00F12803502B40F2128150
:106C0000092C40F0E780AD4A0023DFEDAD8A9FED0F
:106C1000A66B01E0F2EC018A38EEC87AB0EEC77AD2
:106C2000B7EEC77AB4EEC67BF1EE10FA00F1ED8054
:106C30000133092BEED1C2E7072C56D1DFEDA08A34
:106C400000239E4A9FED9A6B04E00133092BAAD0E2
:106C5000F2EC018A38EEC87AB0EEC77AB7EEC77A9E
:106C6000B4EEC67BF1EE10FAEFD5964A6846964927
:106C7000136015F049FA95490FA815F07FF9B2EEA7
:106C8000040A28EE800A02210CA815F003FA0CA9C8
:106C90000FA815F09BFA014603A815F017FA0CA8E7
:106CA00015F0A6F90FA815F0A3F9894906A815F063
:106CB0002BFA694609A815F07FF903A90CA815F06D
:106CC0007BF984490FA815F059F90FAA0CA909A856
:106CD0000126FFF703FF0FA815F08AF90CA815F09D
:106CE00087F909A815F084F96AE7082C88D105F11D
:106CF000C803B3F5C87F3FF662AF774B6846774964
:106D00001D6015F001FA71490FA815F037F90A2234
:106D100029460CA815F0A8F90CA90FA815F056FAE9
:106D2000014603A815F0D2F90CA815F061F90FA8D7
:106D300015F05EF9664995E00F2C7FF440AF3846B8
:106D400040F6B83615F0C2FA41F27073984218BF97
:106D5000B0420CBF012600267FF431AF604C614980
:106D60002060684615F0D0F958490FA815F006F9CB
:106D70000A2221680CA815F077F90CA90FA815F0C4
:106D800025FA014603A815F0A1F90CA815F030F971
:106D90000FA815F02DF94E4906A815F0B5F969466A
:106DA00009A815F009F903A90CA815F005F906A919
:106DB0000FA815F001F90FAA0CA909A8FFF78EFE7C
:106DC0000FA815F015F90CA815F012F909A815F07F
:106DD0000FF9F5E60A2C7FF4E6AE384A0023DFED22
:106DE000388A9FED316B01E0F2EC018A38EEC87A07
:106DF000B0EEC77AB7EEC77AB4EEC67BF1EE10FA02
:106E000040D40133092BEFD1D9E62E4A364913601D
:106E1000684615F079F92D490FA815F0AFF89FEDE8
:106E2000330A2EE7324B53F82410324C2060684668
:106E300015F06AF930490FA815F0A0F821680A2268
:106E40000CA815F011F90CA90FA815F0BFF901460F
:106E500003A815F03BF90CA815F0CAF80FA815F017
:106E6000C7F8264906A815F04FF9694609A815F094
:106E7000A3F803A90CA815F09FF806A90FA815F010
:106E80009BF822E71E4A1F491360C1E71E4B684664
:106E90001E491D6015F038F90C490FA815F06EF861
:106EA0002946CCE7AFF30080FCA9F1D24D62503FF8
:106EB0007B14AE47E17A843FF09800200839002027
:106EC00000000000CC980020D4340020CC340020F6
:106ED000E8340020603A00201C260120EC34002019
:106EE000B898002028350020003500200000C84256
:106EF0002839002000990020A8340020B434002054
:106F0000D0980020143500200C260120B834002031
:106F1000104B53F82410104B43F82600684615F028
:106F2000F3F80E490FA815F029F80A2229460CA8F3
:106F300015F09AF80CA90FA815F048F9014603A816
:106F400015F0C4F80CA815F053F80FA815F050F878
:106F5000034987E728390020D8980020CC34002046
:106F6000603A0020F0B52DED028B93B00C4605463B
:106F700015F0ACF900210646684614F0FFFF002129
:106F800003A814F0FBFF002106A814F0F7FFECB1F2
:106F9000012C60D0022C00F0D180032C40F01E8127
:106FA000A6F5FA7241F27C539A4240F283800024A3
:106FB00006A815F01DF803A815F01AF8684615F094
:106FC00017F8204613B0BDEC028BF0BD284615F033
:106FD0007DF9431E312BEAD8A44CA54920606846B0
:106FE00015F092F8A3490FA814F0C8FF0A222168EF
:106FF0000CA815F039F80CA90FA8012415F0E6F833
:10700000014603A815F062F80CA814F0F1FF0FA8D0
:1070100014F0EEFF984906A815F076F8694609A81D
:1070200014F0CAFF03A90CA814F0C6FF06A90FA804
:1070300014F0C2FF0FAA0CA909A8FFF74FFD0FA873
:1070400014F0D6FF0CA814F0D3FF09A814F0D0FF59
:107050008A4B1C70ACE7284615F038F90546002825
:10706000A5D18749684615F04FF8834903A815F064
:107070004BF8814906A815F047F8694609A814F0AD
:107080009BFF03A90CA814F097FF06A90FA814F002
:1070900093FF0FAA0CA909A8FFF720FD0FA814F071
:1070A000A7FF0CA814F0A4FF09A814F0A1FF734BCC
:1070B0001D707DE7734B1B6803F20313B342BFF6E9
:1070C00076AF7149684615F01FF870490FA8012482
:1070D00014F054FF0A2231460CA814F0C5FF0CA985
:1070E0000FA815F073F8014603A814F0EFFF0CA8E1
:1070F00014F07EFF0FA814F07BFF654906A815F079
:1071000003F8694609A814F057FF03A90CA814F066
:1071100053FF06A90FA814F04FFF0FAA0CA909A846
:10712000FFF7DCFC0FA814F063FF0CA814F060FF5D
:1071300009A814F05DFF574B1E6039E7284615F08B
:10714000C5F841F25D33A0F12B0204469A423FF6A6
:107150002EAF514B6FF481701B680344A3427FF73D
:1071600026AF4E49684614F0CFFF48490FA814F0E7
:1071700005FF0A2221460CA814F076FF0CA90FA8DF
:1071800015F024F8014603A814F0A0FF0CA814F091
:107190002FFF0FA814F02CFF3D4906A814F0B4FFF0
:1071A000694609A814F008FF03A90CA814F004FF0D
:1071B00006A90FA814F000FF0FAA0CA909A8FFF751
:1071C0008DFC0FA814F014FF0CA814F011FF09A8EF
:1071D00014F00EFF324B1C600124E9E6042C67D149
:1071E000284615F073F8C31E0446252B3FF6DFAE84
:1071F0002C49684614F088FF24490FA814F0BEFEFD
:107200000A2221460CA814F02FFF0CA90FA814F095
:10721000DDFF014603A814F059FF0CA814F0E8FEA6
:107220000FA814F0E5FE204906A814F06DFF69468A
:1072300009A814F0C1FE03A90CA814F0BDFE06A90C
:107240000FA814F0B9FE0FAA0CA909A8FFF746FC75
:107250000FA814F0CDFE0CA814F0CAFE09A814F073
:10726000C7FE124B1C600124A2E600BFB4980020A8
:107270003C35002050350020603A00206E2F012060
:107280005C35002018260120843500204C56002053
:10729000E8340020C0980020FC98002070350020C1
:1072A000F025012098350020B434002008990020F2
:1072B000052C6CD1284615F009F841F67103A0F1B0
:1072C0002B0204469A423FF672AEA549684614F076
:1072D0001BFFA4490FA814F051FE0A2221460CA856
:1072E00014F0C2FE0CA90FA814F070FF014603A809
:1072F00014F0ECFE0CA814F07BFE0FA814F078FE3E
:10730000994906A814F000FF694609A814F054FE34
:1073100003A90CA814F050FE06A90FA814F04CFE07
:107320000FAA0CA909A8FFF7D9FB0FA814F060FE5B
:107330000CA814F05DFE09A814F05AFE07EE904A5E
:10734000F8EEE77AF5EEC07AF1EE10FA00F1BF81BF
:107350009FED867AF4EEC77AF1EE10FA00F3B98168
:107360009FED837A67EE877AFCEEE77A17EE903A24
:10737000804A4FF400310124D36144F27B0313624D
:1073800000227D4BC3E90612C3E9082210E6062C51
:1073900051D1284614F09AFF044600287FF407AE26
:1073A0007649684614F0B0FE754903A814F0ACFEA7
:1073B000734906A814F0A8FE694609A814F0FCFD5C
:1073C00003A90CA814F0F8FD06A90FA814F0F4FD09
:1073D0000FAA0CA909A8FFF781FB0FA814F008FE5B
:1073E0000CA814F005FE09A814F002FE6549664ACF
:1073F00009689FED667A02EB81025F4BD2ED007A5D
:10740000F4EEC77AC3E90644F1EE10FA00F35B81AB
:107410009FED5F7AF4EEC77AF1EE10FA00F1558134
:10742000B0EE677ABEEEC87A17EE102A1A62002212
:1074300001245A62BCE5072C00F0B880082C55D115
:1074400040F6B83641F27077284614F03FFFB84254
:1074500018BFB04205460CBF012400247FF4A7AD3D
:107460004C49684614F050FE3E490FA814F086FDC2
:107470000A2229460CA814F0F7FD0CA90FA814F055
:10748000A5FE014603A814F021FE0CA814F0B0FDDF
:107490000FA814F0ADFD344906A814F035FE694676
:1074A00009A814F089FD03A90CA814F085FD06A90C
:1074B0000FA814F081FD0FAA0CA909A8FFF70EFB75
:1074C0000FA814F095FD0CA814F092FD09A814F073
:1074D0008FFDB54201D0BD4202D12846FAF7B4FF74
:1074E0002D4B01221D602D4B1A7061E5092C7FF494
:1074F0005EAD284614F0EAFE012804463FF657AD7B
:10750000002800F0B480264906A814F0FDFD2549A6
:107510006846012414F0F8FD194903A814F0F4FD9D
:10752000694609A814F048FD03A90CA814F044FD0D
:1075300006A90FA814F040FD0FAA0CA909A8FFF78F
:10754000CDFA0FA814F054FD0CA814F051FD09A8B1
:1075500014F04EFD144B1C70104B1C7028E500BF3E
:10756000AC3500204C560020E83400200044AC46E6
:10757000C637BE47E8A1002010270120C0350020F3
:10758000603A0020D89800200439002000FEFF4611
:1075900000FEFFC6F0350020B89800206F2F0120B4
:1075A000203600200C360020732F0120284614F0CE
:1075B0008DFE0A2804463FF6FAAC4749684614F0A7
:1075C000A3FD46490FA814F0D9FC454B02210CA895
:1075D00003EB840393ED008AB0EE480A14F05AFDE1
:1075E0000CA90FA814F0F2FD014603A814F06EFDDB
:1075F0000CA814F0FDFC0FA814F0FAFC394906A8F9
:1076000014F082FD694609A814F0D6FC03A90CA861
:1076100014F0D2FC06A90FA814F0CEFC0FAA0CA9F6
:1076200009A8FFF75BFA0FA814F0E2FC0CA814F00D
:10763000DFFC09A814F0DCFCDFED2B7A2B4B0022D9
:10764000B4EEE78A1C602A4BF1EE10FAC3E9062279
:1076500039DCDFED287AB4EEE78AF1EE10FA34D4A3
:10766000F0EE487AFEEEC87A17EE902ADEE622495E
:1076700006A814F049FD2149684614F045FD194952
:1076800003A814F041FD694609A814F095FC03A96C
:107690000CA814F091FC06A90FA814F08DFC0FAAF9
:1076A0000CA909A8FFF71AFA0FA814F0A1FC0CA85E
:1076B00014F09EFC09A814F09BFC114B1C70114B9C
:1076C0001C70012474E4104AB0E6104AAEE60023B0
:1076D0004EE64FF000434BE6D4350020E83500205D
:1076E00004390020603A002000FEFF46D8980020B0
:1076F0001027012000FEFFC6043600200C360020B3
:10770000732F01206F2F01200000FF7F00000180F8
:1077100007EE902A9FED4E4BB8EEE76B07EE901AFE
:10772000B8EEE75B86EE047B85EE046B00B5FDEEFC
:10773000C77B17EE90CAFDEEC67B17EE90EA60B3EA
:1077400047490123474A9FED487A9FED486ADFED9C
:10775000486A31F8020F9E4507EE900AF8EE677A04
:1077600067EE867A67EEA67AE2EC017A03DC9C4546
:10777000A8BF37EE277A0133972BEAD10CF1010C21
:107780003C4BACEB0E0C07EE90CAF8EEE77AC7EE76
:10779000276AC3ED006A5DF804FBB7EE006B304961
:1077A000304A01239FED313ADFED313A9FED2A5BFC
:1077B0001BE092ED004AB4EEC74AF1EE10FA33D561
:1077C00070EE007AB7EEC44AB7EEE72A27EE877A62
:1077D00036EE422BB7EEC77AA2EE047BB7EEC77B3C
:1077E0000133A2EC017A972BD5D031F8020F9C45DA
:1077F00007EE100AB8EE477A27EE037A27EE237ACF
:1078000001DB9E45D5DDB7EEC02A92ED004A27EE9A
:10781000007AB7EEC44A36EE422BB7EEC77AA2EE34
:10782000047BB7EEC77BDBE7B7EEC02AB7EEC77ABB
:10783000B7EEC44A22EE052B27EE027B36EE422B32
:10784000A2EE047BB7EEC77BCAE700BFAFF30080B0
:107850002A3A92CB7F8845409A9999999999C93F3C
:107860007C0001201423012000000000000080386B
:1078700000007A450823012007EE900A06EE901AD0
:1078800005EE902AB8EEE77BB8EEE66BB8EEE53B86
:107890009FED5B4BF8B587EE045B1C4686EE047BE0
:1078A00083EE046B2DED068BB8FE455BFDEEC55BEC
:1078B00015EE905AB8FE477BFDEEC77B17EE90EAB7
:1078C000B8FE466BFDEEC67B754517EE903A00F3A9
:1078D0008C804D4A59199FED4D8AAEEB03079FED01
:1078E0004C9A02EB8101F0EE486A02EB850C0EF136
:1078F000010615EE900A03E001300431B04222D0B7
:10790000FCEC017AB84238EE278AF5DC002B9FEDBB
:107910003F7A07DD624601E0F2EC017A8A4237EEF7
:10792000277AF9D1F4EE476A01300431F1EE10FA0A
:10793000B4EE479A48BFF0EE476AF1EE10FA37FE10
:10794000099AB042DCD178EE667AAEEB050E07EE0E
:10795000103AF3EE049AAEEB030EB8EEC7AA07EEA8
:1079600010EA86EE8A0AF8EEC78A87EEA87A80EED9
:10797000070A17F061FF20EE290AF8FE407AFDEEB3
:10798000E77A17EE905AA54206DB224B01221A70C5
:107990002846BDEC068BF8BD38EE498A89EE0A0A06
:1079A000C8EE287A80EE270A17F046FF20EE290A53
:1079B000F8FE407AFDEEE77A17EE903AEA1AB2EB5B
:1079C000440F0ADA013C9C42E2DD0023114A1D46C5
:1079D0001370BDEC068B2846F8BD0E4B01211546F1
:1079E00019702846BDEC068BF8BDDFED087A9FEDD7
:1079F000089AB0EE678AF0EE676AA6E7AFF30080F8
:107A00002A3A92CB7F8845401023012000000000D5
:107A100000247449722F012038B5374C2368052B98
:107A2000A3F1040561D0062B58D0072B4FD0082BAB
:107A30003ED0092B35D00A2B2CD0A3F10B02032A00
:107A400007D90F2B0ED0102B1BD02C4B01221A70F4
:107A500038BD2B4B284613F8221015F013F8236875
:107A60000F2BF0D1274A2846274B116883FB0123AF
:107A7000C917C1EB6311C9B215F004F82368102BC4
:107A8000E3D1224B2846197814F0FCFF1B4B01224E
:107A90001A7038BD1E4B2846197814F0F3FF23687E
:107AA000CBE71C4B2846197814F0ECFF2368C2E79B
:107AB000194B2846194A1B6882FB0312D917C1EBE0
:107AC000A2011431C9B214F0DDFF2368B1E7144BF1
:107AD0002846197814F0D6FF2368A8E7114B2846EA
:107AE000197814F0CFFF23689FE70F4B0120197816
:107AF00014F0C8FF236896E710260120712F01209B
:107B0000D8980020B89800201F85EB51BC98002021
:107B1000D0980020CC9800201C260120676666665D
:107B2000D49800200C260120F09800202DE9F84F71
:107B30003F4B1B78002B42D03E4E3378002B3ED17A
:107B400002244FF0010BDFF808A1DFF808913A4F4B
:107B50003A4DDFF804810BE028288CBF0022012277
:107B6000BBF1020F2DD162B328600BF1010B013480
:107B7000584614F077FEBBF1010FEDD102282AD050
:107B8000042828D008288CBF00210121BBF1060F52
:107B900003D111B12A4B1860E7E7ABF10702032AC2
:107BA00001D800293DD1BBF10B0F2DD0BBF10C0F3B
:107BB00027D1062825D8234B186001233370BDE850
:107BC000F88F08288CBF00210121BBF1030F05D1DC
:107BD00021B13860C9E7C8F80000C6E7BBF1040F5F
:107BE00007D132B1143800EB80004000C9F8000022
:107BF000BBE7BBF1050FC9D10029C7D0CAF8000007
:107C0000B3E70D2CD9D0B0E71E2801D03C28ACD169
:107C100000B20D4B00EB800000EB8000800018608C
:107C2000A3E70A4B03EB8B0242F81C0C9DE700BF55
:107C3000629B0020712F0120D49800200C26012087
:107C4000D0980020BC980020B8980020D898002038
:107C5000CC9800201C260120F09800202DE9F04F40
:107C600085B00C2414F0DAFD00220121C748FCF78E
:107C700029FD03220421C648FCF724FDC5480FF066
:107C80004BF9C5480FF048F90D210B20FF230622C0
:107C9000C24D0090C248C34ECDE901140A2110F034
:107CA0001DF9C14A0023C149C14813611381D36042
:107CB00008600A202B6816600872002B00F0A98467
:107CC00019465B69002BFBD14A610024B94BB648C9
:107CD000136054615460947205F002FEB64A2B683A
:107CE0001146D46041F8186B11614FF40071C2E97C
:107CF00006441181002B00F0948419465B69002B27
:107D0000FBD14A610024AD4BDFF834934FF4804B34
:107D10001360AB4FDFF82C83A74854615460947212
:107D2000DFF824A306F04AF909F1180201214846B8
:107D3000FCF72AF908F11802C9F800700121404641
:107D4000C9F81C40DFF80493FCF71EF90AF1180289
:107D5000C8F8007001215046C8F81C40DFF8F082D6
:107D6000FCF712F909F11802CAF80070012148461F
:107D7000CAF81C40FCF708F9DFF8BCA208F11802A9
:107D8000C9F8007001214046C9F81C40FCF7FCF816
:107D9000DFF8C092C8F8007022468A4F2146C8F822
:107DA0001C405046DFF8B082FCF7EEF82246214630
:107DB0004846CAF80070CAF820B0FCF7E5F808F1A8
:107DC000200201214046C9F80070C9F820B0FCF734
:107DD000DBF87D4B7D4AC8F800302B68C8F824B02A
:107DE000166014611481D460002B00F017841946CA
:107DF0005B69002BFBD14A6175490024754BDFF8A4
:107E00005C8213600B884046546101335460947265
:107E10000B802146D36194612246FCF7B5F84FF4FC
:107E20008043C8F80070C8F820306B48DFF8308213
:107E3000FCF72CF9694FDFF82CA26948FCF726F90A
:107E4000DFF8249208F1180202214046FCF79CF862
:107E50000AF11802C8F800700221DFF810825046BB
:107E6000FCF792F809F11802CAF80070022148469E
:107E7000DFF8FCA1FCF788F808F118020221C9F824
:107E8000007040464FF48039FCF77EF8C8F8007067
:107E90005448FCF72DF95448FCF72AF95348FCF7ED
:107EA00027F95348FCF724F9DFF8C8815148FCF75B
:107EB0001FF9514F5148FCF71BF908F11C02012131
:107EC0004046FCF761F807F11C0201213846C8F86A
:107ED00000A0C8F81890FCF757F84948C7F800A068
:107EE000C7F81890FCF774F84648FCF771F8464854
:107EF000FCF76EF84548FCF76BF84548FCF768F866
:107F00004448FCF791F8444A4FF4807102F5A253BB
:107F100002F58050118113612B681660D460C0F89F
:107F20004044002B00F0788319465B69002BFBD19D
:107F30004A61002439493A4B0227546103265460B0
:107F40000125947211604FF48061C2F81834224602
:107F5000012380F83C4480F83D44324816F0FAFE94
:107F60003148FCF761F83148FCF75EF83048FCF71F
:107F70005BF8304813F062FB1E4B22462E490094FA
:107F80002C4813F0CFFB2D4A76E000BFA8A10020BB
:107F9000C8A1002070C4002088C4002024A70020AD
:107FA000BC2E0120F03B0020B0250120082D01202F
:107FB000003D0020FC3B0020C8250120203C002083
:107FC000143C0020283D0020343D0020242F0120B7
:107FD000542F01201C3D0020A0C40020F43C0020B0
:107FE00070DA002068260120D8260120A026012072
:107FF000302601201027012050C4002048270120EE
:10800000D02B0120F42B0120182C0120AC2B0120B7
:10801000882B012018A1002064000120E83C0020EA
:10802000042C0020A814012048A1002078A10020E1
:10803000E8A00020242B0120E8A1002008930020C4
:10804000EC1C0120A81F0120B8140120301A0120C7
:10805000741701202C2E0120042E0120502E012007
:10806000E027012080270120A0270120C027012030
:10807000083C002030C40020A449A54818F0D8FDD1
:10808000A44813F0DBFAA44B2246A4490097A14868
:1080900013F048FBA24A9D499E4818F0C9FDA1482B
:1080A00013F0CCFA9C4B01229C4900969D4813F09A
:1080B00039FB9B4A95499B4818F0BAFD9A4813F042
:1080C000BDFA9A4B224695490094974813F02AFB33
:1080D000934A8E49944818F0ABFD954813F0AEFAD8
:1080E000944B01228D490094914813F01BFB8C4A5C
:1080F00086498F4818F09CFD8F4A87498F48FBF7C7
:1081000031FF874A81498D4818F092FD8C4813F061
:1081100095FA8C4B224688490094894813F002FB5B
:108120007F4A7A49864818F083FD874813F086FA1B
:10813000864B224680490094834813F0F3FA784A2C
:108140007249814818F074FD814813F077FA7D4B2D
:108150002246804900957E4813F0E4FA704A6B4944
:108160007B4818F065FD7C4A76497C48FBF7FAFEAF
:108170006B4A6649794818F05BFD794813F05EFA5E
:10818000784B224678490094754813F0CBFA644A3C
:108190005E49734818F04CFD744813F04FFA744B65
:1081A000224670490095714813F0BCFA5C4A574961
:1081B0006E4818F03DFD6F4813F040FA6C4B2246B4
:1081C000654900946B4813F0ADFA554A4F49694828
:1081D00018F02EFD684A66496848FBF7C3FE504A0E
:1081E0004A49664818F024FD654813F027FA574BB2
:1081F000224661490095624813F094FA484A43497F
:108200005F4818F015FD5F4A50495F48FBF7AAFE2A
:10821000434A3E495C4818F00BFD5C4A4B495C48B8
:10822000FBF7A0FE3E4A3949594818F001FD594A6A
:1082300056495948FBF796FE394A3449564818F0D2
:10824000F7FC564813F0FAF9554B22464D49009574
:10825000524813F067FA324A2C49504818F0E8FCAB
:10826000504813F0EBF94E4B2A46464900964D48CC
:1082700013F058FA2A4A25494A4818F0D9FC4A48C6
:1082800013F0DCF9464B224642490094464813F06D
:1082900049FA234A1D49444818F0CAFC434813F0E0
:1082A000CDF93F4B2A463B490097404813F03AFA34
:1082B0001B4A16493D4818F0BBFC3D4813F0BEF977
:1082C0003C4B224636490094394813F02BFA144AA5
:1082D0000E49374818F0ACFC374813F0AFF9374B6C
:1082E0003A4628490095344813F01CFA0C4A0749CD
:1082F000314818F09DFC324813F0A0F92F4B32465C
:10830000204900962E4813F00DFA5BE0B994010065
:10831000242B0120382B012010270120B02501201B
:10832000089300204C2B0120602B0120F42B01200E
:10833000742B0120182C0120EC1C0120182801208E
:1083400040280120E027012054280120482701204F
:10835000682801202C2E0120B81401207C2801203F
:1083600090280120042E0120502E0120A428012055
:1083700080270120B8280120301A0120CC280120B4
:108380002C280120A0C40020E0280120741701201F
:10839000F428012070DA0020082901201C2901207E
:1083A0006826012030290120442901205829012074
:1083B0006C290120A0260120982A0120D82601201E
:1083C000AC2A0120984A9949994818F031FC9948FB
:1083D00013F034F9984B3A4698490094954813F0B5
:1083E000A1F9914A9149934818F022FC944813F05E
:1083F00025F9914B324691490097914813F092F933
:10840000894A8A498E4818F013FC8E4813F016F9F1
:108410008D4B22468D4900948A4813F083F9824A95
:108420008249884818F004FC894813F007F9894B01
:10843000224681490095864813F074F97A4A7B49AF
:10844000834818F0F5FB844A82498448FBF78AFD8B
:10845000754A7649814818F0EBFB814813F0EEF835
:10846000804B22467B4900957D4813F05BF96E4AAC
:108470006E497B4818F0DCFB7B4A7C497C48FBF763
:1084800071FD694A69497A4818F0D2FB794813F0BE
:10849000D5F8744B224674490094764813F042F99B
:1084A000614A6249734818F0C3FB734A73497448C0
:1084B000FBF758FD5C4A5D49714818F0B9FB714AF9
:1084C00068497148FBF74EFD574A58496E4818F005
:1084D000AFFB6E4A63496E48FBF744FD524A53496D
:1084E0006B4818F0A5FB6B4813F0A8F86A4B2246BE
:1084F00064490094674813F015F94B4A4B496548A5
:1085000018F096FB654813F099F8634B22465F49D3
:108510000095624813F006F9434A44495F4818F051
:1085200087FB5F4813F08AF84E4B2246534900966A
:108530005B4813F0F7F83C4A3C49594818F078FB7F
:10854000584A48495848FBF70DFD374A37495648BD
:1085500018F06EFB554A4D495548FBF703FD324A6A
:108560003249534818F064FB524A46495248FBF7D7
:10857000F9FC2D4A2D49504818F05AFB4F4A3F4903
:108580004F48FBF7EFFC284A28494D4818F050FBAC
:108590004C4A35494C48FBF7E5FC234A23494A48F5
:1085A00018F046FB49494A4813F0E8FC1E4A49497D
:1085B000474818F03DFB4549474813F0DFFC1A4A8D
:1085C0004449454818F034FB4449454813F0D6FC6B
:1085D000154A4049424818F02BFB3C49414813F0EA
:1085E000CDFC114A3B493F4818F022FB37493E4831
:1085F00013F0C4FC0C4A37493B4818F019FB3B4BBD
:108600003B4918683B4A1B680860136005B0BDE829
:10861000F08F2A60FFF759BB2A608AE42A60FFF7CF
:10862000EBBB2A60FFF76EBB08930020B9940100F2
:10863000AC2A0120C02A0120D826012070DA0020AF
:10864000D42A0120E82A0120E8A00020A0C40020AC
:10865000FC2A0120A026012048A10020102B012087
:108660008029012030260120A81F0120242F01206D
:10867000F82901200C2A0120D02B0120EC1C01201C
:10868000202A012030C40020342A012050C40020B8
:10869000482A01205C2A0120C8250120702A0120D7
:1086A000842A01206400012094290120AC2B0120A0
:1086B000A8290120882B0120BC29012018A1002015
:1086C000D029012078A10020E4290120603A00206F
:1086D0008C2E0120D19C0100982E012018340020FE
:1086E000A42E0120742E0120802E0120B42E012002
:1086F0000C2F0120002F012030B5494883B011F024
:1087000075FC0021464810F0D7FD0121444811F0C6
:10871000E3FA4FF6FF71424812F076FE042140481A
:1087200012F06CFE0D223F493D4813F0BBFA3C4865
:1087300013F012FB40F2FF71394812F065FE03217D
:10874000374812F05BFE3849354813F0D3FA344805
:1087500013F002FB354A364BD2689FED367A03EBB5
:108760008203D3ED007AF4EEC77AF1EE10FA08DC5A
:108770009FED317AF4EEC77AF1EE10FA49D52F4B1E
:1087800000E02F4B2F4A4FF47A7000242E4D936156
:1087900013F024FF2D492E482E4A08604DF68C1107
:1087A0009461D1614FF400412B4BC2E908442B4A3C
:1087B0005C62012A9961EA61C3E9074409D9802111
:1087C00005F12C0305F120000091782116F016FB2D
:1087D000E8B9234A01244FF07E5122481460224A0E
:1087E0000068116040F6B832204B4FF40041204C35
:1087F0009042C3E9074105D041F27073984201D01D
:1088000003B030BD03B0BDE83040F9F71DBEEC61E8
:10881000DFE7B0EE677ABEEEC87A17EE103AB1E73E
:10882000BC2E012098340020A42E0120D8980020CE
:108830000439002000FEFF4600FEFFC60000018054
:108840000000FF7F50C40020A81F0120AC9800202A
:10885000463FAB3F682601204827012008910020B1
:10886000D0980020B89800206C250120E8A10020B5
:10887000A01DB5080000000002212DE9F0470846C0
:1088800082B013F065FF0221B04840F2EE280EF0EE
:1088900051FB0A21AD480EF0F1FA02210520AC4D42
:1088A00013F056FF0521AB480EF044FB0A21A948FE
:1088B0000EF0E4FAA84CA94FDFF8C4932E6815F027
:1088C000DFFE2378002B00F096823B78DB0740F137
:1088D00092822B68D9F800209B1A0E2B40F28B82D3
:1088E0000221002013F034FF0221012013F030FF99
:1088F0000221032013F02CFF0221042013F028FF93
:10890000974804F08FFC1A21954804F0D1FC3221DD
:10891000944820F05DFF944A117ECB0940F0878295
:10892000D38B40F2F510042BD06340F20E8361F03C
:108930007F0111768D4A117ECB0940F06A82D38B7C
:1089400040F28D10042BD06340F2F88261F07F0179
:108950001176874B4AF22B51864A4FF0070ADFF80F
:10896000248340F6B8398448C3F81824C8F818108E
:1089700011F03CFB0121804811F0AEF900217E4846
:1089800010F09AFC4FF6FF717B4812F03DFD042178
:10899000794812F033FD0F227849774813F082F9B5
:1089A000754813F0D9F940F2FF71734812F02CFDAD
:1089B0000321714812F022FD71496F4813F09AF9B2
:1089C0006D4813F0C9F94FF61F016B4812F01CFDFA
:1089D0006C4CB4220021684812F0F4FC09226A4968
:1089E000654813F05FF9D4F810246849624813F021
:1089F000CFF94FF47A6013F0F1FD0A21644815F0C5
:108A0000C1FD5F49634813F075F909215E4815F00F
:108A1000B9FDD4F810245D495E4813F0B9F900217E
:108A20005D4815F0AFFD5B4813F096F95A495B4875
:108A300013F06AFB58495A4813F066FB594F00235C
:108A40000121594A41F6641E3B700A20574F4FF0EE
:108A5000FF3C574C3B70574F117000223B70564FF4
:108A60002E683B70554F564D3970564FC5F80090E3
:108A70003970554FC4E9001154493B600B7054499B
:108A80000B7054490B7054490B7054490B70544986
:108A90000B7054490B7054490B7054490E602826D2
:108AA00053490B6053490B6053490B6053490B60AA
:108AB00053490B6053490E605349544E0B6054495F
:108AC00033600B6053490B6053490B605349C4E951
:108AD00002AA0B604FF0640A51490B6051490B60C8
:108AE00051490B6051490B605149C1F800A05149EF
:108AF0000B605149C1F800E0504908605049C1F885
:108B000000C050490B605049C1F800C04F49C1F83E
:108B100000C04F4908604F490B604F49C1F800E061
:108B20004E49086040F2DC504D4908604D490B60E9
:108B300002214D4B19604D494D4B19604D4B1A6048
:108B40004D4B1A604D4B1A609EE000BF70C4002070
:108B5000B42E012088C40020812F0120802F012005
:108B6000082D012000002020A0C4002070DA002081
:108B700064000120042C0020BC2E01207C55002024
:108B8000A42E012000401F408C5500209855002045
:108B9000A0550020488A0020603A00208C2E012039
:108BA000982E0120702F0120629B00206D2F012044
:108BB000D8980020732F01206F2F0120619B002087
:108BC000B8980020609B00201C2601206C2F0120FB
:108BD0006A2F01206B2F0120722F01206E2F0120A0
:108BE000752F0120762F0120712F01200C2F0120DD
:108BF000242601202C2601202026012028260120C1
:108C0000E825012000990020D4980020102601209A
:108C1000D0980020CC9800200C26012000260120AE
:108C200008260120F4250120EC250120142601202E
:108C3000C4980020F0250120C0980020C89800208A
:108C4000EC98002004260120F4980020F8980020D9
:108C5000B498002018260120FC98002008990020D4
:108C600004990020FC250120F09800200000C84253
:108C7000B0980020802501206C2501207C25012052
:108C8000182F0120242F0120BB4B1A60BB4B1A6008
:108C9000BB4B1A60BB4B1A60BB4B1A60BB4B1A60D4
:108CA000BB4B1A60BB4B1A60FEF740FF4FF47A7063
:108CB00013F094FC2868484500F0978041F27073E7
:108CC000984200F092804AF22B53B349B34AC8F855
:108CD000183001F1F0039FEDA27B9FEDA36B01E043
:108CE000B2EC027B27EE067BBDEEC77B17EE100AC7
:108CF00023F8020D9942F3D1DFF8EC820129C8F87C
:108D00001C100CD98023A44A782108F1200000937C
:108D100008F12C0316F072F8002840F00B81286847
:108D200040F6B833984263D041F2707398425FD0F6
:108D30009B4A4FF48033DFF8B4829A4DC8F81C2068
:108D4000DFF8AC92C8F82430C5E90723964A012A17
:108D5000C9F81C200BD98023782109F12000009349
:108D600009F12C0316F04AF8002840F0EA8097ED4C
:108D7000006A00238D4AB8EEC66B894913624FF42E
:108D800080329FED7B7BC5E9071237EE467BB7EE5D
:108D9000C77BB5EEC07AF1EE10FA09D4DFED847A24
:108DA000B4EEE77AF1EE10FA40F3B4804FF080436E
:108DB000804D4FF48032C8F81C30E3689FED7E7A16
:108DC00005EB8303C8F82420D3ED007AF4EEC77ACC
:108DD000F1EE10FA39DC9FED797AF4EEC77AF1EE14
:108DE00010FA40F1A080764B30E0F9F72DFB6AE7EE
:108DF000F9F72AFB9CE72B6822789B1B32B1B3F56D
:108E0000FA6F3FF66DAD15F03BFC58E54345FAD9D6
:108E100066E5D36BB3F5C67F00F2FA80D38B042BE3
:108E200001D80523D38340F28D13D36391E5D36B2F
:108E3000B3F5FA7F00F20481D38B042B01D805230C
:108E4000D38340F2F513D36374E55E4B5E4A9FED26
:108E50005A7A9361A36805EB8303D3ED007AF4EEAD
:108E6000C77AF1EE10FA09DC9FED547AF4EEC77A76
:108E7000F1EE10FA40F1C580514B00E0514B534ADE
:108E800030689361FCF756F923680021DFED506AE2
:108E900005EB83039FED487A4E4AD3ED007A67EEE7
:108EA000A67AC2E90611F4EEC77AF1EE10FA09DCEF
:108EB0009FED427AF4EEC77AF1EE10FA40F19A8013
:108EC0003F4B00E03F4B6168DFED416A05EB8105F8
:108ED0009FED397A1362D5ED007A67EEA67AF4EE4B
:108EE000C77AF1EE10FA08DC9FED347AF4EEC77A17
:108EF000F1EE10FA2CD5324B00E0324B536213F0F6
:108F0000C1FB3549354A364B08601060186002B025
:108F1000BDE8F087DFED337A27EE277AFCEEC77ADB
:108F200017EE903A44E7B0EE677ABEEEC87A17EED5
:108F3000103A8BE70023C8F81C30F0E60523D383F2
:108F400004E50023C9F81C3011E70523D383EEE4C0
:108F5000B0EE677ABEEEC87A17EE103ACEE700BFE1
:108F6000E628D898239E513F00000000C074E040DE
:108F7000000000000014BE40782501207425012067
:108F800004230120082301209C250120A025012085
:108F90008825012084250120142D0120C8020020ED
:108FA00000CBB22C2C2E012018900020502E012036
:108FB00000442C460439002000FEFF4600FEFFC698
:108FC000000001800000FF7F50C4002030C400205A
:108FD0000000C84210270120F82E0120FC2E01209D
:108FE000042F0120C637BE4774170120042E01202C
:108FF000B8140120B0EE677ABEEEC87A17EE103AC8
:1090000061E7B0EE677ABEEEC87A17EE103A36E73F
:10901000002340F28D1002F120061C46D06341FA75
:1090200003F0C00707D556F823007F30C009013090
:10903000844238BF04460133082BF0D1D48388E43E
:10904000002340F2F51002F120061C46D06341FADD
:1090500003F0C70707D556F823007F30C009013059
:10906000844238BF04460133082BF0D1D48361E435
:1090700070B5254986B0254D0024064601E055F817
:10908000041F684612F07AFF304613F00FF90146CC
:10909000684613F0DBF8034668464BB9013412F01A
:1090A000A7FF0B2CEBD14FF0FF34204606B070BD6C
:1090B000174903A812F062FF03A9684613F0C6F827
:1090C000054603A812F094FF2DB9684612F090FFF0
:1090D000204606B070BD02210E4815F053FA0E4826
:1090E00012F03AFE0D4A0121002311700C4A0D497D
:1090F00013700D4A0B7013700C490D4A0B701370EE
:10910000FFF7BAFBE1E700BF3C3500206C380020D8
:109110008C34002094340020488A0020629B002078
:109120006D2F0120702F0120732F0120712F01203E
:109130006F2F01200000000006EE902A07EE901A23
:109140009FEDCF4BB8EEE77BB8EEE65B87EE046BA6
:1091500085EE047B2DE9F04F2DED028B85B0804626
:10916000109CB8FE466BFDEEC66B16EE905AB8FE2C
:10917000477BFDEEC77B17EE909A6BB940F6B8338C
:109180009C4200F08E8041F270739C423ED005B04C
:10919000BDEC028BBDE8F08FBB4810F027FF00222A
:1091A000B948114612F00EF90121B74810F094FDAC
:1091B0000021B54810F080F840F2FF71B24812F07B
:1091C00023F90321B04812F019F90C22AF49AE4837
:1091D00012F068FDAC4812F0BFFD4FF6FF71AA48CF
:1091E00012F012F940F6B8330221A7489C424ED043
:1091F00012F004F91A22A649A34812F053FDA2481E
:1092000012F0AAFD41F270739C42C0D102249E4E1E
:10921000DFEDA08A9FEDA08A15E0F0EE487AE0EE3F
:10922000687AFDEEE77A17EE902A17B24FF6E07CE7
:10923000EE2219463046CDE9007C11F043F90234A4
:10924000B4F5977FA3D0B9EB640F04F10A034FEA9A
:10925000640702DBAF4280F22B811BB24FF0000C9F
:109260003021EE2230460393CDE9001C194611F05F
:1092700029F908EB870292ED000A16F0DDFAB5EE47
:10928000C00A039BF1EE10FAC7D8EE27CEE712F022
:10929000B5F81A2281497C4812F004FD7A4812F090
:1092A0005BFD0326DFED7B8A9FED7B8AAB46CDF825
:1092B0000C9056E029353FB2734808EB84042DB278
:1092C0003B463946CDE9009A11F0FCF82B46EE22D8
:1092D0006D482946CDE9009A11F0F4F8704B94EDF1
:1092E000000A1B78002B00F0948016F0A5FAB5EE6A
:1092F000C00AF1EE10FA40F2BF80F0EE487AE0EEDC
:10930000687AFDEEE77A17EE903A18B24FF4784C8F
:109310003B46EE223946CDE9000C5B4811F0D2F80D
:1093200094ED000A16F088FAB5EEC00AF1EE10FAD4
:1093300040F2A480F0EE487AE0EE687AFDEEE77A3B
:1093400017EE903A1CB24FF4784703362B46EE22C4
:1093500029464D48CDE9004711F0B4F8F62E3FF408
:1093600016AF504BB5B24FF0000A4FF03009A3FBD7
:10937000062305F12807EE22BBEB530F4FEA5304F7
:1093800002DC039B9C4295DD29353FB23E4808EB49
:1093900084042DB23B463946CDE9009A11F092F88B
:1093A000EE2239482B462946CDE9009A11F08AF879
:1093B00094ED000A16F040FAB5EEC00AF1EE10FA8C
:1093C00058D9F0EE487AE0EE687AFDEEE77A17EECB
:1093D000903A18B24FF6E07C3B46EE223946CDE992
:1093E000000C294811F06EF894ED000A16F024FAEA
:1093F000B5EEC00AF1EE10FA3AD9F0EE487AE0EE96
:10940000687AFDEEE77A17EE903A1CB24FF6E077F5
:109410009BE716F011FAB5EEC00AF1EE10FA45D945
:10942000F0EE487AE0EE687AFDEEE77A17EE903AD1
:1094300018B24FF4FC6C3B46EE223946CDE9000CE5
:10944000114811F03FF894ED000A16F0F5F9B5EE69
:10945000C00AF1EE10FA27D9F0EE487AE0EE687A09
:10946000FDEEE77A17EE903A1CB24FF4FC676CE71A
:10947000EE24CBE7EE20ADE7EE2047E7EE2462E7EF
:109480002A3A92CB7F884540BC2E012044340020EC
:10949000703400200000484200006E435434002025
:1094A000722F0120ABAAAAAAEE24DEE7EE20C0E7C5
:1094B0001BB200203021EE220393CDE900101946A3
:1094C000304610F0FFFF08EB870292ED000A16F01D
:1094D000B3F9B5EEC00A039BF1EE10FA12D9F0EE23
:1094E000487AE0EE687AFDEEE77A17EE902A10B23D
:1094F0004FF4FC67EE221946CDE90007304610F024
:10950000E1FF9CE6EE20F3E72DE9F04F2DED028B15
:1095100099B0002109A812F031FD00210CA812F029
:109520002DFD00210FA812F029FD9D4B1A7F012A65
:1095300041F2F78272B65F6962B6DFF8C082DFF887
:10954000C092D8F80030974ABB42C9F80070049224
:1095500000F0ED80944A03921278002A40F0DD80FA
:10956000924C934810F042FD0121914810F0B4FB59
:1095700000218F480FF0A0FE25681DB1049B1B78C9
:10958000002B51D100268B4B28461E60FBF7D2FDE5
:10959000894A4DF68C10894BD06109A853F82510E3
:1095A0009661874BC2E908664FF480325E629A6129
:1095B000C3E9076612F0A8FD82490CA812F0A4FDC9
:1095C00081490FA812F0A0FD40F2FF71784811F018
:1095D0001BFF7748032111F011FF09A9744812F00D
:1095E00089FB734812F0B8FB4FF4FC61704811F02E
:1095F0000BFF03216E4811F001FF0CA915A812F012
:10960000DBFC724B15A8196812F0F6FD0FA912F0D9
:10961000DDFD0146664812F06DFB654812F09CFBCB
:1096200015A812F0E5FC25686B1E032B41F22F8074
:10963000052D01F09E80062D01F0D780644B072D8B
:10964000059301F01281082D01F05F81092D01F0D1
:10965000C9810A2D01F01682A5F10B03032B40F2FC
:1096600067860F2D00F0B286102D00F0F086112DC8
:10967000DFF890B100F04787122D00F08B870123AF
:10968000049A54491370544A1370D9F80030C8F83A
:1096900000300B7F012B59D972B64A6962B64F4E22
:1096A0004F4F30684F4B90423A60069300F0AC80C9
:1096B000069B00254FF0010A1D70474B83F800A060
:1096C000039B1B78002B40F06C85474909680029F3
:1096D00040F034853D4B101AB2EE045B1A6810441A
:1096E0002828186001F3BC83283082F23F833F4A68
:1096F00092ED006A2822B8EEC66B1A6086EE057BF2
:10970000B7EEC77BDFED3A7AB4EEE77AF1EE10FA06
:1097100041F3BA83374B00F025BD244CFF1A236870
:109720001F44122F41F364831223236019E7127838
:10973000002A3FF40FAF1C4B26490393244B1B4CCC
:1097400005930B7FDFF8BCB0012BA5D872B6486833
:109750000A680B8B126805689B0088689BB2024000
:10976000C8680B83054201F0AB830AB143F00203E2
:1097700043F0010303F00F031F4AD2560B83002A64
:109780008BD04A8B43EA02134A699BB24B83DBB20C
:109790002B2B03F09481172B04BF01324A617DE724
:1097A000C8A10020702F0120629B002010260120FC
:1097B000BC2E0120F8250120682601202839002030
:1097C000A0260120A8340020B434002000990020F5
:1097D0000C260120A8A100206F2F012024260120A3
:1097E00020260120609B0020F4250120C89800203D
:1097F00000FEFF460000FF7FF09200202C26012093
:1098000028260120B42E01201B78002B7FF450AFB6
:10981000DFF8D4A212F036FF9D4DDAF80030286050
:109820009842C0F0A481C31AB3F5FA6F40F2A18147
:1098300072B6984A137F03F0FF0E0BB10023137723
:1098400062B6BEF1000F41F0B181934E9348836A36
:10985000002B42F0E8829248836A002B00F0C1801E
:10986000904FDFED917A97ED008AB4EEE78AF1EE42
:1098700010FA01F1398703F05FFBDFED8C7AB7EE68
:10988000C88A20EE277A9FED7C5BB7EEC77AA8EEF8
:10989000057BB7EEC70B236887ED000A042B00F3A6
:1098A000A080834B1F78002F40F09B803378002BE3
:1098B00000F09F80DFED7C7AB4EEE70AF1EE10FA5B
:1098C00040F391807B4BDFF8248293ED007AC7EE62
:1098D000007A9FED6B6BB7EEE75AC8ED007AB4EEF5
:1098E000C65BF1EE10FA7EDB734909A812F00CFC9E
:1098F00098ED007A022115A8B7EEC77A9FED628B2A
:1099000087EE080BB0EEC00BB7EEC00B12F0C2FB37
:1099100015A90CA812F0E2FB15A812F069FB0CA91E
:1099200015A812F049FB654915A812F057FC98EDEF
:10993000000A0790B7EEC00A80EE080B15F0D0FFC2
:109940000798B3EE047B20EE070BB0EEC00B12F0CD
:1099500067FC5B4912F042FC01460CA812F0B6FB12
:1099600015A812F045FB0CA915A812F025FB5549C6
:1099700015A812F033FC01460CA812F0A7FB15A89D
:1099800012F036FBB42239464F4811F01BFD4FF65A
:10999000E0714D4811F038FD02214B4811F02EFDC9
:1099A00009A915A812F008FB0CA915A812F00EFCC5
:1099B0000146454812F09EF9434812F0CDF915A82A
:1099C00012F016FB09A915A812F0F6FA0CA915A8B1
:1099D00012F0FCFB01463D4812F078FB15A812F08E
:1099E00007FB33782BB10023DBF800203370384BB2
:1099F0001A60384F3B78002B7ED1374B07931B788A
:109A0000002B41F06A86DFF8E880DFF8E89072B654
:109A100098F81C3003F0FF0213B1002388F81C30C3
:109A200062B6002A6FD02D4ADFED207A92ED006AEF
:109A3000B4EEE76AF1EE10FA42F11D8772B647F60E
:109A4000FF734FF40040B8F91E10A8F81E30B8F9A3
:109A50002030A8F8200062B65B1A9FED216ADFED86
:109A6000216A07EE903AF8EEE77A87EE867A67EE9B
:109A7000267AC2ED007A46E0CDCCCCCCCCCCEC3F03
:109A80008FC2F5285C8F064039B4C876BE9F064069
:109A9000F82E0120D02B01205F9B002078A1002010
:109AA00018A10020A4250120000048420000C8425F
:109AB000732F0120902501206C5400207054002049
:109AC0007454002078540020BC2E0120742E0120F4
:109AD000002F0120752F0120762F01209C250120C9
:109AE00000FEFF4600007A44042F0120702501206B
:109AF000F42B0120182C01209F4B1B78002B01F028
:109B00003982DFF8E89272B699F81C3003F0FF0250
:109B100013B1002389F81C3062B63AB3974ADFEDDF
:109B2000987A92ED006AB4EEE76AF1EE10FA42F12B
:109B3000F38172B647F6FF734FF40040B9F91E1077
:109B4000A9F81E30B9F92030A9F8200062B65B1AD6
:109B50009FED8C6ADFED8C6A07EE903AF8EEE77ABB
:109B600087EE867A67EE267AC2ED007A2868CAF810
:109B700000002268854E042A7ED0032A00F0698204
:109B8000022A42F03481336847F61121C71A8F4206
:109B900078D97F4F3B68022B00F06782042B00F0DE
:109BA0006B822B6833607B4E41F288314FF4FA6050
:109BB00012F0B0F9039B1B78002B68D12A68326041
:109BC000059A1168002940F3FF81734A92ED000A5B
:109BD0009FED677BB7EEC06AB4EEC76BF1EE10FA8B
:109BE00064DD002B41F00C866C4DDBF800202B6807
:109BF0009A42C0F0F0816A4E96F83D34002B40F056
:109C0000F38168480DF03CF967480DF039F9654873
:109C10000DF07AF9002800F00B81644922680B7876
:109C2000042A83F001030B7000F3E480002B41F061
:109C30003A85DFF8BCA15E4A5E4DDFED516A9FEDCB
:109C4000517AC2E90633DAF8003005EB8303D3ED2D
:109C5000007A67EEA67AF4EEC77AF1EE10FA02F314
:109C6000B2839FED557AF4EEC77AF1EE10FA42F125
:109C7000FB85524B02F0A8BB336841F68361C71ADB
:109C80008F4286D89842C1F0AE80424E8CE74C4B52
:109C900093ED000A4B4B1868FAF76EFD2B683360A2
:109CA000059B1968039B00291B788EDC002B00F0B4
:109CB0008B81434B93ED000A424B1868FAF75CFD29
:109CC000039B1978354DDBF800302A689A4201F27F
:109CD000C28000298FD0DBF800302A689B1A642BE1
:109CE0008FD9254B1B78002B8BD02D4E96F83D3409
:109CF000002B86D0344B1F68002386F83D3441F298
:109D000070739F4202F0FD8640F6B8339F4242F0E6
:109D1000FB8652202D4B1860DFED2D6A00239FED4E
:109D20002D7A2D492D4A31F802CF013307EE90CA22
:109D30008342F8EE677A67EEA67A67EE877AE2ECFE
:109D4000017AF0DD264B0097264F1A68264B2348F0
:109D500019683B78FFF7F0F900233B70DBF800301F
:109D60002B60039B1B78002B7FF44BAF37E100BFC8
:109D70007B14AE47E17A843F732F0120A025012098
:109D80000000C84200FEFF4600007A44FC2E01207D
:109D9000F0980020082F01206C2501200C2F0120B5
:109DA0006410012070C4002088C400206D2F0120A1
:109DB000102701200439002000FEFFC600000180AA
:109DC0009025012000990020B89800201426012039
:109DD0000000803800007A457A000120102301201D
:109DE000FC9800206F2F012018260120182C01203C
:109DF000D8980020053A0B2A17D8FDF70DFE462209
:109E00000021B34811F0DEFA4FF6FF71B04811F0AF
:109E1000FBFA0321AE4811F0F1FA1022AD49AC482B
:109E200011F040FFAA4811F097FF642012F0D6FB12
:109E3000A9480DF069F8A8B1A84B1B78002B3FD1B9
:109E4000A74B1B78002B3BD1A64A1178002902F0C2
:109E5000AE8213700123A44A1370A44A13706420C5
:109E600012F0BCFBA24CDFF8CC82A24DA24EA34F55
:109E700014F01EFB002810DD14F05EFBC1B20A29AD
:109E80002CD03A296BD02B78002B6BD0384612F0AF
:109E90008DF914F00DFB0028EEDC4FF0FF330FA816
:109EA0002360C8F8003012F0A3F80CA812F0A0F854
:109EB00009A812F09DF819B0BDEC028BBDE8F08F37
:109EC000894A137883F001031370002BC7D0874BA6
:109ED00001221A700022834B1A70C0E74FF0FF3343
:109EE000314615A82360C8F80030039B93F8009012
:109EF000B9F1000F42D012F05FF815A8FCF766FB2D
:109F0000206015A812F074F82368122B00F0BB80B3
:109F1000002B2BDB394615A812F04EF8216815A846
:109F2000FCF792FB814615A812F062F8B9F1000F18
:109F30001CD00221724814F025FB724811F00CFF6E
:109F40002368042B42F311806F49304612F0DCF88D
:109F50006D49384612F0D8F800232B7088E70123AA
:109F60002B7085E7304612F021F981E7012167481F
:109F700014F008FB634811F0EFFEE5E712F01CF85F
:109F800015A8FFF775F8206015A812F031F82368BE
:109F90000A2B00F08980002BE8DB394615A812F067
:109FA0000BF8216815A8FCF7DDFF814615A812F013
:109FB0001FF8B9F1000FD9D00221514814F0E2FA8C
:109FC000504811F0C9FEBFE7514DDBF800302A6858
:109FD0009A427FF610AEDBF800304E4E2B6096F8BA
:109FE0003D34002B3FF40DAEDFF84CA100234A4F67
:109FF000DAF8001086F83D34484BB1FA81F03A683F
:10A0000001F101081B684009454E19469FED450ABC
:10A0100007920593FDF77CFBD6F80090059BC84599
:10A02000079ACAF8008002F30E8298FBF9F609FB42
:10A030001686002E7FF4E5AD2B4B1B78002B42F0EB
:10A040002B85394B98457FF7DCAD0023CAF80030EB
:10A05000D7E5336843F60851C71A8F427FF612AE30
:10A06000324F3B68022B7FF499AD1046FAF7B4FDEE
:10A070003B68042B7FF495AD2068FAF7ADFD2068AE
:10A08000FAF706FF8DE502211D4814F07BFA1D4802
:10A0900011F062FE0023039A1370049A1370244A8D
:10A0A0001370FEF729FB4FE70221154814F06AFAF6
:10A0B000144811F051FE1449304612F025F81249A7
:10A0C000384612F021F885F80090FEF7D5FB3BE703
:10A0D000BC2E0120D854002088C40020752F0120F8
:10A0E000762F0120619B0020732F01206F2F01200C
:10A0F000F49800206C2F01208C2E0120982E012036
:10A1000094340020488A0020603A0020EC5400205B
:10A110000C2F012064100120C0980020F0250120A0
:10A12000B4980020CDCC4C3EA0860100F0980020D1
:10A130006D2F0120F8980020EC250120012941F025
:10A1400013866D4D121A28680244082A41F31A87B3
:10A1500008239FED6A7A2B60F0EE477AFEEEC87A0C
:10A1600017EE903A664A0229136200F0AD80032987
:10A1700001F02186042940F0BC8032683B68614EC2
:10A180009B1A32681344322B01F376863360002B1E
:10A1900001DC32233360D9F80030C8F80030FFF713
:10A1A00037BB59480FF022FF514657480FF094FD36
:10A1B000554829460FF080F82068042855D8002813
:10A1C00041F0B087514B4DF68C1207909861DA61DF
:10A1D000C3E90800FAF7AEFF079832683B684C4DB8
:10A1E0009B1A2A681344282B41F3948728232B6059
:10A1F000484B53F8201009A811F086FF46490CA8D7
:10A2000011F082FF45490FA811F07EFF40F2FF7167
:10A210003D4811F0F9F83C48032111F0EFF809A985
:10A22000394811F067FD384811F096FD4FF4FC6194
:10A23000354811F0E9F80321334811F0DFF80CA993
:10A2400015A811F0B9FE296815A811F0D5FF0FA9BE
:10A2500011F0BCFF01462C4811F04CFD2A4811F0CA
:10A260007BFD15A811F0C4FE2068052801F040838D
:10A27000062801F0CD82072801F01C85082801F08E
:10A28000B384092801F021840A2801F08D83A0F10C
:10A290000B01012941F23082A0F10D03012B42F2A2
:10A2A0000E800F2801F0DF86102801F0718611283A
:10A2B00002F01881122802F091813A68184B32603E
:10A2C000196802297FF453AF33683968154AC91AEF
:10A2D000154B1D68154B1868136805FB01336FF4A7
:10A2E0009571411813608B42C1F2B5854FF4967396
:10A2F0001360044E33684AE7C8980020CDCC4C3F29
:10A3000010270120B4980020BC2E012068260120CF
:10A310000099002028390020A8340020B4340020FF
:10A32000F4250120F0250120C4980020C0980020C9
:10A33000BA4B09A853F8251011F0E6FEB8490CA84D
:10A34000B84D11F0E1FE40F2FF71B74811F05CF832
:10A35000B548032111F052F809A9B34811F0CAFC1D
:10A36000B14811F0F9FC4FF4FC61AF4811F04CF822
:10A370000321AD4811F042F823680CA915A80C2B55
:10A3800040F38D8511F018FE2368A84A0B3B52F864
:10A39000233005EB830393ED000A022112A811F08C
:10A3A00079FE12A915A811F011FF01469E4811F07F
:10A3B000A1FC9D4811F0D0FC12A811F019FE15A8BF
:10A3C00011F016FE25680F2D7FF44EA9984909A8B3
:10A3D00011F09AFE92490CA8DFF8A4A211F094FEA5
:10A3E00094490FA811F090FE40F2FF718E4811F0D1
:10A3F0000BF88D48032111F001F809A98A4811F0E2
:10A4000079FC894811F0A8FC4FF4FC61864810F0F3
:10A41000FBFF0321844810F0F1FF0CA915A811F0EF
:10A42000CBFDDAF8001015A811F0E6FE0FA911F027
:10A43000CDFE01467C4811F05DFC7B4811F08CFCA0
:10A4400015A811F0D5FD2568102D7FF410A97A49C3
:10A4500009A811F059FE72490CA8DFF828B211F0D2
:10A4600053FE76490FA8764D11F04EFE40F2FF7173
:10A470006D4840F2EE2A10F0C7FF6B480321714F80
:10A4800010F0BCFF09A9684811F034FC664811F0CF
:10A4900063FC4FF4FC61644810F0B6FF032162488E
:10A4A00010F0ACFF0CA915A811F086FD664B15A89D
:10A4B0001A68664B53F8221011F09EFE0FA911F096
:10A4C00085FE0146584811F015FC574811F044FC30
:10A4D00015A811F08DFDDBF8006014F0D1F82B7891
:10A4E000002B01F08F843B78DB0741F18B84584AC5
:10A4F000DBF8003012689B1A0E2B41F2838425682A
:10A50000112D7FF4B9A80025524A4FF400310127DC
:10A51000556240F6B83091614F4E504BDFF860A164
:10A520009D61CAF80000C2E907554D4A17702827F7
:10A530004C4A157040F2DC5232604B4A17604B4A6D
:10A5400091614FF480314A4A91614FF48022C3E90E
:10A550000855DA61F7F778FFD6ED007A454BF8EE4B
:10A56000E77A1D62F5EEC07AF1EE10FA09D49FED9C
:10A57000427AF4EEC77AF1EE10FA42F371804FF0AE
:10A5800000453E4A41F63953D56125681362122DC4
:10A590007FF475A800252F4A4FF400312E4E5562E6
:10A5A00041F2707091612D4BDFF8D4A09D61CAF823
:10A5B0000000C2E907552B4A174601223A702827A6
:10A5C000274A157040F6B8323260274A17604FF4B8
:10A5D0008037264A9761264A91614FF48022C3E969
:10A5E0000855DA61234B1D62F7F72EFFD6ED007A8E
:10A5F000F8EEE77AF5EEC07AF1EE10FA09D49FEDA5
:10A600001E7AF4EEC77AF1EE10FA42F333804FF07F
:10A6100000451A4A41F63953D56135E02839002002
:10A620004C56002004390020BC2E0120D898002070
:10A6300028350020E834002024540020385400201D
:10A64000812F0120802F0120BC980020243700207A
:10A65000182F0120102701200499002068260120CE
:10A66000752F0120762F01200099002030C4002092
:10A6700050C40020502E01200044AC46E8A1002028
:10A68000B8980020B42E01201362FEF7F8BFB74B34
:10A69000284600251D60FAF74DFDB54B1B68022BBF
:10A6A00001F0D587042B01F06C831521B14813F01C
:10A6B00069FF2168B04811F043FBAF4811F04CFB33
:10A6C0002268AE4B09A853F8221011F01DFDAC49C9
:10A6D0000CA811F019FDAB490FA811F015FD40F2BF
:10A6E000FF71A94810F090FEA748032110F086FEE4
:10A6F00009A9A54811F0FEFAA34811F02DFB4FF46B
:10A70000FC61A14810F080FE03219F4810F076FE06
:10A710000CA915A811F050FC9C4B15A8196811F054
:10A720006BFD0FA911F052FD0146974811F0E2FAB6
:10A73000954811F011FB15A811F05AFC944B954A5D
:10A740001B681268134310D04FF6E0718E4810F06A
:10A750005BFE02218C4810F051FE16228E498A4879
:10A7600011F0A0FA884811F0F7FA2568052D7EF45B
:10A7700062AF8A4909A811F0C7FC89490CA811F0F9
:10A78000C3FC88490FA811F0BFFC40F2FF717E485E
:10A7900010F03AFE7C48032110F030FE09A97A48F7
:10A7A00011F0A8FA784811F0D7FA4FF4FC61764816
:10A7B00010F02AFE0321744810F020FE0CA915A801
:10A7C00011F0FAFB6A4B15A8196811F015FD014646
:10A7D0006D4811F08FFA6C4811F0BEFA15A811F00F
:10A7E00007FC2568062D7EF429AF6F4909A811F0F2
:10A7F0008BFC6B490CA86D4D11F086FC61490FA8CC
:10A8000011F082FC40F2FF715F4810F0FDFD5E48E0
:10A81000032110F0F3FD09A95B4811F06BFA5A48C7
:10A8200011F09AFA4FF4FC61574810F0EDFD032146
:10A830005548059510F0E2FD0CA915A811F0BCFBD8
:10A84000296815A811F0D8FC0FA911F0BFFC01462A
:10A850004D4811F04FFA4C4811F07EFA15A811F04E
:10A86000C7FB2568072D7EF4EEAE514909A811F00B
:10A870004BFC4B490CA84F4D11F046FC4E490FA81C
:10A8800011F042FC40F2FF713F4810F0BDFD3E4820
:10A89000032110F0B3FD09A93B4811F02BFA3A4807
:10A8A00011F05AFA4FF4FC61374810F0ADFD032166
:10A8B000354810F0A3FD0CA915A811F07DFB3F4B06
:10A8C000F2EE047A02211B6812A805EB830393EDD4
:10A8D000000A20EE270A11F0DDFB12A915A811F0DD
:10A8E00075FC0FA911F072FC0146274811F002FA1D
:10A8F000254811F031FA12A811F07AFB15A811F0D1
:10A9000077FB2568082D7EF4A1AE2D4909A811F02A
:10A91000FBFB23490CA811F0F7FB27490FA811F006
:10A92000F3FB40F2FF71184810F06EFD164803214A
:10A9300010F064FD09A9144811F0DCF9124811F077
:10A940000BFA4FF4FC61104810F05EFD03210E4835
:10A9500010F054FD0CA915A811F02EFB0C4B15A8F6
:10A96000196811F049FC0FA92CE000BFF82501205F
:10A97000F0980020E0530020488A00202839002069
:10A98000A8340020B4340020BC2E012000990020FF
:10A990001C260120CC980020F853002010540020E1
:10A9A0004C560020603A0020B83400200C260120CC
:10A9B000D434002004390020E8340020D49800204A
:10A9C000EC34002011F002FC01466C4811F092F9C1
:10A9D0006A4811F0C1F915A811F00AFB2568092D84
:10A9E0007EF437AE664909A811F08EFB65490CA8C4
:10A9F000654D11F089FB65490FA811F085FB40F208
:10AA0000FF715E4810F000FD5C48032110F0F6FC79
:10AA100009A95A4811F06EF9584811F09DF94FF400
:10AA2000FC61564810F0F0FC0321544810F0E6FC9D
:10AA30000CA915A811F0C0FA554BDFED567A02218A
:10AA40001B6812A805EB830393ED000A20EE270A8A
:10AA500011F020FB12A915A811F0B8FB0FA911F0F5
:10AA6000B5FB0146454811F045F9444811F074F929
:10AA700012A811F0BDFA15A811F0BAFA25680A2D2E
:10AA80007EF4EAAD444909A811F03EFB3D490CA80B
:10AA90003D4D11F039FB3D490FA811F035FB40F257
:10AAA000FF71364810F0B0FC3448032110F0A6FCCA
:10AAB00009A9324811F01EF9304811F04DF94FF450
:10AAC000FC612E4810F0A0FC03212C4810F096FCED
:10AAD0000CA915A811F070FA304BF2EE047A02219D
:10AAE0001B6812A805EB830393ED000A20EE270AEA
:10AAF00011F0D0FA12A915A811F068FB0FA911F0F6
:10AB000065FB01461D4811F0F5F81C4811F024F9C9
:10AB100012A811F06DFA15A811F06AFA2568FEF76F
:10AB20009BBD72B6586819681A8B09680468920050
:10AB3000986892B20140D8681A83044200F0C78135
:10AB400009B142F0020242F0010202F00F02144980
:10AB500089561A8300293EF4EEAC598B5F6942EAAC
:10AB6000011292B25A83D2B22B2A01F0AC87172A73
:10AB700004BF01375F61FEF7DFBC00BFBC2E0120C0
:10AB8000003500204C56002004390020E834002015
:10AB9000CC9800200000C84214350020D098002036
:10ABA000F092002000FEFF4600007A4472B647F69D
:10ABB000FF734FF40040B2F91E10D383B2F9203076
:10ABC000108462B65B1A1FED096A5FED096A07EE31
:10ABD000903ADFF89C93C64BB8EEE77A99ED005AAD
:10ABE000C7EE067A67EEA67AF4EEC57AC3ED007A70
:10ABF000F1EE10FA00F34985B7EEE76AB7EEC55AF1
:10AC00009FEDB73B9FEDB84B26EE036BA5EE046BB3
:10AC1000B7EEC66BB74A40F2DC5CB74E1168B74B73
:10AC2000B74F93ED007A4B1C06EB810189ED006A6A
:10AC3000C1ED007A87FB0301D817C0EB61100CFB54
:10AC4000103006EB80031060D3ED006AF4EE476A23
:10AC5000F1EE10FA41F01481DFEDAA7A421CA74B05
:10AC60006044B0EE677A4FF00008C3ED007A87FBCE
:10AC70000231D317C3EB61130CFB1323013206EB34
:10AC80008303D3ED007AF4EEC77AF1EE10FA02DD19
:10AC9000B0EE677AF0468242E9D1B8F1000F01F0D8
:10ACA000B686964B83ED007A974B83ED007A974BEF
:10ACB000974E1A68DBF800309B1A2268C82B94BFA5
:10ACC00000230123042A33703EF7C0AD914A127865
:10ACD000012A3EF4BBAD002B3EF4B8AD8C2200211E
:10ACE0008D4810F06FFB00218B4810F08DFB032185
:10ACF000894810F083FB8949874810F0FBFF86489C
:10AD000011F02AF8B4220021834810F05BFB0021E7
:10AD1000814810F079FB02217F4810F06FFB8049D9
:10AD20007D4810F0E7FF7C4811F016F87D4909A82E
:10AD300011F0EAF9D9ED007A0A2215A8FDEEE77ABA
:10AD400017EE901A11F090F915A90CA811F0C6F998
:10AD500015A811F04DF974490FA811F0D5F909A9FA
:10AD600015A811F029F90CA915A811F02FFA0FA9AF
:10AD700011F02CFA0146694811F0A8F915A811F054
:10AD800037F9D9ED007A9FED697AF4EEC77AF1EEE2
:10AD900010FA11DD9FED667AF4EEC77AF1EE10FA43
:10ADA0000AD5644BDFED647A93ED007AB4EEE77A6E
:10ADB000F1EE10FA01F1298700218C22564810F09B
:10ADC00001FB4FF47841544810F01EFB0321524818
:10ADD00010F014FB5149504810F08CFF4E4810F011
:10ADE000BBFFFEF733BD3060544E3060FEF7DCBE73
:10ADF000002F80F2CF8700274FF0FF362760DFF863
:10AE00006CA100214E4DDAF80030DFED4E6A05EB03
:10AE100083039FED4D7A4D4AD3ED007A4C4B67EE9C
:10AE2000A67A19704B4BF4EEC77A19704A4BF1EEC3
:10AE300010FA1970494BC2E90611196201F37881C1
:10AE40009FED477AF4EEC77AF1EE10FA41F1FE84F5
:10AE5000444B01F06EB9DBF800302B60FEF739BFD0
:10AE6000414A92ED006A6FF02702B8EEC66B1A6095
:10AE700086EE057BB7EEC77BDFED337AB4EEE77A7B
:10AE8000F1EE10FA3EF746ACDFED357AB4EEE77A34
:10AE9000F1EE10FA7FF560A9324BFFF763B911F0BC
:10AEA0008BF82368314A0B3BDFED267A52F82330CA
:10AEB00005EB830393ED000A20EE270AFFF76DBA36
:10AEC000002A3EF457AC43F00203FEF753BC0029BE
:10AED0003FF43BAE42F0020237E600BFAFF3008022
:10AEE0009A9999999999A93F666666666666EE3F52
:10AEF0009425012014C10020A4A9002018C100201D
:10AF0000F11976050000000090250120002F012096
:10AF10005F9B0020732F0120BC2E0120802E01207A
:10AF2000742E01205C54002064540020000047432C
:10AF300000009644982501200000E144082F0120DC
:10AF4000043900200000C84200FEFF4610270120FF
:10AF5000752F0120762F01206D2F0120E8A1002000
:10AF600000FEFFC600000180C8980020D89800208D
:10AF70008C250120C64B079372B6DFF85C8398F8E6
:10AF80001C3003F0FF0213B1002388F81C3062B6B6
:10AF90003AB3C04ADFEDC07A92ED006AB4EEE76AD8
:10AFA000F1EE10FA41F10D8472B647F6FF734FF4DB
:10AFB0000040B8F91E10A8F81E30B8F92030A8F8E3
:10AFC000200062B65B1A9FEDB56ADFEDB56A07EE49
:10AFD000903AF8EEE77A87EE867A67EE267AC2ED47
:10AFE000007A72B6DFF8F49299F81C3003F0FF0291
:10AFF00013B1002389F81C3062B63AB3A94ADFEDD9
:10B00000A67A92ED006AB4EEE76AF1EE10FA41F129
:10B01000898372B647F6FF734FF40040B9F91E10EA
:10B02000A9F81E30B9F92030A9F8200062B65B1AE1
:10B030009FED9A6ADFED9A6A07EE903AF8EEE77AAA
:10B0400087EE867A67EE267AC2ED007A72B6964966
:10B050000B7F03F0FF020BB100230B7762B62AB31C
:10B06000924BDFED8D7A93ED006AB4EEE76AF1EE74
:10B0700010FA41F1308372B647F6FF724FF4004682
:10B08000B1F91E00CA83B1F920200E8462B6121AEB
:10B090009FED826ADFED826A07EE902AF8EEE77A8A
:10B0A00087EE867A67EE267AC3ED007A72B680491B
:10B0B0000B7F03F0FF020BB100230B7762B62AB3BC
:10B0C0007C4BDFED757A93ED006AB4EEE76AF1EE42
:10B0D00010FA41F1D98272B647F6FF724FF400467A
:10B0E000B1F91E00CA83B1F920200E8462B6121A8B
:10B0F0009FED6A6ADFED6A6A07EE902AF8EEE77A5A
:10B1000087EE867A67EE267AC3ED007A00216A48D8
:10B110000EF0D2F800226848114610F053F9226868
:10B12000664B09A853F8221010F0EEFF64490CA8F2
:10B1300010F0EAFF63490FA810F0E6FF4FF61F0179
:10B140005D4810F061F95C48032110F057F909A936
:10B15000594810F0CFFD584810F0FEFD4FF6FF7132
:10B16000554810F051F90321534810F047F956495A
:10B1700015A810F003FF554B0A2212A8196810F009
:10B1800073FF12A915A811F021F801464A4810F0E2
:10B19000B1FD494810F0E0FD12A810F029FF15A8F4
:10B1A00010F026FF01224A49434810F07BFD424837
:10B1B00010F0D2FD3B78002B00F030813D4EDFEDEA
:10B1C000457A96ED007AB4EEE77AF1EE10FA09DDF1
:10B1D000B7EEC77A9FED286BB4EEC67BF1EE10FA9E
:10B1E00001F1B7834FF47841334810F00DF9032192
:10B1F000314810F003F90CA915A810F0DDFED6EDCA
:10B20000007A0A2212A8FDEEE77A224E17EE901A73
:10B2100010F02AFF12A915A810F0D8FF0146264801
:10B2200010F068FD244810F097FD12A810F0E0FE21
:10B2300015A810F0DDFE96ED007A9FED116BB7EECC
:10B24000C77AB4EEC67BF1EE10FA07DD9FED0E6B08
:10B25000B4EEC67BF1EE10FA01F177834FF478413A
:10B26000154810F0D1F80321134810F0C7F80FA9C2
:10B2700036E000BFAFF300800100000000809F4077
:10B280005C8FC2D59B8D8440E27A14AE59DD894033
:10B29000762F01209C2501200000484200FEFF4639
:10B2A00000007A44A0250120AC2B01208825012034
:10B2B000882B012084250120BC2E01202839002064
:10B2C00084540020905400209C54002004990020B5
:10B2D000EC3500200040C844F42B0120182C01203C
:10B2E00015A810F069FED6ED007A0A2212A8FDEE2C
:10B2F000E77ACB4E17EE901A10F0B6FE12A915A8F9
:10B3000010F064FF0146C74810F0F4FCC54810F087
:10B3100023FD12A810F06CFE15A810F069FEC249BA
:10B320000CA810F0F1FEC1490FA810F0EDFE96ED4B
:10B33000007ADFEDBF7AB4EEE77AF1EE10FA09DDBC
:10B34000B7EEC77A9FEDAA6BB4EEC67BF1EE10FAAA
:10B3500001F1F7824FF47841B24810F055F803211B
:10B36000B04810F04BF80CA915A810F025FED6ED4A
:10B37000007A0A2212A8FDEEE77AAE4E17EE901A76
:10B3800010F072FE12A915A810F020FF0146A54882
:10B3900010F0B0FCA34810F0DFFC12A810F028FE5B
:10B3A00015A810F025FE96ED007A9FED936BB7EE91
:10B3B000C77AB4EEC67BF1EE10FA07DD9FED906B15
:10B3C000B4EEC67BF1EE10FA01F1B7824FF478418A
:10B3D000944810F019F80321924810F00FF80FA9C3
:10B3E00015A810F0E9FDD6ED007A0A2212A8FDEEAC
:10B3F000E77A17EE901A10F037FE12A915A810F090
:10B40000E5FE0146874810F075FC864810F0A4FC64
:10B4100012A810F0EDFD15A810F0EAFD079B1B78AF
:10B42000002B00F02481844EDFED817A96ED007AC6
:10B43000B4EEE77AF1EE10FA09DDB7EEC77A9FEDC8
:10B440006C6BB4EEC67BF1EE10FA01F172824FF430
:10B45000784174480FF0D8FF032172480FF0CEFFF7
:10B460000CA915A810F0A8FDD6ED007A0A2212A8A2
:10B47000FDEEE77A714E17EE901A10F0F5FD12A965
:10B4800015A810F0A3FE0146664810F033FC65488D
:10B4900010F062FC12A810F0ABFD15A810F0A8FD8A
:10B4A00096ED007A9FED546BB7EEC77AB4EEC67B8B
:10B4B000F1EE10FA07DD9FED526BB4EEC67BF1EEB4
:10B4C00010FA01F132824FF4784156480FF09CFF98
:10B4D000032154480FF092FF0FA915A810F06CFD3E
:10B4E000D6ED007A0A2212A8FDEEE77A4C4E17EE4E
:10B4F000901A10F0B9FD12A915A810F067FE0146C8
:10B50000484810F0F7FB474810F026FC12A810F04E
:10B510006FFD15A810F06CFD43490CA810F0F4FD68
:10B5200042490FA810F0F0FD96ED007ADFED447A65
:10B53000B4EEE77AF1EE10FA09DDB7EEC77A9FEDC7
:10B54000326BB4EEC67BF1EE10FA01F1EA814FF4F2
:10B55000784134480FF058FF032132480FF04EFF76
:10B560000CA915A810F028FDD6ED007A0A2212A821
:10B57000FDEEE77A2F4E17EE901A10F075FD12A926
:10B5800015A810F023FE0146264810F0B3FB25480D
:10B5900010F0E2FB12A810F02BFD15A810F028FD0A
:10B5A00096ED007A9FED1A6BB7EEC77AB4EEC67BC4
:10B5B000F1EE10FA07DD9FED186BB4EEC67BF1EEED
:10B5C00010FA01F1AA814FF4784116480FF01CFFE0
:10B5D000032114480FF012FF0FA915A810F0ECFC7E
:10B5E000D6ED007A0A2212A8FDEEE77A2AE000BF23
:10B5F0000100000000808F400000E0D89B8D744067
:10B60000010000B259DD79400100000000809F4038
:10B610005C8FC2D59B8D8440E27A14AE59DD89409F
:10B6200088250120BC2E0120AC540020B8540020F5
:10B6300000404844A0250120842501209C250120AC
:10B640000040C84417EE901A10F00EFD12A915A87C
:10B6500010F0BCFD0146944810F04CFB924810F0ED
:10B660007BFB12A810F0C4FC15A810F0C1FC32201E
:10B6700010F0B4FF3B78002B7EF445AA079B1B78A3
:10B68000002B7EF440AAFEF7C2B9B6EE004BB7EE2F
:10B69000E76AB7EEC55A26EE046BA5EE046BB7EE6B
:10B6A000C66BFFF7B7BA814B00224FF4003164201C
:10B6B0005A62996140F2DC51C3E907227C4A44F2A4
:10B6C0007B0313627B4B19607B4BD36101227B4B65
:10B6D0001A7010F083FFFEF7ABBB794B1B78002B81
:10B6E0003FF44AACFEF70DBA01F026FCDFED757AA7
:10B6F00020EE270AFEF7CFB8734D32683B68DFF8BB
:10B70000ECA19B1A55F821209FED708A134423EA7F
:10B71000E373082BA8BF082345F821306C4B53F87E
:10B72000201009A810F0F0FC6A490CA810F0ECFCFD
:10B7300040F2FF715C480FF067FE5B4803210FF099
:10B740005DFE09A9584810F0D5FA574810F004FBDF
:10B750004FF4FC6154480FF057FE032152480FF09C
:10B760004DFE0CA915A810F027FC2368022112A891
:10B770000B3B55F823300AEB830393ED000A20EED0
:10B78000080A10F087FC12A915A810F01FFD014649
:10B79000454810F0AFFA444810F0DEFA12A810F055
:10B7A00027FC15A810F024FC2068A0F10902032A48
:10B7B0003EF677ADA0F10B039FED477A55F82330A5
:10B7C0000AEB830ADAED007A67EE887AF4EEC77A3C
:10B7D000F1EE10FA01F322809FED407AF4EEC77A81
:10B7E000F1EE10FA01F17D81B0EE677ABEEEC87A13
:10B7F00017EE103A06322D4941F82230FEF751BDBE
:10B80000374B1868F9F75CF9039B1978FEF75ABAB9
:10B8100032683B6805999B1A0A681344282B00F389
:10B82000B687002B059AB8BF002313602D4909A8DD
:10B8300010F06AFC27490CA810F066FC2A490FA8F2
:10B8400010F062FC40F2FF7117480FF0DDFD164862
:10B8500003210FF0D3FD09A9134810F04BFA124849
:10B8600010F07AFA4FF4FC610F480FF0CDFD032180
:10B870000D480FF0C3FD0CA915A810F09DFB059B0A
:10B8800015A8196810F0B8FC0FA910F09FFC01462C
:10B89000054810F02FFA044810F05EFA15A810F0D1
:10B8A000A7FB2068FEF7E7BCBC2E01201027012073
:10B8B000E8A1002004990020A01DB508742F0120E4
:10B8C000732F012000007A44D89800200000C8425D
:10B8D000283900204C56002000FEFF4600FEFFC61F
:10B8E00000990020B8340020B4340020043900202E
:10B8F000AD4D1A213B683268AC489A1A2B6803EBAD
:10B9000042030022022BAA4BC3E90822CCBF042227
:10B9100002222A60CCBF4FF480320022DA614FF459
:10B9200080329A6112F02EFE2968A24810F008FABF
:10B93000A04810F011FA22689F4B09A853F8221072
:10B9400010F0E2FB9D490CA810F0DEFB40F2FF7105
:10B950009B480FF059FD9A4803210FF04FFD09A9AC
:10B96000974810F0C7F9964810F0F6F94FF4FC61CB
:10B9700093480FF049FD032191480FF03FFD0CA9BA
:10B9800015A810F019FB296815A810F035FC014620
:10B990008B4810F0AFF98A4810F0DEF915A810F0C6
:10B9A00027FB2068FEF764BC32683B68DFF834A2EE
:10B9B0009B1ADAF800201344082B40F3EC86814BE5
:10B9C000814D1B6805EB830393ED007A08239FEDFF
:10B9D000746BB7EEC77ACAF8003027EE067BB7EE75
:10B9E000C77BB5EEC07AF1EE10FA01F19F80F7EE59
:10B9F000007AB4EEE77AF1EE10FA01F31581F0EE79
:10BA0000477AFEEEC87A17EE902A05EB8303B2EE72
:10BA1000047A6E49D3ED007A0A6267EE877AF5EE12
:10BA2000C07AF1EE10FA41F176800023CB616849CB
:10BA300009A810F069FB61490CA810F065FB654985
:10BA40000FA810F061FB40F2FF715D480FF0DCFCC5
:10BA50005B4803210FF0D2FC09A9594810F04AF9BC
:10BA6000574810F079F94FF4FC6155480FF0CCFCC1
:10BA7000032153480FF0C2FC0CA915A810F09CFA42
:10BA8000DAF80030F2EE047A022105EB830312A803
:10BA900093ED000A20EE270A10F0FCFA12A915A86F
:10BAA00010F094FB0FA910F091FB0146444810F0F0
:10BAB00021F9434810F050F912A810F099FA15A88E
:10BAC00010F096FA2068FEF7E2BBDFF8F8A03268C3
:10BAD0003B689B1ADAF800201344082BCAF80030A0
:10BAE00040F3658608239FED3C7A374DCAF8003055
:10BAF000F0EE477AFEEEC87A17EE903A334A09A87C
:10BB00003649136210F000FB2C490CA810F0FCFA27
:10BB100030490FA810F0F8FA40F2FF7128480FF0F2
:10BB200073FC274803210FF069FC09A9244810F091
:10BB3000E1F8234810F010F94FF4FC6120480FF0B1
:10BB400063FC03211E480FF059FC0CA915A810F046
:10BB500033FADAF80030DFED227A022105EB8303B5
:10BB600012A893ED000A20EE270A10F093FA12A90A
:10BB700015A810F02BFB0FA910F028FB0146104868
:10BB800010F0B8F80E4810F0E7F812A810F030FAEC
:10BB900015A810F02DFA2068FEF776BBAFF30080F1
:10BBA0007F466A60EF988A3FF0980020405400205A
:10BBB000A0260120488A0020283900204C56002069
:10BBC000BC2E0120CC98002004390020502E0120EA
:10BBD00014350020E83400207BC7D43C0035002019
:10BBE0000000C842D098002032683B68AB4D9B1AD9
:10BBF0002A6803EB830302EB4302C82A00F3C185E2
:10BC000012F1C80F80F2E6866FF0C703DFEDA47A69
:10BC10002B60A44B00221A629FEDA37A67EE877A0D
:10BC2000FCEEE77A17EE903AA0494FF4803209A86B
:10BC3000CB619F4B4A621A629E4A9F49DA6110F0BB
:10BC400063FA9E490CA810F05FFA9D490FA810F006
:10BC50005BFA40F2FF719B480FF0D6FB9948032135
:10BC60000FF0CCFB09A9974810F044F8954810F064
:10BC700073F84FF4FC6193480FF0C6FB0321914821
:10BC80000FF0BCFB0CA915A810F096F9296815A8AF
:10BC900010F0B2FA0FA910F099FA0146894810F095
:10BCA00029F8884810F058F815A810F0A1F9206874
:10BCB000FEF7E7BA844932683B689B1A0A68134466
:10BCC000082B0B6000F35785002B80F2438700237D
:10BCD000DFED7E7A0B607E4D09A87E49C5ED007AC6
:10BCE00010F012FA75490CA810F00EFA74490FA85A
:10BCF00010F00AFA40F2FF7172480FF085FB7148AC
:10BD000003210FF07BFB09A96E480FF0F3FF6D488C
:10BD100010F022F84FF4FC616A480FF075FB032124
:10BD200068480FF06BFB0CA915A810F045F995EDCC
:10BD3000000A022112A810F0ADF912A915A810F0FE
:10BD400045FA0FA910F042FA01465E480FF0D2FF03
:10BD50005C4810F001F812A810F04AF915A810F08C
:10BD600047F92068FEF78ABAB2EE045B5A4B93EDAE
:10BD7000006AB8EEC66B86EE057BB7EEC77BFDF7B3
:10BD8000C1BC564B4FF48032C3E90855C3E90622C3
:10BD9000FEF78BBC102F07F1FF3627607FF72FA827
:10BDA000032E3DF6DEAB3846F9F7C4F94C4B0122C1
:10BDB0001A70FDF7D6BB3A6833684A4FD21A4A4B1D
:10BDC00019683B6801FB023340F6E44293423B6052
:10BDD0004CDC464A126802F22B129A42FEF689AAFD
:10BDE00040F6E443424E3B603368FEF7D0B9012A87
:10BDF00040F0178733683F49C71A8F427DF642AF3C
:10BE0000FDF7C7BEDBF800302A789B1B3AB1B3F5CB
:10BE1000FA6F3EF674AB12F033FCFEF75EBB53458F
:10BE2000F9D9FEF76CBB01F087F8334B334A1B6836
:10BE300011688B4200F0EE82136040F6B832DFEDFD
:10BE4000307A93429FED2F7A2F4B47FE277AC3ED2E
:10BE5000007AFDF700BDB3F5967FBEF64AAAA0F5BD
:10BE60009670234E10603368FEF791B91F4B1A6825
:10BE700002F596733B60AEE701233360FEF78BB9A2
:10BE8000F4EEC77AF1EE10FA7EF711AF1F4BC3ED57
:10BE9000007A1F4BC3ED007AFEF709BF1C26012074
:10BEA00000E0F645502E0120C637BE47042E012083
:10BEB0002C2E012000CBB22CEC3400204C5600205C
:10BEC000E8340020BC2E0120D4980020000000009F
:10BED0006C250120D4340020C8980020A026012021
:10BEE000619B0020C0980020C4980020F02501200C
:10BEF000B498002059620200B8980020E898002009
:10BF000000809C4300006B43AC25012018C1002039
:10BF10009025012000FEFF4672B647F6FF734FF4EE
:10BF20000040B9F91E10A9F81E30B9F92030A9F85F
:10BF3000200062B65B1A5FED093AB7EEC66A07EEFB
:10BF4000903AF8EEE77A9FEDB64B87EEA37A9FED35
:10BF5000B65BB7EEC77A27EE047BA6EE057BB7EE9D
:10BF6000C77B82ED007AFDF701BE394615A810F0B7
:10BF700023F8216815A8FAF7F3FD15A810F038F892
:10BF8000FDF7E2BF002A80F2AF852B60FEF7EAB82A
:10BF900032683B68A64D9B1A2A681344062B00F3AF
:10BFA0003984002BB8BF00232B60A24909A810F0E8
:10BFB000ABF8A1490CA810F0A7F8A0490FA810F001
:10BFC000A3F840F2FF719E480FF01EFA9C4803212F
:10BFD0000FF014FA09A99A480FF08CFE98480FF058
:10BFE000BBFE4FF4FC6196480FF00EFA0321944813
:10BFF0000FF004FA0CA915A80FF0DEFF914B2A6888
:10C0000012A8914D53F822100A2210F02DF812A90F
:10C0100015A810F0DBF80FA910F0D8F801468848F1
:10C020000FF068FE86480FF097FE12A80FF0E0FFB1
:10C0300015A80FF0DDFFDBF800A012F021FB2B7834
:10C04000002B00F0B384814B1B78D80740F1AE84FD
:10C050007F4ADBF8003012689B1A0E2B40F2A68450
:10C060002068FEF724B93B683268DFF824A29B1AE7
:10C07000002B40F3D08441F27073CAF80030754948
:10C0800009A810F041F86C490CA810F03DF872496D
:10C090000FA810F039F840F2FF7169480FF0B4F9B9
:10C0A000674803210FF0AAF909A965480FF022FE9D
:10C0B00063480FF051FE4FF4FC6161480FF0A4F9A2
:10C0C00003215F480FF09AF90CA915A80FF074FF2F
:10C0D000DAF8001015A810F08FF80FA910F076F814
:10C0E000014657480FF006FE55480FF035FE15A8DB
:10C0F0000FF07EFFDAF8000040F6B833984206D021
:10C1000041F27073984202D02068FEF7CDB8F6F77E
:10C110009BF9F9E713F1280FB8BF6FF027032B60E5
:10C12000FEF766B80790F9F705F80798FEF755B8D7
:10C130004A4B1362DAF80430DFED496A05EB8303FA
:10C140009FED487AD3ED007A67EEA67AF4EEC77ACF
:10C15000F1EE10FA09DC9FED447AF4EEC77AF1EEC5
:10C1600010FA40F16C83414B00E03C4B5362DAF82B
:10C1700008309FED3C7A05EB8303D3ED007AF4EEB3
:10C18000C77AF1EE10FA09DC9FED377AF4EEC77A40
:10C19000F1EE10FA40F14C83344B00E02F4BDAF80B
:10C1A0000C209FED307A05EB8202D2ED007A304A06
:10C1B000F4EEC77A9361F1EE10FA09DC9FED2A7A6A
:10C1C000F4EEC77AF1EE10FA40F12B83274B00E032
:10C1D000224B284A032E93615CD9002F7DF4C1A91C
:10C1E000254B264A1B681268134300F070843846BA
:10C1F000F8F7A0FF224B4DF68C1238469F61DA61AA
:10C20000C3E90877F8F796FF1E4B1F4A9F61DA6172
:10C210000122C3E908771D4B1A70FDF7A2B900BFD0
:10C220000000000000005940CDCCCCCCCCCCEC3F81
:10C23000BC980020245400204C5600203854002084
:10C24000BC2E012024370020812F0120802F0120C7
:10C25000182F012028350020E83400200000FF7F3F
:10C260000000C84200FEFF4600FEFFC6000001803D
:10C2700030C4002050C400201C260120CC9800208F
:10C280006826012048270120F7140200619B002046
:10C29000B8980020002F00F01A843846F8F74AFFBB
:10C2A000AF4B00223846C3E907225A624FF40042DE
:10C2B0009A61F8F73FFFAB4B01221A7070E5DFF887
:10C2C00018A332683B689FEDA87A9B1A5AF8212080
:10C2D000A64D134423EAE373082BA8BF08230D28B7
:10C2E0004AF8213000F0FC82DAF80C3005EB8303C9
:10C2F000D3ED007AF4EEC77AF1EE10FA00F327845A
:10C300009FED9B7AF4EEC77AF1EE10FA00F17A8491
:10C31000B0EE677ABEEEC87A17EE103A954A93618E
:10C32000954B53F8201009A80FF0EEFE93490CA886
:10C330000FF0EAFE40F2FF7191480FF065F8904867
:10C3400003210FF05BF809A98D480FF0D3FC8C484E
:10C350000FF002FD4FF4FC6189480FF055F80321FE
:10C3600087480FF04BF80CA915A80FF025FE23689D
:10C37000022112A80B3B5AF8233005EB830393EDFF
:10C38000000A0FF087FE12A915A80FF01FFF014643
:10C390007B480FF0AFFC7A480FF0DEFC12A80FF0DC
:10C3A00027FE15A80FF024FE2068FDF77ABF754B15
:10C3B000187800283DF453AD1970012306990B70CD
:10C3C0001370FDF74CBD704B1362DAF80430DFEDEB
:10C3D0006F6A05EB83039FED647AD3ED007A67EE15
:10C3E000A67AF4EEC77AF1EE10FA09DC9FED607AD6
:10C3F000F4EEC77AF1EE10FA40F12F82644B00E0C0
:10C40000614B53620022634B64201A6210F0E6F81D
:10C41000FDF70EBDDFED607A604B20EE277A9FEDD1
:10C420004C6BB7EEC77A9FED4C5B27EE067B93ED26
:10C43000006AB7EEC66AA6EE057BB7EEC77B83ED52
:10C44000007AFDF708BA1846554B11464FF4817231
:10C450001B680593FBF710FA524B02461860059BC8
:10C4600083421EDC504B19780591D1B94F490978A8
:10C47000B9B107214E4812F085F84A4B4D4819686A
:10C480000FF05EFC4B480FF067FC0122464BD6F8DC
:10C4900000901A70484B059ADAF800801A70FDF780
:10C4A000C4BD002A7DF4C1AD434B197800297DF449
:10C4B000BCAD3E49097800293DF4B7AD08213F489D
:10C4C000059212F05FF83B480FF046FC3A4B012111
:10C4D000059AD6F800901970334BDAF800801A707C
:10C4E000FDF7A3BD40F6B8306425F5F7ADFF32681F
:10C4F0003B6833489B1A40F6E442016805FB03138E
:10C50000934240F3E381DFED2F7A02602E4B40F639
:10C51000B8321A6000222D4B1A609FED2D7A67EE1B
:10C52000877AFCEEE77A17EE901A2A4B00222068F1
:10C530005A62C3E90722174AD16141F639511162A3
:10C540004FF400329A61FDF7B5BE00BFAFF3008033
:10C55000FCA9F1D24D62503F2B8716D9CEF7EF3FA1
:10C5600048270120619B002000FEFF46043900207F
:10C5700000FEFFC650C40020283900204C56002081
:10C58000BC2E0120732F01200000FF7F0000C84255
:10C5900000000180E8A1002000007A44AC250120C1
:10C5A00008990020042601206A2F01206E2F012007
:10C5B000C4540020488A00206B2F0120CC54002056
:10C5C0000499002000404E45B89800201C26012008
:10C5D000C637BE4710270120D898002041F270705E
:10C5E00041F69C05F5F730FF3A6833684FF0C80C08
:10C5F000DD48D31A01680CFB0313AB4200F36281E0
:10C60000B3F5967F80F22B824FF49673DFEDD77AE5
:10C610000360D74B41F2707119600021D54B19604E
:10C620009FEDD57A67EE877AFCEEE77A17EE901ADF
:10C63000D2480023C0E907334362D14BD96141F6A8
:10C64000395119624FF400338361FDF737BECD4B8A
:10C650004FF48032C3E907555D629A61FEF725B851
:10C660009FEDC57A67EE877AFCEEE77A17EE905A6F
:10C67000FDF787BF9FEDC07A67EE877AFCEEE77A19
:10C6800017EE905AFDF7C5BF72B647F6FF724FF42A
:10C690000046B1F91E00CA83B1F920200E8462B6AB
:10C6A000121A9FEDB94ADFEDB94AB7EEC66A07EE36
:10C6B000902AF8EEE77A9FEDAA5B87EE847A27EE60
:10C6C000247AB7EEC77AA6EE057BB7EEC77B83ED7B
:10C6D000007AFEF71BBD72B647F6FF724FF40046B4
:10C6E000B1F91E00CA83B1F920200E8462B6121A75
:10C6F0009FEDA54ADFEDA54AB7EEC66A07EE902A80
:10C70000F8EEE77A9FED965B87EE847A27EE247A3F
:10C71000B7EEC77AA6EE057BB7EEC77B83ED007A4E
:10C72000FEF7C4BC72B647F6FF734FF40040B9F988
:10C730001E10A9F81E30B9F92030A9F8200062B601
:10C740005B1A9FED914ADFED914AB7EEC66A07EE9C
:10C75000903AF8EEE77A9FED825B87EE847A27EED7
:10C76000247AB7EEC77AA6EE057BB7EEC77B82EDDB
:10C77000007AFEF76BBC0823F3EE047A0B60FFF738
:10C78000AABAC823DFED827A2B60FFF742BA2823CA
:10C790000B60FFF74BB8002B80F20E820023CAF823
:10C7A00000307C4B00227C4D1A62FFF740B9002B11
:10C7B00080F2DB810023784DCAF800300023FFF7B8
:10C7C0009DB972B647F6FF734FF40040B8F91E10DA
:10C7D000A8F81E30B8F92030A8F8200062B65B1A1D
:10C7E0009FED694ADFED694AB7EEC66A07EE903AF7
:10C7F000F8EEE77A9FED5A5B87EE847A27EE247A8B
:10C80000B7EEC77AA6EE057BB7EEC77B82ED007A5E
:10C81000FEF7E7BB06232B60FFF7C7BB5F4BFEF7B6
:10C82000E9BFB0EE677ABEEEC87A17EE103AD0E4F0
:10C83000B0EE677ABEEEC87A17EE103AAFE4B0EE0B
:10C84000677ABEEEC87A17EE103A8FE4B0EE677AD8
:10C85000BEEEC87A17EE103A6BE4B0EE677ABEEE21
:10C86000C87A17EE103ACCE5B0EE677ABEEEC87A19
:10C8700017EE103AA8E572B647F6FF734FF4004082
:10C88000B8F91E10A8F81E30B8F92030A8F820001A
:10C8900062B65B1A9FED3C5AB7EEC66A07EE103AD5
:10C8A000F8EEC75A9FED2E4B85EE857A27EE277A54
:10C8B000B7EEC77AA6EE047BB7EEC77B82ED007AAF
:10C8C000FDF721B9DFED367A0560A2E6B3F5967F74
:10C8D00080F2A8804FF49673DFED247A036015E6AA
:10C8E000DAF8083005EB8303D3ED007AF4EEC77A6B
:10C8F000F1EE10FA00F329819FED2A7AF4EEC77A5F
:10C90000F1EE10FA00F17C81B0EE677ABEEEC87AE3
:10C9100017EE103A244A936102E54FF4FC61FEF7EA
:10C9200054BE4FF4FC61FEF714BE4FF4FC61FEF7F9
:10C93000CCBD4FF4FC61FEF78CBD4FF4FC61FEF7FB
:10C9400047BD4FF4FC61FEF707BD4FF4FC61FEF7F5
:10C9500087BC4FF4FC61FEF747BC00BFAFF300801B
:10C96000CDCCCCCCCCCCEC3F04990020000096433D
:10C97000B89800201C260120C637BE47102701208A
:10C98000E8A10020A026012000FEFF460000C842CA
:10C990000060EA45502E0120043900200000FF7F8E
:10C9A00000E0C44500FEFFC630C40020DBF80030C4
:10C9B0002A78A3EB0A033AB1B3F5FA6F3FF650AB0E
:10C9C00011F05EFEFFF739BB40F2EE229342F7D939
:10C9D000FFF746BB41F614632A609B1A9A4A07EE9A
:10C9E000903A0023F8EEE77A1362F5EEC07AF1EEA2
:10C9F00010FA3FF519A99FED957AF4EEC77AF1EE9A
:10CA000010FA7FF709A94FF08043FFF70DB99FEDAA
:10CA1000907AFEF749B91CBF40F6B833CAF8003027
:10CA2000FFF72DBB07EE903A40F6B83203600021C5
:10CA3000F8EEE77A874B1A60F5EEC07A864B1960FC
:10CA4000F1EE10FA3FF571AD9FED847AF4EEC77AFE
:10CA5000F1EE10FA7FF761AD4FF0004165E507EEAA
:10CA6000903A41F270710360F8EEE77A794B196001
:10CA70000021F5EEC07A784B1960F1EE10FA3FF51F
:10CA8000D7AD9FED767AF4EEC77AF1EE10FA7FF724
:10CA9000C7AD4FF00041CBE5714B3A6819686D4B5B
:10CAA000704F1B68704800933B78FCF745FBDBF840
:10CAB0000030DAF800803E702B60FDF7C2BA013A10
:10CAC0004A61FCF7EBBD013F5F61FCF735BD674B89
:10CAD00000229A61C3E908224DF68C12DA61FFF751
:10CAE000DCBB634BFEF786BE07EE902AB2EE045B1A
:10CAF0002A60B8EEE76B86EE057BB7EEC77BFCF7E6
:10CB000001BE9620FDF706B95A4B18680028BDF6FD
:10CB100003A9FDF717B99FED517AF4EEC77AF1EE4C
:10CB200010FA08DD4FF00043FEF780BFF3EE047A01
:10CB3000454900230B629FED507A67EE877AFCEE41
:10CB4000E77A17EE903AFEF771BF4C4BE2E64B4B9B
:10CB5000FFF7E4BB4A4DB2EE047A05EB8303D3ED55
:10CB6000007A67EE877AFFF7B6B8454D05EB830389
:10CB700093ED007A9FED306BB7EEC77AB4EEC67BCB
:10CB8000F1EE10FA3FF51AAE9FED2D6B27EE067B06
:10CB9000B7EEC77BB5EEC07AF1EE10FA3FF50EAEF8
:10CBA000F7EE007AB4EEE77AF1EE10FA7EF7A0AF76
:10CBB0004FF48033FEF7A2BFCAF800303FF4F1AD66
:10CBC000304A2F4D126805EB820292ED007A9FEDFC
:10CBD0001C6BB7EEC77A27EE067BB7EEC77BB5EEC8
:10CBE000C07AF1EE10FA19D4F7EE007AB4EEE77AD3
:10CBF000F1EE10FA7EF703AF4FF48032FEF705BF77
:10CC00001B4B87E61A4BFFF789BB00218C221E487D
:10CC10000EF0D8FB4FF4FC61FEF7D5B80022FEF70A
:10CC2000F4BE3368FDF72EB807494FF48033F3EEB6
:10CC3000047A0B627FE700BF7B14AE47E17A843F42
:10CC40007F466A60EF988A3F502E012000442C46B0
:10CC500000000000B89800201C2601200044AC46CB
:10CC6000F02501206F2F01201023012068260120CC
:10CC70000000018014260120C637BE470000FF7F58
:10CC800004390020CC980020BC2E012070B5002172
:10CC900004460EF0A3FC80B104F5805595F83C34B1
:10CCA000072B0AD8DFE803F0D2D8DEE4EAF0040A62
:10CCB0000723C4F8340485F83C3470BDD4F81C2430
:10CCC00004F23C41C4F83804131D02F5827C0A4684
:10CCD00033F8026B634542F8046BF9D1D4F8206451
:10CCE00004F23C62331D06F5827C33F8026B634527
:10CCF00042F8046BF9D1D4F8246404F63C02331DE5
:10CD000006F5827C33F8026B634542F8046BF9D177
:10CD1000D4F8286404F63C22331D06F5827C33F8EF
:10CD2000026B634542F8046BF9D1D4F82C6404F625
:10CD30003C42331D06F5827C33F8026B634542F8B2
:10CD4000046BF9D1D4F8306404F63C62331D06F567
:10CD5000827C33F8026B9C4542F8046BF9D1D4F81D
:10CD6000346441F23C02331D224406F5827C33F8E0
:10CD7000026B9C4542F8046BF9D141F23C22031D41
:10CD800000F58270224433F8026B834242F8046B50
:10CD9000F9D1D4F8180480B104F5886200F5006C6C
:10CDA00032F8043C043230F8026B13FB06F384457E
:10CDB0004FEAE33322F8083CF2D141F24440354EC9
:10CDC000204411F0A9FF04F5876104F1160004F670
:10CDD000384C51F8043F23FB03F3B3FA83F28C453C
:10CDE00036F812E0B3FBFEF272444FEA5202B3FB94
:10CDF000F2F313444FEA530320F8023FE9D1012331
:10CE0000D4F81C0485F83D340EF09CFBD4F82004C3
:10CE10000EF098FBD4F824040EF094FBD4F8280408
:10CE20000EF090FBD4F82C24D4F83034D4F8341419
:10CE3000C4F81C24C4F820340423D4F83824C4F8DB
:10CE40002414C4F8282485F83C3470BD0123C4F8A8
:10CE50001C0485F83C3470BD0223C4F8200485F816
:10CE60003C3470BD0323C4F8240485F83C3470BD01
:10CE70000423C4F8280485F83C3470BD0523C4F8A5
:10CE80002C0485F83C3470BD0623C4F8300485F8C2
:10CE90003C3470BDAC55002010B5002104460EF0A6
:10CEA0009DFBC8B1031DB4F91EC0B4F9201000F5F4
:10CEB000827E33F9022B9445A8BF94469142B8BFB5
:10CEC00011467345F5D10123A4F81EC021842377B0
:10CED000BDE810400EF036BB10BD00BF2DE9F0419B
:10CEE000002180460EF07AFBF8B100F1140100F544
:10CEF0008A7CD8E9082351E9047651E90254C7FB3A
:10CF0000C723C6FBC623C5FBC523C4FBC4231031FE
:10CF10006145F0D1D8F828100131C8E90823C8F8D4
:10CF20002810BDE8F0410EF00DBBD8F828300133D1
:10CF3000C8F82830BDE8F08138B572B69FED127B95
:10CF40000023826AD0E90845836280ED087B62B6DF
:10CF5000D2012046294614F03BF914F0FBF807EE05
:10CF6000900AF5EE407AF1EE10FA06D4B1EEE70A37
:10CF7000DFED077A80EE270A38BD00EE100A12F0C6
:10CF80008BFCF5E7AFF3008000000000000000001C
:10CF900000FEFF4610B504460EF0BEFC204610BD54
:10CFA000024A0349034813F043BE00BF0893002020
:10CFB00075AC0000B8A80020002070470020704722
:10CFC000F8B50127027A1E4C0D46BA40C1F307217D
:10CFD0000646204684F8A52084F8307184F82F7125
:10CFE00009F0D0FCE9B2204609F0CCFC0021204633
:10CFF00009F0A0FD08B10020F8BD3B460222317ABD
:10D00000204609F017FE0128F5D994F8A22094F8DB
:10D01000A300824210D2531CA118DBB2897E984231
:10D020004FEA012184F8A23006D923440232987EC7
:10D0300084F8A2200843F8BD4FF0FF30F8BD00BFD0
:10D04000588A0020F8B50127037A144C242903FAE2
:10D0500007F30D4608BFC2801646C1F307212046DC
:10D0600084F8A53084F8307184F82F7109F08AFCB7
:10D07000E9B2204609F086FCC6F30721204609F0F4
:10D0800081FC2046F1B209F07DFC3946204609F0CA
:10D0900051FDB0FA80F04009F8BD00BF588A002069
:10D0A0002DE9F0414FF001080F461546302144F2BA
:10D0B000600280F804800446FFF7C4FF064610B9FA
:10D0C0003046BDE8F0816C2226212046FFF7BAFFEA
:10D0D0004FF4F97228212046FFF7B4FF40F6227280
:10D0E0002C212046FFF7AEFF44F246423C21204669
:10D0F000FFF7A8FF40F2371224212046FFF7A2FFD6
:10D10000002F6BD0454B342120469F428CBF4246B6
:10D110000022FFF797FF07EE905A9FED417A3221E8
:10D12000B8EE676A07EE907A2046F8EE676AB5FBBC
:10D13000F7F2C6EE267A02F01F0206EE902AF8EE0B
:10D14000E66A77EEE67A67EE877AFCEEE77A17EE24
:10D15000903AC3F30A0343EAC222FFF773FF44F293
:10D16000FF5230212046FFF76DFF73220221204637
:10D17000FFF768FF4FF4C8700FF030FA41F61D5208
:10D180002E212046FFF75EFF072204212046FFF7ED
:10D1900059FFB02206212046FFF754FF10220A2132
:10D1A0002046FFF74FFF00220E212046FFF74AFFDF
:10D1B00043F63C4210212046FFF744FF47F67F72BA
:10D1C00022212046FFF73EFF362224212046FFF78A
:10D1D00039FF012330466372BDE8F08144F2FF025B
:10D1E00030212046FFF72EFF732202212046FFF751
:10D1F00029FF4FF4C8700FF0F1F941F61D522E21AE
:10D200002046FFF71FFF042220461146FFF71AFFB2
:10D21000302206212046FFF715FFBFE740660301D5
:10D220000000004510B5044608481CF0C9FA052066
:10D230000FF0D4F906212046FFF7C2FE2046044A2B
:10D240000021BDE81040FFF72BBF00BF588A002027
:10D250000040C40A10B50446D1B1012901D0002014
:10D2600010BD40F273122A21FFF7ECFE0028F6D021
:10D27000882220212046FFF7E5FE0028EFD0E28833
:10D280002046242122F00402BDE81040FFF7DABE58
:10D2900055222021FFF7D6FE0028E0D0E288204664
:10D2A000242142F00402BDE81040FFF7CBBE00BFCE
:10D2B00038B5054611B380290CD8C1F180042B790B
:10D2C00044EA042453B9224628462221BDE83840C6
:10D2D000FFF7B8BE2B790024002BF4D0EA88002396
:10D2E0002421284622F010022B71FFF7ABFE2246C4
:10D2F00028462221BDE83840FFF7A4BE012347F6A7
:10D300007F7222210371FFF79DFEEA8828462421BF
:10D3100042F01002BDE83840FFF794BE9FED1F7A3F
:10D32000DFED1F7AE0EE077A38B50546FCEEE77AC6
:10D3300017EE904A14B3802C0CD8C4F180042B79DA
:10D3400044EA042453B9224628462221BDE8384045
:10D35000FFF778BE2B790024002BF4D0EA88002355
:10D360002421284622F010022B71FFF76BFE224683
:10D3700028462221BDE83840FFF764BE012347F666
:10D380007F7222210371FFF75DFEEA88284624217F
:10D3900042F01002BDE83840FFF754BE00000143E0
:10D3A000EE7CFF3E2DE9F84FB0F81A8040F2625350
:10D3B0000546868B08F10108984500F2B780B04514
:10D3C0001FFA88F708F1100400F0B7800021284602
:10D3D0000EF004F9B04545F824006F8380F0C28058
:10D3E00008F26354A41BEB8BA34212D2E41A4FF051
:10D3F000000A40F2625905EB86070136386C4E454B
:10D4000088BF002618B10EF09DF8C7F840A0013C77
:10D41000F1D1002405F12009AE832B7E2341DB07E7
:10D4200015D559F82430B8EBD31F03F07F0A4FEA23
:10D43000D31611D3A8EB0606BAF1000F12D110369D
:10D4400055F8261019B1E2B228460EF0A3F80134BF
:10D45000082CE2D1BDE8F88F08F263539E1BBAF1A5
:10D46000000FECD00EF018F883460028EFD0071D0F
:10D4700096B3731E103355F82310A1B301F5827EC5
:10D48000AEEB4A0296450ED93846134633F902CB25
:10D490009E4520F802CBF9D801F203139B1A23F022
:10D4A000010302331F4410360BF5827255F8261023
:10D4B00081B3974201F1040105D231F9023B27F80B
:10D4C000023BBA42F9D82846E2B259460EF062F859
:10D4D00058460EF037F8BAE740F26253103355F869
:10D4E00023100029CAD107EB4A029742DBD26FF022
:10D4F000040310363846A3EB0B031A4422F0010252
:10D500000232174415F050FF55F826100BF58272C1
:10D510000029CED19742D6D20BF203123846D21B45
:10D5200022F00102023215F03FFFCCE70027B84697
:10D53000B04508F110047FF449AF55F8240008B154
:10D540000EF000F8013640F263539E427FF43EAF86
:10D55000002128460EF042F8002645F824004446F3
:10D560006F8340E7A8EB06043DE700BF30B482B00C
:10D570000C4602AB03E90600C37C002B30D072B628
:10D58000C37CDA0708D54FF0E0214569D1F8802146
:10D590002A408262C1F880219D0708D54FF0E02122
:10D5A0008569D1F884212A40C262C1F884215907D3
:10D5B00008D54FF0E021C569D1F888212A400263DF
:10D5C000C1F888211A0708D54FF0E021056AD1F883
:10D5D0008C212A404263C1F88C21DB062FD462B62D
:10D5E00083689C4235D0224B84609B69214AC3F3F7
:10D5F0000111C3F3826352F821100133B1FBF3F23E
:10D60000CCB1944227D8B2FBF4F3B2FBF3F29442CC
:10D610002CD3B3F5817F20D3174CC4600368032259
:10D620000020019918615A6201221C6419661A616E
:10D6300002B030BC70479942EFD3531CE9E74FF07A
:10D64000E022416AD2F890310B408363C2F89031F6
:10D65000C5E7C468E2E70024DFE7022BFBD9023B01
:10D660005A08140244EA02441C43D6E71A46E4E787
:10D6700000C00F40F83E0020FF7F7F002DE9F04101
:10D68000002180460DF0B6FF0446012140460DF012
:10D69000A5FF05468CB3A0B30C3004F10C0105F5D1
:10D6A000867C51E9022350E9026712FB36FE2EF315
:10D6B000CF3E12FB06F222F3CF32C2EA0E4213FB38
:10D6C00037FE2EF3CF3E13FB07F323F3CF33C3EA2A
:10D6D0000E430830604541E9022301F10801E0D121
:10D6E0000022214640460DF055FF20460DF02AFF4E
:10D6F0002846BDE8F0410DF025BF0028F9D1BDE86E
:10D70000F0812046BDE8F0410DF01CBF70B500214E
:10D7100005460DF063FFE0B1EB69B3B1012B0446A0
:10D7200018D00DF0B9FE064670B1021D8023211DF0
:10D7300005F1200011F078FB2846002231460DF05B
:10D7400029FF30460DF0FEFE2046BDE870400DF08A
:10D75000F9BE70BD0146002228460DF01BFF204691
:10D76000BDE870400DF0EEBE024A0349034813F0D5
:10D770005FBA00BF0893002075AC000030A80020FD
:10D78000294A2A4B2A4910B5146810792269C877AA
:10D790009A420BD2274A1278002A41D04FF0E02259
:10D7A000402103F5807EC2F8081202E09E46A3F5F0
:10D7B00080732149214A0968106881B378B3204CED
:10D7C0002288402A2BD802F1020C403201EB4C0196
:10D7D000228000EB4C001A46BFF34F8F03F1200468
:10D7E00003F5807CA44534BF4FF0010C4FF0080CCA
:10D7F0004FF0E02403EB4C1CC4F85C2F2032624550
:10D80000FAD1BFF34F8FBFF36F8F33F9042B21F899
:10D81000022B9E4533F9022C20F8022BF5D810BDBF
:10D8200003F5807EC5E700BFA8A70020E0332020D5
:10D8300000800E40642F0120A0A70020A4A7002094
:10D840004E2F0120F8B506460DF026FEC0B1044665
:10D850000DF022FE054680B172B61E4B1A887F2A53
:10D8600017D81D490A6872B362B620460DF06AFEE9
:10D870002846BDE8F8400DF065BE20460DF062FE7A
:10D8800072B6144B1A887F2A01D862B6F8BD0025FB
:10D890002C4611480022114907681A8004600C6860
:10D8A0000D6062B6394630460DF074FE38460DF014
:10D8B00049FE3046214601220DF06CFE2046BDE8AF
:10D8C000F8400DF03FBE0C6004491A80086062B653
:10D8D000F8BD00BF4E2F0120A0A70020A4A7002064
:10D8E00038B5234C0121062520460DF0B1FF00205C
:10D8F00000F0F6FA02221F4903201F4BC1F87C01F9
:10D90000C3F894211D4923681D4859609A609A8282
:10D910004FF480721B49186000201961DA82217966
:10D92000DA839D83A5F20625174AD8609D6142F8E7
:10D9300021001648164B42F82100164AC3F88820E9
:10D940000DF064FF2379144C0121144A207003F177
:10D950001000134C02EB5312E37603F01F03920006
:10D96000104C9940104B43F82040116038BD00BF67
:10D97000A8A7002000801F4000841F400000010174
:10D98000A2403840E032202000C00E40130000804A
:10D990000040384001000092642F012040380038D8
:10D9A00000800E4061B40000009C0020024A034940
:10D9B000034813F03DB900BF0893002075AC000088
:10D9C000A8A70020024A0349034813F031B900BF59
:10D9D0000893002075AC0000C0A70020024A03494C
:10D9E000034813F025B900BF0893002075AC000070
:10D9F00038A80020024A0349034813F019B900BFB0
:10DA00000893002075AC000040A80020024A03499A
:10DA1000034813F00DB900BF0893002075AC000057
:10DA200058A80020024A0349034813F001B900BF77
:10DA30000893002075AC0000B0A70020024A0349FB
:10DA4000034813F0F5B800BF0893002075AC000040
:10DA5000C8A70020024A0349034813F0E9B800BFF1
:10DA60000893002075AC000048A80020024A034932
:10DA7000034813F0DDB800BF0893002075AC000028
:10DA8000B8A70020024A0349034813F0D1B800BFE9
:10DA90000893002075AC0000D0A700202DE9F04FBE
:10DAA00000F5807EB1E8A00AB2E84015C5EA064359
:10DAB000C6EA2544C7EA0845C8EA2746C9EA0A472C
:10DAC000CAEA2948CBEA0C49CCEA2B4AA0E8F80775
:10DAD0008645E7D1BDE8F04F70474FF000022DE9D1
:10DAE000F00F00F5807C00BFB1E8A00AC5EA020390
:10DAF000C2EA2544C7EA0205C2EA2746C9EA020784
:10DB0000C2EA2948CBEA0209C2EA2B4AA0E8F80790
:10DB10008445E9D1BDE8F00F70474FF000022DE9D0
:10DB2000F00F00F5807C00BFB1E8A00AC2EA05430F
:10DB3000C2EA0504C2EA0745C2EA0706C2EA094783
:10DB4000C2EA0908C2EA0B49C2EA0B0AA0E8F807D0
:10DB50008445E9D1BDE8F00F70472DE9F00F089C2E
:10DB600000F5007B51F8045B53F8046BC5EA0647E7
:10DB7000C6EA254952F8045B54F8046BC5EA064826
:10DB8000C6EA254AA0E880078345EBD1BDE8F00F3F
:10DB9000704700BF70B58469ACB3B4F5803F0546EB
:10DBA0004FF0000121D00DF025FD064680B300F1B5
:10DBB000040C00F58271DCF8003034FB03F234FB16
:10DBC00013F302F30F0203F30F03C2EA03434CF80B
:10DBD000043B8C45EFD12846002231460DF0DAFC9B
:10DBE0003046BDE870400DF0ADBC0DF0F7FC0446CA
:10DBF00070B10146002228460DF0CCFC2046BDE85D
:10DC000070400DF09FBC21460DF0E8FC0028E8D1E3
:10DC100070BD00BFF8B5002705463C46B4B3394691
:10DC200028460DF0DBFC08B3BB1D04F1040E00F127
:10DC3000040C55F82360B6F5803F47D000F582719B
:10DC40005CF8042B36FB02F336FB12F203F30F03EE
:10DC500002F30F02C3EA0243DEF8002093FA12F344
:10DC60008C454EF8043BEBD10DF06CFC0137042FD2
:10DC7000D4D12846214600220DF08CFC2046BDE878
:10DC8000F8400DF05FBC0137042F3AD039462846E2
:10DC90000DF0B0FC04460028F5D0BB1D55F823005C
:10DCA000B0F5803FE2D0211D04F582760B6830FB91
:10DCB00003F230FB13F302F30F0203F30F03C2EA84
:10DCC000034341F8043BB142F0D1CFE700F10C022D
:10DCD00004F10C0300F5867C53F8081C52F8086C1C
:10DCE00091FA16F143F8081C53F8041C52F8046C1E
:10DCF00091FA16F1083243F8041C08339445EBD12D
:10DD0000B2E7F8BD2DE9F84F454B464C1868197934
:10DD100004F580750368444AAB42D1770BD2434B7C
:10DD20001B78002B4BD04FF0E02340222C4605F50A
:10DD30008075C3F808223E4BDFF804A1D3F80080B9
:10DD4000DFF800913B4BBAF80060D3F800B0B9F8A7
:10DD50000070B8F1000F4FD0BBF1000F21D1B8F126
:10DD6000000F49D008F10401204601EB460140367E
:10DD7000FFF7B3FEBFF34F8F4FF0E022C2F8704FB2
:10DD80002034AC42FAD3BFF34F8FBFF36F8F7F2E97
:10DD900026D8AAF800607F2F15D8A9F80070BDE832
:10DDA000F88F0BF1040208F10401204602EB470250
:10DDB000403701EB46014036FFF770FEDAE72C46AC
:10DDC00005F58075B7E700245846A9F800400DF026
:10DDD000B9FB194B1A681C60164B1A60BDE8F88F26
:10DDE00000244046AAF800400DF0ACFB134A104B4B
:10DDF000116814601960CEE7BBF1000F08D00BF179
:10DE00000401204601EB47014037FFF786FEB1E7EA
:10DE10004FF480725946204615F0C6FAAAE700BFB3
:10DE2000E8A70020E034202000800E40652F01206C
:10DE3000D8A70020E0A70020E4A70020DCA700204E
:10DE4000502F0120522F012038B5002104460DF03B
:10DE5000C5FB88B172B61C4A1368002B2BD01B4936
:10DE60000D68002D2CD0156008600021184A118023
:10DE700062B618460DF066FB012120460DF0AEFBA0
:10DE800098B172B6134A136883B113490C6854B140
:10DE900014600024114A0860148062B61846BDE878
:10DEA00038400DF04FBB086062B638BD0B491060BA
:10DEB0000B8062B638BD064910600B8062B6DBE7A6
:10DEC000086062B6D8E700BFD8A70020DCA7002012
:10DED000502F0120E0A70020E4A70020522F0120AE
:10DEE000F8B52D4C05462D4AE36F43F44023E36714
:10DEF0009368002B46DBD2F88830002B42DB0023EE
:10DF000042F210724FF40C611C201BF05DFCE369BF
:10DF1000234A23F44063234943F40063E361A36A83
:10DF20001A40214B42F0CE02A2624A68134043F4E9
:10DF300000234B602DB91D4B0322C3F82021C3F8E9
:10DF400024211A4E0327154B0124C6F828710025F9
:10DF50004FF480301649174A174E1D66DC601E616B
:10DF600058619961DA61C3F8E050C3F88C4004F15C
:10DF7000E064C3F89040C3F89400C3F89810C3F865
:10DF80009C20F8BD002DFCD1084B0322C3F82021B2
:10DF9000C3F82421F8BD00BF00C00F400040384046
:10DFA00000FEFFFF00C00A40F8FFF7FF00801F409F
:10DFB0001B1F0100001F1F1F0100004770B5264DE9
:10DFC00000240121254E28460DF042FC244A254B11
:10DFD000204614601C60FFF783FF234B0321234A74
:10DFE0000220C3F880112B6821491A604FF4807217
:10DFF0009C61DA82DA8306229C829A831D4ADE6063
:10E000001A61C3E9011029791B480FFA81FC1B4BE7
:10E0100040F82C4040F82C30194B1A48D976D2F8E9
:10E020006630194C43F01043C2F8663042F81A0CBF
:10E030000DF0ECFB2A79154B0121207002F1100044
:10E0400003EB521302F01F02114C91409B00114A46
:10E0500042F82040196070BDE8A7002000FEFFFFD5
:10E06000D8A70020E0A7002000801F40E034202037
:10E07000020001012240384000C00E401400008020
:10E0800000800E4001000090652F012040380038CC
:10E09000E5B90000009C0020024A0349034812F041
:10E0A000C7BD00BF0893002075AC0000E8A70020A2
:10E0B000024A0349034812F0BBBD00BF0893002089
:10E0C00075AC000020A80020024A0349034812F062
:10E0D000AFBD00BF0893002075AC000060A8002011
:10E0E000024A0349034812F0A3BD00BF0893002071
:10E0F00075AC000068A80020024A0349034812F0EA
:10E1000097BD00BF0893002075AC000088A80020D0
:10E11000024A0349034812F08BBD00BF0893002058
:10E1200075AC0000F0A70020024A0349034812F032
:10E130007FBD00BF0893002075AC000070A80020D0
:10E14000024A0349034812F073BD00BF0893002040
:10E1500075AC000090A8002010B5054C04F1080033
:10E160000DF0DAFB2046BDE810400DF0D5BB00BF36
:10E17000F8A7002010B5084C002120460DF068FBE0
:10E1800004F1080000210DF063FB044A044900205B
:10E19000BDE8104012F04CBDF8A700200893002005
:10E1A00039BE0000024A0349034812F041BD00BFD6
:10E1B0000893002075AC000050A80020024A0349D3
:10E1C000034812F035BD00BF0893002075AC000075
:10E1D00078A80020024A0349034812F029BD00BF75
:10E1E0000893002075AC000080A80020024A034973
:10E1F000034812F01DBD00BF0893002075AC00005D
:10E2000008A80020024A0349034812F011BD00BFCC
:10E210000893002075AC000028A80020002070475B
:10E22000704700BF036D0BB101207047406D00388F
:10E2300018BF0120704700BF10B50446806D18B1AB
:10E2400013F0A8F90023A365236D2BB104F1180086
:10E25000BDE8104005F052BF636D002BF6D110BD34
:10E2600010B50446806D00B110BD4FF4807013F0FE
:10E2700089F9A065B0B10022236D02703BB101465F
:10E280004FF48072184605F089FBA06D10BD636DD8
:10E29000002BE9D001464FF48072184603F02CF8A9
:10E2A000A06D10BD014B1846A36510BD692F01205C
:10E2B00038B5056D6DB10BB1002038BD114628464B
:10E2C00004F0A8F80028F7D02846BDE8384004F04C
:10E2D00043BA446D002CEFD0204601F05FFC0028CB
:10E2E000EAD02046BDE8384002F0D2BA8A79A2F1DD
:10E2F00050031B0622D402F26C72F0B54B7985B044
:10E30000046D01330D798E784F78DBB209784CB10A
:10E31000204601960095CDE90271042104F0B0F980
:10E3200005B0F0BD406D0028FAD001960095CDE90A
:10E330000271042102F0F0F905B0F0BD0020704731
:10E3400010B50446006D80B1037813F0700F00D152
:10E3500010BD002104F05EF8606D0028F8D00022A6
:10E360000023BDE8104001F019BC606D0028EFD01B
:10E3700090F8313013F0500FEAD000220023BDE8AE
:10E38000104001F00BBC00BF036D10B50C4682B00D
:10E390002BB30DF1060201A9184603F0E1FB38B3D7
:10E3A000BDF80430BDF8062053EA020120D0C2F3C4
:10E3B000451C02F01F00D20AC3F34311400084F849
:10E3C00001C0A2705A0A013903F01F0302F5EA6284
:10E3D0002070012061712371A27102B010BD406DE7
:10E3E00030B10DF1060201A901F07EFA0028D7D163
:10E3F000002002B010BD00BF036D10B50C4682B006
:10E400002BB30DF1060201A9184603F099FB38B3AE
:10E41000BDF80430BDF8062053EA020120D0C2F353
:10E42000451C02F01F00D20AC3F34311400084F8D8
:10E4300001C0A2705A0A013903F01F0302F5EA6213
:10E440002070012061712371A27102B010BD406D76
:10E4500030B10DF1060201A901F034FA0028D7D13C
:10E46000002002B010BD00BF0369D3B10E4810B444
:10E470001C68E46884420FD1186D18B15DF8044B34
:10E4800004F0A4B9586D18B15DF8044B02F072BAEB
:10E4900000205DF8044B7047184623465DF8044B96
:10E4A00018470020704700BF51C40000006990B1B8
:10E4B0000368154A1B69934225D1036D63B118782F
:10E4C00010F0080007D0D8695B69C01A48BF6FF028
:10E4D0000040704718467047436D002BFAD093F800
:10E4E000310010F00800F6D0186919685A69401A0E
:10E4F0005B6862EB0303B0F1004F73F10003EAD3F2
:10E500006FF00040704718474DC50000036963B1C4
:10E510001A68074992698A4208D1186D08B104F057
:10E52000A9B8586D08B101F081BF7047184610476F
:10E53000D1C30000036973B11A68084952698A425D
:10E5400007D1186D08B103F0F1BD586D18B101F095
:10E550000FBB184610474FF0FF30704729C300002B
:10E56000036D13B1586900217047436D13B1D3E9AE
:10E570000001704718461946704700BF036D13B17C
:10E58000D86900217047436D13B1D3E90401704786
:10E5900018461946704700BFF0B595B000224FF4F9
:10E5A0007A74244F1831054604A88DF80C20009782
:10E5B000CDE90124CDE9122205F00CFE129B002BBF
:10E5C0002DD05C2000260EF01DFC019B0446466009
:10E5D000C36004A9029B183040F8083C9DF80C3039
:10E5E00000F8043C144B40F8183C144B40F8103C25
:10E5F00005F042FD124B4FF47A72A7602B606368FE
:10E60000A66501336E602E73AA602C6163600D4BAA
:10E6100004A8009305F072FD284615B0F0BD139BC9
:10E62000002BCED1064A2B732A602B61C5E9013439
:10E63000EDE700BF7C3D0020A03D0020FC3D002018
:10E64000403D0020C03B0020036D13B1184603F08D
:10E650006DBD406D08B101F08BBA4FF0FF307047CF
:10E66000836C13B1184603F061BDC06C08B101F0B2
:10E670007FBA4FF0FF307047036D33B11B7813F052
:10E68000700F14BF012000207047406D30B190F82A
:10E69000313013F0500F14BF01200020704700BF2D
:10E6A000036D13B1184603F06DBC406D08B101F065
:10E6B0008FB94FF0FF307047836C00B583B063B102
:10E6C00001220DF10701184603F05CFC01280CD172
:10E6D0009DF8070003B05DF804FBC06C28B101226F
:10E6E0000DF1070101F074F9F0E74FF0FF30F1E7A9
:10E6F000036D13B1184603F0BDBF406D08B101F0C2
:10E7000095BE7047836C13B1184603F0B3BFC06C5D
:10E7100008B101F08BBE7047036923B31968134A2F
:10E7200010B58C6882B0944214D1186D48B10122A2
:10E730000DF1070103F026FC90B19DF8070002B02F
:10E7400010BD586D0028F8D001220DF1070101F02D
:10E750003FF9F1E701220DF107011846A047EBE769
:10E760004FF0FF30EBE74FF0FF30704781C3000000
:10E77000036D13B1184604F029B8406D08B102F0DA
:10E78000F9B87047836C13B1184604F01FB8C06C19
:10E7900008B102F0EFB8704700B5836C83B08DF814
:10E7A000071043B101220DF10701184604F00EF8DD
:10E7B00003B05DF804FBC06C0028F9D001220DF114
:10E7C000070102F0D7F803B05DF804FB8A79A2F1E3
:10E7D00050031B0622D402F26C72F0B54B7985B05F
:10E7E000046D01330D798E784F78DBB209784CB126
:10E7F000204601960095CDE90271022103F040FF09
:10E8000005B0F0BD406D0028FAD001960095CDE925
:10E810000271022101F080FF05B0F0BD00207047B9
:10E82000836C53B1187810F008000DD0D8695B697B
:10E83000C01A48BF6FF000407047C36CA3B193F893
:10E84000310010F0080000D17047186919685A6942
:10E85000401A5B6862EB0303B0F1004F73F10003F1
:10E86000F2D36FF0004070471846EDE7036D53B1E7
:10E87000187810F008000DD0D8695B69C01A48BF3D
:10E880006FF000407047436DA3B193F8310010F072
:10E89000080000D17047186919685A69401A5B6806
:10E8A00062EB0303B0F1004F73F10003F2D36FF09A
:10E8B000004070471846EDE700B5006983B08DF859
:10E8C000071060B10368104ADB68934215D1036DED
:10E8D00043B101220DF10701184603F077FF03B0A1
:10E8E0005DF804FB406D0028F9D001220DF107010D
:10E8F00002F040F803B05DF804FB01220DF10701BE
:10E90000984703B05DF804FB51C4000038B50446D5
:10E910000C4B806D236018B112F03CFE0023A36500
:10E92000236D04F118054BB1284605F0E7FB064BB3
:10E930002846A36005F0E2FB204638BD636D002B3E
:10E94000F2D1F4E7A03D0020C03B002038B50446DA
:10E950000E4B806D236018B112F01CFE0023A365DE
:10E96000236D04F118056BB1284605F0C7FB084B71
:10E970002846A36005F0C2FB20465C210EF044FA55
:10E98000204638BD636D002BEED1F0E7A03D00209E
:10E99000C03B002030B4029C11469C4634B1012C8F
:10E9A0001CD0022C0ED0002030BC7047056DF5B194
:10E9B0004FF0FF33934274EB0C04F4D3284630BC81
:10E9C00003F028BD026D0AB3D36959184CF1000356
:10E9D000002BE8D1104630BC03F01CBD026D62B1C3
:10E9E000536959184CF10003002BDCD1F2E7406D5C
:10E9F0000028D8D030BC01F0D1B8406D0028D2D06A
:10EA0000D0E900238A184CEB0303F3E7406D00289C
:10EA1000C9D0D0E9042330BC8A184CEB030301F0C1
:10EA2000BDB800BF70B5244B044605690360002DD6
:10EA300032D06E68013E6E6076BB2B681F4ADB6A7F
:10EA400093422FD1A86D10B112F0A4FDAE652B6DCD
:10EA500023B305F1180005F051FB2569E5B12B68DA
:10EA6000174A5B68934224D1164BA86D2B6018B1EE
:10EA700012F090FD0023AB652B6D05F11806A3B1D4
:10EA8000304605F03BFB104B3046AB6005F036FBE3
:10EA90005C2128460EF0B8F9204670BD6B6D002B46
:10EAA000D7D1DAE728469847D7E76B6D002BE7D137
:10EAB000E9E728469847EFE7403D002019BF0000EE
:10EAC0002DC60000A03D0020C03B002070B5264BA5
:10EAD000044605690360002D32D06E68013E6E6009
:10EAE00076BB2B68214ADB6A934233D1A86D10B103
:10EAF00012F050FDAE652B6D43B305F1180005F023
:10EB0000FDFA2569E5B12B68194A5B68934228D163
:10EB1000184BA86D2B6018B112F03CFD0023AB65BB
:10EB20002B6D05F11806C3B1304605F0E7FA124B1C
:10EB30003046AB6005F0E2FA5C2128460EF064F93D
:10EB4000204614210EF060F9204670BD6B6D002B3D
:10EB5000D3D1D6E728469847D3E76B6D002BE3D196
:10EB6000E5E728469847EBE7403D002019BF000045
:10EB70002DC60000A03D0020C03B0020036A2DE907
:10EB8000F047054633B9D5E9063203EBC213AB6152
:10EB9000BDE8F0870CF080FC06460028F3D000F1B9
:10EBA000020C2F6A00F58170134CD5E906814246AC
:10EBB0004FEA1269C2F30F2E09F1010ACEF5803334
:10EBC00034F9199009FB03F334F91A900EFB093359
:10EBD00053FB07F32CF8023F60450A44E8D108EBE9
:10EBE000C113284631460022AB610CF0D3FC3046FD
:10EBF000BDE8F0470CF0A6BC002A00202DE9F84F34
:10EC0000074600210CF0EAFC8146D7E906460CF0E5
:10EC100043FC002858D08046B9F1000F32D0821C46
:10EC2000D7F824C009F1020100F58170344D230E9C
:10EC3000C4F30F2E35F913B003F1010ACEF580337A
:10EC400035F91AA00BFB03F30EFB0A3353FB0CF34D
:10EC500022F8023F31F9023F1B0456FB03F306EB97
:10EC6000430390421C44E2D148460CF06BFC38460A
:10EC70004146BC6100220CF08DFC4046BDE8F84FD7
:10EC80000CF060BCD7E906E67C6A811C00F5817C4B
:10EC900072461B4D4FEA1269C2F30F2009F1010AB7
:10ECA000C0F5803335F9199009FB03F335F91A9053
:10ECB00000FB093353FB04F321F8023F8C45324437
:10ECC000E8D10EEBC614D2E7B9F1000F13D009F169
:10ECD000020209F5817132F9023F1B0456FB03F36E
:10ECE00006EB430391421C44F5D148460CF02AFC44
:10ECF000BC61BDE8F88FFB6904EBC314F8E700BF03
:10ED0000002A00202DE9F84386690EB9BDE8F88392
:10ED100004460CF0C1FB05460028F7D000F10C01B9
:10ED200000F5867CE36944F2A712294812FB13FE22
:10ED30009BB200EA0E4702FB03F303EBDE331F44F2
:10ED400027F0004303EBD77336FB03F712FB13F8EE
:10ED500000EA084E9BB20EEBD83E02FB03EE2EF00B
:10ED6000004303EBDE7336FB03FEC7EA0E4712FBDC
:10ED700013F800EA084E9BB20EEBD83E02FB03EEFE
:10ED80002EF0004303EBDE7336FB03F812FB13F99E
:10ED900000EA094E9BB20EEBD93E02FB03EE2EF0C9
:10EDA000004303EBDE7336FB03FEC8EA0E4841E97D
:10EDB000027808316145B9D120462946E361002235
:10EDC0000CF0E8FB2846BDE8F8430CF0BBBB00BFE5
:10EDD0000000FF7F90F81CC04160BCF1020FC260D0
:10EDE00001D1836818470CF0B1BD00BFF0B40468CE
:10EDF00040F201251E462561A3B121B311F8015B44
:10EE0000013B6566256FAF0707D41546013E676F66
:10EE10001AB105F8017B2A4604686569ED07F1D54A
:10EE2000002BEAD16EB10368196F8907FAD4114635
:10EE3000013E5B6F002AF5D001F8013B0A46002E27
:10EE4000F1D1F0BC704790F83C50D9E7324B3349D0
:10EE500030B5D3E911542079C8771A6C95F804C0FD
:10EE600081F81CC0087752B1B2F5004F23D32C496A
:10EE700011442A4A1964D07682F81BC030BD196843
:10EE80000F24D86C8C6540F20134CA610C614FF4D8
:10EE90007C544C6103210468246883F83D10214BA5
:10EEA0009C4226D1037F4260022BC26026D1836838
:10EEB000BDE8304018472D68E98B090422D492B28E
:10EEC000EA832168EC8BA4B2EC82CC8B240405D5B8
:10EED000CC8BC2F3080204F47E442243CA83CA8B5B
:10EEE00092B2CA8200210D4A1964D07682F81BC002
:10EEF00030BD23461146BDE830401847BDE83040DC
:10EF00000CF024BDE98BC2F3080E92B201F47E41ED
:10EF100041EA0E01E983D4E7F889002000800E4021
:10EF20000180FFFFB5CA000043682DE9F04FD3E927
:10EF30000041814D4FF0B80A22684FF0020822EAE2
:10EF400001027E492260AA6911407D4A0A43AA61F2
:10EF500090F810E07B4A03EB0E0603EB8E0E317C3B
:10EF600002EB01118968C1F800A090F811C003EB11
:10EF70000C050CF10A0C95F8241002EB01118968BC
:10EF8000C1F800A0817C03EB010903EB810199F832
:10EF900038B002EB0B1BDBF808B0CBF800A0D4F8BC
:10EFA00000A05F684AEA070AC4F800A0347CDEF8D3
:10EFB00014E002EB04146468C4F800E095F82440FF
:10EFC00053F82CC002EB04146468C4F800C0C96B89
:10EFD00099F8384002EB0412526811609A6C99F863
:10EFE000441011601A6A317F5B6B116095F8302014
:10EFF0001A600F220368C3F810809A65C27C002A49
:10F0000031D072B6C37CDC0708D54FF0E0214469EB
:10F01000D1F8802122408262C1F88021990708D569
:10F020004FF0E0218469D1F884212240C262C1F806
:10F0300084215A0708D54FF0E021C469D1F888210E
:10F0400022400263C1F888211F0708D54FF0E02154
:10F05000046AD1F88C2122404263C1F88C21DE067B
:10F0600055D462B60368384C8268A24259D0324AFD
:10F07000846092693549C2F30116C2F38262344D4D
:10F0800051F826100132B1FBF2F2AA4231D8002227
:10F09000C260002403211C610724596201211A6403
:10F0A0001C661961C37C13B3DD0704D5816A4FF078
:10F0B000E022C2F800119C0704D5C16A4FF0E0229B
:10F0C000C2F80411590704D5016B4FF0E022C2F8D1
:10F0D00008111A0704D5416B4FF0E022C2F80C1159
:10F0E000DB0604D5826B4FF0E023C3F81021BDE8A6
:10F0F000F08F1849A1FB0251090DB2FBF1F2A242B7
:10F1000088BF0131B1F5817F0DD3134AC0E74FF0BD
:10F11000E022416AD2F890310B408363C2F890310B
:10F120009FE7C268B5E70229B1D902394C0822022B
:10F1300042EA04420A43ABE700C00F40CFFFFFE3BF
:10F1400010000008344B002000093D00F83E00206C
:10F15000FF083D0083DE1B43FF7F7F00436893F879
:10F160004C208A4209D093F84D208A420AD093F865
:10F170004E208A4208D0002070470022134493F8A2
:10F180005C0070470122F9E70222F7E7436893F831
:10F190004C208A4209D093F84D208A4219D093F826
:10F1A0004E208A4217D00020704700200B4A03EB04
:10F1B000800C034402EB0112DCF85010526811601D
:10F1C000DCF8642012B193F85F10116093F85C00D2
:10F1D00070470120EAE70220E8E700BF344B002037
:10F1E0000BB1FFF703BE70474368D3E9001209680B
:10F1F000114200D1704710B5026804460020052175
:10F200001061227C1344187C0DF0A2FA627C6368C2
:10F210000521134493F824000DF09AFA6368A27C48
:10F2200005211344BDE8104093F838000DF090BA62
:10F2300000207047704700BF10B5044640F2D4412B
:10F240000DF0E2FD204610BD012BF0B5054695B04E
:10F250003DD0022B40F2022001F104010CBF034615
:10F260000023684605F064F8129B002B38D05C2020
:10F2700000260DF0C7FD214B04AF0446C0E900365F
:10F28000019B3946183040F80C3C1D4B40F8103CAF
:10F29000029B40F8083C9DF80C3000F8043C04F058
:10F2A000EBFE184B4FF47A72A665A360164B6E60A6
:10F2B0002B6063682E730133AA602C616360134B6B
:10F2C0003846009304F01AFF284615B0F0BD44F20A
:10F2D00002230431684605F02BF8129B002BC6D19F
:10F2E000139B002BC3D14FF47A71074A04AF2B73E1
:10F2F0002A602B61C5E90131E1E700BFA03D002094
:10F30000FC3D00207C3D0020403D0020C03B002013
:10F3100010B5D0F884448EB00A4644B1002321468B
:10F320006846009302F0DAFD80B90EB010BDD0F847
:10F33000881441B1234668460C9400F0EDFE50B9A4
:10F3400000200EB010BD08460EB010BD684603F098
:10F3500019F80EB010BD684600F09CFF0028EFD0F1
:10F36000E3E700BF70B5D0F884548EB016465DB1A7
:10F3700005F5896500230A4668462946009302F090
:10F380002BFD90B90EB070BDD0F888040028F9D0DC
:10F3900000F589640A462B46684621460C9500F024
:10F3A0003FFE48B900200EB070BD3246294668467F
:10F3B00002F0F2FE0EB070BD32462146684601F002
:10F3C000BDF80028EED0DDE710B5D0F884448EB04B
:10F3D0000A464CB10020012321460090684602F005
:10F3E0007DFD80B90EB010BDD0F8881441B1012365
:10F3F00068460C9400F090FE50B900200EB010BD8D
:10F4000008460EB010BD684603F06EFE0EB010BD8B
:10F41000684600F0E5FE0028EFD0E3E730B5D0F80D
:10F4200084448FB00A464CB10025012304F589615C
:10F430006846009502F05AFC0FB030BDD0F8880441
:10F440000028F9D000F58961012368460C9401F089
:10F45000F7F80FB030BD00BF10B5D0F884448EB0BF
:10F460000A463CB1002321466846009302F036FD6F
:10F470000EB010BDD0F8881431B1234668460C9404
:10F4800000F04AFE0EB010BD08460EB010BD00BF21
:10F49000F8B5054690F8D00408B90146F8BDD5F88E
:10F4A0008434002B4CD0DC69D5F89004013C002852
:10F4B00054D00368DB6B9847E0B1D5F8900478B37B
:10F4C00003681B6C9847A8B9D5F8900440B303684B
:10F4D00001215B6C9847074610B3D5F8840458BBEC
:10F4E000D5F8886433466EB9D5F8900490B90020F9
:10F4F0000146D3E7D5F88404E8B9D5F88834002B61
:10F50000F5D00746184602F06FF906463FB1D5F828
:10F51000900428B1036800215B6C984700B1A41BDC
:10F52000D5F88434FBB19B794FF40071994089B2CE
:10F53000A1FB0401F8BD002704F028FC0646E5E71E
:10F54000D5F88834D5F89004B3B1D3F83044002806
:10F55000AFD1184602F048F90646E0E7184604F035
:10F5600015FC0646DBE7D5F88864002EBFD0D6F838
:10F570003C14A1FB0401F8BD0028B8D01C4698E754
:10F5800090F8D03463B1D0F8843463B19A794FF4F1
:10F590000070D9699040013980B2A0FB0101704729
:10F5A000184601467047D0F888040028F9D0D0F8F2
:10F5B0003C14D0F83004A1FB000170472DE9F04362
:10F5C000D0F890548DB04DB198462B68044628462B
:10F5D000DB699847B0F5405F064604D80026304600
:10F5E0000DB0BDE8F0834FF4007011F0CBFF07467B
:10F5F0000028F3D00DF10409B6F1806F02464346AE
:10F60000294648462ED901F0BBFB0646384611F084
:10F61000C1FF002EE2D02B682846271D1B6A9847A1
:10F6200094F8C034FF2B21D0D4F8C43404F5946589
:10F6300002932846D4F8C8340393B4F8C034ADF824
:10F64000043099E80E0005F039FD94F8B134C4F89F
:10F650009054002BC3D10123294638461A4604F0A2
:10F66000F5FDBCE704F058F80646CFE704F29445F0
:10F6700094F8CC14284606F069FB2846C4F8905448
:10F6800005F0C6FD0028AAD10123D4F8901438460D
:10F690001A4604F0DBFDA2E770B5D0F8905484B0B0
:10F6A0000446002D40D090F8D03483B190F8D13486
:10F6B000FE2B6ED094F8D20436285AD92B686946AE
:10F6C00028469B6C984784F8D00404B070BD90F82D
:10F6D000D134FE2B58D090F8D20436284FD994F864
:10F6E000C034261DFF2B24D104F2944594F8CC1489
:10F6F000284606F02BFB2846C4F8905405F088FDF8
:10F70000002864D003212E200DF022F83549364A16
:10F71000364B48681268A3FB0232920C02EB82025D
:10F720004B681B1A9A42FBD8002084F8D00404B01E
:10F7300070BDD4F8C83404F59465D4F8C414B4F892
:10F74000C024284602936B460191ADF800200ECBF1
:10F7500005F0B4FC94F8B134C4F89054002BD1D126
:10F760000123294630461A4604F070FD0028DCD1FA
:10F77000C8E70CF0DBFF003818BF0120D5E70CF01C
:10F78000D5FF0028ABD1CFE7194B9B689B03CBD5A6
:10F79000A5E72B6828465B6D9847421C8AD0F8B9CC
:10F7A00094F8D134FE2BBFD103212E200CF0D0FFD2
:10F7B0000C490D4A0D4B48681268A3FB0232920CAB
:10F7C00002EB82024B681B1A9A42FBD8ACE701237A
:10F7D000D4F8901430461A4604F038FD002891D031
:10F7E0000120A2E7001000E0F489002083DE1B4323
:10F7F0000080004218484FF0290C184A002318498D
:10F8000010B4C0F89424072280F8B1C44FF0FF0C64
:10F81000C0F8A8144FF47F41124CC0F8AC24124A2F
:10F82000A0F8D014A0F89C3480F8B53480F8CC341B
:10F8300080F8D2C40460C0F8A0240C490C4A5DF8DA
:10F84000044BC0F88434C0F88834C0F8903480F891
:10F85000BC3411F0EDB900BF0CA20020803E0020A6
:10F8600000093D00203E0020503C002015CF000044
:10F870000893002070B500F1240384B08C46044640
:10F8800001AD164693E8070085E807004FEA4C12E1
:10F890002946206A01F0C4FE012806D132462946D5
:10F8A000206A01F0A1FE04B070BD002004B070BD5C
:10F8B00010B5044600F0BAFD002384F8313084F816
:10F8C000333010BD38B514460D46002200F1240136
:10F8D000006A01F089FE034620B1428901202A8096
:10F8E0001B89238038BD00BF38B514460D46002261
:10F8F00000F12401006A01F077FE034620B1C289BD
:10F9000001202A809B89238038BD00BF38B50D4671
:10F9100090F8311009B1002038BD3822044613F0A8
:10F9200043FD012340222562184684F8333084F8D1
:10F93000312038BDF0B40D460978202903D115F8DF
:10F94000014F202CFBD0156095602C782F2C11D006
:10F9500084B16E1C3C2C1D4F35462AD8212C12D860
:10F9600004F1FF3CBCF11E0F16D80020F0BC70471C
:10F9700015F8014F202CFBD02F2CF9D01D6011461B
:10F98000F0BC01F01FBDA4F1220C5FFA8CFC27FA39
:10F990000CFC1CF0010FE8D12E2C01D0202C0DD135
:10F9A00016F8014B002CE5D02F2CE3D03C2C35462B
:10F9B000D4D95C2CD9D003D97C2CD6D09660EFE773
:10F9C0003E3C012CFAD80020F0BC70470121000514
:10F9D0002DE9F04F90F8333083B00546DC0774D53D
:10F9E00058060F46904640F1B080D5E90023D5E98E
:10F9F000041018EB020443F10003A14270EB03036F
:10FA0000C0F0A980B8F1000F5BD0464605F1180997
:10FA1000D5E90032D5F820A0DAF838441C40C4F308
:10FA2000080B002C70D1134370D195F831305A0671
:10FA30004CBFDAF83424EA69AA619AF84504023A1C
:10FA4000DAF82C14630A824001EB54211144BBF113
:10FA5000000F45D1B6F5007F42D3DAF81C2291425F
:10FA60003ED0B6F5806F58D34FF0010B0BFA00FB78
:10FA7000ABEB030B730A9B4528BF9B4691424FEAB1
:10FA80004B240AD801EB0B039A4206D20AF5047004
:10FA9000019106F08FFD0199B8B1DAF814025B46C6
:10FAA0000268D2F814A03A46D04770B123462744E2
:10FAB000D5E900125B1842F10002361BC5E900329D
:10FAC000A8D1404603B0BDE8F08F95F832304FF032
:10FAD000FF3043F0020385F8323003B0BDE8F08F09
:10FAE000CBF5007400220AF50470B44228BF3446F6
:10FAF00006F08CFD0028E8D000EB0B0122463846CA
:10FB00000DF0E6F82346D2E7AA6996E795F8333078
:10FB10005B060ED5AA6901328EE7DAF814023A467E
:10FB200003681B6998470028CFD04FF400731C4628
:10FB3000BDE74A465046A96901F0B4FD0028C4DB80
:10FB40000CD0D5F820A0AA6977E795F831301907CD
:10FB50007FF558AF49E7A1EB020853E795F831303C
:10FB600013F0500FB1D0A8EB06084046AAE700BF3B
:10FB7000F0B583B00122044685690DF10701D0E993
:10FB80000067FFF725FF0128A5610CBF9DF807005E
:10FB90004FF0FF30C4E9006703B0F0BD2DE9F04F2E
:10FBA0001F4690F8313083B00446D0F81880002BFF
:10FBB00051D01646D0E9001CBC4508BF91425CD02C
:10FBC00056EA07024DD01D0704D5D0E90402B04221
:10FBD000BA4140D394F83320751ED4F820A0019286
:10FBE00047F1FF309AF845240932D2B2C2F1200E13
:10FBF000D540A2F1200900FA0EFB20FA09F045EAEF
:10FC00000B0505430198400633D4481E20FA02F242
:10FC10004CF1FF3051EA0C0C00FA0EFE20FA09F00C
:10FC200042EA0E0242EA000201D0954229D25B0666
:10FC30004CBFDAF83434E369A36104F1180906E033
:10FC4000A169013D206A01F02DFD002803DD4A462F
:10FC5000002DF5D107E00020C4F8188003B0BDE8FE
:10FC6000F08F002383610120C4E9006703B0BDE881
:10FC7000F08FE3692B44A361F5E7012003B0BDE8F1
:10FC8000F08FAD1AD9E700BF2DE9F04F174690F875
:10FC900031208FB00546002A40F0D7808B4691F87E
:10FCA000311011F0500F00F0D08003F003019A469C
:10FCB000032900F0CA80013103F0080041EA000383
:10FCC0000293002F00F0CB80396901F10E08B6498C
:10FCD000A1FB0818DBE900104FEAD808014308F13E
:10FCE00002085FFA88F805D000200021CBF8182020
:10FCF000CBE900010024029B264643F04003039316
:10FD0000202206A95846FFF763FE00B3202840F0E2
:10FD10009C809DF918209DF81830002AC0F2A2801E
:10FD200034B9DBF80020A2F12009DBF81820019299
:10FD3000444501D20134E4B2002B00F013812022AB
:10FD400006A958460026FFF743FE0028DED11AF424
:10FD5000007F7AD0029B9B0777D5002F75D0444552
:10FD600017D2DDF804A0202206A95846FFF730FE7E
:10FD7000631C002861D0202867D12CB9DBF8002053
:10FD8000DBF818A0A2F12009DCB2A045EBD8CDF831
:10FD900004A03822002128469BF8334013F004FBCE
:10FDA000DBF82030C4F38014019A2B62082300266C
:10FDB00085F82C4085F831303B68C5E909297B601E
:10FDC000BE81B8F1000F33D008F1FF39B346DFF838
:10FDD000DCA15FFA89F9012259462846FFF74AFD5E
:10FDE000044690B390F90020002A2EDB2022002147
:10FDF00013F0DAFA002E00F0BC80BBF1010F00F026
:10FE0000D780C123A3461E3404F81E3CBB89384664
:10FE10001BB9D7E901239A4205D006F01FFC2BF845
:10FE2000020FA345F2D101365FFA86FBD845D2D83E
:10FE3000284600F0FBFA06460DE05846DBF818604D
:10FE400000F024FB002840F0918000231E4685F836
:10FE5000313085F8333030460FB0BDE8F08F4FF0C9
:10FE6000030847E756BB444538BF0024852B7FF481
:10FE700047AF314638222846012613F095FA9DF8FF
:10FE80001C209DF8193085F8303002F03703D20677
:10FE900058BF43F0080385F83130DBF80030DBF859
:10FEA0002020203B2A62DBF81820C5E909239BF8B3
:10FEB0003330C3F3801385F82C3021E7C02B28D0D2
:10FEC000C12B7FF43CAF3A4606A9284601F0EEF973
:10FED000E8B1BB89DBB9D7E901329A4217D11AF4EC
:10FEE000006FB2D11AF4884F70D195F8333098076B
:10FEF0006CD41AF4806FA8D11AF4804FABD0284686
:10FF0000D5E90423FFF74AFE0028A4D19DE7064661
:10FF1000F6E6029B85F833309DF819309B0702D531
:10FF2000039B85F833300B9BEB61DDE90823C5E9C2
:10FF30000423DDE90C23C5E90223002FCFD04FF0C5
:10FF400000033A69BB813B687B609DF81B309A4295
:10FF50007FF4F5AEBE8ABDF81C30F61AB6FA86F606
:10FF60007609CDE6002F7FF4F2AE6EE7CBF818608D
:10FF70000BE78523237085F8309084F80190DAF838
:10FF80000030002B46D00DF113020DF1160105A82B
:10FF90009847BDF814306381BDF8163023819DF871
:10FFA000133023753FE700BF898888881CA700208D
:10FFB000C02384F801B02370029B63F07F0385F8AF
:10FFC00033303B69E370BB8AA3802CE795F831306E
:10FFD000D9063FF53AAF13F001017FF436AF1AF4BA
:10FFE000806F89D095F8332092077FF52EAF002BD4
:10FFF0003FF42BAFD5E90032134304D00022002395
:02000004600199
:10000000A961C5E90023284600F042FC00283FF41E
:100010001CAF20E745F621436381E381638202E759
:100020002DE9F043002597B0994690F831300192C0
:100030001495ADF81450002B3ED191F831300F4695
:1000400013F0500F38D01378044616462F2B37D0B4
:100050004FF0000801AB02AA31462046FFF76AFCC8
:1000600050B3019E3378002B3ED0002302AA3946BC
:100070002046FFF709FEF8B1A44608AD04F13007A9
:10008000DCF800000CF1100C5CF80C1CAE465CF8BF
:10009000082C10355CF8043CBC45AEE80F00EFD1ED
:1000A000DCF8000008AF2860204600F0BFF984F8B3
:1000B000318084F83380CDE7002017B0BDE8F083AD
:1000C00016F8011F2F29FBD00196B1B9382220461E
:1000D0003D6A13F069F9012340222562184684F82D
:1000E000333084F83120E8E74B4602AA39462046EF
:1000F000FFF7CAFD17B0BDE8F0833822002108A839
:100100003D6A13F051F9012308AF10958DF8533073
:1001100040238DF851309BE719B101F58961FFF754
:100120007FBF0846704700BF90F8313063B991F83F
:10013000313013F0500F07D00B6813F01F0C03D1B0
:1001400013466246FFF7A0BD002070478169F8B5ED
:100150000446006A01B10131012201F069F9012868
:10016000054632D901230146206A1A4601F0C0F93A
:10017000064650B3A3695BB394F83320510612D5F9
:10018000591CA94218D022F04002E16984F83320BA
:1001900005E0206A01F0A8FA3946B0B1A3694F1C06
:1001A00099423A46F5D34FF0FF322946206A01F0D2
:1001B0009BFA50B1A16911B93046A561F8BD2A4634
:1001C000206A01F091FA0028F6D100263046F8BDE9
:1001D00094F8333043F0400384F83330ECE700BF49
:1001E00090F833309A0736D5C16970B50546A1B984
:1001F0000024214607E0037803F07F03037095F89D
:1002000030308B4229D3013401222846FFF732FBDC
:10021000E1B20028EFD1002070BD5B06006A34D542
:1002200090F84534D5E902240933013ADBB244F1B0
:10023000FF34C3F1200CDA40203B04FA0CFC24FA12
:1002400003F342EA0C021A430023013201F050F991
:100250000028CDD1DFE70020704700232C6A85F805
:100260003130204685F8333006F0A4F90028D2D08A
:1002700004F5047006F09EF90028CCD0D4F84004B0
:100280000368BDE870401B6A184701F04DFA00286A
:10029000AED1C0E790F83130DB0601D400207047C2
:1002A00010B5002288B000230446FFF777FC08E071
:1002B00020281BD19DF900309DF80020002B15DB74
:1002C00032B1202269462046FFF782FB0028EFD199
:1002D00094F833300822204643F0020384F831209A
:1002E00084F83330FFF77CFF08B010BD002008B061
:1002F00010BD00BF2DE9F0414FF0000882B04A4F19
:1003000006464446414600223046FFF7B3FA05460A
:1003100030B10178C02969D0C1292BD0852909D0F5
:1003200096F83230002043F0010386F8323002B0F4
:10033000BDE8F08196F8313003F0370383803B68E5
:1003400083B10DF103020DF1060101A89847BDF834
:100350000630AB812B82BDF80430EB816B829DF8B7
:1003600003306B75326A92F8103243F0010382F861
:1003700010322978A1F185000022B0FA80F04009FE
:1003800001E00422A95CE303012A02F1010243EA2D
:10039000540311FA83F39CB201D10028F1D11F2A32
:1003A000F0D908F1010896F830305FFA88F18B42F5
:1003B000A9D2012206F12401306A01F015F90028C2
:1003C000AED0356A4480284606F0F4F80028A7D05D
:1003D00005F5047006F0EEF80028A1D0D5F8400429
:1003E00003681B6A98470028A1D199E796F8333033
:1003F00013F0400F437814BF43F0020303F0FD03F2
:100400004370D6E90401D6E90732C5E90201D6E90D
:1004100002016B61C5E9060192F8103243F0010355
:1004200082F810322978A5E71CA7002038B590F88B
:10043000313043B390F93320044690F83330002A2A
:100440000CDB056A284606F0B5F878B994F8323026
:10045000002043F0010384F8323038BD03F07F03FD
:1004600080F83330BDE83840FFF744BF05F504702D
:1004700006F0A0F80028E9D0D5F8400403681B6A0C
:1004800098470028E2D0012038BD00BF70B590F831
:10049000313005465A064CD480682B6AD3F83C3478
:1004A0001844B0F1806F01D3002070BD2846FFF7DB
:1004B0004DFE0028F8D0286A0024AE6990F8453433
:1004C000023E9E40D0F82C341E443119052200F51E
:1004D0000470013406F09AF84FF4007200210028ED
:1004E000E2D012F061FF286A012390F8452493407E
:1004F0009C42EAD395F831305B0615D495F8332049
:1005000062F07F02D5E9023185F83320D0F83C242F
:100510009B1841F10000AB60D5E90431E8609B18FD
:1005200041F10001C5E904312846BDE87040FFF7FC
:100530007DBF006A01F0FEF9AFE700BF70B5044669
:1005400090F831009CB0002310F0180F0C931A9310
:1005500003D0206A0B6A984202D000201CB070BD04
:1005600040F601236846FFF75BFD0028F5D0A4465E
:1005700004F130060EADDCF800000CF1100C5CF854
:100580000C1CAE465CF8082C10355CF8043CB445F5
:10059000AEE80F00EFD1DCF8000009AA04F1240353
:1005A00028609DF8305007CA83E8070094F833307C
:1005B000204684F8305063F07F0384F83330FFF72F
:1005C00035FF0028C9D00021022208230EA815916A
:1005D0008DF86B208DF86930FFF702FEBEE700BF93
:1005E00038B591F8313013F0500F02D1002528466C
:1005F00038BD40F602230446FFF746FB0028F5D03D
:100600001023204684F83130FFF740FF05460028CC
:10061000ECD0A169002200232046E161FFF7BEFA79
:10062000C12294F8313084F83320002BDFD04123ED
:10063000204684F83330BDE83840FFF75BBE00BF8A
:10064000F0B5002597B01F4690F831300192ADF813
:1006500014501495002B46D191F831300E4613F00A
:10066000500F40D01378044611462F2B3ED001ABDB
:1006700002AA2046FFF75EF9002834D0019B1B78C0
:10068000002B41D0002302AA31462046FFF7FCFA96
:1006900030B947B302AA31462046FFF7A1FF10B395
:1006A000A44608AD04F13006DCF800000CF1100C93
:1006B0005CF80C1CAE465CF8082C10355CF8043C69
:1006C000B445AEE80F00EFD1DCF8000008AE2860BA
:1006D0002046FFF7EDF8019901AB02AA2046FFF78B
:1006E00029F90028CAD1002017B0F0BD01310191CD
:1006F0000B782F2BFAD0316A08A8FFF707F90028EA
:10070000F1D0019908AEB2E702AA31462046FFF7C0
:1007100067FF17B0F0BD00BF2DE9F04F0E4690F80F
:10072000311083B009079DF830B09DF834909DF8E2
:1007300038809DF83C7040F18580A2F2BC7294B282
:100740007F2C7FD85A1E0B2A7CD80BF1FF321E2A31
:1007500078D8B8F13B0F98BFB9F1170F8CBF4FF0A5
:10076000010A4FF0000A3B2F88BF4AF0010ABAF194
:10077000000F67D105460193FFF758FE002861D0AE
:10078000019B51464BEA431B7B0817F001074BEADC
:100790004424D34643EA481818BF6427A4B248EA61
:1007A000C92806F001091FFA88F800222846FFF739
:1007B00061F8002846D090F800C0BCF1850F45D004
:1007C0000CF14003DBB2012B3CD8ACF185010023D6
:1007D000B1FA81F1490902E0042310F803C04FEA9D
:1007E000CB32012B03F1010342EA5B021CFA82F2D5
:1007F0001FFA82FB01D10029EED11F2BEDD90AF19E
:10080000010A95F830305FFA8AF18B42CDD201228D
:1008100005F12401286A00F0E7FE98B12C6AA0F8DF
:1008200002B0204605F0C6FE60B104F5047005F084
:10083000C1FE38B1D4F8400403681B6A03B0BDE8B8
:10084000F04F1847002003B0BDE8F08F95F8313025
:100850002A6A03F03703838092F8103243F00103D1
:1008600082F81032B9F1000F02D0A0F81080448253
:10087000B20703D50775A0F808804481730703D534
:100880004775A0F80C80C48190F800C09DE700BFB8
:1008900090F833309A0762D570B5C56982B00446C6
:1008A000A5B313F0400634D0006AA26890F845C49E
:1008B000013AE1680CF1090C41F1FF315FFA8CFC5F
:1008C000CCF1200E22FA0CF2ACF1200C01FA0EFE53
:1008D00021FA0CFCA16942EA0E0242EA0C02013242
:1008E00019B3013D6D1A01312A44019172BB63F0C5
:1008F0007F03204694ED007B84F8333084ED027B47
:1009000084ED047BFFF792FD02B070BD012002B0C0
:1009100070BD816961B90195C1612946206A00F005
:1009200003FFC8B194F83330E1E70195E161DDE7F9
:1009300001AA006A019600F0B5FE00280CDB10D178
:10094000019D002DE9D194F83330D0E700230199BF
:1009500000F0CEFD0028E5D1002002B070BD0020DF
:1009600070474FF0FF32A169206A00F0BDFE0028F9
:10097000E6D1F1E72DE9F04390F8333083B0044637
:100980009D0740F1A18091461A070E4600F195801F
:10099000B9F1000F00F0288123684D46206AA16953
:1009A000D0F8382402EA0308C8F30807B8F1000FAA
:1009B00040F09480002900F0D48094F833305B0636
:1009C00040F1EC8090F845C4D4E902320CF1090CF6
:1009D000013B5FFA8CFC42F1FF32CCF1200E23FA8E
:1009E0000CF3ACF1200C02FA0EFE22FA0CFCE269C8
:1009F00043EA0E0343EA0C031344994280F0D58086
:100A00000131A16190F845240239D0F82C3491408D
:100A10001944B5F5007FC0F08A80B5F5806FC0F04D
:100A2000A680012393406A0AA3EB0803934228BFE0
:100A30001346D0F81C228A424FEA432809D35F1894
:100A4000BA4206D2002280F810224FF0FF32C0F8DE
:100A50001C22D0F8140232460768BF6AB84798B320
:100A600043464644A5EB0805D4E90072D4E90401E5
:100A7000DB1942F1000298429141C4E9003207D2E9
:100A800094F8331061F07F01C4E9043284F8331024
:100A9000002D83D1D4E9020198429141C0F09680A3
:100AA000534B1B68002B00F09D8094F83330484670
:100AB00063F07F0384F833300DE0D0E90423FFF7BF
:100AC0006DF800287FF464AF94F83230002043F0D2
:100AD000010384F8323003B0BDE8F08390F8452478
:100AE00002394FEA5828D0F82C3491404144194437
:100AF000002F8ED0C7F50078012200F50470A845BC
:100B000028BFA84605F082FD0028DDD038444744C0
:100B1000424631460CF0DCF8B7F5007F206A9FD1E1
:100B200000F5047005F046FD002899D1CCE7626815
:100B3000636900920193226923689342DDE90023EF
:100B40009A4112D2012200F5047005F05FFD0028E1
:100B5000BAD02A4631463844A8460CF0B9F82B469C
:100B60007FE7E16949B3A1614CE70522EBE7D0F8E3
:100B70001C328B4206D1002380F810324FF0FF3335
:100B8000C0F81C32D0F81402324603685B6A9847FA
:100B9000002899D04FF40073984662E704F11802D8
:100BA00000F080FD00288FDB04D12046FFF7CEFA4D
:100BB000002889D0A169206A24E72046FFF7C6FAF9
:100BC000002881D0A169206AE1611BE794F8331005
:100BD0004846C4E9023261F07F0384F8333003B041
:100BE000BDE8F083484676E7D4E9003252E700BF1B
:100BF0001CA7002069B170B5054608460C4612F0E6
:100C0000EFFD2B680246214628465B68BDE8704030
:100C1000184770478368C3F3080383B1002110B4F9
:100C20000269D1540133B3F5007FF9D10168D0E9ED
:100C300003321C681846636A5DF8044B18470120AC
:100C4000704700BF82680346006940F2FF1CC2F390
:100C5000080281546245586801EB7001986800F100
:100C60000100C3E9011001D001207047D86819685C
:100C700010B404684A1C646A1A601A6923465DF855
:100C8000044B184738B58368CAB20D460169C3F3EF
:100C9000080340F2FF1C0446CA546345416802EB56
:100CA00071024260826802F10102826005D0290A65
:100CB0002046BDE83840FFF7C5BF0168C0684A1C40
:100CC00003685B6A2260226998470028EFD138BD2B
:100CD000F8B50023064601601D46C0E90133A8B2FD
:100CE00005F0D0FDA842044607D0C1B23046FFF758
:100CF000A9FF00283BD10020F8BD6C1CB4F5803F53
:100D000004D12AE00134B4F5803F04D0A0B205F04C
:100D1000B9FDA042F6D0671BB7F5007F1DD34FF693
:100D2000FF713046FFF7AEFF0028E4D0B9B230467D
:100D3000FFF7A8FF0028DED02546B5F5803FCED1CD
:100D40003046BDE8F840FFF765BFC5F307213046E0
:100D50000135FFF777FF0028CDD0A542E9B2304634
:100D6000EBD2FFF76FFF0028EFD10020F8BDC4F3EE
:100D700007213046FFF766FF0028BCD00135DCE7CD
:100D80002DE9F04F1F4689B00B680D4604901446BC
:100D9000C16002610846DB699847B0F5801F00908A
:100DA000C0F0D88000230122009E01335200DBB244
:100DB00001D09642F9D81C2B009640F2B780A3F1DF
:100DC0000B08012248FA02F1C8F347088A40029151
:100DD0000792013301225B109A40069204229A4046
:100DE0000392022202FA03F30193009A0021039B6B
:100DF0002046029E4FF0010AD31A4FF400724AF6C1
:100E0000552BF34003FA06F90593019E12F0CCFA34
:100E1000FF2384F8BFA184F8C0A1B14484F8C43191
:100E2000224684F8C53107230021284684F8C231C0
:100E3000FE23C4F8C66184F8C3312B68C4F8CA9194
:100E40005B6AA4F8FEB19847002863D04FF40072A3
:100E50000021204612F0A8FA009B84F86D804FF024
:100E600000086366F421059B04F17800069AE365A7
:100E70002023266423726372A372EB23A665464681
:100E800023707623C4F848906370902384F86EA092
:100E9000A3704523E37058232371462363714123D4
:100EA000A3715423E371042323664FF48073A4F8E1
:100EB0006830092384F86C308023C4E9142284F854
:100EC0006F304FF4C37212F06FFAA4F8FEB1A8F1BC
:100ED0006A03012B06D9B8F1700F03D014F808305B
:100EE00003EB760608F10108B8F5007FEFD12B6817
:100EF0002246DDF8049028465B6A4946984748B187
:100F00002B684946224628465B6A0C31CDF804908E
:100F1000984740BB2FB13B680F22B84938465B6801
:100F200098470026304609B0BDE8F08F1A2B4FF0E5
:100F3000080800F2A6814FF48043CDF808800193A1
:100F40004FF4004303934FF4807307934FF400531F
:100F500006934AE7002FE4D03B681522A84938469B
:100F60005B689847D7E742460021204609F1010A0D
:100F700012F01AFA4AF6552309F1090204F2FF1990
:100F8000A4F8FE3100239346A04601E018F8013F83
:100F9000C14503EB7606F9D12B6822465146284617
:100FA0005B6A98470028B5D02B6822460AF10C01ED
:100FB00028465B6A98470028ACD00AF101039B459C
:100FC00002D09A462378DFE74FF4007200212046D2
:100FD0009B4612F0E9F900220AF1030A1146234662
:100FE00001E013F8011F984501EB7606F9D12B6853
:100FF0002246594628465B6A984700288AD02B68C3
:1010000022460BF10C0128465B6A9847002881D0E4
:101010000BF101018A456AD1231F04F5FE7243F8E2
:10102000046F9A42FBD12B68224628465B6A984798
:1010300000283FF46FAF2B680BF10D0122462846C4
:101040005B6A984700283FF465AF2FB13B680C22DC
:101050006C4938465B689847069A0021019B2046F8
:10106000002613444FF400729946059B4FEA83080B
:1010700012F09AF923464FF0FF3208F20728F821C0
:10108000B7F1000B4FEA582A03F8011B4FEA9838D2
:10109000C4F8012018BF4FF0010BDA605A609A6063
:1010A000C3F80F2002E00136B24523D0B6FBF8F3B7
:1010B00008FB136343B9BBF1000F05D03B68012265
:1010C000514938465B6898472B6809EB0601224670
:1010D00028465B6A984700283FF41CAF002EE2D1F7
:1010E00031464FF40072204612F05EF9DBE78B4682
:1010F000217874E7002F34D03B68022243493846F8
:101100005B689847059E079A0736F60806F2FF13B4
:10111000B2EB532F4FEA5329FFF4FDAE4FF40072A8
:101120000021204612F040F907232370B9F1000F87
:1011300000F08A804FF0000808E0B8F1000F01D1FC
:1011400084F8008008F10108C1457BD9039A28463C
:101150002B6802EB080122465B6A98470028ECD115
:10116000D8E6059E079A0736F60806F2FF13B2EB9B
:10117000532F4FEA5329FFF4D4AE4FF4007239468F
:10118000204612F011F907232370B9F1000FD1D1D5
:10119000039B079A04989918FFF79AFD00283FF4DB
:1011A000C0AE029A4FF400739340049A92689A4238
:1011B0003FF6B7AE4FF00208029B4FF400720021D9
:1011C00008FA03F9039B2046994412F0EDF88122B6
:1011D0000323049909F1FF3984F820208222237027
:1011E00084F84020C4E90D864A684FF00108636521
:1011F00062648B68A3650023E3650EE0FC3A00207F
:10120000983A0020B03A0020C03A0020D83A002096
:10121000079B98453BD208F101082B6809EB0801B0
:10122000224628465B6A9847064600283FF472AE7D
:10123000B8F1010FECD14FF400720021204612F0FA
:10124000B3F8E8E7002FA3D03B68162214493846CC
:101250005B689847039B079A04989918FFF738FD35
:1012600000283FF458AE029A4FF400739340049A5A
:1012700092689A423FF64FAE0A493846FFF7BAFCE9
:1012800098E74FF48072CDF808800792A1E5002F0F
:101290003FF448AE04493846FFF7ACFC42E600BFD5
:1012A000C43A0020DC3A0020EC3A00202DE9F0415D
:1012B0000C46154601F11E08AB89284634F8027F1A
:1012C0001BB9D5E901239A420ED005F0C7F905F004
:1012D000D9FA0646384605F0D5FA864209D1444582
:1012E000EAD10120BDE8F081B7FA87F04009BDE8F6
:1012F000F0810020BDE8F0812DE9F04F90F8313009
:1013000083B08846002B4FD090F830300746012B31
:1013100053D9013A0B464FF0020A00248E18DFF829
:10132000A0B00022514638460193FEF7A3FA0028E8
:101330003AD00278C12A37D1054600F11E09019B37
:1013400035F8020F24B300F5105292B2B2F5806F57
:101350002AD20BEA8424C0F30900204300F5803030
:101360001946324605F0F0F90346E8B100244D4530
:10137000E6D10AF1010A97F830205FFA8AFA52455D
:10138000CFD2A3EB08009846002388F800300FE086
:1013900000F5205292B2B2F5006F02D30028DFD1DF
:1013A000EFE7B2F5806F06D30023184688F80030C7
:1013B00003B0BDE8F08F0446D9E70020E4E700BFA2
:1013C00000FC0F0070B50C4600234FF6FF75226835
:1013D00019461E46A3812361626017E005F03EF9BD
:1013E000A84222D005F04EFA2369F203A189013305
:1013F00042EA5602060A236152FA80F083B2C0F331
:101400004E0040EAC33016FA80F086B2204600292A
:10141000E4D1D4E901239A42E0D12069A6820138BF
:10142000FE288CBF0020012070BD002070BD00BFD1
:101430002DE9F84F07468A469146002942D0A1F18E
:101440000208D7F83034434542D908F00703012594
:10145000C8F3C80B9D40EDB246464446D7F82C145D
:101460000022384601EB143105F0D0F8E8B10BF159
:10147000FF3B834400F2FF101BF8011F0AE04A45BE
:101480002BD0A04510D0D7F83054A54214D913F072
:10149000FF050CD0013429424FEA4503A4EB0602B4
:1014A000EDD0A0452646EED10120BDE8F88F584585
:1014B0004FF00105E0D101E00026344601254FF050
:1014C000000BCBE7D0F82084D7F830344345BCD8A4
:1014D0004FF000080125C346BEE7BAF1000F04D162
:1014E000B9F1010F08BFC7F82064B01CBDE8F88F40
:1014F0002DE9F8438046881E15461E468318D8F805
:101500003024934237D8CEBBD8F82034834288BFEA
:10151000C8F8200400F007030124D8F82C74C0F3A5
:10152000C8099C4007EB1031E4B2012240468F18F5
:1015300005F06CF8F8B109F1FF3E864400F2FF10A7
:101540001EF801CF1CEA040F8CEA040C4FEA440495
:1015500014BF01220022B2420DD0013D8EF800C01E
:1015600018D014F0FF04EDD17045A1464FF00104EE
:10157000E6D13946D9E70020BDE8F883D8F8201431
:101580008B42C7D98142C5D3934228BF0023C8F8F4
:101590002034BFE70120BDE8F88300BFF8B5D0F8DC
:1015A000303401338B4201D20020F8BD07460C468F
:1015B00000F50476002505E0D7F830340135013315
:1015C000A342F1D3D7F824140022304601EBD41102
:1015D00005F01CF8A4000028E6D0C4F30804045960
:1015E000631CE9D1681CF8BD38B50C460B6890F84F
:1015F00045C400F50470D0F82812023B656803FA70
:101600000CF3294003EB5123D0F81C12194404F0C9
:10161000FDFF18B16368C3F30803184438BD00BF69
:101620002DE9F8430C46D0F8383449680B40114492
:101630006160134490F8451401F10902D2B2D3401D
:101640002BB380465D1E00F5047905E02368013D5B
:1016500003F1010323601AD3267A002EF6D1D8F8BD
:10166000303432462768484601339F4212D8D8F8B2
:10167000241401EBD71104F0C9FFBF0050B1C7F328
:101680000807C3595A1C09D0013D2360E4D2012048
:10169000BDE8F8834FF0FF30BDE8F8833046BDE881
:1016A000F88300BF38B5D0F8303401338B4202D212
:1016B0004FF0FF3038BD0C46D0F82414154600F525
:1016C0000470002201EBD41104F0A0FF0028EFD039
:1016D000A400C4F3080403595A1C02D001202B6053
:1016E00038BD002038BD00BF01291BD938B5D0F85E
:1016F00030340C4601338B4201D2002038BDD0F883
:101700002414154600F50470012201EBD41104F0F5
:101710007DFF03460028F0D0A4000120C4F3080494
:101720001D5138BD00207047D0F830340133994244
:1017300001D9002070472DE9F04F054683B00C46D3
:1017400000F504790F464FF00008D5F82414002264
:1017500048464FEAD41B01EBD41104F057FF90B177
:10176000A300C3F30803C2580193531C16BF1646C7
:101770004FF0000A4FF0010A012C04D9D5F83024AB
:101780000132944203D9002003B0BDE8F08FD5F8B0
:10179000241401224846594404F038FF0028F2D0AE
:1017A000019B40F80380BAF1000F12D00134B4421B
:1017B00008D00023E21B39462846FFF799FE00288F
:1017C000E1D03746D5F830340133B342DBD3344669
:1017D000BBE7621C534639462846D21B03B0BDE81E
:1017E000F04FFFF785BE00BF2DE9F8430025064600
:1017F000D0F82C1400F504782C46002240464F1CEB
:1018000004F004FFA8B100F1FF3E04F58059D6F8BA
:10181000300405E079B90834844209D24C4516D029
:101820001EF8011FFF29F5D1083408358442F5D38D
:10183000401BBDE8F8830822012319424FEA430CFC
:1018400018BF0135013A5FFA8CF3F6D1E3E7394668
:10185000D3E700BFF8B500234FF0FF3600F504775B
:101860001546C0F84014044641601A46C0F81412E8
:10187000194680F844340370C66080F81032C0F80E
:101880001C62384604F0C2FE042D0DD8064658B13D
:10189000BDB16B1E00EB031393F8BE2112F07F0263
:1018A00002D193F8C2310BB90020F8BD00EB051648
:1018B0003846D6F8B651294604F0A8FE0646002858
:1018C000F2D005221A49F01C11F0C0FD0028EBD11E
:1018D00096F86C30092BE7D1336D01462B44C4F8E0
:1018E0002434736DC4F82834B36D2B440125C4F837
:1018F0002C34F36DC4F83034336EC4F8343496F8B5
:101900006D20C4F82004204602F1090384F8452420
:1019100005FA03F35A1EC4F83C34C4F838242A46A6
:10192000FFF786FD4023284684F84434F8BD00BF05
:101930000C3B002010B50446D0F83414FFF72EFEFF
:1019400094F845340933DBB2984010BD70B590F976
:10195000023082B00446002B0DDBA56805F128009B
:1019600004F028FE00283BD16378002043F00103F7
:10197000637002B070BD80680122A169283004F054
:1019800045FE0028F0D0A58805F00F056B0100EB9F
:101990004515C35CE52BE7D023781B0701D5E36928
:1019A000EB61236A15491A0C6B830E68AA8266B133
:1019B0000DF103020DF1060101A8B047BDF8043096
:1019C000BDF806202B836B82EA82A378A56803F01A
:1019D0007F0305F12800A37004F0ECFD0028C3D0BC
:1019E00005F50E7004F0E6FD0028BDD028680368F8
:1019F0001B6A98470028B7D0BBE700BF1CA7002090
:101A0000024638B552F8105F04468068294602F055
:101A100021F950B155B123690135AB42A37818BF04
:101A200003F0BF0363F07F03A37038BDA37843F0D6
:101A30004003F7E7F8B5047814F0200404D11A4BFA
:101A4000054642699A4202D300273846F8BDFFF79F
:101A5000D7FF07460028F7D0A8682E698279023E92
:101A6000416996400E440179A9B1214606E011F082
:101A70009BFCA868E1B202798A420BD93144052265
:101A80002830013404F0C2FD4FF400720021002818
:101A9000EDD1D9E782794FF40073696938469340F4
:101AA00011FA83F36B61F8BD00FE1F0010B5044608
:101AB00080680A462830A16904F0A8FD20B1A388F7
:101AC00003F00F0300EB431010BD00BF10B5037807
:101AD00004462BB1FFF73AFF00232370A37010BD1B
:101AE000002301202370A37010BD00BF38B5037818
:101AF00005460C4613B1FFF729FFF0B1A868002294
:101B0000A969283004F082FDB8B1AA8802F00F025A
:101B100000EB421352015D6880589968DA682060D2
:101B20006560A160E26018695D699969DA692061A0
:101B300001206561A161E26138BD002038BD00BFB0
:101B400030B589B00D4614466946FFF7CFFF28B17E
:101B5000BDF81020BDF80E302A80238009B030BDBA
:101B600030B589B00D4614466946FFF7BFFF28B16E
:101B7000BDF81820BDF816302A80238009B030BD8A
:101B80000B7813F0700F01D100207047F0B540F6CC
:101B9000022389B00D46044601F0F0F838B1012265
:101BA00010232046A2702370FFF744FF10B90020D5
:101BB00009B0F0BD2269237822626BB1636933B149
:101BC000A378002223F02003C4E90422A370204656
:101BD000FFF7BCFE0028EAD0A0680122A1692830E6
:101BE00004F014FD0028E2D0B4F804C010220CF078
:101BF0000F0C4FEA4C1300EB4C1C8CF80B20C05818
:101C0000A768236A97F806E09E1EDCF80410DCF84B
:101C10000820DCF80C3006FA0EF6EE46AEE80F00AF
:101C2000DCF81000DCF81410DCF81820DCF81C30AC
:101C3000AEE80F007B6907F128000122F1184FF090
:101C40002033CDF80130CDF80530ADF8093004F07F
:101C5000DDFC84460028AAD02E27EE468DF80070C1
:101C60007646BEE80F00CCF80000CCF80410CCF8A3
:101C70000820CCF80C308DF80170BEE80F00CCF8CD
:101C80001000CCF81410CCF81820CCF81C302B6ABB
:101C90001A0CADF81A30ADF814200FCECCF8200095
:101CA000CCF82410CCF82820CCF82C300FCECCF86F
:101CB0003000CCF83410CCF83820CCF83C30A46894
:101CC00004F1280004F076FC00283FF470AF04F51E
:101CD0000E7004F06FFC00283FF469AF20680368C1
:101CE0001B6A09B0BDE8F040184700BF2DE9F0417C
:101CF000002694B0984603780192ADF814600B96D4
:101D0000002B41D10B780D4613F0700F3CD01378A7
:101D1000044616462F2B3BD0002728E0019E36783C
:101D2000002E50D001F02AF8034602AA2946204688
:101D30002BB9B8F1000F27D0FFF722FF20B3A6463A
:101D40000DF12C0CBEE80F00ACE80F00BEE80F0050
:101D5000ACE80F00DEF8005020462378CCF80050A5
:101D60000BB1FFF7F3FD019E0BAD2770A770314655
:101D700001AB02AA204601F04DF9064602AA294607
:101D800000232046002EC9D1002014B0BDE8F08108
:101D90000136019633782F2BFAD0AD68242200212A
:101DA0000BA811F001FB0D95EB79102B03D0202B24
:101DB0000FD00C2BE8D120238DF82C3001230BAD54
:101DC0008DF82E30A8E702AAFFF7DAFE14B0BDE8BE
:101DD000F0814023F0E700BF2DE9F041002594B0E9
:101DE0009846037801920295ADF83850002B37D110
:101DF0000B780E4613F0700F32D013780446154658
:101E00002F2B31D000271EE0019D2D78002D40D0D2
:101E100000F0B4FFA6460DF1080C08B3664625781D
:101E2000BEE80F00ACE80F00BEE80F00ACE80F0002
:101E3000DEF800302046CCF800300DB1FFF786FD0B
:101E4000019D2770A770294601AB0BAA204601F01F
:101E5000E1F805460BAA314600232046002DD3D1D8
:101E6000002014B0BDE8F0810135019529782F29B3
:101E7000FAD0A9B9B5682422204611F095FAA560D8
:101E8000EB79102B03D0202B22D00C2BE8D1202271
:101E90001FE043460BAA00F071FF14B0BDE8F081CB
:101EA000B6682422002102A811F07EFA0496F37984
:101EB000102B03D0202B03D00C2BD1D1202300E0FA
:101EC00040238DF80830012302AE8DF80A3099E7DF
:101ED0004022012322701846A370C2E719B101F510
:101EE0008961FFF779BF0846704700BFCB6870B5BE
:101EF0000D46044693B906780EB1184670BD8D683C
:101F00002422314611F050FAA560EB79102B18D03D
:101F1000202B10D00C2B14D0304670BD2422002171
:101F200011F042FA01201023A0702370D5E902239A
:101F3000A260236270BD4022012322701846A37064
:101F400070BD2022F8E700BF70B505780DB1002004
:101F500070BD0E4604462422294611F025FAA660DB
:101F6000F379102B0BD0202B03D00C2B07D0284655
:101F700070BD4022012322701846A37070BD20223C
:101F8000F8E700BF2DE9F04F2DED028B837883B089
:101F90000546DF0740F18C808846017892460E079F
:101FA00000F191808C0608D583685A894369C3EB98
:101FB00042139BB29A4528BF9A46BAF1000F00F02F
:101FC000AF806A6905F11003880656464FF0000994
:101FD00008EE103AAF68C2F3080B3DD5396A01EB41
:101FE0005221BBF1000F51D1B6F5007F4ED37A6B71
:101FF00091424BD0B6F5806FC0F082802878730A8A
:10200000800605D43879A0EB0900834228BF034637
:1020100091424FEA43240CD8C818824209D207F1F2
:102020002800CDE9001304F0C5FADDE9001300280B
:102030003ED0F86A026857694246B847002837D050
:102040006A69361BA04422446A6169D02978C2F3C8
:10205000080BAF688806C1D497F8059009EA5229A1
:10206000BBF1000F36D1B9F1000F33D1002A33D1C3
:102070004A064CBF3A6A2A6A2A61023AB8797969F3
:10208000824049441144BBF1000FADD0CBF5007440
:10209000002207F12800B44228BF344604F0B6FA03
:1020A00030B100EB0B01224640460AF011FEC7E7B3
:1020B0006B784FF0FF3043F002036B7003B0BDEC60
:1020C000028BBDE8F08FC36942699B1A9A4528BF0D
:1020D0009A4672E72A69D0E70B0705D5AA78540615
:1020E00002D52A690132C7E718EE102A3846296955
:1020F00001F0FEFD0028DBDB0CD0AF682A69BCE7ED
:10210000F86A424603681B6998470028D0D04FF40C
:10211000007495E72B7813F0700FC9D0AAEB060A6C
:10212000504603B0BDEC028BBDE8F08F70B582B0B5
:10213000012204460DF10701D0E90456FFF722FF02
:1021400001280CBF9DF807004FF0FF30C4E904568A
:1021500002B070BD436913F4F07F30B5044683B01C
:10216000C3F3431509D0012907D120334361A06887
:10217000383000EB451003B030BD01220DF10701EE
:102180002046FFF7FFFE40B2012803D163691F33E9
:102190006361ECE70020EEE72DE9F04103789AB0A7
:1021A000002613F0180F0896119606D0174683687C
:1021B0008A6804460D469A4203D000201AB0BDE852
:1021C000F081FFF7C3FBA6460DF1440CBEE80F00FB
:1021D000ACE80F00BEE80F00ACE80F00DEF80030FE
:1021E0003246A169CCF80030A36803F1280004F05E
:1021F0000DFA0028E1D0A288EC4694F8008002F0A5
:102200000F0200EB421E5201DEF804108058DEF887
:102210000C30DEF80820ACE80F00DEF81410DEF811
:102220001820DEF81C30DEF81000ACE80F0018F0C3
:1022300008033A46294640F09B8008A8FFF756FD60
:102240000028BAD0109EBDF8243000250E99012236
:10225000A3809DF82330A068E3700B9B2830A16118
:10226000E3608DF820508DF8225004F0CFF900285B
:10227000A3D0A38803F00F0300EB4310DDF80D306B
:10228000C0F80D30DDF81130C0F81130DDF8153030
:10229000C0F81530DDF81930C0F81930BDF81D3020
:1022A000A0F81D309DF81F30C3779DF80B30C37226
:1022B000002E3BD0A068B31E2A46817928308B407F
:1022C00050F8141C194404F0A1F9054600283FF405
:1022D00074AF006A6F46696AAA6AEB6A0FC7286B17
:1022E000696BAA6BEB6B0FC73146A06801F022FD4A
:1022F00000283FF462AFA068236A82792830023B4D
:1023000050F8141C93400122194404F07FF906464A
:1023100000283FF452AF6D460FCD30627162B26259
:10232000F3620FCD30637163B263F3630021022265
:10233000082311A819918DF846208DF8443000F03B
:10234000D3FE00283FF439AFA46804F1280004F05C
:1023500031F900283FF431AF04F50E7004F02AF98A
:1023600000283FF42AAF206803681B6A984725E7D6
:1023700040F601236046FFF72FFD00287FF463AF8E
:102380001BE700BF0378DA0601D4002070474369D9
:1023900030B5044683B033B18378002223F02003A4
:1023A000C0E90422837000230FE06361A3686A011F
:1023B00038339A5C03EB4513EAB1E52A04D02E2AA0
:1023C00002D0DB7A1B0722D5636913F4F07FC3F3D5
:1023D000431503F12003E8D101220DF10701204646
:1023E000FFF7D0FD40B2012803D163691F33636159
:1023F000DCE763785BB9A3780822204643F0020348
:102400002270A37003B0BDE8304000F06DBE002024
:1024100003B030BD2DE9F041037804460769002B75
:1024200039D00D464169A94242D0002D37D0180756
:102430002AD5E269AA422ED3D4F808C06E1EA2782B
:102440009CF8060012F0400F00F10900C0B226FA15
:1024500000F630D14A1EC24009B196422FD25B0627
:102460004CBFDCF82030236A236104F1100806E039
:102470002169013EA06801F03BFC00280BDD4246CB
:10248000002EF5D1A2780CE09A06D5D5A3685B8919
:10249000B5EB431FF6D900202761BDE8F0818278B3
:1024A000056122F0200201206561A270BDE8F08183
:1024B0000120BDE8F081236A33442361F1E7B61AB5
:1024C000D3E700BF2DE9F0410E4615460021242236
:1024D000044698469DF8187010F066FFB068336A9D
:1024E00000F13802A58005F00F0502EB4512C4E9A2
:1024F0000203D17A0B0711D401F017012170D37AAE
:1025000013F0180F02D141F00801217008F0030305
:10251000E770012B38D0022B06D0F3B10023184608
:102520002370A370BDE8F08103232178CD06F5D494
:10253000CE07F3D408F0080118F4806F43EA0103D2
:10254000A370416B958AA161518B41EA054112D07C
:1025500019BB63F07F03A37010E018F4806FDDD126
:1025600008F0080343F00103A370416B938AA16153
:10257000518B41EA03412162D369E36118F4804F32
:1025800004D10120BDE8F0810223CEE7E1692046B5
:10259000FFF740FF0028F4D1C0E701F0CBFB002893
:1025A000BCD0A378D5E700BF0378002B45D12DE937
:1025B000F0470B7884B00C4613F0700F30D04B69A5
:1025C00013F01F052CD106469046A94601220DF1B5
:1025D0000F012046C3F3431A5F09FFF7D3FC40B253
:1025E0004FEA4A1201281BD16369A1681F3301F128
:1025F000380C63611CF802200CEB4A1C82B12E2AB5
:1026000012D0A2F1E500B0FA80F0400960B99CF860
:102610000B1011F0080E12D00F2907D00546D5E790
:10262000002004B0BDE8F0870025CFE75106CDD5E6
:1026300002F01F059CF80D90C8E70020704785B197
:102640000CF10A0101E01CF8012F4FEACE1361459D
:1026500043EA5E0352FA83F35FFA83FEF3D1CE4579
:10266000DED14346BAB2214630460095FFF72AFF35
:10267000D7E700BF03780BB1FFF768B901207047B7
:102680002DE9F0470E46017882B009079DF82870C1
:102690009DF82C909DF830A09DF8348018D5A2F2BA
:1026A000BC7294B27F2C13D85A1E01930B2A0FD8F8
:1026B0007A1E1E2A0CD8BAF13B0F98BFB9F1170F3A
:1026C00006D8B8F13B0F03D80546FFF73FF918B914
:1026D000002002B0BDE8F087A8680122A96928306F
:1026E00003F094FF0028F3D0019B4FEA5802A98819
:1026F00047EA4313F70701F00F0142EA4A1243EA9F
:10270000442300EB41109BB242EAC92248BF4382F6
:10271000B40792B208D518F001080382C28118BF2D
:102720004FF0640880F80D80710701D50383C282E1
:10273000AC6804F1280003F03DFF0028C8D004F580
:102740000E7003F037FF0028C2D0206803681B6AB0
:1027500002B0BDE8F047184783789B0727D5036A86
:1027600010B5044682B0ABB1016911BB019301629F
:102770001946A06801F0DEFAB0B1A378616963F090
:102780007F032278E161A37022B12046FFF7DEF8D3
:1027900002B010BD012002B010BD6FF0704221697F
:1027A000A06801F0B7FA68B9002002B010BD00209F
:1027B0007047002301AA8068019301F099FA00286C
:1027C000F2DBEAD1019B002BD7D0D1E72DE9F0470E
:1027D000837805469C0777D588461907914600F10E
:1027E000B5806B6913EB09026ED2B9F1000F40D0CE
:1027F0004F464FF0000AA868C3F3080629694479D8
:1028000014EA53243FD1002E3DD100296ED0AA787E
:10281000520676D5EA699A4273D9013129610239A3
:102820008279436991401944B7F5007F53D3B7F5D6
:10283000806F70D303797A0A1B1B934228BF13461B
:10284000426B8A424FEA432407D35E18B24204D255
:102850004FF0FF3280F828A04263C06A4246066803
:10286000B66AB04780B36B693F1BA04423446B61D9
:10287000C1D1EA699A4276D2AA784846EB6162F001
:102880007F03AB7025E08279023943699140194496
:102890002144002EC8D0C6F500740122BC4228BFD6
:1028A0003C46283003F0B2FE70B130442644224644
:1028B00041460AF00DFAB6F5007FA868D3D128305A
:1028C00003F078FE0028CED16B78002043F001039E
:1028D0006B70BDE8F087C6F500746A69EB69BC42AD
:1028E00028BF3C469A4205D30522DAE7296A21B37C
:1028F000296194E7AB7813F0200F14BF0522012261
:10290000CFE705F1100201F0F3F90028DCDB24D059
:10291000A868296983E7436B8B4204D14FF0FF33EA
:1029200080F828A04363C06A424603685B6A984700
:102930000028C9D04FF4007495E72846FFF760F8E7
:102940000028C1D02969A868296268E7C169FFF732
:1029500061FD00287FF445AFB6E72846FFF750F841
:102960000028D5D1B0E7054B1B682BB1AB784846A2
:1029700063F07F03AB70ACE74846AAE71CA70020D2
:102980002DE9F04F84468DB01446156898460646EA
:10299000894603AF01934FF0000EBCE80F000FC74C
:1029A000BCE80F000FC7DCF8003065603B604346B1
:1029B000A4F80CE0002B3FD04FF0010AA9EB0A016C
:1029C00003A889B24901FFF725FD50B3002103A8F0
:1029D000FFF7C0FB074620B300250DE003F03EFEE5
:1029E0008046584603F04EFF8346404603F04AFFB8
:1029F000834516D10D2D18D0EAB23946304601353F
:102A000000F0E4FEA38983462046002BE6D1D4E9FA
:102A100001329342E2D1BBFA8BF040090DB0BDE820
:102A2000F08F00200DB0BDE8F08F0AF1010A019B84
:102A30005FFA8AFA5345C1D20120EFE72DE9F04F42
:102A400007468DB016469A460DF10C0C02F115049E
:102A500002F1200501914FF000090FCFACE80F0003
:102A60000FCFACE80F003B68CCF800304FEAC91339
:102A700014F8012F43EA5903A54252FA83F35FFA8F
:102A800083F9F3D133684FF000087360A6F80C8027
:102A9000BAF1000F4ED00127019B03A8D91B89B2C0
:102AA0004901FFF7B7FC002855D0002103A8FFF724
:102AB00051FB00284FD0059A574500F1010B4FF00C
:102AC000010492F828304FF0000543F0010382F82A
:102AD00028304FF00F030CBF47F040023A46C37254
:102AE0004FF00003027003734FF0000380F80D9065
:102AF000438306E0ABF80000013401350BF1020B13
:102B0000E4B2B08918B9D6E901239A4216D030460A
:102B100003F0A4FD042DEBB2ECD90A2B02D8ABF8DC
:102B20000300E9E70D2CABF80500E5D10137FFB252
:102B3000BA45B1D201200DB0BDE8F08FB8F1000F59
:102B400006D008F101084FF6FF705FFA88F8E1E758
:102B50004FF00108DEE700200DB0BDE8F08F00BFA8
:102B600002464FF0203152F8163B2DE9F043C0F8F1
:102B70001610864684685160C2F807101A782E2A0B
:102B800014BF0120002003D113F8012F2E2AFBD0FF
:102B9000611E99420BD90A4602E09342114606D0C3
:102BA0001146013A91F800C0BCF12E0FF5D19C42BC
:102BB0004FF0000540F2868007260827A946A84660
:102BC00006E001330A264FF0080910279C425BD922
:102BD0001A782E2A08BF9942F3D0222A0DD07C2AD7
:102BE0000BD0A2F15B0CBCF1020F06D9A2F12A0CAA
:102BF000BCF1050F21D82D2A1FD002F0C002802A77
:102C00005DD04E452FD299422CBF002001200A2EC4
:102C100008BF40F00100002847D09EF81630202B56
:102C200040D09EF8143001207E21312273448EF86A
:102C300015009975DA75BDE8F083A2F13A0CBCF184
:102C4000050FDAD9A2F1210CBCF15D0FD5D84E45A4
:102C5000D9D3A2F1610CBCF1190F28D8203A3D4319
:102C6000D2B2EDB201E000205F2209F1010CF14483
:102C7000013389F816205FFA8CF2062A914698BF34
:102C80008EF814209C42A3D89EF81630202B09D031
:102C90000028C6D018EA050F18BF02258EF8155077
:102CA000BDE8F0830020BDE8F0830B468EE7A2F17B
:102CB000410CBCF1190F98BF47EA0808D5E701336A
:102CC000002083E7A846DFE72DE9F84F4FF06209BF
:102CD00000250F460446DFF8A0B04FF07E0A91F8B9
:102CE000148001F11606B8F1030FDBF8003028BF9D
:102CF0004FF003082B449DB208F10403DBB205F04A
:102D00000F02581E2D09092A02F1370198BF02F15E
:102D10003001FA18C3B291759845F0D107EB08035A
:102D20000021204683F816A0FFF774FB01212046FE
:102D3000FFF710FA03460B2230469BB193F800C010
:102D40001946BCF1000F13D0DB7A1B07EED410F04C
:102D50007FFA0028EAD109F1FF3919F0FF09C2D141
:102D6000484603E06078B0FA80F04009BDE8F88F8B
:102D70000120BDE8F88F00BFB42E01202DE9F04FEF
:102D80002DED028B8BB0CDE902038B6807930B7896
:102D900013F0700F53D0029B1B78002B4FD1136997
:102DA00090469A4A0E460C33A2FB0323C3F38702D4
:102DB00098F815309807049200F0A780571CFFB2CE
:102DC0000023304619461C460693FFF723FB08F103
:102DD0001603A346A146A24608EE103A059475696B
:102DE00000213046FFF7B6F9C5F34F15034620B36F
:102DF0000278E52A29D042B3BC4238BF00242E2AEB
:102E00002BD090F80BC0BCF10F0F54D01CF0080C65
:102E100023D1B9F1000F40F0D5800B2218EE101A23
:102E200010F016FA0028DAD198F8153013F00103E3
:102E300000F0E48001230593D1E7737883B100208B
:102E40000BB0BDEC028BBDE8F08F002C08BFAA468A
:102E5000BC4201D20134E4B212B14FF00009BEE726
:102E6000039B9A05EBD503F00303013B012BE6D846
:102E7000002C08BFAA46BC4203D348E0DCB2A742FC
:102E800045D000213046FFF765F9631C0028F5D1D5
:102E90007378002BD3D1A74239D9079D05E02B7950
:102EA00004EB0314E4B2A74231D93046FEF7C2FD69
:102EB0000028F4D1C3E7B9F1000F19D102F01F0BBC
:102EC000049959458BD112F0400988D0437B89463B
:102ED0000693BBF1010F82D1691C4B464246304636
:102EE00089B2FFF74DFD002808BF4FF0000976E7D3
:102EF0000BF1FF3B5FFA8BFB5A45AED1437B069A41
:102F00009342E6D04FF0000969E7012758E7059B97
:102F10002BB141463046FFF7D7FE00288FD0013F46
:102F200042463046FBB20AEB03051F46ADB22946C6
:102F3000FFF784FD002882D069013046FFF76AFA66
:102F400000283FF47CAF00213046FFF703F9044628
:102F500000283FF474AF2022002110F025FAD8F8A1
:102F60001620D8F81A302260636098F82030B8F83C
:102F70001E20A372228198F8153003F018032373E2
:102F8000234B1B68002B3BD00DF123020DF12601D2
:102F900009A89847BDF824302382BDF82630E38184
:102FA0009DF823306373079A92F8283043F00103A9
:102FB00082F82830039B2A46314602980097FFF793
:102FC00081FA3DE7BBF1010F7FF439AF0A3001E030
:102FD00013F8012F4FEACC11984241EA5C0152FAF2
:102FE00081F25FFA82FCF3D1069B63457FF427AF41
:102FF0004F46039B19053FF522AFDBE71F46F8E775
:1030000045F62143238223836382CCE74FECC44EF1
:103010001CA700202DE9F0411F460B7882B00C461A
:10302000202B154603D114F8013F202BFBD02C6038
:10303000237863B32F2B2AD04FF00008294E211D8F
:10304000204601AA03F0D2FB044670B1019BB3F500
:10305000803F40D27F2B08F1010831D83C2BD9B2F8
:1030600029D8212905D81F2909D8002002B0BDE898
:10307000F0812239C9B226FA01F1CA07F5D42E2B04
:1030800001D0202B1CD123780BB12F2BD7D12B694A
:10309000013BFE2BE9D82378202B03D114F8013F04
:1030A000202BFBD02F2BF9D028463C6002B0BDE886
:1030B000F041FFF755BD5C29D7D005D97C29D4D084
:1030C000C5F81080AC60DEE73E390129F8D8002051
:1030D00002B0BDE8F08108F10208AC60C5F81080CC
:1030E000D1E700BF01210005F0B500238BB00193AB
:1030F00083789A0724D5016A054619B1806800F0E3
:1031000019FEE8B101212846FEF7D0FCC0B1421EED
:1031100000F10A0C0024E30112F8011F43EA5403F2
:10312000944551FA83F3DCB2F5D1E526002306700D
:10313000AF682B7007F12800AB7003F03BFA10B9B1
:1031400000200BB0F0BD07F50E7003F033FA002835
:10315000F6D0386803681B6A98470028F0D0EB78EF
:10316000002BEED0294601A8FEF7C0FE0028E7D0CC
:10317000EB78002BE4D0012721E001A8FEF7EAFF5D
:103180007B1CF9B20028DBD0C27A0F2AD8D1027892
:103190005FFA83FC9FB202F01F038B42D0D1437BC6
:1031A000A342CDD10670A96891F8283043F00103FD
:1031B00081F8283053060DD4EB786345C0D3A98835
:1031C00001A8C91B89B24901FFF724F90021002891
:1031D000D3D1B5E7AC6804F1280003F0EBF900287F
:1031E000AED004F50E7003F0E5F90028A8D02068F1
:1031F00003681B6A9847A4E72DE9F843DDF820909F
:10320000A2B105460C469846571801E0BC420DD0C5
:103210002B68204649465E6AC0472146024628463A
:103220000134B0470028F1D1BDE8F8830120BDE8A2
:10323000F88300BF486810B50C4630B10B894A8945
:1032400001339BB29A420B8101D9206810BD0368FB
:10325000012203495B68984700232068238110BD41
:10326000C03A00202DE9F04F054687B088469246C7
:1032700000214FF40072406A10F096F8286A28B1D5
:1032800003680C223A495B689847286A6B6A4FF0DA
:103290000009EE690AF1FF32DFF8E0C0E968ADF835
:1032A00014904C1CCDE903304FEA5A13ADF8163098
:1032B0003368DF6A674526D16AB301EB0A07DFF896
:1032C000C0A00AE02146039A30460134D8470028BE
:1032D0003FD0A7421ED033680498D3F824B000280A
:1032E000F0D0BDF81430BDF8162001339BB29A42DD
:1032F000ADF81430E6D80368514601225B68984760
:10330000ADF81490DEE703AB214630460093194B2D
:10331000B847F0B1286A20B10368022216495B68F9
:103320009847B8F1100F4FF0F8016A6A4FF00103A7
:103330000CBF04200C201170FF216A6AD1540133A4
:103340009842FAD1E8696A6A0368E9685B6A984753
:1033500018B9002007B0BDE8F08FD5E90231E8695F
:1033600019446A6A03685B6A984707B0BDE8F08F42
:10337000B03A0020150F0100D83A0020D90E010004
:10338000C03A002038B5436A4FF400750446002166
:103390002A46184610F008F84FF02031EB22A0F82A
:1033A0000B50C0F803100346C0F8071090210270BC
:1033B000762099700222587094F82B1059734AF6AF
:1033C0005521208D1A74F822D8815A752269DA6144
:1033D000A269A3F8FE111A6238BD00BF70B5044699
:1033E0004FF400720021406A0FF0DEFF656A226927
:1033F000216805F2BF1003F057F9A369226905F2AD
:10340000C31021681A44013A03F04EF994F82A20B7
:103410004AF6552385F8C2212269E069C5F8C6211C
:10342000626AA169A5F8FE310368C5F8CA110021D6
:103430005B6ABDE87040184770B546694FF4807309
:1034400090F82BE00446A6F58072456A4360B2FB13
:10345000FEF202F2011C4FEA1C214FEA410C81608E
:103460000CF1A10098420ED98033F21AB2FBFEF2A1
:1034700002F20111090A4FEA410C0CF1A10083424A
:10348000F2D3C4E901311B1AA2F6F57103F18000F1
:10349000B1F5704F20614FD20CF1210C81332046E1
:1034A00002FB0EC2E360B2F5803FA26134BF042389
:1034B000062384F82A3001232385FFF78FFF08B9FC
:1034C000002070BD2046FFF75DFF2922A1684FF064
:1034D000203385F826204622C5F82F30802085F835
:1034E00036205422C5F82B30C5F83230312385F808
:1034F00038203622E982412185F8393085F83710A5
:103500004FF4007185F8240085F83A200F4BE069EC
:10351000C5F827300368A5F81110626A21695B6A53
:1035200098470028CCD062682046E3681021D21A60
:10353000BDE87040FFF796BE206A0028C0D003683F
:10354000132203495B689847002070BD87D612009C
:10355000843A0020F8B546694FF4005390F82BC028
:103560004FF48042A6F58041036142F2090E044601
:10357000456A4260B1FBFCF101F18103DB09836024
:103580000EEB4300904240F2B68002F50052B11AB1
:10359000B1FBFCF101F18103DB090EEB43005F009D
:1035A0008242F2D3C4E901234FF6F473994240F208
:1035B000978001FB0C2CA2F500522046D21B92B240
:1035C00002F5005322854D4AE360ACF50053944563
:1035D00094BF4FF00B0C4FF00C0CA36184F82AC081
:1035E000FFF7FCFE08B90020F8BD2046FFF7CAFE31
:1035F000A16829224FF020338020696285F842209B
:1036000054214622C5F84B3085F840004120C5F8CA
:103610004730C5F84E30022385F85220332285F812
:103620005410322185F8552085F8530085F856103E
:10363000EB62E069324B334A2B630368C5F84320E1
:103640005B6A626A216998470028CCD0E0692169E9
:1036500003680631626A5B6A98470028C3D04FF45A
:1036600000720021606A0FF09FFEE069264A03683D
:10367000C5F8FC2121695B6A0231626A984700281B
:10368000B1D0E069216903680831626A5B6A9847D2
:103690000028A8D04FF0FF33E0691C4AC5E97A330F
:1036A0001B4B2A60C5F8E43103682169626A5B6AD2
:1036B00001319847002896D0E06921690368626A61
:1036C00007315B6A984700288DD0A268204694F89D
:1036D0002B30202103EB4202BDE8F840FFF7C2BDCA
:1036E000206A00283FF47FAF0368132209495B6812
:1036F00098470020F8BD5F0056E700BF0004FB00BC
:103700000100060087D61200000055AA52526141FE
:1037100072724161843A002038B504460D68C16177
:1037200008466262EA692362904700F2FF736061B3
:10373000DB0A062B236024D9102B13D80223B0F503
:10374000800F84F82B3020462ED2FFF775FE0546F9
:10375000206A05B320B103680D2219495B689847B8
:10376000284638BD202B23D9402B23D9802B23D9A1
:10377000B3F5806F22D9B3F5004F8CBF802340236F
:10378000DDE7206A20B1036814220E495B68984780
:103790000025284638BD0028FAD003680F220A49C0
:1037A0005B689847284638BDFFF7D4FE0546CFE74B
:1037B0000423C4E70823C2E71023C0E72023BEE7A1
:1037C000643A00204C3A0020743A0020042A04D8BD
:1037D00001EB4202B2F8010070470A2A03D801EB5C
:1037E0004202908870470C2A03D801EB4201C88836
:1037F00070470020704700BFF8B504780E467CB1D2
:1038000014F06004174607D0012A09D92F2200239B
:1038100001200A704B70F8BD2146FEF747F918B930
:10382000002318463370F8BD0346A446082111E072
:10383000027B114203D00EF1200E5FFA8EFE651C52
:10384000BD42EDD20CF1010C06F804E0ECB2BCF183
:103850000C0F10D0BCF1080F11D013F801EBAEF132
:103860004102192AE4D9BEF1200FE8D10CF1010C74
:10387000BCF10C0FEED1002320463355F8BD1A7869
:10388000202AF8D010214FF02E0ED8E72DE9F04F66
:1038900000248BB0037889460194002B55D0C3785F
:1038A0000646002B58D0014601A89046FEF71EFBA5
:1038B00000284AD0F078002843D008F1FF38CB46E2
:1038C0004FF0010AC844B18801A8A1EB0A0189B2EE
:1038D0004901FEF79FFDC0B3002101A8FEF73AFCA5
:1038E00098B3C37A0F2B30D103785FFA8AF103F0D3
:1038F0001F038B4229D1471C0025042DEBB23FD872
:103900003B8874BB03F5205189B2B1F5006F3ED3FB
:10391000A3B118465946424602F016FF8346A0B1AD
:103920000024013502370D2DE7D10AF1010AF178A3
:103930005FFA8AF31FFA8AFA9942C4D2ABEB090004
:10394000D946002389F8003003E00023184689F89F
:1039500000300BB0BDE8F08FFFF74EFF0BB0BDE8B5
:10396000F08F03F5105189B2B1F5806FEDD20A4A9C
:10397000C3F3090302EA8420184300F58030C9E745
:103980000A2B94BFB7F80330B7F80530B9E7B1F5A3
:10399000806FDAD21C46C4E700FC0F00FFF776BF49
:1039A0002DE9F843DDE90887C3B181460C46154689
:1039B0005E1802E0C047B44210D0D9F8003021466A
:1039C0002A4648461B69984703463A4620462946F8
:1039D0000134002BEED11846BDE8F88301231846C8
:1039E000BDE8F88310B41468B4F5807FA44628BFFE
:1039F0004FF4807C01EB4C00814207D231F8023B4E
:103A000013B95368013353608842F7D8A4EB0C0410
:103A100014605DF8044B704710B41468802CA44601
:103A200028BF4FF0800C01EB8C00814207D251F887
:103A3000043B13B95368013353608842F7D8A4EBB1
:103A40000C0414605DF8044B704700BF2DE9F84387
:103A5000C37904460D461746202B59D0102B30D081
:103A60000C2B51D1027AC1F34E01836900F50E7916
:103A700011FA85F1A2F1020248468EB2B2FA82F240
:103A8000C1F34621520901EB03085200414602F0FE
:103A9000BDFD002838D0C6F30806731C865DB3F55B
:103AA000007F23D018440378EA07E26946EA03233B
:103AB0004CBF1B09C3F30B039A4240D20020BDE860
:103AC000F883027AC1F30721836900F50E70A2F131
:103AD00002021944B2FA82F25209520002F096FD33
:103AE00090B16D0005F4FF75435B25E0227A08F183
:103AF00001014846A2F10202B2FA82F252095200D2
:103B000002F084FD0028CED14FF0FF30BDE8F883ED
:103B1000027A816900F50E70A2F1020201EBD51163
:103B2000B2FA82F25209520002F070FD0028EBD086
:103B3000AD0005F4FE754359E2699A42BED30120F7
:103B40003B60BDE8F88300BF2DE9F843C379054623
:103B50000C461646202B48D0102B2DD00C2B41D1D3
:103B6000C1F34E01836900F50E7911FA84F11FFA51
:103B700081F8C1F34621CF18037A4846022B394613
:103B800014BF0122032202F041FD58B314F00104D6
:103B9000C8F308033FD0C25C02F00F0242EA0612EB
:103BA000C2540133B3F5007F3AD0C6F30712034481
:103BB00001201A70BDE8F883027AC1F307218369F6
:103BC00000F50E70022A194414BF0122032202F0EC
:103BD0001DFD034630B16400012004F4FF741E5340
:103BE000BDE8F8830020BDE8F883037A816900F519
:103BF0000E70022B01EBD41114BF0122032202F03C
:103C000005FD03460028EDD0A400012004F4FE7455
:103C10001E51BDE8F883C6540133B3F5007F15D1BA
:103C20002B7A791C4846022B14BF0122032202F092
:103C3000EDFC03460028D5D0C6F30712002CB7D1FF
:103C4000197821F00F0141EA1212B1E7C6F3071209
:103C50000344F5E72DE9F041C46882B005460E46FD
:103C60008C42904640D301270134EB6901AA2846D3
:103C7000A34205D29FBBEC6801273C44A3422ED34C
:103C8000A64218BF012C214629D9FFF7DFFE0028E4
:103C900025DBE9D0019B002BE6D107B1EC60EB6995
:103CA000A3421CD36FF0704221462846FFF74CFF19
:103CB0000746A0B13EB96B6A002B01DB013B6B628A
:103CC000C8F800400CE0012E09D0EB699E4206D8EE
:103CD000314622462846FFF737FF0028EBD1002760
:103CE000384602B0BDE8F0810C460027BCE700BFB3
:103CF00001290CD910B4C4698C4203D35DF8044B7C
:103D0000FFF7A4BE4FF0FF305DF8044B70474FF053
:103D1000FF30704701290BD910B4C4698C4203D31A
:103D20005DF8044BFFF710BF00205DF8044B7047AF
:103D30000020704770B5054682B00C461DE0EB6967
:103D40009C421FD8FFF782FE064621460022002E25
:103D5000284617DBEB699C4214D8FFF7F5FE621E7C
:103D600080B16B6A002B03F10103A8BF6B62EB68A3
:103D7000A342019C88BFEA602EB1012C214601AA12
:103D80002846DCD8002002B070BD00BF2DE9F04706
:103D90000646406A84B000281BDAF2790C2A1BD14F
:103DA000F7697B1C022B40F2CD80022400252146BE
:103DB00002AA3046FFF74AFE002804F1010306DBA1
:103DC00057D1A7421C465CD0F2699342EFD94FF01D
:103DD000FF3004B0BDE8F087F169002096F8383272
:103DE00001313469DB07CDE9021000F18580002143
:103DF0004FF0FF33202A06F5127786F83812C6F8FE
:103E0000443242D0D6F800804F4BD8F80020D6F884
:103E100018A095699D4278D1002C00F082800AEBB1
:103E20000409136951463A46404698470028CED0C7
:103E30000299B1F5807F8E4628BF4FF4807E07EB54
:103E40004E0CBC450BD9039D3B46002233F8024B78
:103E50000CB9013502469C45F8D802B103950AF128
:103E6000010AA1EB0E01D14502915AD0D8F80020E9
:103E7000D7E7029A002AA4D1A74205F101051C4602
:103E8000A2D1284604B0BDE8F087D6F800A02E4B9A
:103E9000DAF80020D6F8189095699D4246D1002C9A
:103EA0003FD009EB0408136949463A465046984703
:103EB00000288CD0DDF808C0BCF1800FE64628BF92
:103EC0004FF0800E07EB8E02BA420BD9039D3B46A2
:103ED000002153F8044B0CB9013501469A42F8D839
:103EE00001B1039509F10109ACEB0E03C84502933A
:103EF00017D0DAF80020D6E706F50E7002F05AFB6C
:103F000000283FF464AFF27971E7234602AC3A46E9
:103F10005146019440460D4C0094A84700283FF4B8
:103F200056AF0398706204B0BDE8F087234602AC38
:103F30003A46494601945046054C0094A84700284B
:103F4000EFD144E7002044E781160100C5160100C7
:103F5000F916010070B500230446154601204FF004
:103F6000FF3204F128062160E371E060E162C4F8E9
:103F70003C1284F8283084F838326263C4F8442252
:103F8000CDB1042D01D9002070BD1A461946304626
:103F900002F03CFB6FF0704300F5DF722B441D0113
:103FA00002EB03130028EED019790029EBD0525D03
:103FB0005206E8D19D6800222946304602F026FBD1
:103FC0000028E0D0B0F80B30B3F5007FDBD1037CE4
:103FD0005A1E2372012AD6D8417B4B1E012921711A
:103FE00063714FF00003A37144D0012252000133EA
:103FF000D2B2DBB2914204D0082BF7D10020A371DA
:1040000070BD1E46A371C18A216109B9416A21614F
:10401000C289B0F811302A4463815B01A26190F833
:1040200010C003F2FF1301FB0C2202EB53232262A8
:10403000B0F81320636102B9026AED1AAB18F340BD
:104040005A1CE2614FF0FF32626240F6F472934212
:104050000CD94FF6F47293420AD9C26A2023226225
:104060000120E3712163C4F8401270BD0C23F7E70F
:104070001023F5E71E46C6E7F8B500268F6B0D4600
:104080000446C0E90E669FB10146242000F0DCF82A
:10409000068086708446AD6BA0630FCDACE80F0040
:1040A0000FCDACE80F002B68CCF800302046F8BDEF
:1040B000CB6B002BFAD00146382000F0C5F880F811
:1040C000317047860246EB6BE06303F130071E68F0
:1040D000103353F80C5C103253F8080C53F8041CDE
:1040E000BB4242F8106C42F80C5C42F8080C42F8F3
:1040F000041CECD11B6820461360F8BD10B50446C3
:10410000806B10B1FDF7E2FC30B9E06B10B1FBF74A
:10411000CFFB20B9002010BD0023A36310BD0023F6
:10412000E36310BD002952D02DE9F0410446806BB5
:104130000D4617461E4610B1FDF7C8FCA0BBE06B4C
:1041400010B1FBF7B5FBB8BBD5F88084B8F1000F10
:1041500011D02146242000F077F8334600263A4655
:1041600006808670A063D5F88014FDF7B7FE58BBB3
:10417000A063BDE8F081D5F8843493B1214638209E
:1041800000F062F8334680F831803A46A0F8328079
:10419000E063D5F88414FBF7BFFFA8B9E063BDE87E
:1041A000F0810020BDE8F0810023D5F88084A3636E
:1041B000B8F1000FCDD1DEE70023D5F88084E363AA
:1041C000B8F1000FC5D1D6E70120BDE8F08100208D
:1041D000704700BFF8B50446806B0D46174610B116
:1041E000FDF774FC38BBE06B10B1FBF761FB38BB2B
:1041F000AE6B76B12146242000F026F800213A4625
:1042000001808170A063A96BFEF7CEF988B9A06325
:10421000F8BDE86B0028FBD02146382000F014F8E8
:104220003A4680F831604686E063E96BFBF77CFF35
:1042300020B10120F8BD0023A363D9E7E063F8BDF6
:104240000023E363D4E700BF084670472DE9F0413F
:10425000002604469846C0F88814C0F880640146D9
:104260004FF490601746FFF7EFFF424680F8446432
:10427000054680F87964A0F87A64C4F88404D4F818
:104280008814FDF7E7FAA0BB0026214640F26C40F7
:10429000C4F88464FFF7D8FF0223C6714246A0F831
:1042A0004864054680F84A640372C4F88004D4F870
:1042B0008814FFF74FFE38B900231A4A18461360D6
:1042C000C4F88034BDE8F08105F589663046FDF715
:1042D000FDFB29463046FDF737FE0028ECD0124B97
:1042E0001A68AAB91D600F4BAFB101201C60BDE870
:1042F000F08105F589663046FBF7DAFA2946304643
:10430000FBF704FB0028BFD0084B1A68002AE9D04D
:10431000044B002FE9D11A68002AE6D00120BDE83D
:10432000F08100BF9CA90020A0A900209CA700202C
:1043300070B500254FF47A760446456005738660B3
:10434000C0E91255034D40F8105BFFF7EBFE204625
:1043500070BD00BF7C3D00204FF0FF30704700BFB4
:10436000407C7047007D7047407D7047012070475A
:10437000007F70472DE9F0471E46C37C05460C467A
:10438000022B9146089F28D02B68214628461B6E99
:10439000984798B1AC61B9F1000F12D004EB09084D
:1043A00001E0A0450DD039462046B0472B680146B4
:1043B0002846DB6D013498470028F2D10020BDE883
:1043C000F087AB69287F4B44AB610028F7D12B689D
:1043D00028465B6EBDE8F047184783698B42D3D10E
:1043E000D9E700BF704700BF043002F0B5B800BF86
:1043F00010B50446202108F007FD204610BD00BF7F
:104400002DE9F0411F46C37C05460E46022B14469B
:1044100024D02B68314628461B6E984778B1AE6190
:1044200087B1002601E0B7420CD02A682146284611
:104430000136D26D04F5007490470028F3D10020B6
:10444000BDE8F081AB69287F3B44AB610028F7D120
:104450002B6828465B6EBDE8F041184783698B42A4
:10446000D7D1DDE72DE9F041204E074600F10408E1
:10447000356805F51675ADB203E03368EB1A1B0419
:1044800010D4404602F06CF8FF280446F5D1FD2117
:10449000404602F07FF8BB7CCBB900230120FB74BF
:1044A000BDE8F0811E23B87C7B740028F8D0387CEE
:1044B000012102F009F8FF21404602F06BF8404666
:1044C00002F022F800231846BB74BDE8F0810121F8
:1044D000387C01F0F9FF2146404602F05BF8404687
:1044E00002F012F80023BB74D7E700BFB42E0120FE
:1044F0002DE9F041C37C012B35D0867C04464EB1BA
:10450000043002F02DF8B0F1FF0518BF0125284650
:10451000BDE8F081071D4FF00108384601F0D6FFD5
:104520003146207C01F0D0FFFF21384602F032F8FE
:10453000384684F8128002F013F8A37CB0F1FF052E
:1045400018BF0125002BE2D04146207C01F0BCFFC2
:10455000FF21384602F01EF8384601F0D5FF284604
:10456000A674BDE8F08100252846BDE8F08100BFB3
:104570002DE9F843204F0446884691463D68061DC4
:1045800005F59675ADB203E03B68EB1A1B040DD43C
:10459000304601F0E5FFFF282075F5D0FE281AD03F
:1045A0001823A07C637430B9BDE8F8831D23A07C78
:1045B00063740028F8D0207C012101F085FFFF21E1
:1045C000304601F0E7FF304601F09EFF0023184619
:1045D000A374BDE8F8834A464146304601F0CCFF5B
:1045E000207538B9304601F0BBFF304601F0B8FF06
:1045F0000120D9E72523D4E7B42E0120F0B5002708
:1046000083B00C2104463A46C77400F05BF8B0B999
:10461000A67C1EB90126304603B0F0BD0546012137
:10462000207C01F051FF201DFF21019001F0B2FF1D
:10463000019801F069FF3046A57403B0F0BD09236D
:10464000A67C6374002EE6D0251D207C01213E4609
:1046500001F03AFFFF21284601F09CFF284601F0B7
:1046600053FF3046A77403B0F0BD00BFC27C022ADE
:1046700003D0012A04D00120704703685B6E1847FD
:10468000FFF7BCBF38B503680D460D4904461A6AEA
:104690008A420CD1C27C022A04D0012A0BD001200C
:1046A000257738BD5B6E98470028F8D138BD904714
:1046B0000028FBD0F3E7FFF7A1FF0028F6D0EEE7D4
:1046C0004D2301002DE9F041036882B00F463549C2
:1046D000019206461A6A8A425ED1C27C022A41D001
:1046E000012A5BD0B47C002C47D0351D0C2F11D093
:1046F000DFF8B480D8F8004004F59674A4B204E062
:10470000D8F80030E31A1A0434D4284601F028FF00
:10471000FF28F5D10DF1040802AC47F0400128460E
:1047200001F038FF14F8011D284601F033FFA045C1
:10473000F8D1002F28464FF00A040CBF952187219D
:1047400001F028FF284601F00BFF2846013C01F04C
:1047500007FF0306A4B2307501D5002CF5D102B0D5
:10476000BDE8F0815B6E98470028BBD1FF2002B006
:10477000BDE8F081002FCDD0F8E7351D284601F0C7
:10478000A5FE2146307C01F09FFEFF21284601F066
:1047900001FF0123B374A9E79047E5E7FFF72EFF78
:1047A000E2E700BF4D230100B42E01202DE9F047C0
:1047B00088B005464FF00008174601AC2E1D85F85D
:1047C000128085F8118085F8158084E80E009DF828
:1047D0000400287401F074FE0121287C01F074FEAD
:1047E0006C490723C5E9021394E8070005AB83E889
:1047F000070030460ECB01F073FEAC7C85F81380C9
:10480000002C67D00A240121287C01F05DFEFF21E5
:10481000304601F0BFFE611E11F0FF04F7D12146C2
:104820000A24287C01F050FE002228461146FFF79A
:1048300049FF012804F1FF3304460AD013F0FF04B6
:10484000F2D10123A87C6B74002851D108B0BDE8D7
:10485000F0874FF4D57208212846FFF733FF42074F
:1048600057D56C752B68DFF830A19B6D534561D12E
:10487000687DA0F10204DFF82491B4FA84F4D9F839
:104880000030640903F5FA68A4071FFA88F805E008
:10489000D9F80030A8EB03031B0449D437210022C8
:1048A0002846FFF70FFF224629212846FFF70AFF77
:1048B0000028EDD12B689B6D534565D1687D02289A
:1048C00049D0AB7CCBBB07230120C5E9027308B0FC
:1048D000BDE8F087304601F0F9FD2146287C01F063
:1048E000F3FDFF21304601F055FE0123AB7489E74B
:1048F000287C012101F0E8FDFF21304601F04AFE4D
:10490000304601F001FE00231846AB7408B0BDE844
:10491000F087022304246B75304601F021FE631EEC
:10492000287513F0FF04F7D1AA289BD0062389E746
:10493000172387E7284698479BE70121287C01F049
:10494000C3FDFF21304601F025FE304601F0DCFDBD
:104950000023AB74B7E700223A212846FFF7B2FEE6
:10496000A8B9304601F0FCFD00F0C000C02801D11C
:1049700003236B75304601F0F3FD304601F0F0FD86
:10498000304601F0EDFD9CE72846984797E7122353
:1049900058E700BF801A060049200100B42E01200C
:1049A000F8B500220D463A210646FFF78BFEE0B926
:1049B000371D2C1D384601F0D3FD04F8010DA5422A
:1049C000F8D1B47C14B901242046F8BD307C012113
:1049D00001F07AFDFF21384601F0DCFD384601F098
:1049E00093FD00232046B374F8BD1223B47C737486
:1049F000002CE9D0341D307C012101F065FDFF2140
:104A0000204601F0C7FD204601F07EFD00231C4634
:104A1000B3742046F8BD00BF70B5164682B00022C0
:104A20000446FFF74FFEB0B11B236374A07C08B9A6
:104A300002B070BD251D207C012101F045FDFF2144
:104A4000284601F0A7FD284601F05EFD0023184628
:104A5000A37402B070BD0546102231462046FFF710
:104A600087FD0028E2D0A67C002EE1D0207C012129
:104A700001F02AFD201DFF21019001F08BFD01981E
:104A800001F042FD3046A57402B070BD0368254AAE
:104A9000DB6C934200B585B00FD16A460921FFF760
:104AA000BBFF38B19DF8003013F0C00308D0402B95
:104AB00027D0002005B05DF804FB69469847F0E771
:104AC0009DF809309DF80A2003F003039DF80610B5
:104AD0009DF807005B0001F0030180009DF808C00D
:104AE00043EAD2139DF8052040EA812002F00F022C
:104AF00040EA9C1013440130073B984005B05DF834
:104B000004FB9DF809009DF8073001309DF808204E
:104B100003F03F0300EB034000EB0220800205B0EE
:104B20005DF804FB292B010003680A4630B59B6D34
:104B300083B0164D0446AB4224D1407D03284FF08C
:104B40001201204618BF5202FFF7BCFD20B9012315
:104B50001846E37403B030BD0C23A07C63740028B6
:104B6000F8D0251D207C012101F0AEFCFF21284654
:104B700001F010FD284601F0C7FC00231846A3747D
:104B800003B030BD01919847019AD7E74920010051
:104B9000F8B51446C27C06460D46012A1F4602D1CE
:104BA00083698B4205D029463046FFF7BDFF80B1AF
:104BB000B56187B1002501E0AF420CD021464FF42A
:104BC00000723046013504F50074FFF7D1FC00286F
:104BD000F2D10020F8BDB369307F3B44B3610028B7
:104BE000F8D13046BDE8F840FFF708BD2DE9F84F91
:104BF0009B46C37C06460C46012B1546DDF82890E3
:104C0000DDF82C8002D183698B4205D021463046E5
:104C1000FFF78AFFB0B1B461BBF1000F15D004EB10
:104C20000B0A02E0C847A2450FD04FF40072294694
:104C30003046FFF79DFC0746424620462946013490
:104C4000002FEFD10020BDE8F88FB369307F5B44BF
:104C5000B3610028F7D13046BDE8F84FFFF7CEBC6E
:104C600003682DE9F0415F69164B9F421FD1C37C59
:104C700004460D461646012B02D18369994205D0A0
:104C800029462046FFF750FF70B1A5614FF400722E
:104C900031462046FFF76CFC30B1A369207F013319
:104CA000A36148B1BDE8F0810020BDE8F081BC46B9
:104CB0000123BDE8F04160472046BDE8F041FFF721
:104CC0009DBC00BF7128010003680A4630B59B6D8A
:104CD00083B0164D0446AB4224D1407D03284FF0EB
:104CE0001901204618BF5202FFF7ECFC20B902233D
:104CF0000120E37403B030BD0E23A07C6374002850
:104D0000F8D0251D207C012101F0DEFBFF21284683
:104D100001F040FC284601F0F7FB00231846A3747D
:104D200003B030BD01919847019AD7E749200100AF
:104D300003682DE9F043DB6C1746414A85B0044611
:104D40000E46934245D16A460921FFF765FE0546A6
:104D5000B5B19DF80A305A0618D5637D032B01D0F2
:104D600076027F02324620212046FFF7ABFC28B9AD
:104D70003A4621212046FFF7A5FC70B32623637431
:104D8000A57C9DB9284605B0BDE8F08303F03F033C
:104D90009DF80B205B0043EAD2137A1C3243134286
:104DA000DBD02723A57C6374002DEBD0251D207C50
:104DB000012101F089FBFF21284601F0EBFB284689
:104DC00001F0A2FB00231D46A374284605B0BDE8F0
:104DD000F083694698470546BAE7024626212046F1
:104DE000FFF770FC0028C9D1DFF8588042F2107735
:104DF00004F10409D8F800301F44BFB204E0D8F829
:104E00000030FB1A1B0417D4484601F0A9FBFF2809
:104E10000646F4D1A37C002BB4D00121207C1D4692
:104E200001F052FB3146484601F0B4FB484601F020
:104E30006BFB0023A374A5E728236374A0E700BFDE
:104E4000292B0100B42E012070B5002282B00E463D
:104E500009210446FFF736FCB0B11B236374A07C24
:104E600008B902B070BD251D207C012101F02CFB8A
:104E7000FF21284601F08EFB284601F045FB002368
:104E80001846A37402B070BD054610223146204674
:104E9000FFF76EFB0028E2D0A67C002EE1D0207C3C
:104EA000012101F011FB201DFF21019001F072FB97
:104EB000019801F029FB3046A57402B070BD00BF17
:104EC00070B5002282B00E460A210446FFF7FAFBB5
:104ED000B0B11B236374A07C08B902B070BD251D5E
:104EE000207C012101F0F0FAFF21284601F052FB5D
:104EF000284601F009FB00231846A37402B070BDD8
:104F00000546102231462046FFF732FB0028E2D04A
:104F1000A67C002EE1D0207C012101F0D5FA201DD5
:104F2000FF21019001F036FB019801F0EDFA3046C7
:104F3000A57402B070BD00BF70B5051D16460446CD
:104F4000284601F027FB4FF400723146284601F055
:104F50002BFBFF21284601F01DFBFF21284601F015
:104F600019FB284601F0FCFA00F01F032075052B01
:104F700004D02023A07C637410B970BD012070BDE3
:104F8000207C012101F0A0FAFF21284601F002FB5C
:104F9000284601F0B9FA00231846A37470BD00BF7B
:104FA0002DE9F041174D06460F4600F104082C6824
:104FB00004F51674A4B203E02B68E31A1B040CD4A6
:104FC000404601F0CDFAFF28F6D13A46FC213046A2
:104FD000FFF7B2FF18B1BDE8F08124237374B07CF1
:104FE0000028F8D0307C012101F06EFAFF21404604
:104FF00001F0D0FA404601F087FA00231846B37456
:10500000BDE8F081B42E0120036870B59B6D164693
:10501000224A82B004460D4693423CD1407D03288B
:105020004FF01801204618BF6D022A46FFF74AFBD1
:105030000546B0B10D236374A07C08B902B070BD01
:10504000251D207C012101F03FFAFF21284601F0B7
:10505000A1FA284601F058FA00231846A37402B0BA
:1050600070BD3246FE212046FFF766FF0028E3D0E0
:10507000A67C002EE2D0207C012101F025FA201D23
:10508000FF21019001F086FA019801F03DFA3046C7
:10509000A57402B070BD9847C1E700BF4920010068
:1050A00010B4047F34B104680123A46AA4465DF8F7
:1050B000044B60475DF8044BFFF7A6BF10B584B002
:1050C00004460DF1040C8CE80E009CE80E00FFF77E
:1050D0006DFB20B19DF8053003F00103237704B088
:1050E00010BD00BF002070470020704700207047AF
:1050F000704700BF084B0021084A094810B4996363
:105100001C6B146012685DF8044B1A639A6C22F0F1
:1051100081029A640170704700002C4018A700209B
:10512000622F0120034B586A80F08070C0F300604A
:10513000704700BF00002C40014B1878704700BF3B
:10514000622F01202B4A2C4B526AD3F800312B4995
:10515000C2F3C22203F03F03013270B5284C4FF472
:105160007A75A4FB034305FB00F09B08B1FBF3FE3B
:10517000BEFBF2FEB0EB1E1F35D201231E465B00C4
:105180001A01BEFBF2F2824201D9FF2BF6D9BEFB17
:10519000F3F2360290422AD24FEA430C012200E099
:1051A000A446154603EB0C040132BEFBFCF1814220
:1051B00017D9102AF4D1F0254FF47A731149124A05
:1051C00003FB0CFCBEFBFCF30B60104BD16A0B40E5
:1051D0002B43334343F46023D362536A1B07FCD54C
:1051E00070BD2D01E8E7724600260123D2E79C46F8
:1051F0000025E1E700C00F4000800D4000EC695E33
:10520000ABAAAAAAE0A6002000002C400F00F0FFE5
:10521000014B1878704700BF5E9B0020014B186857
:10522000704700BF18A7002010B4074C8C460FCC65
:10523000CCF800000120CCF80410CCF80820CCF801
:105240000C305DF8044B7047ECA6002010B4074CFE
:105250008C460FCCCCF800000120CCF80410CCF820
:105260000820CCF80C305DF8044B7047FCA60020F9
:10527000024B01201B680B60704700BF0CA7002089
:10528000704700BF10B504460C2107F0BDFD204655
:1052900010BD00BF044B1B7823B1044B18780230BB
:1052A000C0B27047012070475F2F0120602F01209E
:1052B000184B1A7812F0C0020FD0402A01D00020FB
:1052C0007047587ADA79197A013002F03F0300EB1F
:1052D000034000EB0120800270475A7A9979D8790F
:1052E00002F0030293F808C001F0030180005200AD
:1052F00040EA812000B593F80AE040EA9C105B790F
:1053000042EADE12013003F00F031344073B9840DA
:105310005DF804FBFCA60020404A0520404938B552
:10532000D2F800413F4B44F080043F4DC2F80041A9
:10533000D2F8004124F03F04C2F80041D2F8004105
:1053400044F01804C2F80041D2F8004124F080046F
:10535000C2F80041D3F8802042F00C02C3F880204C
:105360005A6A22F460525A62DA6942F48032DA618F
:105370005A6A42F400625A62C1F8CC01C1F8D00105
:10538000C1F8BC01C1F8C001C1F8C401C1F8C8012D
:10539000AA6C264B42F00042AA64EA6A1343EB620D
:1053A000EC6A14F08074FBD14FF4C870FFF7CAFEAA
:1053B0001B4B47F2B80241F2B801C3F8CC411C487C
:1053C000C3F8D041C3F8BC41C3F8C041C3F8C441DD
:1053D000C3F8C841C3F8BC23C3F8C023C3F8AC2347
:1053E000C3F8B013C3F8B4231249C3F8B823124B5F
:1053F0006863C1F8F8314FF0E0234FF480420F4961
:10540000602081F86E00C3F80C21EB6A064A43F075
:105410000063EB62D36A1B01FCD438BD00800D40F1
:1054200000801F4000C00F4000002C4000800001A1
:105430000B007F11009C0020D52D010000E400E04E
:105440002DE9F04107F01EF9174E184D0746DFF819
:10545000748004E007F016F9C01B40451BD8346B7C
:105460002C40F7D0124A0021124B1170326B1A6097
:105470001968114A31631B68134209D00F491F2470
:105480000F4B40F27A2200200C701A60BDE8F081C8
:105490000120BDE8F081064A064B1470326B1A6099
:1054A0001B683363EAE700BF00002C4002007F1155
:1054B000612F012018A7002000007F115E9B0020B3
:1054C000E4A6002040420F002DE9F843264C0F4689
:1054D0002378002B38D1254B5A6AD2052BD5234D82
:1054E000DFF89480AB6A43F48033AB6207F0CAF80C
:1054F000064604E007F0C6F8801B40452AD86B6AD0
:1055000013F48069F6D007F13C0C184807F50F77C3
:10551000436A5B05FCD5ACF1400353F8042F9C456E
:105520000262FAD10CF1400CBC45F1D101231846BE
:105530002370BDE8F8839A6A22F480329A629A6AEC
:1055400042F400329A62CAE7FFF77AFF0028C2D11C
:10555000BDE8F88306492124064B4FF47E72484685
:105560000C701A60BDE8F883612F012000002C4008
:105570005E9B0020E4A6002040420F002DE9F04190
:10558000074688461F4C07F07DF81F4E054604E08D
:1055900007F078F8431BB34224D8636AD907F7D4DD
:1055A000BB02C4F8088020D427F0FF03154C174E27
:1055B000E36007F067F8144F054604E007F062F86F
:1055C000401BB8420ED8236B3342F7D0226B104BEE
:1055D0001A601A6822631A68D20703D51B6813F48D
:1055E000702F0BD00020BDE8F081A26CFBB222F03E
:1055F000FF02A264A26C1343A364D5E70120BDE8B7
:10560000F08100BF00002C4040420F0001000F005D
:1056100018A70020154B30B50D4685B01968FFF767
:10562000ADFF08B3124B05F10F041A6900925969D6
:10563000019199690291DB690393002301E05EF80F
:10564000102C03F0030C01334FEACC0C23F0030EB3
:105650000F2B22FA0CF20EF1100104F8012D0DEBC4
:10566000010EECD10023EB7305B030BD10A7002074
:1056700000002C4010B5037ADB0705D5154B1B68DD
:10568000B3B1BDE810401847134B1B783BB9134B1F
:105690005C6A84F08074C4F30064204610BD0F4B34
:1056A0000F4C1B6B1C40B4FA84F46409204610BDF7
:1056B0000C4B1C78002CF0D00B4B0C481968FFF7F2
:1056C0005DFF0028E9D0054B1C6984F48074C4F3A5
:1056D0000024E2E714A70020612F012000002C40E5
:1056E00002007F115E2F012010A7002000001A0D7C
:1056F00008B5044B04481968FFF740FF08B1034B95
:10570000186908BD10A7002000001A0D00002C40E9
:1057100008B5074B07481968FFF730FF30B1064B53
:10572000186980F48070C0F3002008BD012008BD16
:1057300010A7002000001A0D00002C402DE9F047B2
:10574000294B8946DFF8C0A0284ECAF8003006F081
:1057500099FF274D0446DFF8B480264F06E006F097
:1057600091FF001BB84229D808F08AFF316828460B
:10577000FFF704FF0028F2D0D8F81030DB05EED593
:1057800000234FF40072CAF80030D8F8283023F410
:105790008033C8F82830184BC8F804201B78CBB1E8
:1057A00049461648FFF7EAFE30B915490E24154B55
:1057B00040F257420C701A60BDE8F087104A0A2187
:1057C0000020104B117040F24B42CAF800001A60E2
:1057D000BDE8F0874FEA492908484946FFF7CEFE61
:1057E0000028E9D1E1E700BFF133010010A7002054
:1057F00000001A0D40420F00602F012020003A19CE
:105800005E9B0020E4A6002014A7002000002C408E
:105810002DE9F041254C00212548A36A23F480336B
:10582000A362FFF7ABFE054648B922490920224B87
:1058300040F23D2208701A602846BDE8F0811F4BF7
:10584000DFF88080C8F8003006F01CFF636A064667
:10585000D80118D41A4F04E008F012FF636AD90186
:1058600011D406F00FFF831BBB42F5D9114A0A2160
:105870000025114B11704FF410722846C8F80050E3
:105880001A60BDE8F0810022084BC8F800205A6A6F
:105890009207D1D5586B9A6AD96A22F4803241F0C6
:1058A0008061D96258639A62C6E700BF00002C404D
:1058B0000000DB0C5E9B0020E4A60020052E01000A
:1058C00040420F0014A700202DE9F0478246894688
:1058D000364E06F0D7FE364D0446DFF80081354FD0
:1058E00004E006F0CFFE031BBB4227D831682846F0
:1058F000FFF744FE0028F4D0D8F81030DA05F0D5D0
:1059000001232D4D2D4F51462B7000232C483B6019
:105910002C4BC8F80090C8F804302B4BC8F838302E
:10592000FFF72CFE0446A0B928490420284B40F27A
:105930009F12087020461A60BDE8F08723490A20AC
:10594000234B4FF4CC72002408701A602046BDE847
:10595000F087204BDFF88890C9F8003006F092FEFF
:105960002B780646BBB1DFF84C8003E008F088FED8
:105970002B7883B106F086FE831B4345F6D90023BE
:10598000C9F8003011492520114B4FF4D172002481
:1059900008701A60DAE73B6800229B07C9F800200C
:1059A000F0D53A680C4B1A42D0D0EBE710A7002094
:1059B00000001A0D40420F00622F012018A700209E
:1059C00011003A064000010002007F115E9B00209A
:1059D000E4A60020192E010000007F1100002C40D9
:1059E00014A700202DE9F041324D1446AB7A13F094
:1059F000400012D103F03F03EA7A5B0043EAD2137E
:105A0000621C0A43134208D02B4927242B4B40F237
:105A100002320C701A60BDE8F081294B1B780BB97B
:105A2000490264022748FFF7A9FD40B922490F2423
:105A3000224B40F20A320C701A60BDE8F081214618
:105A40002148FFF79BFD40B91B4910241B4B40F236
:105A50000D320C701A60BDE8F08100211B48FFF781
:105A60008DFD38B914491124144B4FF444720C7055
:105A70001A60E2E706F006FE154E164D0446DFF802
:105A80005C80154F31682846FFF778FD18B1D8F8CB
:105A90001030DB05D1D406F0F5FD001BB842F1D97A
:105AA00005492824054B40F2133200200C701A607F
:105AB000C3E700BFFCA600205E9B0020E4A60020F8
:105AC000602F012000001A2000001A2100001B2670
:105AD00010A7002000001A0D40420F0000002C40CB
:105AE0002DE9F04F12F0030483B018BF0124019098
:105AF0000093002B08BF44F001045CB1404925200D
:105B0000404B40F2F512002408701A60204603B0A2
:105B1000BDE8F08F3C4B15463C4A0E46DFF80C9131
:105B2000136006F0AFFDDFF808810746DFF804B127
:105B3000DFF8F0A006E006F0A5FDC01B504544D8F4
:105B400008F09EFDD9F800104046FFF717FD002829
:105B5000F1D0DBF81030DA05EDD5009A2C4B2B494B
:105B600003EA024300222B4F0A6043F40073012131
:105B7000DFF8C4803970C8F80020CBF80050CBF8AB
:105B80000430254BCBF83830244B1B7843B33146D7
:105B90000198FFF7F3FC81460028B7D0204B1B4A41
:105BA000136006F06FFD3B780546DBB11D4E03E048
:105BB00008F066FD3B78ABB106F064FD401BB042D7
:105BC000F6D90023114A1360A0E70D4B0A220021E9
:105BD0000E481A704FF4FC720A4B01601A6095E788
:105BE0007602D4E70023094A1360D8F800309B07F7
:105BF0008CD5D8F800200C4B1A4208BF4C4685E7DC
:105C00005E9B0020E4A60020F133010014A70020D1
:105C10000000FF1F622F012002007F11602F012072
:105C2000192E010040420F0000007F1110A7002034
:105C300000001A0D00002C4018A70020F8B50646F9
:105C4000007A0C461546C0071F4613D483B10F4493
:105C500001E0BC420CD033682A46214630461B691D
:105C6000013405F5007598470028F2D10020F8BDF1
:105C70000120F8BD900712D0002BF9D00F4401E0AD
:105C8000BC42F5D033682A46214630461B690134B0
:105C900005F5007598470028F2D10020E7E706488F
:105CA000FFF71EFF0028E3D104490C24044B40F207
:105CB000A1320C701A60F8BD37003A125E9B0020CA
:105CC000E4A60020F8B50646007A0C461546C00743
:105CD0001F4613D483B10F4401E0BC420CD033689B
:105CE0002A46214630465B6A013405F5007598471F
:105CF0000028F2D10020F8BD0120F8BD900712D095
:105D0000002BF9D00F4401E0BC42F5D033682A469D
:105D1000214630465B6A013405F500759847002836
:105D2000F2D10020E7E70648FFF7DAFE0028E3D1CA
:105D300004490E24044B40F23D420C701A60F8BD39
:105D400027003A195E9B0020E4A600202DE9F04FC1
:105D50000025DFF8C0929B4C91B0DFF8BC829A4ED0
:105D60000172457289F80050257088F8005035702E
:105D7000FFF7D2FA29462846FFF700FC50B9012167
:105D8000924B40F28E22054621701A60284611B0CF
:105D9000BDE8F08F03258E4F4FF4D5713846FFF7DD
:105DA000EDFB00284ED1013DF6D13378002B3DD0DC
:105DB000DFF868B206F066FC864E0546DFF860A2A2
:105DC000854F00213046FFF7D9FB50B90025172138
:105DD0007E4B4FF42A72284621701A6011B0BDE83C
:105DE000F08F59465046FFF7C9FB0028EED006F069
:105DF00049FC401B794BB842E8D81A69002AE0DA1E
:105E00001969774A11601B695A0002D5012388F885
:105E1000003000217348FFF7B1FB054610BB02219B
:105E20006A4B40F2B12221701A60AFE7FFF774FAB3
:105E300029462846FFF7A2FB3378002BB8D14FF450
:105E4000401BB7E7654B1B69B3F5D57F07D006212B
:105E50005E4B4FF42572002521701A6096E70123EE
:105E60003370A5E700216048FFF788FB054630B98D
:105E70000321564B4FF42D7221701A6086E7574E5E
:105E80005A4B32695A4F13405A495B483B60FFF7FF
:105E9000C1FB054630B907214C4B40F2B9222170B5
:105EA0001A6073E755495648FFF7B4FB054630B909
:105EB0000821464B4FF42F7221701A6066E739684B
:105EC0005048FFF75BFB054630B905213F4B40F2D8
:105ED000BF2221701A6059E739683E48FFF74EFB30
:105EE00038B91421394B40F2C322002521701A60C1
:105EF0004CE702214448FFF741FB05460028F0D05B
:105F0000B36A69466FF07F4023F00603B362B36A59
:105F100043F00203B3624FF010137364FFF7D4FC35
:105F20009DF80D309B0743D5002841D0274E694688
:105F3000364894F800803768FFF7C6FC9DF81030AB
:105F400003F00F03012B36D1A8B34CF25030304C84
:105F50000523C4F8CC31C4F8D031C4F8BC31C4F83E
:105F6000C031C4F8C431C4F8C831FFF7EBF80023DE
:105F700047F2B802C4F8CC31C4F8D031C4F8BC310F
:105F8000C4F8C031C4F8C431C4F8C83141F2B80310
:105F9000C4F8BC23C4F8C023C4F8AC23C4F8B0339D
:105FA0000123C4F8B423C4F8B82389F80030EDE61F
:105FB00046F2A810CBE746F2A81084F800803760BC
:105FC000C5E700BF5E9B00205F2F0120E4A60020F4
:105FD00000001A0800001A3740420F0000002C4051
:105FE0000CA700200000090200001A030000FFFFB8
:105FF00010A70020FCA6002000000909ECA6002044
:106000000000090A00001B0700001A06F1FFFF80CC
:1060100000801F405E2F0120602F012000003040D3
:1060200000000229374B5A6A92052DE9F0410F46CC
:106030000DD49A6A22F480329A6272B69A6A42F455
:1060400000329A629A6A42F480329A6262B606F02C
:1060500019FB2C4EDFF8C480054604E006F012FB65
:10606000431B434537D8746A14F40064F6D007F133
:106070003C0C244807F50F77436A1B05FCD5ACF1AF
:106080004003026A43F8042F9C45FAD10CF1400CFE
:106090006745F1D106F0F6FA1A4F1B4D0646DFF8B8
:1060A0007C8004E006F0EEFA831B43451DD83C6B70
:1060B0002C40F7D03B6B154A136013683B631368A1
:1060C00013F002031BD01268114B1A420CBF0120BF
:1060D0000020BDE8F0810F491A250F4B40F25632DF
:1060E00020460D701A60BDE8F0810A491D250A4B53
:1060F00040F2613220460D701A60BDE8F08118460A
:10610000BDE8F08100002C4002007F1118A700209C
:1061100000007F115E9B0020E4A6002040420F009B
:106120002DE9F047294B8946DFF8C0A0284ECAF870
:10613000003006F0A7FA274D0446DFF8B480264F5A
:1061400006E006F09FFA001BB84229D808F098FA3A
:1061500031682846FFF712FA0028F2D0D8F810303C
:10616000DB05EED500234FF40072CAF80030D8F8F2
:10617000283043F48033C8F82830184BC8F804207E
:106180001B78CBB149461648FFF7F8F930B91549E5
:106190000C24154B40F2BD320C701A60BDE8F0873C
:1061A000104A0A210020104B117040F2B132CAF897
:1061B00000001A60BDE8F0874FEA492908484946BF
:1061C000FFF7DCF90028E9D1E1E700BFF133010076
:1061D00010A7002000001A0D40420F00602F012080
:1061E00030003A125E9B0020E4A6002014A7002095
:1061F00000002C402DE9F04100221D4C0D4642725A
:106200001146A36A1B4823F48033A362FFF7B6F953
:1062100040B919490924194B40F2D3320C701A6065
:10622000BDE8F081002DFBD0154B164E336006F013
:1062300029FA636A0746DA0116D4DFF84C8004E0D5
:1062400008F01EFA636ADB010ED406F01BFAC01BCD
:106250004045F5D9084A0A210020084B117040F248
:10626000D73230601A60DBE7002328463360D7E777
:1062700000002C400000DB0C5E9B0020E4A6002008
:10628000052E010014A7002040420F000A4B1B7886
:1062900010B504461BB9637A43B9012010BDFFF75E
:1062A000CFF80028FAD0637A002BF6D020460121DF
:1062B000BDE81040FFF79EBF612F01202DE9F0419E
:1062C0000446007AADF5007D164610F0010513D0A6
:1062D00093073CD0012338486A46FFF701FC0028A9
:1062E0003AD04FF400726946304606F0F1FC284679
:1062F0000DF5007DBDE8F081DFF8CC800F4698F801
:106300000030002B35D1637A012B39D022682B491C
:10631000126A8A424AD198F80020002A34D1002B10
:1063200039D139462046FFF7FBFEE8B1012367600B
:10633000637231462046FFF775FEA8B163680546D3
:106340000133284663600DF5007DBDE8F08101232F
:106350001948FFF7C5FB38B919490B20194B4FF401
:106360005D72002508701A6028460DF5007DBDE8B5
:10637000F081FFF765F80028F6D0637A012BC5D1CC
:106380006268BA42C2D1D4E7FFF75AF80028EBD0CE
:10639000637A002BC5D001212046FFF72BFF002890
:1063A000BFD128460DF5007DBDE8F081204690471D
:1063B0000028F6D0B5E700BF11003A116D3F01008B
:1063C0005E9B0020E4A60020612F01202DE9F04112
:1063D000047AADF5007D0F46904614F001041DD0FF
:1063E00012F0030F06D0684611464FF40072804643
:1063F00006F06EFC0123424639462C48FFF770FB3D
:10640000044630B92A490D202A4B40F21142087047
:106410001A6020460DF5007DBDE8F081264D064648
:106420002B782BBB737A022B29D032682349126A4E
:106430008A4236D12A7832BB002B2BD133683946B9
:1064400030461B6E98470028E3D0022377607372B2
:10645000336841463046DB6D98470028D9D07368D1
:1064600004460133204673600DF5007DBDE8F081E0
:10647000FEF7E6FF0028CCD0737A022BD5D17268E4
:10648000BA42D2D1E4E7FEF7DBFF0028C1D0737A2D
:10649000002BD3D001213046FFF7ACFE0028B8D046
:1064A000CCE7304690470028B3D0C7E701003A1840
:1064B0005E9B0020E4A60020612F01206D3F0100BB
:1064C000012106F045B900BF06F006B908B503463C
:1064D00053F8040B93E80600F7F748F808BD00BF2F
:1064E00084B00DF1100C0CE90E00024623B11846E1
:1064F000136004B0F8F718BD024B1846136004B0DF
:10650000F8F712BDF88900200268D37C13B3D807CE
:1065100004D5906A4FF0E021C1F80001990704D535
:10652000D06A4FF0E021C1F80401580704D5106B80
:106530004FF0E021C1F80801190704D5506B4FF066
:10654000E021C1F80C01DB0604D5926B4FF0E0238B
:10655000C3F81021704700BF0068F8F745BE00BFC0
:106560000268FF2312685366D36D13F4F81FFBD043
:10657000506FC0B2704700BF4FF0FF0C006808B505
:10658000134680F83CC00A460021F8F729FE002097
:1065900008BD00BF03681A685166D36D13F4F81F75
:1065A000FBD0536F704700BF134600680022F8F716
:1065B00017BE00BF30B5037883B0DC071DD5044695
:1065C000406804F110020368E16801925B6A984731
:1065D000019A0546A8B12378990708D56068D4E9DF
:1065E0000231194403685B6A984750B1237823F05D
:1065F00001032846237003B030BD0125284603B0AF
:1066000030BD0025284603B030BD00BFF8B5436853
:106610000BB3C36804460F4615468B4206D110F8EB
:10662000103B05F003052B432370F8BDFFF7C2FFB5
:1066300088B16B0705D504F1100630460023E760EA
:10664000EFE7606804F110063946036832461B69BB
:1066500098470028F1D10020F8BD00BF10B50446CE
:10666000808982B018B10023A38102B010BDD4E9A3
:1066700001318B42F9D201AA184600F0B7F880B177
:10668000019B6060B3F5803F01D298B2EDE7980AB4
:10669000C3F30903A0F52150A3F5105380B2A381E1
:1066A000E3E74FF6FF70E0E7B1F5807F21D81029CE
:1066B0002ED840234FF0200CB2FBF3F1B1F5806FE0
:1066C00020D203FB112300B5B2FBFCFEB3FBFCF3AD
:1066D0000CFB1E224FEA910CDBB201322CF03F0C76
:1066E000C9B2037042EA0C028170D2B242705DF806
:1066F00004FB3F239C46802910D9B1F5FC7F0FD8BD
:106700001B01D9E7FF21FE234170037081707047A0
:10671000202916D880234FF0200CCDE7DB00CBE7F3
:10672000B1F57C7F04D9B1F5FC6F03D89B01C3E7B9
:106730005B01C1E7B1F57C6F94BFDB01C3EB0323C1
:10674000BAE720239C46D6E77F28A2EB010205D8B2
:1067500012B10A4602F8010B10467047B0F5006FFF
:106760000FD2012A40D94FEA901C00F03F030A469D
:106770006CF03F0063F07F0302F8020B10464B7091
:106780007047B0F5803F16D2022A2DD9C0F3851C80
:1067900000F03F03CA1C63F07F0300B54FEA103ED0
:1067A0006CF07F008B706EF01F0E4870104681F801
:1067B00000E05DF804FB032A16D94FEA904CC0F3C1
:1067C0000532C0F3851300F03F0062F07F026CF0E9
:1067D0000F0C63F07F0360F07F004A700A1DC870E1
:1067E00081F800C08B70B7E70022B5E788423DD240
:1067F000034610B490F900001C7800282DDA04F04C
:10680000E000C02834D004F0F000E02834D004F0D8
:10681000F800F02826D104F0070404201844884228
:1068200020D8013313F8011B01F0C00C01F03F0127
:10683000BCF1800F41EA841414D18342F2D1A4F157
:1068400080010F4B99420DD8A4F55843B3F5006F62
:1068500008D314605DF8044B7047581C14605DF851
:10686000044B704700205DF8044B704700207047D0
:1068700004F01F040220D1E704F00F040320CDE749
:106880007FFF10007E283ED94FF0350C002330B436
:10689000284C04E034F82120824220D80B46ACEB8F
:1068A0000302012A03EB5201F4D89BB234F82320EF
:1068B000904216D24B2400231F4D04E035F82120CE
:1068C00082421ED80B46E21A012A03EB5201F5D888
:1068D0009BB235F8232082421FD030BC70478C46D3
:1068E000DDE704EB8304821AE3789A42E2DA94F952
:1068F0000230012B16D0D3B19BB2034430BC98B206
:1069000070470C46DFE7A0F16103192B8CBF002311
:106910000123A0EB431398B2704705EB8305688809
:1069200030BC704702F00102831A98B2D5E74EF2EC
:10693000A033E2E7783900204037002090F8A32008
:1069400090F8A200101A704790F8A23090F8A32097
:106950009A4205D95A1C034480F8A220987E7047B9
:106960004FF0FF30704700BF90F8A23090F8A3209E
:106970009A4202D91844807E70474FF0FF3070472A
:10698000704700BF0346B0F8300178B193F82F216B
:10699000882A03D9012200205A60704702F1010CB5
:1069A00001201A4483F82FC182F8A510704700BF58
:1069B00038B5B0F830410CB9204638BD90F82F31C9
:1069C0000546C3F18904A2420DD8144605F1A5007D
:1069D0002246184406F07CF995F82F3120462344CE
:1069E00085F82F3138BD01224260EFE72DE9F04FE5
:1069F000D0F814A01524017E8146437E83B00AEBB3
:106A00000111384A0AEB0313374F097A93F82830FB
:106A100002EB01150901E86852F8018002EB03114D
:106A2000D5F804B01B01CE68D558CBF80040C8F8A3
:106A30008400D8F804304A6803432C490192C8F80E
:106A400004301460C5F884606B6833436B60284B76
:106A50004C683A68A3FB0232920C02EB82025200AD
:106A60004B681B1B9A42FBD84FF0090C1F4ADFF8FA
:106A700080E0D8F80830034202D0AB6833422FD10F
:106A8000C5F8886054683968AEFB0131890C01EBA8
:106A9000810153681B1B9942FBD8C5F88460546878
:106AA0003968AEFB0131890C01EB810153681B1B76
:106AB0009942FBD8BCF1010CDBD1604699F8183043
:106AC000019A0AEB0313DB68CBF8003099F8193010
:106AD0000AEB031ADAF82C30136003B0BDE8F08F2C
:106AE0000120EBE7344B0020F4890020001000E087
:106AF00083DE1B430E4A10B51168046905E0DB0113
:106B000007D413685B1A102B08D8636913F0007F51
:106B1000F5D14FF4FE430120636110BDFFF766FF1E
:106B20000028FAD04FF4FE4301206361F5E700BF6F
:106B3000B42E01202DE9F04790F82FA10569BAF194
:106B4000000F4FD081468846FFF7D4FF002849D078
:106B5000374E0024376818E06B69190551D4DA0400
:106B600055D4580559D4990441D43268D21B322ADD
:106B70003DD8544507D9EA6D520704D19B0555D439
:106B8000B8F1000F52D007F07BFD5445E4D8EA6D10
:106B9000500702F00703DFD413E099F8A520013372
:106BA000022442F48062042B2A661ED08A4503F137
:106BB000010309EB01020ED992F8A520042B2A66E5
:106BC000CAD00121002CE8D02146013301348A4586
:106BD00009EB0102F0D8B8F1000FBDD04FF40073FB
:106BE0002B66B9E70420BDE8F0870124B4E72B69E0
:106BF0004FF40072042043F440732B612A66BDE811
:106C0000F0872B69042043F440732B61EBE72B6979
:106C1000052043F440732B61E5E72B694FF40072C4
:106C2000022043F440732B612A66DCE70020DAE798
:106C3000B42E01202DE9F84F83460C4615461F4619
:106C4000D0F810A0FFF756FF002800F09E806100EA
:106C5000012DDFF83C8140F20146CBB24FF000013C
:106C600038BF0125D8F800900C461E43ABF8A2109F
:106C700020E09BF8A330872B3FD9DAF814201005C9
:106C80005AD412F4105F70D1D8F80030A3EB090386
:106C9000322B6AD89BF8A330AB4209D3022C07D918
:106CA000DAF85C30590703D193054BD4002F49D053
:106CB00007F0E6FC022CDCD8DAF85C3003F00702BF
:106CC0005B07D6D4681E224440F480704CB9CAF8E1
:106CD00060600134131B032BCBD8022CC9D8002CC5
:106CE000F5D0012C37D01FB14FF40073CAF86030D3
:106CF0009BF8A3300324872BBFD8DAF85C2012F46A
:106D0000E02FC2F3024CB8D0591C9C441933C9B2CD
:106D10005FFA8CFC5BFA83F3DAF870004A1C614579
:106D20008BF8A310D1B203F8010FA6D08929F3D1B3
:106D3000DAF814201005A4D5DAF8103043F44073C3
:106D4000CAF81030DAF85C3013F4E02F06D19BF863
:106D5000A300BDE8F88FCAF86000BAE7DAF810308F
:106D600043F40073CAF81030F1E7DAF810304FF44A
:106D7000007243F44073CAF81030CAF86020DAF8A1
:106D80005C3013F4E02FE2D0E8E70420BDE8F88F90
:106D9000B42E0120F8B506690446D6F8145115F44E
:106DA000706301D0C6F81431A8070BD5D6F870214E
:106DB00011043ED50023012184F8A230234484F835
:106DC000A3109A76EB0710D594F83071FFB194F8C0
:106DD0002E7194F82F31BB4227D97B1C274484F8AD
:106DE0002E3197F8A530C6F8603115F4407F0DD0EC
:106DF00094F8A30018B1D4F83C3103B198470023AC
:106E0000A4F8A230A4F82E3184F83031F8BDD4F8BB
:106E1000383103B19847002384F82E31012384F8D8
:106E2000303194F82F31BB42D7D80023C6F86031F7
:106E3000DBE794F8A330872BC4D8591CC9B2BDE74F
:106E40000148FFF7A7BF00BF588A00200148FFF79D
:106E5000A1BF00BF988B00200148FFF79BBF00BF78
:106E6000D88C002008B5007D05F060FC003818BF04
:106E7000012008BDC8B2D1B205F06ABC01817047DB
:106E800038B5837A0446016823F004031C4A8372F0
:106E90000B68934231D1007D05F048FC003818BFE3
:106EA0000120A37AC3F34002904208D0154A83F030
:106EB00002031268C3F38000A372626038BD1149F7
:106EC00065680A68B4F808C0521B624512D303F023
:106ED000010290420ED0086883F001030A68E56859
:106EE00043F004030968521B6060E16001202261E5
:106EF000A37238BDC3F3800038BD9847D1E700BF07
:106F0000454B0100B42E0120807AC30754BFC0F363
:106F100080000020704700BF00224FF00A0C044997
:106F20004260A0F808C0827201600275704700BF1D
:106F30006C3D00204FF0000CC9B203680E4A10B53A
:106F40000175044680F80AC01B6893420BD10846BD
:106F500005F0ECFB18B1A37A43F00303A372074BCF
:106F60001B68636010BD98470028F8D0A37A43F0EF
:106F70000303A372F3E700BF454B0100B42E0120C9
:106F8000F0B50024012705E00CEA050CD2184CEA04
:106F9000060419D001F00703CD08C3F1080E455DC2
:106FA000083B07FA0EFC724504FA0EF671440CF128
:106FB000FF3CE9D20123AEEB020E9440934045FA28
:106FC0000EF5013B1D402C432046F0BDF0B59C4D15
:106FD00083B00446072000951D4602AB01900E4683
:106FE0009848174613E90600F6F7C0FAA06A10B1F0
:106FF000636AC0F888301FFA86FCE26A924EBFB21C
:107000001640072E0FD0914B02F04071134043F011
:107010000702E262002940F05B828D49CB6DDE06FB
:10702000FCD107260A662A21894B596694F8341048
:10703000013184F83410196F890708D494F834109A
:10704000D3F874E001F1FF3E09B184F834E05969E6
:10705000C907F0D57F4B9E4210D07C4982EA0306D7
:10706000114016F0407F41EA0302E26240F00582DF
:107070007749CB6DDE06FCD1764E0A66744BC3F8B9
:1070800064C094F83410013184F83410196F890702
:1070900008D494F83410D3F874E001F1FF3E09B13C
:1070A00084F834E05969C907F0D56A4B9E4210D084
:1070B000664982EA0306114016F0407F41EA030266
:1070C000E26240F0BA816249CB6DDE06FCD1614ECE
:1070D0000A665F4BC3F864C094F83410013184F839
:1070E0003410196F890708D494F83410D3F874C099
:1070F00001F1FF3C09B184F834C05969C907F0D5E2
:10710000072E0FD0514B02F04071134043F007029D
:10711000E262002940F071814D49CB6DDE06FCD161
:1071200007260A662B234A494B6694F8343001330C
:1071300084F834300B6F9B0708D494F83430D1F8BE
:1071400074C003F1FF3C0BB184F834C04B69DB071A
:10715000F0D5404B9E4210D03C4982EA03061140D4
:1071600016F0407F41EA0302E26240F0268138498E
:10717000CB6DDE06FCD1374E0A6635494F6694F872
:107180003430013384F834300B6F9B0708D494F803
:107190003430D1F874C003F1FF3C0BB184F834C033
:1071A0004B69DB07F0D52B4B9E4210D0274982EA72
:1071B0000306114016F0407F41EA0302E26240F00C
:1071C000DC802349CB6DDE06FCD1224E0A662049C5
:1071D0004F6694F83430013384F834300B6F9B07DA
:1071E00006D494F834304F6F5F1E0BB184F83470BE
:1071F0004B69DF07F2D5072E0FD0144B02F0407118
:10720000134043F00702E262002940F096801049E3
:10721000CB6DDB06FCD107260A662C230C494B6696
:1072200094F83430013384F834300B6F9B0713D457
:1072300094F834304F6F5F1E73B184F834700BE0F4
:1072400080C3C901F88900201F002803E0FFD7FC94
:1072500000003A400F0020014B69DF07E5D5974950
:107260008E420CD0964B13404A40194312F0407F97
:10727000E16245D1934AD36DDB06FCD11166914999
:107280004D6694F834200132D2B23AB10B6F9E07AA
:10729000FBD4013A4B6FD2B2002AF7D1894B40F2AE
:1072A000012184F83420196110B1636AC0F8843078
:1072B000854AD37C13B3DD0704D5906A4FF0E021F3
:1072C000C1F800019C0704D5D06A4FF0E021C1F855
:1072D0000401580704D5106B4FF0E021C1F80801F4
:1072E000190704D5506B4FF0E021C1F80C01DB0603
:1072F00004D5926B4FF0E023C3F8102103B0F0BD2A
:10730000266B002EB6D094F834206E494AB10B6F2C
:107310009F07FBD4013A4B6FD2B284F83420002A85
:10732000F5D1A36B40F20121664A1161C3F8846074
:10733000E36A23F048731366A1E7266B002E3FF43F
:1073400066AF94F834205F494AB10B6F9F07FBD4B6
:10735000013A4B6FD2B284F83420002AF5D1A26BE7
:1073600040F20121574B1961C2F88860E26A574E1A
:1073700022F04871164019664FE7266B002E3FF445
:1073800020AF94F834204F494AB10B6F9B07FBD4D0
:10739000013A4B6FD2B284F83420002AF5D1A26BA7
:1073A00040F20121474B1961C2F88460E26A474EFE
:1073B00022F048711640196609E7266B002E3FF44B
:1073C000D6AE94F834203F494AB10B6F9B07FBD4EB
:1073D000013A4B6FD2B284F83420002AF5D1A26B67
:1073E00040F20121374B1961C2F88460E26A374EDE
:1073F00022F0487116401966BFE6266B002E3FF456
:107400008BAE94F834202F494AB10B6F9B07FBD405
:10741000013A4B6FD2B284F83420002AF5D1A26B26
:1074200040F20121274B1961C2F88860E26A274EB9
:1074300022F048711640196674E6266B002E3FF460
:1074400042AE94F834201F494AB10B6F9B07FBD41E
:10745000013A4B6FD2B284F83420002AF5D1A26BE6
:1074600040F20121174B1961C2F88460E26A174E9D
:1074700022F04871164019662BE6266B002E3FF469
:10748000F7AD94F834200F494AB10B6F9B07FBD43A
:10749000013A4B6FD2B284F83420002AF5D1A26BA6
:1074A00040F20121074B1961C2F88460E26A074E7D
:1074B00022F0487116401966E0E500BF0F00000198
:1074C000E0FFD7FC00003A40F88900201F002803A5
:1074D000266B002E3FF4A1AD94F834200C494AB13C
:1074E0000B6F9B07FBD4013A4B6FD2B284F8342068
:1074F000002AF5D1A26B40F20121054B1961C2F8B7
:107500008860E26A034E22F04871164019668AE5E7
:1075100000003A401F0028032DE9F04F89B0504F7A
:1075200004468A464F48139DCDE901230723CDE940
:10753000067308AB13E90600F6F718F8A26A05927D
:1075400012B1636AC2F88830129B474F2B44DFF8B0
:107550002081DFF820C10393DDE901231344049364
:10756000424BE16A01EA0706072E10D001EA080043
:1075700001F0407240F00701E1621AB1206B00286F
:1075800040F02083DA6DD606FCD1072619662B223F
:107590005A6694F83420013284F834201A6F900728
:1075A00006D494F83420586F501E0AB184F8340081
:1075B0005A69D207F2D5664512D081EA0C0201EA77
:1075C000080012F0407F40EA0C01E16203D0206B1A
:1075D000002840F01183DA6DD606FCD166461966A4
:1075E000129A95B25D6694F83420013284F8342002
:1075F0001A6F920706D494F83420586F501E0AB1BF
:1076000084F834005A69D007F2D5664511D001EAF2
:10761000080281EA0C0142EA0C0211F0407FE262AA
:1076200003D0216B002940F0B682D96DC906FCD188
:107630001A665D6694F83420013284F834201A6F9B
:10764000910706D494F83420596F511E0AB184F87A
:1076500034105A69D207F2D50022DDE9015E11E04B
:1076600080C3C901F88900201F00280300003A40A8
:10767000E0FFD7FC0F00200101320EF1010E002DBA
:1076800000F01881013D0121A94011EA0A0FF3D150
:10769000002AF2D0E06A00EA070BBBF1070F11D015
:1076A00000EA080600F0407146F00700E06219B1F8
:1076B000266B002E40F0D282D96DCE06FCD14FF061
:1076C000070B18662A21596694F83410013184F8A2
:1076D0003410196F890706D494F834105E6F4E1E6B
:1076E00009B184F834605969CE07F2D5AEEB0206D1
:1076F000E345B6B214D080EA0C0100EA080911F0A3
:10770000407F49EA0C00E06205D0D4F83090B9F12E
:10771000000F40F0BD82D96DC906FCD1E346186662
:107720005E6694F83410013184F83410196F8E07B6
:1077300006D494F834105E6F4E1E09B184F834609C
:107740005969C907F2D5E34512D080EA0C0100EA75
:10775000080611F0407F46EA0C00E06203D0266B79
:10776000002E40F0AF82D96DCE06FCD1E3461866FC
:107770001FFA8EF1596694F83410013184F83410F0
:10778000196F8E0706D494F834105E6F4E1E09B13F
:1077900084F834605969C907F2D5BBF1070F11D0DD
:1077A00000EA080600F0407146F00700E06219B1F7
:1077B000266B002E40F0A082D96DCE06FCD14FF092
:1077C000070B18662C21596694F83410013184F89F
:1077D0003410196F8E0706D494F834105E6F4E1E65
:1077E00009B184F834605969C907F2D5012A02F158
:1077F000FF36B4F8109030D04946009500EA070BE8
:10780000E34513D080EA0C0200EA080912F0407F39
:1078100049EA0C00E06204D0D4F83090B9F1000FCE
:107820007FD1DA6DD206FCD1E3461866596694F82A
:107830003420013284F834201A6F920706D494F869
:1078400034205D6F551E0AB184F834505A69D5074B
:10785000F2D5013ED2D1009D89463F4A93450FD0D3
:1078600000EA08015040114310F0407FE16203D06C
:10787000206B002840F0DA81DA6DD006FCD1196661
:10788000C3F8649094F834100131C9B239B11A6F59
:107890009607FBD401395A6FC9B20029F7D184F891
:1078A00034100A4640F201210EF1010E1961002D3B
:1078B0007FF4E8AE002A53D1129A039901328A422A
:1078C00012927FF44EAE059A12B1636AC2F8843008
:1078D000224BDA7C12B3D50704D5986A4FF0E02129
:1078E000C1F80001940704D5D86A4FF0E021C1F82F
:1078F0000401500704D5186B4FF0E021C1F80801CE
:10790000110704D5586B4FF0E021C1F80C01D206E5
:1079100004D59A6B4FF0E023C3F8102109B0BDE8FD
:10792000F08F94F8340048B11A6F9507FBD40138F2
:107930005A6FC0B284F834000028F5D140F2012219
:107940001A61A26BC2F88490E06A20F0487200EAE3
:10795000070B1A666AE700BF0F000001F8890020D4
:10796000E16A01EA0700072810D001EA080501F0E2
:10797000407045F00701E16218B1206B002840F02B
:107980003D82D86DC006FCD1072019662A255D66A8
:1079900094F83450013584F834501D6FAD0706D487
:1079A00094F834505E6F6E1E0DB184F834605D69DA
:1079B000EE07F2D5049D6045A5EB0205AEB212D0EC
:1079C00081EA0C0001EA080510F0407F45EA0C014D
:1079D000E16203D0256B002D40F0DC81D86DC50637
:1079E000FCD1604619665E6694F83450013584F81F
:1079F00034501D6FAE0706D494F834505E6F6E1E7F
:107A00000DB184F834605D69ED07F2D5604512D0A0
:107A100081EA0C0001EA080510F0407F45EA0C01FC
:107A2000E16203D0206B002840F0CE81D86DC606FD
:107A3000FCD160461966BDF810505D6694F834506C
:107A4000013584F834501D6FAE0706D494F83450D5
:107A50005E6F6E1E0DB184F834605D69ED07F2D57E
:107A6000072810D001EA080501F0407045F0070131
:107A7000E16218B1206B002840F07281D86DC60613
:107A8000FCD1072019662C255D6694F83450013529
:107A900084F834501D6FAE0706D494F834505E6FEE
:107AA0006E1E0DB184F834605D69ED07F2D5012AD0
:107AB00002F1FF35268A2ED040F2012901EA0700A3
:107AC000604511D081EA0C0201EA080012F0407F03
:107AD00040EA0C01E16202D0206B002842D1DA6D4D
:107AE000D006FCD1604619665E6694F834200132F7
:107AF00084F834201A6F920708D494F83420D3F80D
:107B000074E002F1FF3E0AB184F834E05A69D2070A
:107B1000F0D5013DD2D1914A90420FD001EA080040
:107B20005140104311F0407FE06203D0216B0029E7
:107B300040F0FC80DA6DD506FCD118665E6694F8DC
:107B400034100131C9B239B11A6F9607FBD401392B
:107B50005A6FC9B20029F7D140F2012284F83410DB
:107B60001A61A9E694F8341049B11A6F9207FBD450
:107B700001395A6FC9B284F834100029F5D1A26BCB
:107B8000C3F81090C2F88400E16A21F0487201EA5B
:107B900007001A66A8E794F8340048B11A6F9607F0
:107BA000FBD401385A6FC0B284F834000028F5D1F4
:107BB000A26B40F201201861C2F88410E26A22F040
:107BC000487235E594F8341049B11A6F9507FBD423
:107BD00001395A6FC9B284F834100029F5D1A26B6B
:107BE00040F201211961C2F88800E16A21F048726F
:107BF00001EA07061A66CAE494F8341049B11A6F0C
:107C00009507FBD401395A6FC9B284F834100029A2
:107C1000F5D1A26B40F201211961C2F88400E16A3A
:107C200021F0487201EA07061A66D9E494F8341084
:107C300049B11A6F9207FBD401395A6FC9B284F85F
:107C400034100029F5D1A26B40F201211961C2F86C
:107C50008400E26A22F048721A6611E694F8340051
:107C600048B1196F8907FBD40138596FC0B284F845
:107C700034000028F5D1A16B40F201201861C1F851
:107C80008860E06A20F0487100EA070B196619E580
:107C900094F8340048B1196F8907FBD40138596F43
:107CA000C0B284F834000028F5D1A16B40F2012065
:107CB0001861C1F88490E06A20F0487100EA070B6F
:107CC00019662DE594F8340048B1196F8907FBD483
:107CD0000138596FC0B284F834000028F5D1A16B87
:107CE00040F201201861C1F88460E06A20F0487118
:107CF00000EA070B19663BE594F8340048B1196FA8
:107D00008907FBD40138596FC0B284F834000028C9
:107D1000F5D1A16B40F201201861C1F88860E06ADA
:107D200020F0487100EA070B19664BE594F83420FF
:107D30004AB1186F8007FBD4013A586FD2B284F869
:107D40003420002AF5D1A26B40F201201861C2F85C
:107D50008410E26A22F048721A66EFE60F00000112
:107D600094F8341049B11D6FAD07FBD401395D6F34
:107D7000C9B284F834100029F5D1A16B40F2012575
:107D80001D61C1F88800E16A21F04870186601EAB7
:107D9000070078E694F8341049B1186F8007FBD4D7
:107DA0000139586FC9B284F834100029F5D1A16B9C
:107DB00040F201201861C1F88450E16A21F0487056
:107DC000186601EA07000EE694F8341049B11D6FF9
:107DD000AD07FBD401395D6FC9B284F834100029B6
:107DE000F5D1A16B40F201251D61C1F88400E16A63
:107DF00021F04870186601EA07001CE694F8341078
:107E000049B11D6FAE07FBD401395D6FC9B284F86B
:107E100034100029F5D1A16B40F201251D61C1F894
:107E20008800E16A21F04870186601EA0700ADE5B4
:107E3000074B1A6F910706D490F83420596F511EE2
:107E40000AB180F834105A69D207F2D5704700BFE2
:107E500000003A401E4BC26A13408B4234D082EA83
:107E6000010C30B41B4C1CF0407F04EA020444EACD
:107E70000104C46206D1184AD36DD906FCD1146638
:107E800030BC7047056B002DF5D090F83420124CB3
:107E90004AB1236F9B07FBD4013A636FD2B280F8DB
:107EA0003420002AF5D10C4B40F2012211F0407F22
:107EB0001A61836B09D0C3F88450C36A064A23F061
:107EC000487330BC136670477047C3F88850F4E7B6
:107ED0001F002803E0FFD7FC00003A404177002153
:107EE0008277037701230D4A838283759DF80030E2
:107EF0004160816180F822309DF80830C0E902219C
:107F00004FF0FF3280F821300261054AC0E90911C3
:107F10009DF80410026080F823107047F0004001C3
:107F2000A83B00202DE9F04F9A46B0F9083085B003
:107F30008B42BDF8386040F302825FEAD17988460F
:107F400040F0FD81B0F90A300446934240F3F781D6
:107F5000002AC0F2F78191B29146524401F1FF3BF1
:107F60009A421FFA8BFB00F3F8811FFA8AF5A24AA6
:107F70000723A248CDE9022304AB13E90600F5F775
:107F8000F5FAA26A019212B1636AC2F88830E16A16
:107F9000AB449B481FFA8BFB0840072811D0994B34
:107FA00001F040720B4043F00701E1621AB1206B0F
:107FB000002840F0F681944AD36DDB06FCD10720FF
:107FC00011662A22904B5A6694F83420013284F8C4
:107FD00034201A6F920707D494F834205F6F02F1AF
:107FE000FF3C0AB184F834C05A69D707F1D5874BF2
:107FF000984213D0834A81EA03000A4010F0407F80
:1080000042EA0301E16203D0206B002840F077824E
:108010007D4AD36DD806FCD17C4811667A4BC3F8F3
:10802000648094F83420013284F834201A6F970762
:1080300007D494F834205F6F02F1FF3C0AB184F852
:1080400034C05A69D207F1D5704B984213D06D4AAB
:1080500081EA03000A4010F0407F42EA0301E16236
:1080600003D0206B002840F02F82674AD36DDB06D7
:10807000FCD166481166644BC3F8648094F83420E0
:10808000013284F834201A6F920707D494F8342010
:108090005F6F02F1FF3C0AB184F834C05A69D70718
:1080A000F1D5072813D0574811F0407F00EA0100AE
:1080B00040F00700E06205D0D4F830C0BCF1000FFA
:1080C00040F0DD81504AD36DD906FCD110662B23D8
:1080D000DFF83481C8F8643094F83430013384F820
:1080E0003430D8F870309F0707D494F83430D8F87B
:1080F00074205A1E0BB184F83420D8F81430D807F5
:10810000EFD542492046FFF7A5FEC8F8649094F8E1
:108110003430013384F834303B4B1A6F910706D466
:1081200094F83420596F511E0AB184F834105A69FA
:10813000D207F2D5324BD4F82C8008EA0309334B2E
:10814000994517D02F4A88EA030108EA020211F084
:10815000407F42EA0308C4F82C8003D0206B00283B
:1081600040F07081284AD36DDB06FCD1DFF89C908B
:10817000C2F86080244BC3F864B094F83420013214
:1081800084F834201A6F910706D494F83420596F7C
:10819000511E0AB184F834105A69D207F2D5B9F1E8
:1081A000070F15D0174B08F0407208EA030343F09D
:1081B0000708C4F82C801AB1206B002840F02581F4
:1081C000114AD36DDB06FCD14FF00709C2F860807D
:1081D0002C230D4A536694F83430013384F834303C
:1081E000136F990714D494F83430516F591E7BB132
:1081F00084F834100CE000BF80C3C901F889002066
:108200001F002803E0FFD7FC00003A400F002001C8
:108210005369DB07E4D5BAF1010F3ADD9E4840F21D
:10822000012E9E49DFF880C29D4B08EA000989456E
:1082300016D088EA010208EA0C0912F0407F49EAE8
:108240000108C4F82C8005D0D4F83090B9F1000FA3
:1082500040F08880DA6DD706FCD18946C3F860808B
:108260005E6694F83420013284F834201A6F970740
:1082700007D494F834205F6F02F1FF3A0AB184F812
:1082800034A05A69D207F1D5013D2AB2ADB2012A14
:10829000CBDC8449894512D0834B08EA030388EA82
:1082A0000108194318F0407FE16203D0206B0028D9
:1082B00040F092807A4AD36DDB06FCD11166784992
:1082C0004E6694F834200132D2B23AB10B6F9E0759
:1082D000FBD4013A4B6FD2B2002AF7D184F8342094
:1082E00040F201216E4B019A196112B1636AC2F822
:1082F00084306E4AD37C13B3DD0704D5906A4FF007
:10830000E021C1F800019C0704D5D06A4FF0E021BC
:10831000C1F80401580704D5106B4FF0E021C1F8F3
:108320000801190704D5506B4FF0E021C1F80C018A
:10833000DB0604D5926B4FF0E023C3F8102105B0A3
:10834000BDE8F08F52444FF6FF7B49460FFA82FAA0
:108350004A4652449A427FF708AE5B1A9DB20FFA22
:1083600083FA04E694F83480B8F1000F0CD01A6F49
:108370009207F9D408F1FF385A6F5FFA88F884F849
:108380003480B8F1000FF2D1A26BC3F810E0C2F84C
:108390008490D4F82C8028F0487208EA00091A6604
:1083A0005EE794F834203E4942B10B6F9F07FBD43F
:1083B000013A4B6FD2B284F83420F5E7A26B40F259
:1083C0000121374B1961C2F88800E16A324821F077
:1083D000487208401A66F4E594F83420304942B1F6
:1083E0000B6F9F07FBD4013A4B6FD2B284F8342055
:1083F000F5E7A36B40F20121294A1161C3F884001B
:10840000E36A23F04873136659E794F8342024494B
:1084100042B10B6F9F07FBD4013A4B6FD2B284F885
:108420003420F5E7A26B40F201211D4B1961C2F81F
:108430008800194AD4F82C8008EA020928F048720A
:108440001A66C5E694F83420154942B10B6F9F07B0
:10845000FBD4013A4B6FD2B284F83420F5E7A26B1B
:1084600040F201210E4B1961C2F884000A4AD4F887
:108470002C8008EA020928F048721A667AE694F815
:1084800034200749A2B10B6F9B07FBD4013A4B6F15
:10849000D2B284F83420F5E71F0028030F00200132
:1084A00000003A400F000001E0FFD7FCF8890020EF
:1084B000A36B40F201211F4A1161C3F888C0E36A2F
:1084C00023F04873136602E694F83420194942B148
:1084D0000B6F9F07FBD4013A4B6FD2B284F8342064
:1084E000F5E7A26B40F20121124B1961C2F884003A
:1084F000E16A114821F0487208401A66BBE594F819
:1085000034200C4942B10B6F9B07FBD4013A4B6FEF
:10851000D2B284F83420F5E7A26B40F20121054B7A
:108520001961C2F88400E16A034821F048720840EA
:108530001A6673E500003A401F0028032DE9F04F4A
:108540009A46B0F9083085B08B42BDF8386040F3E8
:1085500002829346B0F90A2004465A4540F3FB8153
:108560005FEADB7840F0F7810029C0F2F7818AB238
:108570008846514402F1FF3999421FFA89F900F304
:10858000F8811FFA8AF5A24A0723A248CDE90223FF
:1085900004AB13E90600F4F7E9FFA26A019212B1F5
:1085A000636AC2F88830E16A05EB090C9A481FFA41
:1085B0008CFC0840072811D0984B01F040720B400A
:1085C00043F00701E1621AB1206B002840F0F58109
:1085D000934AD36DDB06FCD1072011662A22904B0B
:1085E0005A6694F83420013284F834201A6F9207C6
:1085F00007D494F834205F6F02F1FF3E0AB184F88B
:1086000034E05A69D707F1D5864B984213D0834A94
:1086100081EA03000A4010F0407F42EA0301E16270
:1086200003D0206B002840F076827D4AD36DD806B7
:10863000FCD17C4811667A4BC3F8648094F83420EE
:10864000013284F834201A6F970707D494F8342045
:108650005F6F02F1FF3E0AB184F834E05A69D20735
:10866000F1D5704B984213D06C4A81EA03000A405E
:1086700010F0407F42EA0301E16203D0206B002842
:1086800040F02E82664AD36DDB06FCD16548116648
:10869000634BC3F864C094F83420013284F834206A
:1086A0001A6F920707D494F834205F6F02F1FF3CF1
:1086B0000AB184F834C05A69D707F1D5072813D016
:1086C000564811F0407F00EA010040F00700E062E8
:1086D00005D0D4F830C0BCF1000F40F0DC81504A26
:1086E000D36DD906FCD110662B23DFF83481C8F88E
:1086F000643094F83430013384F83430D8F8703072
:108700009F0707D494F83430D8F874205A1E0BB160
:1087100084F83420D8F81430D807EFD541492046E2
:10872000FFF798FBC8F864B094F83430013384F84C
:1087300034303B4B1A6F910706D494F83420596FAC
:10874000511E0AB184F834105A69D207F2D5324B5F
:10875000D4F82C8008EA0309324B994517D02F4AE8
:1087600088EA030108EA020211F0407F42EA0308A6
:10877000C4F82C8003D0206B002840F06F81284A79
:10878000D36DDB06FCD1DFF89C90C2F86080244BEF
:10879000C3F864B094F83420013284F834201A6F9E
:1087A000910706D494F83420596F511E0AB184F809
:1087B00034105A69D207F2D5B9F1070F15D0174B0B
:1087C00008F0407208EA030343F00708C4F82C805D
:1087D0001AB1206B002840F02481114AD36DDB06CA
:1087E000FCD14FF00709C2F860802C230C4A536675
:1087F00094F83430013384F83430136F990713D46C
:1088000094F83430516F591E73B184F834100BE072
:1088100080C3C901F88900201F002803E0FFD7FCAE
:1088200000003A400F0020015369DB07E5D5BAF19B
:10883000010F3ADD9E4840F2012E9E49DFF880C2CA
:108840009D4B08EA0009894516D088EA010208EA2A
:108850000C0912F0407F49EA0108C4F82C8005D0C9
:10886000D4F83090B9F1000F40F08880DA6DD70667
:10887000FCD18946C3F860805E6694F834200132EA
:1088800084F834201A6F970707D494F834205F6F68
:1088900002F1FF3A0AB184F834A05A69D207F1D53F
:1088A000013D2AB2ADB2012ACBDC8449894512D000
:1088B000834B08EA030388EA0108194318F0407F54
:1088C000E16203D0206B002840F092807A4AD36D99
:1088D000DB06FCD1116678494E6694F834200132EB
:1088E000D2B23AB10B6F9E07FBD4013A4B6FD2B2B2
:1088F000002AF7D184F8342040F201216E4B019A0E
:10890000196112B1636AC2F884306E4AD37C13B322
:10891000DD0704D5906A4FF0E021C1F800019C0703
:1089200004D5D06A4FF0E021C1F80401580704D5FE
:10893000106B4FF0E021C1F80801190704D5506B06
:108940004FF0E021C1F80C01DB0604D5926B4FF02B
:10895000E023C3F8102105B0BDE8F08F51444FF675
:10896000FF7942460FFA81FA4146514499427FF716
:1089700008AE9B1A9DB20FFA83FA04E694F834808D
:10898000B8F1000F0CD01A6F9207F9D408F1FF3834
:108990005A6F5FFA88F884F83480B8F1000FF2D18A
:1089A000A26BC3F810E0C2F88490D4F82C8028F0B1
:1089B000487208EA00091A665EE794F834203E49D6
:1089C00042B10B6F9F07FBD4013A4B6FD2B284F8D0
:1089D0003420F5E7A26B40F20121374B1961C2F850
:1089E0008800E16A324821F0487208401A66F5E5CD
:1089F00094F83420304942B10B6F9F07FBD4013A01
:108A00004B6FD2B284F83420F5E7A36B40F201211A
:108A1000294A1161C3F88400E36A23F0487313669E
:108A200059E794F83420244942B10B6F9F07FBD4D7
:108A3000013A4B6FD2B284F83420F5E7A26B40F2D2
:108A400001211D4B1961C2F88800194AD4F82C8005
:108A500008EA020928F048721A66C6E694F834203B
:108A6000154942B10B6F9F07FBD4013A4B6FD2B24D
:108A700084F83420F5E7A26B40F201210E4B196116
:108A8000C2F884000A4AD4F82C8008EA020928F0C7
:108A900048721A667BE694F834200749A2B10B6F3E
:108AA0009B07FBD4013A4B6FD2B284F83420F5E730
:108AB0001F0028030F00200100003A400F000001B2
:108AC000E0FFD7FCF8890020A36B40F201211F4A88
:108AD0001161C3F888C0E36A23F04873136603E6A4
:108AE00094F83420194942B10B6F9F07FBD4013A27
:108AF0004B6FD2B284F83420F5E7A26B40F201212B
:108B0000124B1961C2F88400E16A114821F04872E1
:108B100008401A66BCE594F834200C4942B10B6F4A
:108B20009B07FBD4013A4B6FD2B284F83420F5E7AF
:108B3000A26B40F20121054B1961C2F88400E16A81
:108B4000034821F0487208401A6674E500003A4074
:108B50001F0028032DE9F04FB0F9087087B08F424D
:108B6000BDF94060BDF8445040F35D820446B0F961
:108B70000A00904240F3578200299B46C0F22D83A1
:108B80001FFA81FE89460EF1FF339BB20193002A42
:108B9000C0F21B831FFA82FC13460CF1FF3A1FFA46
:108BA0008AFA5944B94200F377821FFA8BF83244AB
:108BB000824200F36C82B7B29D480722039304AB54
:108BC000CDE904029B4893E80600F4F7CFFCA16AC4
:108BD000039B029111B1626AC1F88820019A57443F
:108BE00095489044E26A1FFA87FE10401FFA88F801
:108BF00007280FD0914902F04070114041F0070260
:108C0000E262002840F0CF828D48C16DC906FCD1D8
:108C1000026607202A278A494F6694F83470013784
:108C200084F834700F6FBF0708D494F83470D1F80B
:108C300074C007F1FF3C0FB184F834C04F69FF07DF
:108C4000F0D58049884210D07C4882EA0107104064
:108C500017F0407F40EA0102E26240F092827848D9
:108C6000C16DC906FCD1026676487549C1F86490A9
:108C700094F83470013784F834700F6FBF0708D44C
:108C800094F83470D1F874C007F1FF3C0FB184F848
:108C900034C04F69FF07F0D56A49884210D0674851
:108CA00082EA0107104017F0407F40EA0102E262C9
:108CB00040F054826248C16DCF06FCD10266614823
:108CC0005F49C1F86480984694F83470013784F89D
:108CD00034700F6FBF0707D494F834704B6F07F1EF
:108CE000FF3C0FB184F834C04F69FB07F1D507286A
:108CF00043460FD0514902F04070114041F0070245
:108D0000E262002840F017824D48C16DCF06FCD1C9
:108D1000026607202B274A4998464F6694F834701C
:108D2000013784F834700F6FBF0707D494F834709C
:108D30004B6F07F1FF3C0FB184F834C04F69FB075C
:108D4000F1D540494346884210D03C4882EA0107A9
:108D5000104017F0407F40EA0102E26240F0D88103
:108D60003748C16DCF06FCD10266364834494B66A0
:108D700094F83430013384F834300B6F9B0706D4F9
:108D800094F834304F6F5F1E0BB184F834704B6928
:108D9000DF07F2D52B4B984210D0284982EA030016
:108DA000114010F0407F41EA0302E26240F09D81F1
:108DB0002349CB6DD806FCD122480A66204BC3F864
:108DC00064E094F83410013184F83410196F8F077F
:108DD00006D494F834105F6F4F1E09B184F83470D4
:108DE0005969C907F2D507280ED0144912F0407FFF
:108DF00001EA020141F00701E16240F06381104A9B
:108E0000D36DDB06FCD111662C220D4B5A6694F80B
:108E10003420013284F834201A6F900714D494F867
:108E20003420596F511E7AB184F834100CE000BF21
:108E300080C3C901F88900201F002803E0FFD7FC88
:108E400000003A400F0020015A69D107E4D5964B43
:108E5000002E019340F3B880BBF1010FDFF85C8274
:108E6000924FB646E06A40F3AB805946DFF848C2FD
:108E70008F4E40F2012900EA0C0AB24512D080EA76
:108E8000060300EA080213F0407F42EA0600E062AF
:108E900003D0226B002A40F0C980FB6DDA06FCD1BA
:108EA000B24638667D6694F83430013384F8343045
:108EB0003B6F9B0706D494F834307A6F5A1E0BB17F
:108EC00084F834207B69DA07F2D501398BB209B214
:108ED000012BD0D1774B9A450FD000EA08025840B9
:108EE0001A4310F0407FE26203D0216B002940F06A
:108EF000B680FB6DDB06FCD13A667D6694F83420C3
:108F00000132D2B23AB13B6F9807FBD4013A7B6F82
:108F1000D2B2002AF7D140F20123BEF1010F84F84A
:108F200034203B6150D01EF0010F1FFA8EF63FD067
:108F3000029A12B1636AC2F88430019AD37C33B3C7
:108F4000D90704D5916A4FF0E022C2F800119807C2
:108F500005D5019AD16A4FF0E022C2F804115907F1
:108F600005D5019A116B4FF0E022C2F808111A07DB
:108F700005D5019A516B4FF0E022C2F80C11DB06C7
:108F800005D5019B9A6B4FF0E023C3F81021DFF861
:108F900030C107234448CDE904C304AB93E806007D
:108FA000F4F7E4FAA26A029212B1636AC2F8883056
:108FB000731EBBF1010FE06A0FFA83FE3FF755AF56
:108FC0003D4B00EA030A85E7029A12B1636AC2F8D0
:108FD0008430019AD37C33B3DC0704D5916A4FF017
:108FE000E022C2F80011980705D5019AD16A4FF026
:108FF000E022C2F80411590705D5019A116B4FF010
:10900000E022C2F808111A0705D5019A516B4FF0FA
:10901000E022C2F80C11DB0605D5019B9A6B4FF0DC
:10902000E023C3F8102107B0BDE8F08F94F83400B6
:1090300048B13B6F9B07FBD401387B6FC0B284F80B
:1090400034000028F5D1A36BC7F81090C3F8842032
:10905000E06A20F0487300EA0C0A3B6622E794F8C5
:1090600034204AB13B6F9E07FBD4013A7B6FD2B2EA
:1090700084F83420002AF5D1A36B40F201223A6132
:10908000C3F88410E36A23F048733B6635E7A0EB2E
:109090000C0087B206B28FE5A7EB0E071FFA87F820
:1090A0000FFA87FB83E500BFF889002000003A40F3
:1090B0000F0020010F0000011F002803E0FFD7FC74
:1090C00080C3C901206B00283FF499AE94F8343076
:1090D0007749002B00F08C800A6F9707F9D4013B89
:1090E0004A6FDBB284F83430F3E7206B00283FF49A
:1090F0005FAE94F834306E49002B00F0A1800A6F07
:109100009207F9D4013B4A6FDBB284F83430F3E7BD
:10911000276B002F3FF424AE94F834206448002AD3
:1091200000F09C80016F8907F9D4013A416FD2B2F7
:1091300084F83420F3E7276B002F3FF4E5AD94F873
:1091400034205B48002A00F09780016F8907F9D42A
:10915000013A416FD2B284F83420F3E7206B002843
:109160003FF4A8AD94F83420514F002A00F09280CB
:10917000396F8907F9D4013A796FD2B284F8342073
:10918000F3E7216B00293FF46AAD94F83420484896
:10919000002A39D0076FBF07FAD4013A476FD2B21D
:1091A00084F83420F4E7216B00293FF42DAD94F8C6
:1091B00034203F48002A35D0076FBF07FAD4013A60
:1091C000476FD2B284F83420F4E7324400234FF6DC
:1091D000FF7A16B29C461A46E3E419444FF00009A0
:1091E0004FF6FF730FFA81FBCE4649460193CEE45A
:1091F000A36B40F201212E4A1161C3F88800E36A93
:1092000023F048731366FFE5A26B40F20120284F5C
:109210003861C2F88410E26A264822F04871104092
:10922000396622E5A26B40F20120214F3861C2F875
:109230008810E26A1F4822F0487110403966E9E45C
:10924000A26B40F201211A4B1961C2F88400E26A54
:10925000184822F0487110401966AFE5A26B40F241
:10926000012013490861C2F88470E26A114822F0B3
:10927000487710400F6679E5A26B40F201200C4957
:109280000861C2F88870E26A0A4822F04877104004
:109290000F663FE5A26B40F2012705490F61C2F856
:1092A0008400E26A034822F0487710400F6607E521
:1092B00000003A401F00280310B5002282B0B0F928
:1092C0000A4001911146B0F908300094FFF742FCC2
:1092D00002B010BD2DE9F04F2DED048B8DB082460C
:1092E00089461446BDF868509B46BDF86C809DF8D1
:1092F00070704545029575D1012F00F0FF8303EB97
:109300008302374B7900039305330FFA87F809EE90
:10931000901A134407EB47011FFA87FB0592069347
:10932000BB00A6B209EE101A08EE903A07EB8703CD
:10933000012708EE103A002304934346B8461F461F
:10934000039B059A9A18002312F8011B11EA080FD3
:10935000069918BF43F0010391424FEA4303DBB281
:10936000F2D15D0863B31F2D00F053821E2D32B27F
:1093700000F01083002405F01C03611C05F0180C9C
:1093800068001C2B8BB200F00382BCF1180F00F0B8
:109390002A8215F0100F40F0118210F0FF050CB278
:1093A0000ED01E2DE7D11BFB03F39BB24B44029959
:1093B0005046CDE9007119B218EE903AFFF7CAFB9A
:1093C000049B4FEA48085E4401335FFA88F8B6B25E
:1093D000082B0493B4D10DB0BDEC048BBDE8F08F25
:1093E000D44E00200723A24DA248CDE90A530CAB6E
:1093F00013E90600F4F7BAF8DAF8282009921AB14E
:10940000DAF82430C2F888301FFA89F9072107EB0F
:1094100047035046A4B209F1FF36651E06EB43062A
:10942000FEF718FD2A22944B05EBC705B6B25A6623
:10943000ADB29AF8342001328AF834201A6F9007BE
:1094400006D49AF83420596F511E0AB18AF83410A4
:109450005A69D107F2D5DAF82C00884B884A0340C4
:10946000934211D0874B80EA0201034011F0407F04
:1094700043EA0200CAF82C0040F02C837E4BDA6DE0
:10948000D206FCD118667E4B7B4AC2F864909AF8EB
:10949000341001318AF83410116F890708D49AF812
:1094A0003410D2F874C001F1FF3C09B18AF834C01D
:1094B0005169C907F0D5724A934211D0714B80EAC5
:1094C0000201034011F0407F43EA0200CAF82C0079
:1094D00040F0A682684BDA6DD206FCD11866684B64
:1094E000654A56669AF8341001318AF83410116FC3
:1094F000890706D49AF83410566F4E1E09B18AF8BF
:1095000034605169C907F2D5072B10D05D4B00F0CC
:109510004072034043F00700CAF82C00002A40F0D4
:109520006D82554BDA6DD206FCD1186607232B21CC
:10953000514A51669AF8341001318AF83410116F8B
:10954000890706D49AF83410566F4E1E09B18AF86E
:1095500034605169C907F2D5494A934211D0494B49
:1095600080EA0201034011F0407F43EA0200CAF89A
:109570002C0040F08B82404BDA6DD206FCD118668D
:109580003F4B3D4A54669AF8341001318AF8341042
:10959000116F8C0706D49AF83410546F4C1E09B121
:1095A0008AF834405169C907F2D5354A934211D03F
:1095B000344B80EA0201034011F0407F43EA02008D
:1095C000CAF82C0040F050822B4BDA6DD406FCD147
:1095D00018662B4B284A55669AF8341001318AF8E0
:1095E0003410116F890706D49AF83410546F4C1E4A
:1095F00009B18AF834405169CD07F2D5072B0FD055
:10960000204B00F04072034043F00700CAF82C00E2
:10961000002A40F0D281184BDA6DD406FCD11866CE
:109620002C22154B5A669AF8342001328AF83420DD
:109630001A6F920706D49AF83420596F511E0AB156
:109640008AF834105A69D507F2D50BEB8B03DFF893
:10965000349005930823069301230393064B002FB0
:1096600000F08A81084A0021054D089205320DE07C
:1096700080C3C901F889002000003A401F00280378
:109680000F002001E0FFD7FCD44E00200491079288
:109690000899059ADFF8ECB201EB020C079900EA91
:1096A0000B0B01EB020E1CF8012B002403990A425C
:1096B000029A594614BF16464646A94215D080EA7A
:1096C000050200EA090112F0407F41EA0500CAF8EC
:1096D0002C0004D0DAF83010002940F0A580DA6DB3
:1096E000D106FCD1A749186601405E669AF834207D
:1096F00001328AF834201A6F920708D49AF834207D
:10970000D3F874B002F1FF3B0AB18AF834B05A6959
:10971000D207F0D50134E2B29742CED8E6458B4667
:10972000C1D1BC460021974C4746AB4514D080EAD6
:10973000050200EA090612F0407F46EA0500CAF871
:109740002C0004D0DAF83060002E40F0F980DA6D99
:10975000D206FCD1AB4618665F669AF83420013217
:109760008AF834201A6F920706D49AF834205E6F74
:10977000561E0AB18AF834605A69D207F2D501310F
:10978000CAB294456CD9DFF8FCB100EA0B0BCCE708
:1097900004FB0B912D01A4B2029BEDB250460434A0
:1097A00009B2079224B2CDE9007319EE103AFFF71F
:1097B000D1F9079A002D7FF4DEAD01E60BFB049191
:1097C000AD00A4B2029BEDB25046023409B207923A
:1097D00024B2CDE900733B46FFF7BCF9079A002D90
:1097E0007FF4C9ADECE50BFB0491ED00A4B2029B44
:1097F000EDB25046033409B2079224B2CDE90073AA
:1098000019EE903AFFF7A6F9079A002D7FF4B3AD51
:10981000D6E5029B32B249465046CDE9007318EEB8
:10982000103AFFF797F9CBE59AF8340048B11A6F70
:109830009207FBD401385A6FC0B28AF8340000286E
:10984000F5D140F201221A61DAF83820C2F884100A
:10985000DAF82C004B4920F0487201401A6644E7C0
:10986000049AB846674601320492D2B294453FF654
:109870000FAF069A511E039A520089B2D2B20691D6
:10988000039200297FF4EBAEBBF1070F0ED03E4BE5
:1098900010F0407F03EA000343F00703CAF82C30BE
:1098A0007AD13A4AD16DC906FCD113660023374AF2
:1098B00053669AF834300133DBB23BB1116F8E0737
:1098C000FBD4013B516FDBB2002BF7D12F4A40F2A2
:1098D00001218AF834301161099A1AB1DAF824307A
:1098E000C2F884302A4BDA7C002A3FF474ADD507E5
:1098F00004D5986A4FF0E021C1F80001940704D51F
:10990000D86A4FF0E021C1F80401500704D5186B64
:109910004FF0E021C1F80801110704D5586B4FF052
:10992000E021C1F80C01D2067FF555AD9A6B4FF0DE
:10993000E023C3F810210DB0BDEC048BBDE8F08F1F
:109940009AF8340048B11A6F9207FBD401385A6F65
:10995000C0B28AF834000028F5D140F201221A6121
:10996000DAF83820C2F88460DAF82C0020F0487267
:1099700000EA040B1A66EFE6DFF808B000EA0B0B0A
:1099800077E700BF1F002803E0FFD7FC00003A4044
:10999000F8890020002309E5DAF83010002980D08A
:1099A0009AF83430A74AE3B1106F8707FBD4013B24
:1099B000506FDBB28AF83430F5E7DAF83020002A4D
:1099C0003FF429AE9AF834309E49002B00F06081B4
:1099D000086F8007F9D4013B486FDBB28AF8343056
:1099E000F3E740F20123974A1361DAF83830C3F8FD
:1099F0008810DAF82C3023F0487356E7DAF8301084
:109A000000293FF48EAD9AF834308E4AE3B1106FDE
:109A10008007FBD4013B506FDBB28AF83430F5E7A6
:109A2000DAF8301000293FF455AD9AF83430854A01
:109A3000002B00F01D81106F8007F9D4013B506F9F
:109A4000DBB28AF83430F3E7DAF8383040F201203C
:109A50007C4A1061C3F88810DAF82C007A4B20F0A9
:109A600048710340116662E5DAF8301000293FF4CE
:109A7000ABAD9AF83430734AE3B1106F8007FBD472
:109A8000013B506FDBB28AF83430F5E7DAF830107A
:109A900000293FF470AD9AF834306A4A002B00F088
:109AA0000581106F8007F9D4013B506FDBB28AF853
:109AB0003430F3E7DAF8383040F20120614A1061BF
:109AC000C3F88410DAF82C005F4B20F04871034093
:109AD00011667FE5DAF83020002A3FF4CFAC9AF81F
:109AE00034305849002B00F0B380086F8007F9D458
:109AF000013B486FDBB28AF83430F3E703EB830BAA
:109B0000524B95B24FF00008039305335B44049326
:109B1000039B03EB0B02002312F8011B394204994B
:109B200018BF43F0010391424FEA4303DBB2F3D184
:109B30005E08002B43D01F2E7BD01E2E00F0C68067
:109B4000EB0B00242AB205933B462F4655469A4616
:109B500006F01C031C2B1CD006F01803182B57D042
:109B6000F3063AD47600013416F0FF06A3B224B20D
:109B700021D01E2EECD15246AA463D4617464B44F4
:109B8000029A504619B2009204232AB2FEF7D6FC7C
:109B900015E0A4B2029B3601284604EB0901043407
:109BA0000093032309B20692F6B2FEF7C7FC069AA9
:109BB00024B2002ECCD15346AA463D461F4608F19A
:109BC00001087F000135B8F1080FFFB2ADB29FD197
:109BD0000DB0BDEC048BBDE8F08FA4B204EB09011D
:109BE00009B200290FDBB5F908308B420BDD059B6C
:109BF0004BB9B5F90A30934205DD029B284606921F
:109C0000FDF7E4F9069AB6000234F6B224B2D0E7C2
:109C1000A4B2029BF600284604EB0901033400932A
:109C2000022309B20692F6B2FEF788FC069A24B225
:109C3000BFE7029B2AB24946504600930523FEF730
:109C40007DFCBCE700003A401F002803D44E0020F2
:109C5000DAF8383040F201201D490861C3F8842049
:109C6000DAF82C001B4B20F0487203400A660BE424
:109C7000DAF8383040F20120154A1061C3F8841038
:109C8000DAF82C00134B20F048710340116627E4EA
:109C9000DAF8381040F201200D4B1861C1F8882025
:109CA000DAF82C0020F048721A66B9E4DAF8383095
:109CB00040F20120064A1061C3F88410DAF82C0043
:109CC000044B20F04871034011665AE4002356E724
:109CD00000003A401F00280330B5072283B0944D9E
:109CE000044601F003039348CDE9005202AA6375CC
:109CF00012E90600F3F73AFCA56A15B1636AC5F8E4
:109D00008830E26A8C4B1340072B0DD08B4912F040
:109D1000407F01EA020141F00701E16258D1884A1F
:109D2000D36DD806FCD111663622854B5A6694F85D
:109D30003420013284F834201A6F910706D494F845
:109D40003420596F511E0AB184F834105A69D20771
:109D5000F2D5637D032B0DD8DFE813F0D400AE00FD
:109D600087005700764B40F2012184F834201961B6
:109D7000744BA36015B1636AC5F884306D4AD37C17
:109D800013B3D90704D5906A4FF0E021C1F8000160
:109D90009D0704D5D06A4FF0E021C1F804015807AF
:109DA00004D5106B4FF0E021C1F80801190704D564
:109DB000506B4FF0E021C1F80C01DB0604D5926B2B
:109DC0004FF0E023C3F810210023E36003B030BD5F
:109DD000206B0028A3D094F8342059494AB10B6F66
:109DE0009B07FBD4013A4B6FD2B284F83420002A8F
:109DF000F5D1534A40F201231361A36BC3F88800E5
:109E0000E36A23F0487313668EE7E36A4A4A4E49D1
:109E10001A408A4210D0494A1A404B40114313F06D
:109E2000407FE16203D0206B002840F09180444ADB
:109E3000D36DD806FCD111664149E8234B6694F8EE
:109E400034200132D2B23AB10B6F9807FBD4013AF9
:109E50004B6FD2B2002AF7D1394B40F2012184F87E
:109E600034201961394BA36084E7E36A324A3649EA
:109E70001A408A420FD0314A1A404B40114313F026
:109E8000407FE16202D0206B00286ED12C4AD36D56
:109E9000D806FCD111662A4988234B6694F83420F1
:109EA0000132D2B2002A3FF45DAF0B6F9B07F9D4A9
:109EB000013A4B6FD2B2F5E7E36A1F4A22491A40D2
:109EC0008A420FD01D4A1A404B40114313F0407F85
:109ED000E16202D0206B002855D1194AD36DD80613
:109EE000FCD11166164928234B6694F834200132C0
:109EF000D2B2002AB0D00B6F9B07FAD4013A4B6F55
:109F0000D2B2F6E710492046FDF7A4FF0C494823DA
:109F10004B6694F834200132D2B2002A3FF422AFCB
:109F20000B6F9B07F9D4013A4B6FD2B2F5E700BF34
:109F300080C3C901F88900201F002803E0FFD7FC77
:109F400000003A40F0004001070000014001F0002D
:109F500094F8342024491AB30B6F9B07FBD4013AC1
:109F60004B6FD2B284F83420F5E794F834201E49C0
:109F7000002A2DD00B6F9B07FAD4013A4B6FD2B257
:109F800084F83420F4E794F834201749A2B10B6F19
:109F90009B07FBD4013A4B6FD2B284F83420F5E72B
:109FA000114A40F201231361A36BC3F88400E36AF2
:109FB00023F0487313663FE70B4A40F20123136115
:109FC000A36BC3F88400E36A23F04873136689E740
:109FD000054A40F201231361A36BC3F88400E36ACE
:109FE00023F04873136656E700003A402DE9F04F1E
:109FF0000446DFF814A2002685B050467C4D84F854
:10A000003460F4F791FF607F01210301EB58A362F4
:10A0100005EB0013DB68636202F09AFB5046D4E95B
:10A020000923C3F88420734BA17F1B6EE362F5F70D
:10A0300095F8002800F03682A17F5046F5F7A6F883
:10A04000A6632663E26A6C4B6C4913408B420DD0C9
:10A050006B4B13404A40194312F0407FE16240F0DD
:10A06000EB81644AD36DDE06FCD11166207FFF28A8
:10A0700017D0012102F06CFB0121207F02F02CFBA4
:10A08000052002F0ABFA0021207F02F025FB14200E
:10A0900002F0A4FA207F012102F01EFB962002F0BC
:10A0A0009DFA584A07235848CDE9022302AB93E8AA
:10A0B0000600F3F75BFAA26A019212B1636AC2F872
:10A0C0008830E06AEF25032650494B4FDFF8308196
:10A0D000484BDFF83CE100EA070B01F10209BBF154
:10A0E000070F13D000EA080C00F040724CF0070094
:10A0F000E0622AB1D4F830C0BCF1000F40F04781D3
:10A10000DA6DD206FCD14FF0070B18665D6694F845
:10A110003420013284F834201A6F920706D494F860
:10A1200034205D6F551E0AB184F834505A69D50742
:10A13000F2D506F1FF3C5FFA8CFC002E00F0258181
:10A140000CF103024D468E1800EA070B15F8011BAF
:10A15000F34513D080EA0E0200EA080B12F0407FAC
:10A160004BEA0E00E06204D0D4F830B0BBF1000F2F
:10A1700023D1DA6DD206FCD1F3461866596694F8FD
:10A180003420013284F834201A6F910706D494F8F1
:10A190003420596F511E0AB184F834105A69D2071D
:10A1A000F2D5B542D0D10CF1010C09EB0C010A78C3
:10A1B000561EF6B272B34D788DE794F8340048B16C
:10A1C0001A6F9207FBD401385A6FC0B284F834007A
:10A1D0000028F5D140F201221A61A26BC2F884B0C6
:10A1E000E06A20F0487200EA070B1A66C6E700BF73
:10A1F000344B002000003A401F00280307000001F4
:10A20000E0FFD7FC80C3C901F889002098380020FE
:10A2100007002001BBF1070F0ED09D4910F0407FD1
:10A2200001EA000141F00701E16240F0E780994A4C
:10A23000D36DDB06FCD11166964911234B6694F869
:10A2400034200132D2B23AB10B6F9E07FBD4013AEF
:10A250004B6FD2B2002AF7D184F8342040F20122A9
:10A260008C4B1A61019A12B1636AC2F884309AF871
:10A27000133013B3DD0700F10481980705D5DAF830
:10A280002C104FF0E022C2F80411590705D5DAF876
:10A2900030104FF0E022C2F808111A0705D5DAF89D
:10A2A00034104FF0E022C2F80C11DB0605D5DAF8C5
:10A2B00038204FF0E023C3F81021782002F08EF907
:10A2C000754A07237548CDE9022302AB93E80600DF
:10A2D000F3F74CF9A06A10B1636AC0F88830E26AFB
:10A2E0006F4B1340072B0DD0694912F0407F01EAF4
:10A2F000020141F00701E16263D1664AD36DDF06D6
:10A30000FCD11166634929234B6694F8342001324D
:10A31000D2B23AB10B6F9D07FBD4013A4B6FD2B268
:10A32000002AF7D184F8342040F20122594B1A61F7
:10A3300010B1636AC0F884309AF8133013B3DC07A5
:10A3400000F19880980705D5DAF82C104FF0E0223C
:10A35000C2F80411590705D5DAF830104FF0E022A1
:10A36000C2F808111A0705D5DAF834104FF0E022C8
:10A37000C2F80C11DB0605D5DAF838204FF0E023DF
:10A38000C3F8102105B0BDE8F08F49460FE794F8F7
:10A39000340048B11A6F9207FBD401385A6FC0B22B
:10A3A00084F834000028F5D1A26B40F20120186136
:10A3B000C2F888C0E06A20F0487200EA070B1A660B
:10A3C000A4E6256B002D98D094F8343031494BB178
:10A3D0000A6F9607FBD4013B4A6FDBB284F8343036
:10A3E000002BF5D1A36B40F201212A4A1161C3F879
:10A3F0008850E36A23F04873136683E7206B0028D4
:10A400003FF415AF94F8343022494BB10A6F9707E7
:10A41000FBD4013B4A6FDBB284F83430002BF5D11A
:10A42000A36B40F201211B4A1161C3F88800E36A63
:10A4300023F048731366FFE6206B00283FF411AE4B
:10A4400094F8343013494BB10A6F9507FBD4013BA4
:10A450004A6FDBB284F83430002BF5D10D4A40F25C
:10A4600001231361A36BC3F88400E36A23F04873EC
:10A470001366FBE5DAF828104FF0E022C2F800116D
:10A4800060E7DAF828104FF0E022C2F80011F4E695
:10A49000E0FFD7FC00003A4080C3C901F8890020E2
:10A4A0001F002803A07F01210301EB5805EB0015D5
:10A4B000A363EB68236302F04BF9A36B226BC3F831
:10A4C0008420BFE52DE9F04F89B09A4604469146B5
:10A4D000BDF948C08B46BDF84C306245039300F08F
:10A4E0002F85514500F05285ACEB0203AAEB010722
:10A4F00065465046002BB8BF5B42002FB8BF7F4275
:10A50000BB4205DD5546CB46E2460A4684468946AF
:10A51000D34508DD2E46484659461546E146D34602
:10A52000324684468A461FFA8BF8AD1A0093AAEB8E
:10A530000802002D164816B2B8BF6D4292B2002E26
:10A5400001924FF00702B8BF0136E145B4BF0123C5
:10A550004FF0FF33DFF840C0029308AB7610CDE92F
:10A5600006C213E90600F3F701F8A16A009B049103
:10A5700011B1626AC1F88820BB4240F31982D34509
:10A5800000F3A085ABB25246024DA24600930EE006
:10A59000F889002000003A4080C3C90108F1010891
:10A5A0000FFA88F71FFA88F8BA42C0F2F0800099D3
:10A5B000771A3EB2BFB2002EF0DA1FFA8BFCBAF95E
:10A5C0000810A8EB0C04A4B2002C00F0308449451C
:10A5D00040F3CC8019F4004FC9F3C03140F0C6807D
:10A5E000BAF90AE0DE4540F3C180661CBBF1000FFA
:10A5F000B6B2C0F2428559460CF1FF3B36B21FFAA3
:10A600008BFB0C463144714500F30085B1B28B449D
:10A61000504607210592FDF71DFC2A2150461FFADE
:10A620008BFB69669AF8341001318AF83410FDF713
:10A63000FFFBC14B50461946FDF70CFCC5F8649072
:10A640009AF83410504601318AF83410FDF7F0FBC7
:10A65000B94B50461946FDF7FDFBC5F864909AF8D2
:10A660003410059A01318AF83410296F880706D40E
:10A670009AF83410686F481E09B18AF83400696985
:10A68000C907F2D5072150460592FDF7E3FB2B21C0
:10A69000504669669AF8341001318AF83410FDF793
:10A6A000C7FBA54B50461946FDF7D4FB6C669AF8DC
:10A6B00034105046A14C01318AF83410FDF7B8FB34
:10A6C0009D4B50461946FDF7C5FBC5F864B09AF896
:10A6D0003410504601318AF83410FDF7A9FB0721E8
:10A6E0005046FDF7B7FB2C21504669669AF83410A6
:10A6F00001318AF83410FDF79BFB40F2012C0398DE
:10A700008D4BDAF82C1001EA040E9E4516D0DFF8C6
:10A7100034E201EA0E0E59404EEA030E11F0407F7A
:10A72000CAF82CE005D0DAF830B0BBF1000F40F0E9
:10A730005384EA6DD206FCD1C5F860E068669AF8E9
:10A74000341001318AF834102A6F920706D49AF82F
:10A750003420696F511E0AB18AF834106A69D10732
:10A76000F2D5013E36B2002ECBDC059A029908F1F3
:10A770000108894401990FFA88FB0F440FFA89F9FF
:10A780001FFA88F83EB25F46BA42BFF610AF544691
:10A790000BF101033A469F4240F3A580B4F908301B
:10A7A0004B4540F3A08019F4004FC9F3C03840F086
:10A7B0009A80B4F90A305B4540F39580BBF1000FF5
:10A7C000C0F274841FFA8BF17F1A4E1E3FB2B6B2EC
:10A7D00007EB0B029342C0F27884BAB207212046FD
:10A7E0001644574DFDF736FB2A232046B6B26B665A
:10A7F000B84694F83430013384F83430FDF718FB50
:10A800004D492046FDF726FBC5F8649094F8343096
:10A810002046013384F83430FDF70AFB46492046D0
:10A82000FDF718FBC5F8649094F8343020460133E6
:10A8300084F83430FDF7FCFA07212046FDF70AFBC7
:10A840002B2320466B6694F83430013384F834307F
:10A85000FDF7EEFA38492046FDF7FCFAC5F864B07A
:10A8600094F834302046013384F83430FDF7E0FAB0
:10A8700031492046FDF7EEFA6E6694F834302046F2
:10A880002D4E013384F83430FDF7D2FA07212046EB
:10A89000FDF7E0FA2C2320466B6694F83430013340
:10A8A00084F83430FDF7C4FA039F31462046FDF7A3
:10A8B000D1FA6F6694F83430013384F834302B6F5A
:10A8C0009A0706D494F834306A6F5A1E0BB184F894
:10A8D00034206B69DB07F2D508F1FF380FFA88F8EE
:10A8E000B8F1000FE1DCE26A144B1340072B11D0E2
:10A8F000144912F0407F01EA020141F00701E162D0
:10A9000003D0206B002840F032830D4AD36DDB0664
:10A91000FCD111660A4900234B6694F834200132B9
:10A92000D2B28AB10B6F9E07FBD4013A4B6FD2B201
:10A93000002AF7D108E000BF0F0020011F00280304
:10A9400000003A40E0FFD7FC84F8342040F20121B7
:10A950001C4B049A196112B1636AC2F884301A4A16
:10A96000D37C13B3DD0704D5906A4FF0E021C1F822
:10A9700000019C0704D5D06A4FF0E021C1F8040122
:10A98000580704D5106B4FF0E021C1F808011907F2
:10A9900004D5506B4FF0E021C1F80C01DB0604D563
:10A9A000926B4FF0E023C3F8102109B0BDE8F08F9F
:10A9B000D34500F38583ABB25246024DA2460093C5
:10A9C00014460CE000003A40F889002008F1010824
:10A9D0000FFA88F71FFA88F8BC42C0F2E680009AA6
:10A9E000B71A3EB2BFB2002EF0DA1FFA8BFCA8EB0A
:10A9F0000C0189B2002900F09181BAF908E0DE4526
:10AA000040F3C280BAF90A204A4540F3BD8019F4E8
:10AA1000004FC9F3C03240F0B7804E1CBBF1000FAD
:10AA2000B6B2C0F2238359460CF1FF3B36B21FFA8F
:10AA30008BFB0A463144714500F3F082B1B28B447E
:10AA4000504607210592FDF705FA2A2150461FFAC4
:10AA50008BFB69669AF8341001318AF83410FDF7DF
:10AA6000E7F9AA4B50461946FDF7F4F9059A504606
:10AA70006A669AF8342001328AF83420FDF7D8F952
:10AA8000A24B50461946FDF7E5F9C5F864B09AF8AF
:10AA90003420504601328AF83420FDF7C9F90721E5
:10AAA0005046FDF7D7F92B2250466A669AF83420B3
:10AAB00001328AF83420FDF7BBF9944B5046194611
:10AAC000FDF7C8F9C5F864909AF834205046013271
:10AAD0008AF83420FDF7ACF98C4B50461946FDF747
:10AAE000B9F9C5F864909AF83420504601328AF8D2
:10AAF0003420FDF79DF907215046FDF7ABF92C22D4
:10AB000050466A669AF8342001328AF83420FDF7FC
:10AB10008FF97F4940F2012C03987C4B0594DAF8B9
:10AB20002C2002EA010E9E4516D0DFF8ECE102EA85
:10AB30000E0E5A404EEA030E12F0407FCAF82CE087
:10AB400005D0DAF830B0BBF1000F40F02C82EA6D8E
:10AB5000D406FCD1C5F860E068669AF8342001326A
:10AB60008AF834202A6F920706D49AF834206C6F42
:10AB7000541E0AB18AF834406A69D407F2D5013EFE
:10AB800036B2002ECBDC059C029A08F101089144F4
:10AB9000019A0FFA88FB17440FFA89F91FFA88F80F
:10ABA0003EB25F46BC42BFF61AAF54460BF10103FA
:10ABB0003A469F427FF797AEB4F908305B457FF77E
:10ABC00092AEB4F90A1049457FF78DAE19F4004FE3
:10ABD000C9F3C0367FF487AEBBF1000FC0F26C82C0
:10ABE0001FFA8BF15E467F1A01F1FF383FB21FFA60
:10ABF00088F807EB0B029342C0F26C82BAB20721CD
:10AC000020469044434DFDF725F92A2320461FFA9C
:10AC100088F86B6694F83430013384F83430FDF7EB
:10AC200007F93A492046FDF715F96E6694F8343075
:10AC30002046364E013384F83430FDF7F9F83349B5
:10AC40002046FDF707F9C5F8648094F834302046B3
:10AC5000B846013384F83430FDF7EAF8072120467E
:10AC6000FDF7F8F82B2320466B6694F83430013357
:10AC700084F83430FDF7DCF824492046FDF7EAF883
:10AC8000C5F8649094F834302046013384F83430A9
:10AC9000FDF7CEF81D492046FDF7DCF8C5F86490B5
:10ACA00094F834302046013384F83430FDF7C0F88E
:10ACB00007212046FDF7CEF82C2320466B6694F83A
:10ACC0003430013384F83430FDF7B2F8039F314655
:10ACD0002046FDF7BFF86F6694F83430013384F8EE
:10ACE00034302B6F990706D494F834306A6F5A1EAB
:10ACF0000BB184F834206B69DA07F2D508F1FF381C
:10AD00000FFA88F8B8F1000FE1DCECE50F00200144
:10AD10001F00280300003A40E0FFD7FC0FFA88F23A
:10AD2000BAF9081091427FF72FAF002AFFF62CAF37
:10AD3000BAF90A204A457FF727AF19F4004F7FF48C
:10AD400023AF07215046FDF785F82A2250466A6650
:10AD50009AF8342001328AF83420FDF769F8CB4B99
:10AD600050461946FDF776F8C5F864809AF8342005
:10AD7000504601328AF83420FDF75AF8C34B50464A
:10AD80001946FDF767F8C5F864809AF834205046F4
:10AD900001328AF83420FDF74BF807215046FDF7C1
:10ADA00059F82B2250466A669AF8342001328AF804
:10ADB0003420FDF73DF8B54B50461946FDF74AF8EB
:10ADC000C5F864909AF83420504601328AF834204D
:10ADD000FDF72EF8AD4B50461946FDF73BF8C5F888
:10ADE00064909AF83420504601328AF83420FDF7F6
:10ADF0001FF807215046FDF72DF82C2250466A66B1
:10AE00009AF8342001328AF83420FDF711F89F4B6C
:10AE100050461946FDF71EF8039B50466B669AF89C
:10AE2000342001328AF83420FDF702F8ACE64945B7
:10AE30007FF79CAC19F4004F7FF498AC0FFA88F1BF
:10AE4000BAF90A408C427FF791AC0029FFF68EAC2C
:10AE5000072150460592FCF7FDFF2A2150466966FE
:10AE60009AF8341001318AF83410FCF7E1FF874B6F
:10AE700050461946FCF7EEFFC5F864909AF8341076
:10AE8000504601318AF83410FCF7D2FF7F4B504610
:10AE90001946FCF7DFFFC5F864909AF83410504665
:10AEA00001318AF83410FCF7C3FF07215046FCF744
:10AEB000D1FF2B21504669669AF8341001318AF887
:10AEC0003410FCF7B5FF714B50461946FCF7C2FF32
:10AED000C5F864809AF83410504601318AF834106D
:10AEE000FCF7A6FF694B50461946FCF7B3FFC5F8BF
:10AEF00064809AF83410504601318AF83410FCF717
:10AF000097FF07215046FCF7A5FF2C2150466966A4
:10AF10009AF8341001318AF83410FCF789FF5B4B42
:10AF200050461946FCF796FF039B50466B669AF80D
:10AF3000341001318AF83410FCF77AFF059A15E4D1
:10AF400051450EDB7BDDA1EB0A0B039B51460BF158
:10AF5000010B12930FFA8BF309B0BDE8F04FFDF728
:10AF6000EDBA12930AF101035B1A1BB2F4E794F8ED
:10AF700034204749002A00F08D800B6F9F07F9D4D9
:10AF8000013A4B6FD2B284F83420F3E762454CDAD1
:10AF9000039B12930CF101039B1A1BB209B0BDE88D
:10AFA000F04FFCF7BFBF9AF834404CB12A6F9207BC
:10AFB000FBD4013C6A6FE4B28AF83440002CF5D12E
:10AFC000DAF83820C5F810C0C2F884B0DAF82C20BE
:10AFD00022F048722A66BFE59AF834204AB1296FF8
:10AFE0008907FBD4013A696FD2B28AF83420002A6B
:10AFF000F5D1DAF83810C5F810C0C1F884B0DAF825
:10B000002C1021F048712966FFF798BBAEEB0C0EAF
:10B010001FFA8EF10FFA8EF6FFF7F9BAAEEB0C0EAF
:10B020001FFA8EF10FFA8EF609E5A2EB0C09039BCD
:10B03000624609F1010912930FFA89F3AEE700297C
:10B04000FFF6B3ACB0F908308B427FF7AEAC12F428
:10B05000004F7FF4AAACB0F90A3093427FF7A5AC59
:10B06000039B09B0BDE8F04FFBF7B0BF66444FF655
:10B07000FF7B9446114636B2DCE466444FF6FF7B14
:10B080008C460C4636B2FFF7BDBA00BF0F00200158
:10B0900000003A40114A40F201231361A36BC3F848
:10B0A0008800E36A23F04873136633E4C3464FF61F
:10B0B000FF764146FFF78EBB4FF6FF7831469AE5A3
:10B0C0005F4673E55F46FFF763BB5B1A9AB21FB238
:10B0D000FFF784BB5B1A9AB21FB290E500003A40BA
:10B0E0002DE9F04F866907462DED028BB07B85B0C8
:10B0F000884207D8F37B8B4204D3091AB27C02FB47
:10B1000001F10FE0327C8A4200F2B180737C8B4205
:10B11000C0F0AD800131F37B1944891AB27C091A61
:10B1200002FB01F13068FBF72BFFB368032200211B
:10B1300003EB00084046FBF723FF002840F0978010
:10B14000F27C03214046D41CFBF71AFF327D0546F2
:10B150002146404602EB0409FBF712FF747D029082
:10B16000494622464046FBF70BFF631E01228246FA
:10B1700002FA03F3034202D0A240A0EB020A96F8BF
:10B1800016B04C4440465A462146FBF7F9FE0BF1F7
:10B19000FF320121034601FA02F2024202D001FA13
:10B1A0000BF1431AA344F47D4046039322465946CB
:10B1B000FBF7E6FEB7F90C20039B002AC0F29A8049
:10B1C00002EB0A09B9F1000F04DAA2EB0A024FF010
:10B1D0000009BA8105EB0902B7F908108A424BDC75
:10B1E000B7F90E20B7F90A10914240DD02990B44DD
:10B1F000B98908440299B88196F819A09244AAEB3B
:10B20000030AA1B35C44E308611C18F80360E3433C
:10B2100003F007031E4116F001063DD10C4608EE6F
:10B22000107AA5EB060B21464046BBF1200F28BF44
:10B230004FF0200B5A465C44FBF7A2FE014606EB9A
:10B2400009035A465E4418EE100A21B10127CDE9E0
:10B2500000A7FCF761F9B542E3D8029B18EE107A1B
:10B260000AF1010A013B0293029B002BCBD105B0EE
:10B27000BDEC028BBDE8F08FBA7D002AF7D0BAF1A1
:10B28000000F3BDB0022F9894FF00009BA81327EC2
:10B290000A4412B2FA81A5E703224046FBF770FE8A
:10B2A0000434831C002608EE107A0393A5EB060BEA
:10B2B00021464046BBF1200F28BF4FF0200B5A46D5
:10B2C0005C44FBF75DFE014606EB09035A465E440B
:10B2D00018EE100A21B1039FCDE900A7FCF71CF975
:10B2E000B542E3D8039B18EE107A029A9A44D31A17
:10B2F0000293B9E70022D146BA8163E7CAF100029E
:10B3000012B2C0E782690B4630B5044685B07AB107
:10B310000A2908D1137E0022C18982810B44C3818E
:10B32000012005B030BDFFF7DBFE012005B030BDC8
:10B330000A293DD00D29F3D0B0F90C10B0F908203E
:10B34000057D8A421BDDB0F90E20B0F90AC0944594
:10B3500015DD4FF0060C1CFB051CBCF1000F0EDDCB
:10B3600002EBC50CBCF1000F09DD0295458A019581
:10B37000058A0095FDF7AEFFB4F90C10257D05EBAD
:10B380004503A27DA8B201EB430109B2A181002AC5
:10B39000C6D0B4F90830A5EB850503EB4503994207
:10B3A000BEDDE389002203EBC003A281E381B7E79E
:10B3B000C389017D828103EBC103C381012005B0F4
:10B3C00030BD00BF002916DBB0F908308B420ADD22
:10B3D000002A81810CDBB0F90A30934201DC013B89
:10B3E0001AB2C2817047013B002A19B28181F2DA98
:10B3F0000022C28170470021EAE700BF012938BF5F
:10B4000001210175704700BF41820182704700BF72
:10B410004FF0E0234022C3F808227047F8B5144BE0
:10B42000144D1C686E689CB1237A20466BB123686A
:10B430006F681B6898476B68E188DB1BC3F38F124A
:10B44000B1EB931FA28038BFE2806469002CEBD17E
:10B45000084B094A5B6810889B1B084CC3F38F118B
:10B46000B0EB931F218038BF1180BFF34F8FF8BD21
:10B4700024A70020001000E04A2F0120482F0120BF
:10B48000036818470B680360704700BF0B680360D0
:10B49000704700BF704700BF30B472B6244D254CD2
:10B4A0002A8804F1700104EB82038B423CD204F140
:10B4B0006F01501CC91A00EB910002E00132824278
:10B4C00032D09C4653F8041B0029F7D0B1FA81F022
:10B4D0004FF00043C34021EA0301CCF8001001B94A
:10B4E0000132154B2A801A88013291B2198062B656
:10B4F000ACEB040C41F67C73C0EB00644FEAAC0C7F
:10B50000C0EB841001240CEB8C1C03EBCC1303EB7D
:10B5100080030A480068C4541844094B1C889442AC
:10B5200030BC38BF1980704762B6002030BC70470D
:10B530004C2F012028A70020442F012020A7002005
:10B54000462F0120428872B60378012B03D9013BB4
:10B55000037062B67047D14353090B484FF0004265
:10B5600001F01F01CA4050F823100A430749B1F8FF
:10B5700000C040F823209C45054A88BF0B801388F3
:10B58000013B138062B6704728A700204C2F012092
:10B59000442F0120C36813B91DE0DB68E3B1187ABA
:10B5A0009042FAD110B4586893F809C0006950F875
:10B5B0002C4054B1DB682BB1187A9042F3D0DB6891
:10B5C000002BF9D15DF8044B704740F82C10087837
:10B5D00001300870EEE77047704700BF437A8B4236
:10B5E00006D90369002253F8210043F8212070474F
:10B5F0000020704738B5437A8B421BD9036900227B
:10B6000053F8214043F82120A4B12378012B01D81D
:10B61000204638BDFFF740FF054628B14FF4807241
:10B62000211D043001F054FB2378013B23702C468C
:10B63000204638BD0024204638BD00BF0022044902
:10B64000C0E90022028102740A680860C260704783
:10B6500098A70020037CFBB903680146FBB143684F
:10B66000EBB1427A5B7A9A421CD230B472B62B4B61
:10B670001C68ECB1E368C3B1486801E0DB68A3B1C2
:10B680005A688242FAD193F809C04A7A9445F5D1B2
:10B6900062B6042030BC7047012062B670470320B8
:10B6A00062B67047022062B670476469002CE1D12F
:10B6B0001B4C236843B1994202D10BE0994207D059
:10B6C0001A46DB68002BF9D1052062B630BC704702
:10B6D00002F10C040D68E868E8B1C3681BB908E022
:10B6E000DA683AB1134681421846F9D162B60620AB
:10B6F000D0E70346D960CB68002023600123C860EF
:10B70000AA7A2B721A44AA724A68947A13721C4459
:10B7100094720B74D9E7E960EDE700BF24A700201D
:10B7200098A7002010B5047C9DF808E00CB101201A
:10B7300010BD027280F809E0C0E90013BDE81040B6
:10B74000FFF788BF38B5037C002B36D0436804462A
:10B75000427A5B7A9A4238D272B60168CB68002B83
:10B760002DD0984233D01A46DB689C422AD0002B59
:10B77000F9D16268607A136953F8200048B1FFF785
:10B78000E1FE72B662680025607A1369216843F8A9
:10B7900020508B7A013BDBB28B7203B90B72937A28
:10B7A000013BDBB2937203B913720A4B00201A6893
:10B7B00020741C60E26062B638BD012038BD62B6FC
:10B7C000032038BDE368D360D3E7022038BDC368E7
:10B7D000CB60CEE798A7002010B50446FFF7B2FF74
:10B7E000094A136843B19C4202D108E09C4205D04B
:10B7F0001A46DB68002BF9D1204610BD0C32E368F5
:10B800002046136010BD00BF98A700200C4B1A788B
:10B810009AB90C4A0C4910B4C2F858110B48D024FC
:10B8200001224FF0E02180F8464040241046C1F844
:10B8300008415DF8044B1A7070470020704700BF44
:10B84000632F0120009C0020FD90010000E400E037
:10B8500070B472B621B9036813B102790F2A45D9C1
:10B86000294C2188002341FA03F212F0010208D08A
:10B870000133102BF7D162B600220371026070BC55
:10B8800070474FF0010C0CFA03FC41EA0C012180D7
:10B8900062B61E4D5FFA83FC1D4940F2824680F875
:10B8A00004C0EC6F194483F0030344F0C004490161
:10B8B000EC67A5F59F35174CA5F58075266084F8D3
:10B8C0001AC084F81EC084F818C084F81FC0016034
:10B8D000C1E90022C1E90222C1E90422C1E906222C
:10B8E0005A5D42F0C0025A5570BC7047064C218820
:10B8F00041FA02F5ED07B5D5054D1544B3EB451FEB
:10B90000B0D162B6BBE700BF562F012000C00F4088
:10B910008074000200800E4003790F2B11D8094A71
:10B92000937672B60849012290F804C00B8802FA97
:10B930000CF223EA02030B8062B61022002302718C
:10B940000360704700800E40562F0120EFF31082F5
:10B9500072B6437F5BB9017F012930B40BD0032954
:10B9600013D00123437702B962B630BC70470AB9DD
:10B9700062B670477047124C2168B1B111494361FA
:10B980000B68086083615861EBE70F4D0F492C6825
:10B990008CB143610B68836158614FF0E0234FF035
:10B9A00080540860C3F8044DDBE7064B2060186044
:10B9B000C0E90511D5E7C0E905442860EDE700BFFF
:10B9C00010A800201CA8002018A8002014A80020FF
:10B9D00070B5EFF3108272B60C4C206880B10C4E3B
:10B9E00000254369236073B19D6102B962B6836823
:10B9F00045779847EFF3108272B620680028F0D19F
:10BA000002B962B670BD3360EFE700BF18A800202E
:10BA100014A80020FFF7DCBF0449054A4968054B1C
:10BA20001960136801331360704700BF001000E015
:10BA3000B42E0120B02E0120704700BF704700BF18
:10BA4000704700BF704700BF70B51A4C1A4D23688D
:10BA5000AB4202D0194AD16829BBA369AB4202D0DC
:10BA6000164AD169C9B9236BAB4202D0134AD16AD5
:10BA700069B9A36CAB4209D0104AD16B31B1012135
:10BA80001B680F48D163BDE87040184770BD0121A5
:10BA90001B680C48D1629847EBE701211B680A48F4
:10BAA000D1619847DFE701211B6804F10800D160EC
:10BAB0009847D2E7C09E0020203B0020004108406C
:10BAC000109F0020F89E0020E09E002038B5064C14
:10BAD000A4F1600554F8083C2046183CDB68984700
:10BAE000AC42F7D138BD00BF109F002003682DE99C
:10BAF000F041044688B01746002B4BD000229A60D4
:10BB00000122DA60304D04A8DFF8E0801D4451F8CE
:10BB1000083B2D1102935B6805EB45069847F6003C
:10BB200006F1080058F806304044DB680190984759
:10BB3000264A04A9DDE90103029248F806309B6811
:10BB40009847029B04A8DB68984723680322204893
:10BB50001F609A601F4A23791F4C53551378517800
:10BB6000C0F828428B4228BF0B469178D2788B428E
:10BB700028BF0B46934228BF1346184C4FF0E022D3
:10BB80004FF08061012084F87A30C2F80C1108B0BF
:10BB9000BDE8F081124AD36E43F44053D3660122CC
:10BBA000104B1A60104A1346026040329868002811
:10BBB000A8D0103393422360F8D1002318462360A5
:10BBC00008B0BDE8F08100BF00BFF7BF203B0020F8
:10BBD000009C0020E89200202997010000E400E08A
:10BBE00000C00F400040084000410840C09E0020B7
:10BBF00010B4064B0020064C064A1C609C611C6376
:10BC00009C6405495DF8044B05F012B8C09E002005
:10BC1000203B002008930020AD970100084602F069
:10BC20009BBC00BF012A70B508BF0A228AB091B33D
:10BC30004FF0210E01E05FFA86FE0EF1FF36B1FBF8
:10BC4000F2F502FB15145FFA84FC092C0CF13704A1
:10BC50000CF1300C98BF5FFA8CF40EF1280C88BF01
:10BC6000E4B29142EC4429460CF8244CE3D24BB1A7
:10BC70000EF1FF3E2D225FFA8EFE0EF128036B447B
:10BC800003F8242C036801A9CEF122025B687144F9
:10BC900098470AB070BD30224FF0210E8DF8252054
:10BCA000E5E700BF2DE9F0410C46D1B1EAB180468D
:10BCB0008E1800250E4F04E002F04EFCB4420544FD
:10BCC0000CD0D8F8003014F8010B1B68BB42F3D03D
:10BCD000014640469847B4420544F2D12846BDE8A3
:10BCE000F0810D462846BDE8F0811546F6E700BF15
:10BCF000FD9801002DE9F0418C688AB0DCB1002587
:10BD0000884606462F462B46212201A9404600F0D0
:10BD1000B1FA202C2246336828BF202201A93046E0
:10BD20005B68A41A154498470744002CEBD13846A9
:10BD30000AB0BDE8F081274638460AB0BDE8F08178
:10BD4000002903DB00230A22FFF76CBF49422D23A1
:10BD50000A22FFF767BF00BF00B5036883B040F653
:10BD60000D2C022201A95B68ADF804C0984703B00E
:10BD70005DF804FB054B022888BF034610B41C681D
:10BD8000184663685DF8044B184700BF488A0020D6
:10BD90000EB400B582B003AA52F8041B019207F05A
:10BDA00025FA02B05DF804EB03B070470000000014
:10BDB000B4EE400B70B5F1EE10FA05462DED028B96
:10BDC00086B07CD6B0EEC07B9FED476BB4EE467B71
:10BDD000F1EE10FA6BDC9FED467BB4EEC70BF1EE93
:10BDE00010FA5ADC9FED447BB4EEC70BF1EE10FA6B
:10BDF00053D4B5EEC00B0C46F1EE10FA5BD4002321
:10BE0000B6EE007B002C5ED04FF0000C9FED3C6B3B
:10BE10000CF1010C27EE067B5FFA8CF2A242F7D3FD
:10BE200030EE070B0A222846FCEEC07BB8EE678B8B
:10BE300017EE901A30EE488BFFF7F4FE0F2C4FF000
:10BE40002E03B2EE046B064628BF0F248DF808308F
:10BE50000DF1090302AA611E53FA81F128EE060BC7
:10BE6000FCEEC07BCDED017A9DF8043007EE903AF0
:10BE70003033B8EEE78B02F8013F914230EE488B49
:10BE8000ECD12B68013402A928465B68E2B29847DE
:10BE9000304606B0BDEC028B70BD2B6803221A49F8
:10BEA0005B6806B0BDEC028BBDE8704018470368C4
:10BEB00003221649F4E7B1EE400B0123A0E7036823
:10BEC00003221349ECE730EE070B0A222846FCEE6A
:10BED000C07B17EE901A06B0BDEC028BBDE8704037
:10BEE000FFF7A0BEAFF30080FFFFFFFFFFFFEF7F74
:10BEF000000000E0FFFFEF41000000E0FFFFEFC1A6
:10BF00009A9999999999B93F1C3B0020183B0020B8
:10BF1000143B0020884200DB704730B4124C091AF1
:10BF20002368EBB1114A124D82FB032CDA179C44B3
:10BF3000C2EB2C4244F2A71C05FB12330D4D05FB4E
:10BF400002F20CFB0322002A0CDA6FF000431344C8
:10BF50002360B3FBF1F201FB123330BC184470478D
:10BF6000054BF5E71346F3E7E8A600205F0B4E8389
:10BF70001DF30100ECF4FFFF42CE0C1FF8B50026C4
:10BF80000446C0E90066866029B108460D4607F000
:10BF900027FC074608B92046F8BD013005F0F2FA43
:10BFA0000028F8D0294606702060C4E9017707F020
:10BFB00037FB2046F8BD00BFF8B588424FF00005BA
:10BFC00004468560C0E9005502D08E680F680EB93E
:10BFD0002046F8BD701C05F0D5FA0028F8D0394687
:10BFE00005702060C4E9016607F01AFB2046F8BD21
:10BFF00010B50446006805F0CDFA204610BD00BF1C
:10C00000F8B50446154632B9036803B11A70002327
:10C010002046A360F8BD43680E469A421CD9511CC5
:10C02000006805F07BFD074660B1A368C4E9000520
:10C030000BB90370276831463846A56007F0F0FA5F
:10C040002046F8BD206810B105F0A4FA276000234F
:10C050002046C4E90133F8BD07683146A56038467B
:10C0600007F0DEFAECE700BF10B500238AB0044603
:10C07000084601A9A360C4E9003305F06DFA01A8E0
:10C0800007F0AEFB01A902462046FFF7B9FF2046A4
:10C090000AB010BD30B5002304468BB0881CA360E5
:10C0A0006A46C4E9003300F0F3FE054648B107F0E4
:10C0B00097FB294602462046FFF7A2FF20460BB019
:10C0C00030BDA06020460BB030BD00BF814203D020
:10C0D0008A680968FFF794BF704700BF884238B587
:10C0E00005460ED000680C4608B105F053FAA0686A
:10C0F0000023D4E90012A860C5E90012C4E90033A6
:10C10000A360284638BD00BF38B505460C4649B186
:10C11000084607F065FB214602462846FFF770FFF8
:10C12000284638BD2846A96038BD00BF2DE9F84330
:10C13000044600680D4616468842A36809D8C2180E
:10C14000914206D20F1A4FF0010936B92046BDE8D8
:10C15000F8834FF00009002EF8D003EB0608626860
:10C1600090450CD908F1010105F0D8FC0028EDD06C
:10C17000A368C4E9000813B903702068A368B9F183
:10C18000000F08D12946184407F04AFA2046C4F89F
:10C190000880BDE8F8833246C119184400F098FDC4
:10C1A0002368002203F80820F0E700BF10B582B032
:10C1B0000023044601228DF8041001A98DF80530F2
:10C1C000FFF7B4FF204602B010BD00BF10B5044613
:10C1D0008A680968FFF7AAFF204610BD38B50546F2
:10C1E00041B10C46084607F0FBFA024621462846B4
:10C1F000FFF79CFF284638BD10B50B4684B00446B7
:10C200000A2201A9184600F033FE01A807F0E8FA57
:10C2100001A902462046FFF789FF204604B010BD61
:10C2200010B588B0B7EEC00B044602216A46042060
:10C2300000F02EFE684607F0D3FA69460246204613
:10C24000FFF774FF204608B010BD00BF8A6808B52C
:10C250008368934209D3006830B1096839B107F0A7
:10C26000F5F8B0FA80F0400908BD002008BD084686
:10C2700008BD00BFC2B170B5B1FA81F60C467609AF
:10C2800019B185689D4201D80E7070BDED1A02F19A
:10C29000FF3C016820466545194428BF65462A468B
:10C2A00007F01AF9665570BD704700BF38B50468CD
:10C2B000054644B1207830B105F044F9207014F8F7
:10C2C000010F0028F8D1284638BD00BF006808B12A
:10C2D00005F034B9704700BF006810B1002106F0C6
:10C2E0004FBD9FED010A704700000000A249A34B1B
:10C2F00088422DE9F047A24C5E699A69D4F80C8017
:10C300001BD9A04B984240F20281C31A9E491B0AD6
:10C31000A1FB031340F22761DB0903EB830303EB6B
:10C32000830303F2E2438B4228BF0B46A3F5487711
:10C33000964BA3FB0737FF0804E0954FB8428CBF2C
:10C340000E2706278D4908F01F09D1F88030B9451E
:10C3500043F0C003C1F880300CD228F01F08A1F5CB
:10C36000F82148EA0708C1F80C800B68002BFCDABA
:10C3700008F01F0916F0007324D186490C6986491C
:10C38000A14300F0EA8082F4805134464FF4805596
:10C3900014F0605F04D026F060561E43774B5E6158
:10C3A00011F4405F07D022F4405274492A438A6155
:10C3B0008B6C1A07FCD446F00076704A5661936C79
:10C3C0009B06FCD4754CA04200F2CE804FF0010CCD
:10C3D0000146634603FB011203F1010E0CF1010556
:10C3E000A24218D8BEF1080F4FF0010340F08D8033
:10C3F000BCF1040F00F291800A18A24200F2A4805E
:10C4000005FB00F1AC4603F1010E03FB01120CF138
:10C410000105A242E6D90CF1FF318C0286EA8121A6
:10C420005F4810445F4A90427FD9DFF8A4A16C2294
:10C430005D48584DB0FBFEF0D5F800E0B0FBFCF0D5
:10C44000DFF890C10EEA0C0CD44509D042F400523A
:10C450004FF4805CC5F800C02A602A68002AFCDA24
:10C46000464A156905F007059D4203D01361936C98
:10C47000DD03FCD411F4E05F09D026F4E05604F4A7
:10C48000E0543E4A26435661936C9907FCD44749D1
:10C49000474A014491423CD8464BC909A3FB0131AC
:10C4A000090B4B1E1B0286EA030212F4407F06D0E2
:10C4B00026F4407603F44073304A334353612F4AE5
:10C4C000536923F000735361936C9B06FCD43A4B81
:10C4D0004F45A3FB00234FF0FF324FEA9343B0FBDD
:10C4E000F1F1B2FBF3F3354A1060354A1160354A79
:10C4F000136008D228F01F08214A48EA0707D760CE
:10C500001368002BFCDABDE8F087734662E7122758
:10C5100018E74FF440730421C5E70CF1FF312048C0
:10C5200007238C02104486EA8121274ADFF8A8A05D
:10C53000A2FB0020020D2548362A38BF362202FB16
:10C5400000F042EA0A0A74E74FEA8C24002386EAE4
:10C550008C214FF0010EAC4662E71D4686F0C054B8
:10C5600011464FF0C05313E700244FF0010C024670
:10C5700031462346E64653E700A4781F00C00F402B
:10C58000000008400046C32323B24C001F85EB5136
:10C5900000366E0100800D4040300080FFB19F26C4
:10C5A000808D5B00FF7EF64D00643F4D7FD1F0082B
:10C5B0007F17B42C9F10E50083DE1B43F489002015
:10C5C000F0890020842C0120819F5E16001BB7009B
:10C5D0006C2000807F3001800020008000B970470F
:10C5E0002DE9F84F01218146214C224D224E54E87D
:10C5F000003F2A68306844E80013002BF7D11F4938
:10C600004B684FF47A7BDFF878A01B1A01270BFBED
:10C6100002F8DAF80020A3FB02325A4594BF904496
:10C62000D84454E8003F2A68306844E80073002B7F
:10C63000F7D14B68DAF800C01B1A0BFB02F2A3FB20
:10C640000C3CBCF57A7F94BF624402F57A72A2EB8F
:10C650000802B2F57A7F06D3B9F1010908F57A78B4
:10C66000DFD1BDE8F88F02F00BF80449D9E700BF2D
:10C67000B82E0120B42E0120B02E0120001000E0C1
:10C68000842C012030B40F4B4FF0010C0E4D0F4C99
:10C6900053E8002F2868216843E800C2002AF7D138
:10C6A0000B4B5B680B4A5B1A4FF47A71126801FB03
:10C6B00000F0A3FB023230BC8A4294BF80184018BD
:10C6C000704700BFB82E0120B42E0120B02E0120EB
:10C6D000001000E0842C0120362816D80201104BEF
:10C6E00003EB00109B5810B4C2685C68144205D07C
:10C6F00061B95DF8044BC3F888207047836851B175
:10C70000084A5DF8044B1A60704770475DF8044BA7
:10C71000C3F884207047044A5DF8044B1A607047E0
:10C72000344B002038F001003830010036280BD897
:10C73000064B020103EB00109A58C36892681A4234
:10C7400014BF01200020704700207047344B0020A8
:10C75000362829D8164B0201012903EB00109A58FC
:10C7600010B45368C4680ED004290CD023EA040323
:10C7700053608368A9B1022917D003290CBF0D4A61
:10C780000D4A1A6007E0234301295360836808D0EB
:10C7900040F638021A60436815225DF8044B1A60AF
:10C7A000704738221A60F6E77047044A1A60F2E7C9
:10C7B000344B0020383001003800010038F001000F
:10C7C00030B4124A0020124B0121124D124CC2F813
:10C7D000F032C2F8F402C2F8B810C2F8A000C2F8F1
:10C7E000A450C2F8B0105369DB07FCD5516123781F
:10C7F000DB07F0D41368054943F0010313600B68AD
:10C80000DB07FCD462B630BC704700BF00802A4012
:10C810000504012401000F0000812A4070B50E4C70
:10C820004FF6FF7E0D4E04F17E05A6F580530021E4
:10C8300002E0B34281B204D21A88481C0233724526
:10C84000F7D124F8021FAC4206F58056EDD1044B17
:10C8500001221A7070BD00BF862C012000107C6080
:10C86000792F012041F2BB0398422FD8184B10B505
:10C870001B7804463BB3A008164B04F00301164C8A
:10C88000A3FB0023C21A03EB5203144A5B09C3EB58
:10C89000831E9C46A0EB0E0341EA8C01FF2034F876
:10C8A00013C01A444FEA4C0C13030CEB023CBCEBD4
:10C8B000023F07D91A880233D4B28C4208BF100A4B
:10C8C0009C45F7D810BDFFF7A9FFD4E7FF207047BC
:10C8D000792F012005411004882C0120C007060093
:10C8E000F8B50F46164672B6344B40F20641344A4C
:10C8F0009A610222DA610022C3F8A020C3F8F01284
:10C90000C3F8F422C3F8F822C3F8FC224FF47022D3
:10C91000C3F8A4200122C3F8B02020F01F0382191D
:10C92000BFF34F8F4FF0E024C4F85C3F20339A42AE
:10C93000FAD8BFF34F8FBFF36F8F204D6B69DA07C3
:10C94000FCD501231F49B2B220F07F406B6142F455
:10C950007022C5F8F01242F20121184CC5F8F41209
:10C96000C5F8BC30C5F8A000C5F8A420C5F8B030A3
:10C97000154D01E05B0609D4636913F00100F9D09D
:10C9800041236361BDE8F840FFF71ABF082E0AD8BB
:10C9900036B13246394637440646284600F098F903
:10C9A00040236361E8E7A6F10800082639463246CD
:10C9B00037440646284600F08BF9F1E700802A400C
:10C9C000F05AF05A3204180880812A4010B472B626
:10C9D000284B0221284C00229C614FF47024D9611D
:10C9E00040F20641C3F8F0120121C3F8F422C3F863
:10C9F000F822C3F8FC22C3F8A020A2F58052C3F8A5
:10CA0000A4400240C3F8B010BFF34F8F02F580512D
:10CA100002F120034FF0E02C994234BF0121802124
:10CA200002EB41118B42CCF85C2F1A4603F1200334
:10CA3000F8D1BFF34F8FBFF36F8F0E4A5369D907F9
:10CA4000FCD501240D490E4B54610340C2F8F0128D
:10CA50004FF470200749C2F8A030C2F8A400C2F811
:10CA6000B0404B69DB07FCD501235DF8044B4B61FB
:10CA7000FFF7A6BE00802A40F05AF05A200418089A
:10CA800000F0FF0041F2BB03984200F28980464B60
:10CA90002DE9F0471B78C2B005468946002B7CD0B3
:10CAA000AB08424E05F00305414FA6FB03269A1B37
:10CAB00006EB5206760945EA8605C6EB86169E1BEE
:10CAC0003C4B37F81640334460004FEA033800EB24
:10CAD0000330B0EB033F64D943464FF0FF0C1A8894
:10CAE0000233D1B2A94208BF4FEA122C9842F6D8BD
:10CAF000E14541D0B4F5006F41D302AC4FF48072F0
:10CB0000FF21204606F050FC08F5805008F1020392
:10CB10004246984234BF01204FF4006008EB4000C9
:10CB2000134602321B888242D9B24FEA1323635460
:10CB3000F6D104F805900DF107090DF2071A00254A
:10CB40004C464046FFF742FF14F801CF08EB450082
:10CB500002220DF10601631EBCF1FF0FA3EB0903D6
:10CB600006D043EA0C230135ADF80630FFF7B8FED6
:10CB7000A245E9D127F8165042B0BDE8F08745EA52
:10CB8000092502A902220134ADF80850FFF7A8FEDA
:10CB900027F8164042B0BDE8F087FFF73FFE7FE779
:10CBA00070474FF0FF0CA3E7792F012005411004D7
:10CBB000882C0120C0070600704700BF362858D8CF
:10CBC0000001F0B4344C354D2358AB4256D049D80F
:10CBD000B3F1844F4BD0A5F58045AB4240D1304DE9
:10CBE0002044304E304CC4F8B462D0E901C4C0686F
:10CBF0004FF0E0264FF00057042AC6F810712FD8E6
:10CC00005E6926EA00065E614FF00506CCF800601A
:10CC1000266846F4803626605C6824EA00045C607E
:10CC2000224C54F8224090FAA0F2B2FA82F245F86F
:10CC300022106FEA00011DD0DD690F2A01EA05010B
:10CC4000D9611DDC52000325D968944005FA02F22F
:10CC500021EA02022243DA6098615A6902435A616A
:10CC6000F0BC7047124DAB42FAD1124DB8E7124DED
:10CC7000B6E77047DA690243DA61EDE70F4DAFE7D7
:10CC8000103A032519695200944005FA02F221EA8C
:10CC9000020222431A61DFE7344B00200080004289
:10CCA0008C99002021000000009C0020043400200A
:10CCB00000C000428C9A00200C9900200C9A0020A1
:10CCC00008B5EBF7D9FDECF71FFC01F0D9FCFAE74A
:10CCD000844641EA000313F003036DD1403A41D387
:10CCE00051F8043B40F8043B51F8043B40F8043B46
:10CCF00051F8043B40F8043B51F8043B40F8043B36
:10CD000051F8043B40F8043B51F8043B40F8043B25
:10CD100051F8043B40F8043B51F8043B40F8043B15
:10CD200051F8043B40F8043B51F8043B40F8043B05
:10CD300051F8043B40F8043B51F8043B40F8043BF5
:10CD400051F8043B40F8043B51F8043B40F8043BE5
:10CD500051F8043B40F8043B51F8043B40F8043BD5
:10CD6000403ABDD2303211D351F8043B40F8043B75
:10CD700051F8043B40F8043B51F8043B40F8043BB5
:10CD800051F8043B40F8043B103AEDD20C3205D385
:10CD900051F8043B40F8043B043AF9D2043208D07D
:10CDA000D2071CBF11F8013B00F8013B01D30B88EF
:10CDB00003806046704700BF082A13D38B078DD0CD
:10CDC00010F003038AD0C3F10403D21ADB071CBF9F
:10CDD00011F8013B00F8013B80D331F8023B20F809
:10CDE000023B7BE7043AD9D3013A11F8013B00F842
:10CDF000013BF9D20B7803704B7843708B788370CA
:10CE00006046704704F0BEBB04F0C4BB01F1FF3CB8
:10CE100070B56646002400E00134B0FBF2F502FB79
:10CE20001503092B03F1370E03F130035FFA8EFE71
:10CE300098BF5FFA83FE9042284606F801EFEBD2D6
:10CE4000631C0022C818CA547CB162461CF8015FFA
:10CE500010F8016DA1EB0C0302328CF80060013B6D
:10CE6000521A057023449A42EFDB084670BD00BF9A
:10CE7000031E01DBFFF7CABF4FF02D0C584210B55F
:10CE80000C4601F801CBFFF7C1FF204610BD00BFE3
:10CE9000B4EE400A2DE9F04FF1EE10FA164680EAA2
:10CEA000E07207462DED028BA2EBE072B0EE408AF5
:10CEB00085B080F14881F0EEC07A9FEDC57AF4EE3E
:10CEC000477AF1EE10FA29DDB5EEC00AF1EE10FA5C
:10CED00000F1ED80032A40F391800323002FA2EBA1
:10CEE0000302C0F28580B5EEC08AF1EE10FA00F1BF
:10CEF0006A8149214E234620F41C3170B070737052
:10CF000022B120462021144406F04EFA0023204688
:10CF1000237005B0BDEC028BBDE8F08F89460D464D
:10CF200002AA01A9484606F047FBDDF804A0044622
:10CF300059EA0A0372D101230278A64C9A4601935A
:10CF4000A54BD046342A88BF1C46029B002B7DD0BF
:10CF500008F10108A7EB080B06EB0805BBF1000F71
:10CF600040F3A1805A46202130465D4406F01CFA69
:10CF700006EB0B032D2203F8012BBAF1000F77D13A
:10CF8000B9F1000F06D01A46302102F8021B2E21FB
:10CF900059701346AB421FD2A44619461CF8012B08
:10CFA00001F8012BA94218D0019C2E20013C0BE076
:10CFB00058700233013CAB4219460DD21CF8012BCC
:10CFC00001F8012BA94208D00194002CF0D00B46A7
:10CFD000013CAB421946F1D31D46002F6BDB3446B2
:10CFE000002320462B7005B0BDEC028BBDE8F08F0E
:10CFF00022B130462021164406F0D6F9B5EEC08A9B
:10D00000F1EE10FA40F1BD802D2149224E23462039
:10D01000341D3170F0707270B37077E7CAF100039D
:10D02000994557DA4FF00108C9F1000A694CC24529
:10D030004046CDF804A0B8BF08F10108BAF1000FCE
:10D0400052D1029B08F10108002B81D1A7EB080BFC
:10D0500006EB0805BBF1000F27DD5A4620213046BC
:10D060005D4406F0A1F906EB0B03BAF1000F87D07F
:10D07000BAF1000F8EDAB9F1000F8BD018462E22CC
:10D08000302100F8021B5A7002465346013302F861
:10D09000011BFBD1BAF1000F0193CAF10003A8BF35
:10D0A0000123034476E7334664E7334665E7042A01
:10D0B000AADD042312E7B844B8F1000F6FEA0802B2
:10D0C0008DDA22EAE272202128460132154406F068
:10D0D0006BF984E706F084FB8046C245B8BF08F1CF
:10D0E0000108BAF1000FACD0BAF1000FBFF62DAFB6
:10D0F000B9F1000F3FF429AF0AEB090309F1020867
:10D100008342BFF422AFB9F1000F05DDF2EE047ADD
:10D11000013D28EE278AFBD102AAB0EE480A284634
:10D1200003A906F049FADDF804A0039B09F1010206
:10D130000446A3EB0A0393427FF407AF0AF1010A06
:10D14000CDF804A001E7B5EEC00AF1EE10FA4CBF2D
:10D1500004230323934222DA0028A2EB030218DB04
:10D1600010EE103A002B02DA2D2306F8013B4E2375
:10D170004121F41C33707170B370002A7FF4C1AE8A
:10D18000C4E649214E224623F41C31707270B370FC
:10D19000BCE622B130462021164406F005F918EE0F
:10D1A000103A002B4FF04E0305DB4122F41C337084
:10D1B0007270B370AAE62D214122341D7370317054
:10D1C000B270F370A2E62D2306F8013B91E600BF92
:10D1D000FFFF7F7FA44E0020A84E002000230F22D7
:10D1E00048F2B82C194610B54FF470444FF4806ED5
:10D1F000A0F88C414FF46044A0F88E210A46A0F8B4
:10D200009031B0F888319BB243F0F003A0F8883138
:10D2100001EB4103013100EB431304299C80A3F887
:10D2200006E05A841A865A805A81A3F80EC05A82A0
:10D23000DA825A83DA83EBD1B0F888319BB243F0BB
:10D240000F03A0F88831B0F888319BB243F47063C3
:10D25000A0F8883110BD00BF374B384A996F384865
:10D2600041F47F0170B5996741F20106D3F880104F
:10D2700045F6C05543F226040A43C3F88020FFF761
:10D28000ADFF00F58040FFF7A9FF00F58040FFF7F4
:10D29000A5FF00F58040FFF7A1FF0022A0F50310D5
:10D2A0004FF00F0E114600EB42134FEA421C0132C1
:10D2B0009981042A5981A3F80EE09E82DD8020F82E
:10D2C0000C1019829C81EED100221E484FF00F0EE7
:10D2D00041F20106114645F6C05543F2260400EB23
:10D2E00042134FEA421C01329981042A5981A3F862
:10D2F0000EE09E82DD8020F80C1019829C81EED118
:10D30000002211480F2641F20105114645F6C0548E
:10D3100043F2260E00EB42134FEA421C0132998180
:10D32000042A5981DE819D82DC8020F80C1019824C
:10D33000A3F80CE0EED170BD00C00F40000003FC6C
:10D3400000C03D4000001E4000401E40074A506A99
:10D35000936A19468446506A936A9942F9D1844582
:10D36000F7D1DB0B43EA4040704700BF00400D405F
:10D3700072B6EFF30583524CC4F884301EF0040FEC
:10D380000CBFEFF30882EFF309824FF0E0234D4E1C
:10D390004D4DD3F8280DD3F82C1DC4E92201D3F844
:10D3A000341DD3F8383DC4E924139369C4F8983088
:10D3B000D369C4F89C3000F0D3F884ED280AFFF755
:10D3C000C5FF0B214FF0FF32C4F8A4000B46C4F890
:10D3D00080103E49301D5A40202402F00103013CD8
:10D3E00001FB03F383EA5202F7D1A84202D073682B
:10D3F0000646EFE7324BC3F8A820BFF34F8F4FF03C
:10D40000E0233049324AC3F8701FC3F8702FBFF3CE
:10D410004F8FBFF36F8F2F4A02252F48D36E2F49AE
:10D4200043F44053D3660560D3692D4823F07F034E
:10D4300043F04003D3610B6883423DD8264D002161
:10D440004FF0E0234FF0FF3229600126C5F80811A4
:10D450002449C5F80011C5F80861C3F88021C3F854
:10D460008421C3F88821C3F88C21C3F8902101E0FE
:10D4700000F068F9D5F80C31002BF9D00134C5F86B
:10D480000C614F2CF4D9184B022018494FF0004280
:10D49000C1F840015A63D5F80C313BB9144815491D
:10D4A0000D4A0163D2F80C31002BFAD04FF0E02383
:10D4B000114AC3F80C2DFEE7FEF718FFBEE700BFC8
:10D4C00000FF272080FF2720A8FF27202083B8ED1A
:10D4D000A0FF272000C00F4000400840F489002032
:10D4E000803DCD0B009F240000900D4000002E4099
:10D4F00000800F40F100AD0B0400FA050A490A68EC
:10D5000038B108B513180948834204D810460B6097
:10D5100008BD1046704706F07DF80C234FF0FF322F
:10D520000360104608BD00BF0493002000002820BF
:10D53000002070474FF0FF30704700BF4FF400539A
:10D5400000204B60704700BF012070474FF0FF3054
:10D55000704700BF30BFFDE730BFFDE7FFF708BFF2
:10D56000124AD2F880305B07FBD5D2F880301048E1
:10D57000C3F30B230F4990ED007A07EE903A91ED3B
:10D58000006AB8EE477A0C4AF8EEE77A0B4BD2ED18
:10D59000006A77EEC77A93ED007AB8EE477A67EEC5
:10D5A000867A87EEA60A37EE400A704700810D4062
:10D5B000742C01207C2C0120802C0120782C01204F
:10D5C000836BF0B41BB1536843F40043536072B6ED
:10D5D000446B3CB31A4B2260D3F8B0410C421DD1CE
:10D5E000184E776804E07468E41BB4F5166F0BD22C
:10D5F000D3F8404144F48044C3F84041D3F8B851D3
:10D60000D3F840416404EED50D4007D10C4CC0E97D
:10D610000225D4F8B0310B43C4F8B031426362B68E
:10D62000F0BC7047064DC0E90224D5F8B0310B4379
:10D63000C5F8B0310263426362B6F0BC704700BF08
:10D6400000002E40001000E070B5056B9DB106464D
:10D650002A46002403E012680134012A0CD05368E2
:10D6600013F08003F7D032632CB12846B36B2D68DA
:10D670009847013CF9D170BDC6E90C33F4E700BF0F
:10D6800030B4D9B91F4C204B0021204A01254FF05E
:10D69000011099601D60C4E9023180245C60C2F809
:10D6A000BC01D2F8B0311A482B43C2F8B031016046
:10D6B000D2F8B031002BFBD130BC70470904154BB8
:10D6C000104C012541F080019860104A596000F526
:10D6D00080511D60D96000F50051A364196100F507
:10D6E000405100F58040596100219861E164D2F811
:10D6F000B03143F48033C2F8B031D2F8B031002BEE
:10D70000FBD1C0E700000020209F002000002E4039
:10D7100048000120409F0020084901220B7802FAAE
:10D7200000F023EA0000087030B9054AD2F8483109
:10D7300023F08003C2F84831704700BF7C2F0120DE
:10D7400000002E402DE9F04F974C83B0D4F844717F
:10D75000FB07C4F8447153D5D4F8AC21002A4AD051
:10D76000924EDFF860A2DFF87492DFF874B2DFF84F
:10D770007482C4F8AC21D6E90A20D4F8403143F4CD
:10D780000053C4F84031D4F840319D04F5D5D4F8A5
:10D79000403123F40053C4F840314FF00113C4F872
:10D7A000B431D4F8B45115F00115FAD193B28446CE
:10D7B000CAF80050B3F5086F00F0CF8100F2DB80AB
:10D7C00040F202318B4200F0E78100F29A80822B16
:10D7D00000F0CB81B3F5817F40F08A8010F0780FA4
:10D7E00083B200F003824FF00113C4F8C031D4F8C3
:10D7F000AC21002ABDD16C4AD2F8BC31002B42D1F9
:10D800007E0616D5684BD3F8AC21C3F8AC21D3F80B
:10D81000BC21C3F8BC21D3F8B041002CFBD14FF0A0
:10D82000FF32C3F8B421D3F8843100F02DFD604BF2
:10D830001C60FC0103D55F4B1B6803B19847B8011E
:10D8400003D55D4B1B6803B19847790708D5564B44
:10D85000D3F8843113F4007347D0584B01221A7067
:10D86000514BD3F848311A060AD53B0608D5544A1D
:10D8700013782BB1013BDBB21370002B00F07282E6
:10D8800003B0BDE8F08F4F49C2F8BC3108680342CD
:10D8900040F0D181464A14681C40B1D05FEA144878
:10D8A00010D0424E4FF0010998FAA8F5B5FA85F567
:10D8B00006EBC51009FA05F54030FFF7C5FE38EA5A
:10D8C0000508F1D1A4B2002C9AD0384E4FF00108CF
:10D8D00094FAA4F5B5FA85F506EBC51008FA05F536
:10D8E000FFF7B2FEAC43F3D18AE7344A1370B7E7CF
:10D8F000802B7FF478AF344802210580FFF7C0FE0B
:10D9000075E7B3F5A06F00F00B81A3F5D063012B91
:10D910003FF669AF2D4B5D68002D3FF464AF1FFAF1
:10D920008CFC4FEA124E04E01D690C33002D3FF4CD
:10D930005AAF1A887245F7D15A886245F4D14FEA36
:10D940001E22032A00F0A5811A89000C824228BFFA
:10D950000246BEF5007F40F0A181184B1C491878A3
:10D960001C4B0192002818BF19461B48FFF7B0F95D
:10D97000194D019AE1E142F221218B427CD033D949
:10D9800042F221318B4200F081804FF6C0018B4280
:10D990007FF429AF10F47F4F83B27FF424AF43F4B8
:10D9A0006E4363F30F0CB5E700002E40000000202B
:10D9B0004C0001201C2F0120202F0120822F01204C
:10D9C000832F0120480001203C2C01202C880020BE
:10D9D0004C220060B0220060E03620204000012090
:10D9E0005DCFC6B8C0012E40B3F5106F66D042F2CD
:10D9F00021018B427FF4F7AE030C072B7FF4F3AECB
:10DA0000B24BB349F560D960B249B360C3F808902E
:10DA1000C1E9002001221A60AF4A5A60AF4A1A6178
:10DA2000D4F8B01141F00101C4F8B01102F58051F1
:10DA300002F5005259619A61D4F8B031002BFBD144
:10DA4000A74AF36493600123B264136048F2800331
:10DA500053604FF00113C4F8BC31D4F8B03143F433
:10DA60008033C4F8B0314FF48033CAF80030D4F8B2
:10DA7000B031002BFBD1BAE680B238B9994BC2F372
:10DA800007421968984B1960984B1A70944B002202
:10DA90009A60F2640122B3641A6080225A604FF0E7
:10DAA0000113C4F8BC31D4F8B03143F48033C4F866
:10DAB000B031D4F8B031002BFBD198E6C2F3074265
:10DAC0008B4B1A708B4BC4F8C8318B4BC4F8CC31DC
:10DAD0008A4BC4F8D03100F0D9FB8022294688480F
:10DAE00005F062FC874B8022C6F8A0B0C6F8E03093
:10DAF0007B4BF5645A600122B3649D601A604FF05D
:10DB00000113C4F8BC31D4F8B03143F48033C4F805
:10DB1000B031CAF80050D4F8B031002BFBD166E622
:10DB20006F4B0121F564196080219D60B3645960D9
:10DB30004FF00113C4F8BC31D4F8B03143F4803352
:10DB4000C4F8B031D4F8B031002BFBD1130C5B0614
:10DB500043F08073C4F8543149E6654B01216A48AB
:10DB60001B780370FFF78CFD41E683B210F078005C
:10DB70007FF439AE03F07F0258F82210624A108019
:10DB8000180600F19E80CB0701D5012313700221F6
:10DB90005D48FFF775FD2AE610F0780F83B27FF439
:10DBA00022AE03F07F0213F0800F58F8223014BF2A
:10DBB00043F4803343F0010348F822300022484BFD
:10DBC000F2649A600122B3641A6080225A604FF0B6
:10DBD0000113C4F8BC31D4F8B03143F48033C4F835
:10DBE000B031D4F8B031002BFBD100E603F07F0256
:10DBF00013F0800F58F8223014BF23F4803323F041
:10DC0000010348F822300022354BF2649A60012269
:10DC1000B3641A6080225A604FF00113C4F8BC311B
:10DC2000D4F8B03143F48033C4F8B031D4F8B03113
:10DC3000002BFBD1DBE50020086026490C884868F2
:10DC400042F221018C427FF425AE80B200287FF49D
:10DC500021AE2E492E4C03C9A18086284FEA1141DE
:10DC60002060A1717FF416AE72B62A48017841F0A7
:10DC700008010170D2F848110D0605D48020014337
:10DC8000C2F84401C2F8481162B6234A502111700B
:10DC900000E6000C2A78824228BF0246BEF5E06FFB
:10DCA00044D11E4B1E4D18781E491F4B019200286F
:10DCB00018BF19462846FFF70BF807236B70019A27
:10DCC0003BE0C9033FF561AF61E700BF409F002023
:10DCD00040100120E0A0002080000700402001202B
:10DCE000209F0020B42E0120182F0120802F01201A
:10DCF000812F01200200CC00C80002000200C800F1
:10DD0000800000201993D5743C2C01204000012094
:10DD1000102F01207C2F0120832F0120822F012032
:10DD2000E0362020B02200604C2200602946104DD1
:10DD300001922846FEF7CCFF019A25F01F031544F7
:10DD4000BFF34F8F4FF0E021C1F8703F20339D4269
:10DD5000FAD8BFF34F8FBFF36F8F05481146FFF717
:10DD60008FFC44E50320FFF7D7FC0BF025FD00BF37
:10DD7000E03620202DE9F0471F46831E022B01D9F3
:10DD8000BDE8F087DFF84C9015460C463C2209EBC5
:10DD9000C01806464FEAC01A002108F10400240406
:10DDA00005F002FBB5FA85F20123520944EA4274F8
:10DDB00049F80A40C8F83870C8F80830002FDFD09A
:10DDC000034AB34011680B431360BDE8F08700BFFE
:10DDD0004C000120000000202DE9F0470D46811E77
:10DDE000022901D9BDE8F087C701DFF84C909246BF
:10DDF000044640373C2200211E4609EB07082D044B
:10DE000008F1040005F0D0FABAFA8AF2520945EA9C
:10DE1000427249F807200122C8F83860C8F8082083
:10DE2000002EDFD0034B10341968A2400A431A6059
:10DE3000BDE8F0874C000120000000201204816042
:10DE4000C36101F5405342F0800210B401244260E6
:10DE500001F50052046001F5805401F58041C46071
:10DE600081615DF8044BC0E904237047831E0A46B4
:10DE7000022B00D97047064B00F110014FF0010C46
:10DE800003EBC0100CFA01F14030FFF799BB00BF63
:10DE900000000020831E0A46022B00D97047012192
:10DEA000024B814003EBC010FFF78ABB000000204B
:10DEB00040687047124A134BD2F8200220F07F408E
:10DEC000984210B584B002D200EB800040000E4CA6
:10DED00001A90A22FEF79AFF01A90023204611F8A2
:10DEE000012B01333AB10A2B20F8022FF7D1162368
:10DEF000237004B010BD5B00DBB2237004B010BD12
:10DF000000441F4080969800489B002000F0DCBA37
:10DF100000F0ACBA00F010BB00F0CABA00F066BB6B
:10DF200000F03CBB0846114600F02CBBF8B5144C81
:10DF30004FF0E025134E4FF4003204EB4024124F13
:10DF400006EB40160346C5F88C2121463A88304638
:10DF5000FFF774FF3B882344BFF34F8FC5F85C4F36
:10DF60002034A342FAD8BFF34F8FBFF36F8F032043
:10DF70003146FFF78FFF4FF40033C5F80C31F8BD81
:10DF800060372020609F0020582F0120244B2DE96E
:10DF9000F0411C884368C569C3F30E43E41A002CA2
:10DFA00024DD204920480A780078D3B21F4E8242EF
:10DFB0001F4807D010F8038036F81870C7F50072B4
:10DFC000944218D90133002226F81540082B194E27
:10DFD00088BF134626F8152098BFDAB2C554164BF1
:10DFE0000A701A6814441C60BDE8F0812846BDE838
:10DFF000F041FFF79BBF07EB48201049224627441A
:10E00000084401EB4521FEF763FE0B4A284626F83B
:10E01000187013682344BDE8F0411360FFF786BF12
:10E02000582F01207A2F01207B2F0120482C01201E
:10E03000682C0120582C0120442C0120603720201E
:10E040001D4B1A78002A36D102F0FF031B4A1278C2
:10E050008AB32DE9F0411A4D2A8852B3194EC2F500
:10E060000068194F3278194C07EB421704EBC224B1
:10E07000424638462146FFF7E1FE04EB0802BFF3B3
:10E080004F8F4FF0E023C3F8704F2034A242FAD8EC
:10E09000BFF34F8FBFF36F8F04203946FFF7E6FEC3
:10E0A00033780133DBB2032B88BF002333700023A6
:10E0B0002B80BDE8F08170477F2F0120812F012048
:10E0C0005A2F01207E2F012060A0002060472020D1
:10E0D0002DE9F04F85B0CDE90110002900F0BF8097
:10E0E0000023604CDFF89881DFF898A15E4F009321
:10E0F00001235E4A23705E4B1978B8F8003002EBBA
:10E100004119002B40F0A7801E461D469B464846FD
:10E11000FFF7CEFE10F0800000F08C80BFF34F8F31
:10E120009AF8003084F800B005B93E68002B7DD124
:10E130003B689B1B782B00F287804E4B1B78002B93
:10E1400074D000F09DFA0122B8F800301546227014
:10E15000002BDCD0464AC3F5006011781A4600EB6C
:10E16000C120454DC9022844019D954217D2039311
:10E17000DDE901512A46FEF7ABFD039B4FF040421B
:10E180005B1BA8F800303D4BC3F88420BFF34F8FD2
:10E19000009800232844237005B0BDE8F08F364B6B
:10E1A000CD180299FEF794FD00234FF40062294632
:10E1B0004846FFF743FEBFF34F8F05F1200205F5F8
:10E1C0000063934234BF012340234FF0E02205EB6C
:10E1D0004313C2F8705F2035AB42FAD1BFF34F8FC3
:10E1E000BFF36F8F04204946FFF740FE204A1378A3
:10E1F0000133DBB2032B84BF00231D4A1370B8F830
:10E200000030019AD11A009A1A4401910092029AA0
:10E210001A4400230292194AA8F80030C2F8843048
:10E22000BFF34F8F237000297FF462AF009805B0D1
:10E23000BDE8F08F4FF400620D4B8AF800001978AA
:10E240001346A8F800208AE7012300988AF80030D6
:10E2500005B0BDE8F08F1A46C3F500607FE701986E
:10E26000E5E700BF7F2F0120B42E012060A0002031
:10E270007E2F0120812F01206047202000002E40AA
:10E280005A2F01207D2F0120704700BF2D4B002108
:10E2900080222D4870B51B7800242C4D8B422C4ECB
:10E2A0000CBF40234FF400732B80338005F07CF8C3
:10E2B000284A2146284B14704FF4807227481C804E
:10E2C00005F072F8264A1021264B0220C2E90044CC
:10E2D000C2E90244244AC3E900441470234AC3E952
:10E2E0000244234B1C70234614602246FFF774FD42
:10E2F0002246318803201F4BFFF73CFD23460122B5
:10E3000029880420FFF768FD20460134FFF70EFE40
:10E31000082CF9D1184B00214A221848184C0460E7
:10E32000C3F88410C3F88020D3F84821154942F07F
:10E330008072C3F8482121B1134A137843F00103D6
:10E34000137070BD822F012060A000205C2F01207F
:10E35000582F01207E2F01205A2F0120609F00207E
:10E36000482C0120582C01207A2F0120442C012018
:10E370007B2F01206DBC010000002E401C2F0120CE
:10E3800021BD010000000000842F01202DE9F04F85
:10E390004FF0E0234FF40032DFF8C8A083B0C3F899
:10E3A0008C218B469AF8004000294FD08046E4B279
:10E3B0000027DFF8B490264BABEB070225491B780A
:10E3C000A34204F101043FD0092C234B404628BF4F
:10E3D00000241E5D39F816C00CEB462319441F4B70
:10E3E00033F81650A5EB0C05AA421CD20CEB462CB8
:10E3F00018491B4C61440192FEF76AFC216839F808
:10E4000016505846019AA1EB0B012A44394429F8C9
:10E41000162021604FF0E0234FF40032C3F80C21A6
:10E4200003B0BDE8F08F2A462F44FEF751FC0C499B
:10E43000E3B230460A68A844521B0A608AF80030EA
:10E44000FFF774FDBB45B6D83846E3E70846E1E779
:10E450007A2F012060372020682C0120482C0120D1
:10E46000442C01207B2F0120582C01200B4B0C4AFF
:10E4700012781978D3B28A420DD0013309480A4A7A
:10E48000092B0A4928BF0023C35C31F8131002EBA3
:10E490004323585C70474FF0FF3070477A2F0120BC
:10E4A0007B2F0120682C012060372020582C012070
:10E4B000044B10B51C680CB1204610BD00F0E0F80C
:10E4C000204610BD442C01202DE9F84F144E154D67
:10E4D00033782A78934221D0DCB2DFF85090DFF80D
:10E4E00050B0DFF85080104F0134082C5FFA84FAE6
:10E4F00001D90024A24619F80400DBF8003038F8EE
:10E50000102037F81010521A9B1ACBF80030FFF782
:10E510000DFD86F800A02B78A342E5D1BDE8F88F69
:10E520007B2F01207A2F0120582C0120682C0120FC
:10E53000442C0120482C012000B583B001210DF1AD
:10E540000700FFF723FF20B19DF8070003B05DF837
:10E5500004FB4FF0FF30F9E7094B00B583B01B789F
:10E560008DF807003BB101210DF10700FFF7B0FD69
:10E5700003B05DF804FB03F0FF0003B05DF804FB9B
:10E58000812F0120044B1B7803F0FF020BB1FFF732
:10E590009FBD1046704700BF812F01202DE9F0413B
:10E5A0000024DFF8448001230D4D27460D4E88F8E6
:10E5B0000030337828462035A34204F1010405D009
:10E5C000FFF776FC030658BF07F50067042CF0D16F
:10E5D000BFF34F8F0023384688F80030BDE8F08144
:10E5E00060A000207E2F01207F2F01202DE9F8431D
:10E5F0001D4B1B7813B11D4D2A880AB9BDE8F8835D
:10E600001B4EC2F500691B4933784A461A4C01EB90
:10E6100043181A4F04EBC324012340463B702146A4
:10E620000023FFF70BFC04EB0902BFF34F8F4FF001
:10E63000E023C3F8704F2034A242FAD8BFF34F8FC3
:10E64000BFF36F8F04204146FFF710FC337801338E
:10E65000DBB2032B88BF0023337000232B80BFF372
:10E660004F8F3B70BDE8F883812F01205A2F012086
:10E670007E2F012060A00020604720207F2F0120F6
:10E680002DE9F8432D4B1E7866B12D4F3B784BB9E1
:10E690000123F1073B7043D4B20726D400233B701B
:10E6A000730701D4BDE8F883264B1A68002AF9D015
:10E6B000EFF30582002AF5D1EFF3108572B61868E2
:10E6C000002834D0204C2178002930D1012222703A
:10E6D00042691A60002A2ED0916105B962B6002500
:10E6E0008368457798472570DCE7DFF8648098F801
:10E6F0000030002BD2D00025DFF858902B4659F877
:10E7000023400135236820461B69984710B163698F
:10E710009B68984798F80020EBB29A42EFD8BDE783
:10E72000FFF7C6FE0028B7D0AFF30080B4E7002D96
:10E73000B8D162B6B6E7054B1A60CEE7842F012048
:10E74000682F012010A80020662F01201CA800209F
:10E75000672F012098A8002008B5D0E900325BB1EE
:10E76000BAB10F4BA3FB0213DB0803EB4303B2EB7D
:10E7700083030AD1012008BD094BA3FB0213DB0868
:10E7800003EB4303B2EB830301D0D21A4260F02AB9
:10E79000F0D804F03FFF1C22034600201A6008BD99
:10E7A000ABAAAAAA70B5044638B319B1B2FA82F678
:10E7B0007609A2B9206800B36268F2B1184B194912
:10E7C00002FB03F3B1EBB30F17D3A368E3B9002245
:10E7D000012322606260A260E260184670BD1D469F
:10E7E000049BC0E90012C360FFF7B6FF0346002890
:10E7F000F3D06DB90123184670BD04F00BFF16224B
:10E8000000230260184670BD002104F0CDFDDEE754
:10E81000626831462068A56004F0C6FD0123DCE78C
:10E82000ABAAAAAA555555152DE9F04F9B4691B0B4
:10E830008B0806460E900025184603910F93374625
:10E84000810082460BEB4B039646701807929B00A3
:10E850002C4646182A46049331440196CDF808B058
:10E860003B6893FA22FC9CFA22FC019B1B6893FAFA
:10E8700022F393FA22F39CFA13F8DCFA13FC0368F0
:10E8800093FA22F393FA22F90B6893FA22F393FA9C
:10E8900022F399FA13F398FA23F947F8049BD8FA6C
:10E8A00013F35EF8349029FB03FB49FB13F903686B
:10E8B00093FA22F393FA22F8784B09EA030343EA26
:10E8C0001B4340F8043B0B6893FA22F393FA22F3BC
:10E8D000D8FA13F3ACFA13F9ECFA13FC5EF824300F
:10E8E00023FB0CF843FB1CFC6C4B019E0CEA03035E
:10E8F00043EA184346F8043B01962E465EF805307D
:10E9000023FB09FC43FB19F9644BBAF1010A029D90
:10E9100009EA03032C44049D43EA1C432E4441F8B6
:10E92000043B35469CD1DDF808B04FEA8B030993D0
:10E930000F9B042B40F28680CDF810A00C9302931D
:10E94000029A00219308059197000E9A0D93069262
:10E950005A1E9B0008910A920B930799089A0D463C
:10E960000B9C02EB4203114655F822C0079A069E03
:10E9700052F82390099B301952F83180CB18059A30
:10E9800025180893039B2C44934246D9029B01957A
:10E9900003EB020E019A3368126893FA12FAD3FA63
:10E9A00012F30168226891FA12F19AFA21F2049D99
:10E9B00092FA25F232603E44DAFA21F128FB01FB9B
:10E9C00048FB11F23549D0F800A0114041EA1B4143
:10E9D000016038442268DAFA12F2A3FA22F1E3FA6B
:10E9E00022F32CFB03FB4CFB13F32C4A1A40019B34
:10E9F00042EA1B421A603B44019329FB01F249FBA6
:10EA000011F1264BF246029D0B40AE4443EA1243FD
:10EA100023603C44039B5345BCD8069A059B0432B3
:10EA2000013306920A9A0593934296D90C9B0D9A4C
:10EA30009B080292099A042B0C934FEA82020992D6
:10EA40003FF67EAF0E9C0F9E103454F8103C54F8E5
:10EA5000087C93FA17F154F80C2C54F8040C92FA31
:10EA600010F591FA25F544F8105C92FA10F5D1FAF8
:10EA700025F144F80C1CD3FA17F3D2FA10F2E3FA9A
:10EA800022F144F8081CA3FA22F3013E44F8043CA6
:10EA900004F11004D9D111B0BDE8F08F0000FFFFE0
:10EAA0002DE9F04F9B4691B08B0806460E9000254D
:10EAB000184603910F933746810082460BEB4B03B8
:10EAC0009646701807929B002C4646182A460493D7
:10EAD00031440196CDF808B03B6893FA22FC9CFAC9
:10EAE00022FC019B1B6893FA22F393FA22F39CFA0F
:10EAF00013F8DCFA13FC036893FA22F393FA22F971
:10EB00000B6893FA22F393FA22F399FA13F398FA23
:10EB100023F947F8049BD8FA13F35EF8349049FBC5
:10EB200003FB29FB13F9036893FA22F393FA22F803
:10EB3000784B09EA030343EA1B4340F8043B0B68A4
:10EB400093FA22F393FA22F3D8FA13F3ECFA13F9B7
:10EB5000ACFA13FC5EF8243043FB0CF823FB1CFCDE
:10EB60006C4B019E0CEA030343EA184346F8043B4E
:10EB700001962E465EF8053043FB09FC23FB19F98C
:10EB8000644BBAF1010A029D09EA03032C44049D77
:10EB900043EA1C432E4441F8043B35469CD1DDF842
:10EBA00008B04FEA8B0309930F9B042B40F2868039
:10EBB000CDF810A00C930293029A002193080591BE
:10EBC00097000E9A0D9306925A1E9B0008910A9286
:10EBD0000B930799089A0D460B9C02EB42031146D2
:10EBE00055F822C0079A069E52F82390099B3019C7
:10EBF00052F83180CB18059A25180893039B2C44B2
:10EC0000934246D9029B019503EB020E019A3368A9
:10EC1000126893FA12FAD3FA12F30168226891FA91
:10EC200012F19AFA21F2049D92FA25F232603E44E2
:10EC3000DAFA21F148FB01FB28FB11F23549D0F843
:10EC400000A0114041EA1B41016038442268DAFA11
:10EC500012F2E3FA22F1A3FA22F34CFB03FB2CFBA2
:10EC600013F32C4A1A40019B42EA1B421A603B44B0
:10EC7000019349FB01F229FB11F1264BF246029D5B
:10EC80000B40AE4443EA124323603C44039B53458C
:10EC9000BCD8069A059B0432013306920A9A059362
:10ECA000934296D90C9B0D9A9B080292099A042BC9
:10ECB0000C934FEA820209923FF67EAF0E9C0F9EA4
:10ECC000103454F8103C54F8087C93FA17F154F8B7
:10ECD0000C2C54F8040C92FA10F591FA25F544F82E
:10ECE000105C92FA10F5D1FA25F144F80C1CD3FA15
:10ECF00017F3D2FA10F2A3FA22F144F8081CE3FA4F
:10ED000022F3013E44F8043C04F11004D9D111B0BF
:10ED1000BDE8F08F0000FFFF70B5837804460D4614
:10ED2000012B626883890846218805D0FFF77CFDA6
:10ED3000E378012B05D070BDFFF7B2FEE378012B1D
:10ED4000F9D12846A368E2892188BDE8704000F027
:10ED5000F1B900BF10B4B1F5807F04462148A2701C
:10ED6000E3702180606033D00BD8102926D0402971
:10ED700016D11D4B0020A181E181A3605DF8044BF9
:10ED80007047B1F5806F10D0B1F5805F08D10123D5
:10ED9000164A0020A381E381A2605DF8044B70470E
:10EDA0004FF0FF305DF8044B70470423104A0020F9
:10EDB000A381E381A2605DF8044B70474FF4807338
:10EDC0000C4A0020A381E381A2605DF8044B7047E8
:10EDD0001023094A0020A381E381A2605DF8044B5F
:10EDE000704700BF245700209243002014430020A6
:10EDF0001A430020124500203243002070B511F064
:10EE000001050DD11E46049B04460180CB1882608B
:10EE1000294630465A0004F0C7FA6660284670BD9D
:10EE20004FF0FF3070BD00BF2DE9F04F054693B0A5
:10EE30006FF0004C6C681090008826460A94844459
:10EE4000AC6811939B082746069406EB4C040C9182
:10EE50000E900D920B940F9300F0C280254604464D
:10EE60008008083204F0030401F1080AC10003928B
:10EE700007942C4606F10802029308347B1805908B
:10EE800000940991019208933AF9083C0099019C79
:10EE900021F8083C3AF9063CA64621F8063C3AF926
:10EEA000043C21F8043C3AF9023C21F8023C059963
:10EEB00054F8085C54F8044C002900F013810EF15A
:10EEC000080306988846A1B21A460493002300F16D
:10EED000080C96460A461E4618461F46A9465CF888
:10EEE000081C25FB017724FB0166DFF844B25EF8BD
:10EEF000085C09EA0B0B42EA0B0222FB11008C4A68
:10EF00001FFA85F9224049EA020222FB11315CF81E
:10EF1000043C24FB03775EF8044C25FB036622FBCC
:10EF20001300DFF80C92A2B205EA090942EA0909C6
:10EF300029FB1313B8F101080CF1080C0EF1080EAF
:10EF4000CCD1019A09990A449646089A079999B131
:10EF5000116825FB017724FB0166754A1FFA84FCC2
:10EF60002A404CEA020222FB1100714ABEF800500E
:10EF700022402A4322FB1133009AF61306F30F06B0
:10EF80000832B6B2DB130AF1080A0092FF13049AA2
:10EF9000C01303F30F03019246EA0346039A07F3F3
:10EFA0000F0702F10803BFB200F30F00039347EA13
:10EFB0000040029B42F8080C013B42F8046C0293AB
:10EFC0007FF462AF0F9B0B9ADB001A440B920C9AF2
:10EFD0001A440C920D9A1A440D920A9A1A440A92F3
:10EFE000119B13F0030A3CD00B9B5746CDF800A0B1
:10EFF000A3F1020C069BDDF830A003F104080E9B80
:10F00000DDF834B04FEA53090A9B03F1040E3AF9D4
:10F01000022B444670464D4600232CF8022F34F94B
:10F02000042C013D30F9046C04F1040430F9021C95
:10F0300000F1040006FB023334F9062C01FB023315
:10F04000EDD1013F4FEAE3330EF1020E03F30F035C
:10F050002BF8023BDBD10A9BDDF800A003EB4A034F
:10F060000A930E9B5F1E109BBD085E682CD00A9809
:10F0700006F1100302461032964238BF98422CBF68
:10F0800001230023022D94BF002303F0010393B357
:10F09000034633439B072ED100F1080206F1080313
:10F0A0000021013152F8084C52F8040C08338D420B
:10F0B00043F8104C43F80C0C02F10802F1D1ED00BA
:10F0C0000A9B2E442B440A9317F0030307D0023EF9
:10F0D0000A9A32F9021B013B26F8021FF9D113B03C
:10F0E000BDE8F08F0F460B460E4608460EF10801AC
:10F0F000069A04912AE70A9B06F10802294608337A
:10F1000033F9080C013903F1080302F1080222F86F
:10F11000100C33F90E0C22F80E0C33F90C0C22F8FB
:10F120000C0C33F90A0C22F80A0CE9D1C7E700BF2E
:10F130000000FFFF2DE9F047490800264FEA420A88
:10F14000054601F1010CA1F1020E00EB81073446E6
:10F1500011E0B4420DD9D5F8089050F82420AA60E7
:10F1600040F82490D7F80C9050F82820FA6040F826
:10F170002890083508370C44D5F80480023650F83A
:10F18000242076456A6040F824801C8853440CEBA8
:10F190000408DED9BDE8F08710EE103AB3F17E5FC7
:10F1A00010EE102A38D0A3F50001B1F1FE4F36D28F
:10F1B000BFEE000B02F14043264903F54D03C3F3B4
:10F1C000C34001EB001091ED404B91ED445B91ED9C
:10F1D000467B91ED426BD90DC90590ED002B521A7B
:10F1E00003EE902A90ED021BDB15B7EEE33AA2EE98
:10F1F000030B03EE903A20EE002BA5EE007BB8EE59
:10F20000E33BA6EE027BA3EE041B30EE010BA2EE65
:10F21000070BB7EEC00B70479FED0F0A7047590000
:10F2200014D0B3F1FF4F14D0002B0BDBB1F17F4FA3
:10F2300008D2DFED0A7A60EE277A17EE903AA3F152
:10F240003862B5E700EE103A00F0E6BA012000F0AF
:10F25000D1BA704780170020000000000000004B6A
:10F260002DE9F04F5BEC10AB2DED0A8B4FEA1B5CE8
:10F2700011EE90EA0CF1FF3640F2FD70864210EE7E
:10F28000101A11EE103A89B05A4665464FEA1E54DC
:10F2900000F2C680C4F30A06A6F2BE367F2E98BFDF
:10F2A000002000F2BD80BFEE000BE14CE14B1444A6
:10F2B000C4F3463503EB451693ED006B93ED027BEB
:10F2C00096ED128B96ED189B96ED162B260D2415B8
:10F2D00005EE904A360593ED0C4BB8EEE55B951BB9
:10F2E000A5EE062BA5EE079B93ED04AB93ED105B0B
:10F2F00093ED08BB93ED067B93ED0A6B93ED0E3B0C
:10F300000C1E45EC1C4BACEE080BA0EE053BA0EE32
:10F31000046B20EE0A5B30EE024B20EE058BA0EE74
:10F320000B7BA8EE036B32EE442BA8EE067B32EE8D
:10F33000002BB0EE483B39EE022B95EE003B34EE4D
:10F34000085B20EE080B34EE454B32EE036B34EED7
:10F35000084B36EE046BA0EE076B35EE064B21EE44
:10F36000048B18EE902AB0EE487BC2F30A556FF476
:10F370007273EB183E2B91EE047B35EE445B35EE59
:10F38000065BA1EE057B00F29380AB4B93ED024B45
:10F3900093ED005BB0EE441B93ED042BA8EE051B30
:10F3A00093ED066B11EE101A31EE441B01F07F0253
:10F3B00093ED0E4BA1EE028BA1EE068B93ED0C6B41
:10F3C00037EE087B27EE072B921802F10F0403EBB0
:10F3D000C202A7EE046B92ED1C4B03EBC40293ED4B
:10F3E0000A3B93ED085B53F834605768A7EE035B64
:10F3F0004018002422EE023B37EE047BA219A2EE55
:10F40000057B07EB4033A3EE067B002D5FD043EC7A
:10F41000102BA7EE000B09B0BDEC0A8BBDE8F08FF6
:10F42000D8184EEB0E09461E37466FF0010849F119
:10F43000FF36B8456FF4001777EB0606C0F0208161
:10F44000481842EB0209461E374669F10006B845E6
:10F450006FF4001777EB0606C0F03981002A6ADBEB
:10F460000020C4F30A06A6F2BE337F2B40F2FF77DA
:10F470004FD9724B00209A4208BF814200F0FD80B4
:10F4800040F2BD35AE4240F29180012972EB030398
:10F4900034BF01230023BC428CBF00240124A342BB
:10F4A0000ED109B0BDEC0A8BBDE8F04F00F018BDDD
:10F4B000002BC0F2CE80B5F5816F75D9002AF0DB44
:10F4C00009B0BDEC0A8BBDE8F04F00F011BDA142C0
:10F4D00080F21381B7EE003B03F17F5101F500117B
:10F4E000104641EC150B27EE057B35EE076BB0EEB1
:10F4F000C64BB4EEC34BF1EE10FA61D49FED480B4E
:10F5000026EE000B09B0BDEC0A8BBDE8F04F00F011
:10F510001FBD002D7FF4C7AE9FED437B4BEC16ABB8
:10F5200026EE077B53EC172B23F0004217EE101A40
:10F53000A2F15072B7E6C4F30A0640F2FE308642EA
:10F540007EDD40F23340864200F3FA80801BA0F15A
:10F5500020054FF0FF374FF0FF39874009FA05F9D2
:10F56000C0F12008019547EA09054FF0FF3727FA57
:10F5700008F945EA0905874023EA07072EEA050549
:10F580003D435DD1019DC3400EFA08F843EA0803EC
:10F590002EFA05FE43EA0E0303F00103980422F05D
:10F5A0000042CCF30A055EE70025EEE6884293416F
:10F5B000B7EE000B34BF31EE000B30EE410B2AE703
:10F5C000B5EEC06BF1EE10FA35EE465BBFEE004BC8
:10F5D00035EE075B58BFB0EE434B36EE043B34EEDE
:10F5E000437B37EE067B37EE057B37EE037B37EE4A
:10F5F000446BB5EE406BF1EE10FA04D12A4601F0EF
:10F60000004343EC162B9FED065B8DED045B9DEDF7
:10F61000047B27EE057B8DED067B6FE7AFF3008063
:10F620000000000000001000000000000000304357
:10F63000AB6A19C090190020800600200000F03F3E
:10F640004BEC10AB09B0BDEC0A8BBDE8F04F00F0FD
:10F650006FBCB7EE000B38EE000B00283FF4DBAEBA
:10F66000B1EE400BD7E64918594B82F400224FF017
:10F6700000005241884293415DD3B7EE000BCAE6C9
:10F6800050EA0904EFD0534C0025A24208BFA9421A
:10F6900047D04918504B52418D4273EB02044AD374
:10F6A000994508BFA84246D103F100439A4208BFDA
:10F6B000A942E2D09A426FEA0E0E34BF0022012224
:10F6C0004FEADE7E724577D09FED3D0BA3E64BEC13
:10F6D00017AB002A27EE070B34DB002250EA09099A
:10F6E0005DD1BEF1000FBFF696AE104609B0BDEC7D
:10F6F0000A8BBDE8F04F00F003BC03F140419FEDE1
:10F70000326B01F57001104641EC100BA7EE000BB7
:10F7100020EE060B09B0BDEC0A8BBDE8F04F00F0FF
:10F7200023BCDB182A4A8EF4002E4EEB0E0E9D42AF
:10F7300072EB0E02A1D24BEC17AB37EE010B6AE66F
:10F7400000202CE7C4F30A02A2F2FF313429C4D806
:10F75000C2F586624FF0FF31A2F11D05033201FAB6
:10F7600005F701FA02F4C2F120063C4321FA06F73C
:10F770003C43914023EA01012EEA04042143ACD129
:10F7800023FA02F20EFA06F632432EFA05F52A4360
:10F7900012F00102A2D0B1EE400B01229EE7BEF1B1
:10F7A000000FBFF638AEB7EE006B86EE007B8DED36
:10F7B000027B9DED020B2EE621EE010B2BE600BF36
:10F7C0000000000000000000000000000000007FBA
:10F7D0000000F0FF0000F03F0000E0FF10B582B035
:10F7E0008DED010A044603F015FF9DED010A04604A
:10F7F00002B010BD9FED070AFFEE007AB7EE007A67
:10F8000000284FF0220047FE277A87EE800AFFF794
:10F81000E5BF00BF0000000070EE407AB4EE400A81
:10F8200087EEA77AF1EE10FAB0EE470A02D6212051
:10F83000FFF7D4BF704700BF08B52DED028BB0EEC7
:10F84000408A00F0FDF8B4EE488AF1EE10FA0FD6C7
:10F85000B5EEC08AF1EE10FA0AD8B5EE408AF1EEA4
:10F8600010FA08D103F0D6FE22239FED090A0360A7
:10F87000BDEC028B08BD03F0CDFEBDEC028B034650
:10F8800021221A600348BDE8084000F0C1B800BF5B
:10F89000000080FF603A002008B52DED028BB0EE2D
:10F8A000408A00F0BFF8B4EE488AF1EE10FA06D6AE
:10F8B000DFED098AB4EEE88AF1EE10FA02D4BDEC6D
:10F8C000028B08BD03F0A6FE88EEA80ABDEC028BF1
:10F8D0002123036008BD00BF0000000000000000FD
:10F8E00008B52DED028BB0EE408B00F009F9B4EEB7
:10F8F000488BF1EE10FA0FD6B5EEC08BF1EE10FA90
:10F900000AD8B5EE408BF1EE10FA08D103F082FE72
:10F910009FED090B22230360BDEC028B08BD03F0B1
:10F9200079FEBDEC028B034621221A600448BDE833
:10F93000084000F07DB800BF000000000000F0FFAC
:10F94000603A00200000000008B52DED048BB0EEF9
:10F95000408B00F063F8B4EE488BF1EE10FA06D657
:10F960009FED099BB4EEC98BF1EE10FA02D4BDEC09
:10F97000048B08BD03F04EFE89EE090BBDEC048B31
:10F980002123036008BD00BF00000000000000004C
:10F99000B0EE407B17EE903A1B4A23F000439342AF
:10F9A0001BDD1A4A934202DD30EE400B704700B572
:10F9B00085B0684600F02CF900F0030001289DEDA9
:10F9C000021B9DED000B0CD0022812D070B101205B
:10F9D00000F0BAFF05B05DF804FB9FED091B00F0D5
:10F9E0001BBF00F0B1FFB1EE400BF3E700F014FFD6
:10F9F000F0E700F011FFB1EE400BEBE7AFF3008052
:10FA00000000000000000000FB21E93FFFFFEF7F46
:10FA10009FED010A704700BF0000C07FB1EEC00B30
:10FA2000704700BFB1EEC00A704700BF0000000081
:10FA30009FED010B704700BF000000000000F87F41
:10FA400008B510EE103A33F000422DED028B2BD0AA
:10FA5000002B32DBB3F1FF4F41DAB3F5000F35DB9A
:10FA60000021DA157F3A0A44D10FC1F17F0102EB80
:10FA7000D272C3F3160307EE902A43EAC15300EE95
:10FA8000103AB8EEE78AFFF787FBDFED177A9FEDB4
:10FA9000177A20EE270ADFED167AA8EE070AA8EEFD
:10FAA000270ABDEC028B08BDBDEC028B9FED117ADD
:10FAB000DFED117A87EE270A08BDBDEC028B70EEF0
:10FAC000407A9FED0D7A87EE870A08BDDFED0B7A4D
:10FAD00060EE277A6FF0180117EE903AC1E7BDEC9F
:10FAE000028B30EE000A08BDD95BDE3EDB275435C1
:10FAF00080209A3E000000CC000000000000004C76
:10FB000000B52DED028B83B08DED000B019BB3F59D
:10FB1000801F1DDA009923F000420A4346D0002BD3
:10FB20004FDB9DED006B9FED2C7B26EE077B8DED73
:10FB3000007B019B344A93426FF035010DDD9DED52
:10FB4000007B37EE070B03B0BDEC028B5DF804FBC6
:10FB50002D4A93424FF00001F1DC1815A0F2FF305E
:10FB6000084440F2FF3CC3F31301DDE90023ACEB92
:10FB7000D07C00EBD07007EE900A41EA0C5343ECC6
:10FB8000102BB8EEE78B00F003FA9FED155B9FEDAD
:10FB9000166B20EE050B9FED167BA8EE060BA8EE6C
:10FBA000070B03B0BDEC028B5DF804FB9FED126BFD
:10FBB0009FED137B86EE070B03B0BDEC028B5DF867
:10FBC00004FB9FED0F7B9DED006B36EE466B86EEE2
:10FBD000070BB8E7AFF300800000000000005043BF
:10FBE0000EE526157BCBDB3F362BF111F3FE593D9D
:10FBF00000609F501344D33F00000000000050C33A
:10FC00000000000000000000FFFFEF7F0000000088
:10FC100070B553EC102B9C4923F000458D4288B001
:10FC200004466ADD99498D421E461BDC002B9FED80
:10FC3000867B40F3EB8030EE477BA1F51B21A1F5DD
:10FC4000F0618D426AD09FED826B012037EE465BFA
:10FC500037EE457B84ED005B37EE467B84ED027B1F
:10FC600008B070BD8A498D4260DD8A498D424DDC05
:10FC70002A1510EE100AA2F21642A5EB025141EC31
:10FC8000170B9FED755BBDEEC76BB8EEC66B37EE1D
:10FC9000467B27EE057BFDEEC74B8DED026BB8EE84
:10FCA000E46B37EE467B27EE057BB5EE407BF1EE4D
:10FCB00010FA8DED046B8DED067B40F0968014EE0E
:10FCC000903A002B0CBF01230223734901910221BA
:10FCD000009102A8214600F057FA002EC0DA94EDF8
:10FCE000006B94ED027BB1EE466BB1EE477B84ED89
:10FCF000006B84ED027B4042B2E700200021C4E9A2
:10FD00000201002084ED000B08B070BD30EE407B96
:10FD1000002084ED027B84ED007BA1E79FED505B2A
:10FD20009FED516B37EE457B01208FE700F064FEBD
:10FD3000B6EE007B9FED4E5BA0EE057BFDEEC77B34
:10FD40009FED413B17EE900A9FED416B1F28B8EEE7
:10FD5000E75BB1EE454BA5EE430B25EE067B1CDCC5
:10FD60004E4B421E53F82230AB4216D030EE476B5A
:10FD700084ED006B30EE460B30EE470B002E84ED29
:10FD8000020BBFF66DAFB1EE466BB1EE400B84EDEA
:10FD9000006B84ED020B404262E730EE476B16EEDB
:10FDA000903AC3F30A53C3EB1553102B4FEA255275
:10FDB000DEDDB0EE403B9FED2A6B9FED2B2BA4EEDA
:10FDC000063B30EE437BA4EE067B95EE027B33EEE2
:10FDD000476B16EE903AC3F30A53D21A312A06DC67
:10FDE000B0EE430B84ED006BC4E703236DE79FED9A
:10FDF000226BB0EE430B9FED222BA4EE060B33EEED
:10FE0000407BA4EE067B95EE027BAFE7244930EE03
:10FE1000077B8D420ED09FED0E6B4FF0FF3037EE1B
:10FE2000065B37EE457B84ED005B37EE067B84EDA9
:10FE3000027B15E79FED0A5B9FED0B6B37EE057BB1
:10FE40004FF0FF30EBE700BF00004054FB21F93FCB
:10FE50003163621A61B4D03D0000000000007041BF
:10FE60000000601A61B4D03D7370032E8A19A33B61
:10FE700083C8C96D305FE43F0000002E8A19A33BA0
:10FE8000C14920259A837B39FB21E93F7BD9024078
:10FE9000FB213941FFFFEF7F24870020F054002031
:10FEA000FB21F93F10B582B08DED000B044603F045
:10FEB000B1FB9DED000B046002B010BD82B058B1E3
:10FEC000B1EE407B8DED007B9DED007B222020EE8E
:10FED000070B02B0FFF7E6BFB0EE407BF2E700BFD2
:10FEE0009FED010BFFF7EABF0000000000000010CB
:10FEF0009FED010BFFF7E2BF000000000000007063
:10FF000082B00028B7EE006BBFEE007B06FE077BD9
:10FF10008DED007B9DED000B9FED037B222080EE9D
:10FF2000070B02B0FFF7BEBF00000000000000009A
:10FF3000B4EE400BF1EE10FA30EE407B87EE076B2B
:10FF4000B0EE460B02D62120FFF7ACBF704700BFD2
:10FF5000B5EE400BF1EE10FA00D070472220FFF70B
:10FF6000A1BF00BF000000009FED076BB0EEC07B9B
:10FF7000B4EE467BF1EE10FA00DC70472220FFF76A
:10FF800091BF00BFAFF30080FFFFFFFFFFFFEF7FD8
:10FF900070B553EC102B784C03F1404C4FF0FF350B
:10FFA0000CF5901C954274EB0C042DED068B10EEB5
:10FFB000100A1E4652D24FEA134EAEF1100547F614
:10FFC000DF74A54200F29F80BFEE008B06F1404334
:10FFD00003F5D013C3F346324FEA135C1B1507EE4B
:10FFE000903A664B03EB021493ED006B94ED261BE5
:10FFF0004FEA0C5C93ED0C4BB8EEE79B93ED025B84
:02000004600298
:10000000A6EE091B93ED042B93ED083B93ED067BC5
:1000100094ED240B93ED0A6B021EA6EB0C0343EC4C
:100020001A2BAAEE008BA4EE086BA3EE087B28EE39
:10003000084BA6EE047B38EE016B31EE460B30EE3A
:10004000080B28EE048BA5EE090BA2EE040BA8EE1C
:10005000070B30EE060BBDEC068B70BD484CA3427F
:1000600008BF002A79D0B7EE001B30EE411B434990
:1000700021EE01AB91ED123B91ED184B91ED107B10
:1000800091ED166BA3EE017BA4EE016B91ED1E3B8F
:1000900091ED1C4B91ED0E8BA3EE014B9FED309B30
:1000A00091ED145B91ED200BA5EE0A7BB0EE415B68
:1000B00091ED1A2BA0EE0A4BA1EE095B91ED223BCC
:1000C000A1EE495BA2EE0A6BB0EE410B21EE0AAB4A
:1000D000A3EE0A4BA4EE0A6B25EE054BA6EE0A7BB7
:1000E000A4EE080B31EE456B31EE055B28EE066B96
:1000F00031EE401BA4EE081BA6EE051BA7EE0A1B63
:1001000030EE010BA7E7941843EB03052C431DD0F9
:100110001C4CA34208BF002A9DD01EF4004F0DD1F5
:1001200047F6F07131EA0E0108D09FED0F7B20EE0B
:10013000077B51EC170BA1F1507645E7BDEC068B20
:1001400043EC102BBDE87040FFF7F2BEBDEC068B10
:100150000120BDE87040FFF7D3BE9FED050B7AE7A5
:10016000000000000000A04100000000000030433B
:100170000000000000000000FF080300F00E002057
:100180000000F03F0000F07F2DE9F04F2DED088BCF
:10019000ADF5157D1C4604930791AB4BA69912F162
:1001A000140F53F82150824604F1FF38C0F29982AF
:1001B000A649D31E81FB0301DB17C3EBA103039305
:1001C0000133A3EB8303DB00D3180693039B15EBEA
:1001D0000801A3EB08031AD401319FED956BA79892
:1001E00019441CAA0AE050F8234007EE904A013354
:1001F000B8EEE77B8B42A2EC027B08D0002BF2DA50
:10020000B0EE467B01338B42A2EC027BF6D1002D8F
:10021000C0F2C982049B1CAA02EBC3046CAE4FEA75
:10022000C30C4046EF180AEBC301B8F1000F9FED75
:10023000807B09DB22465346B3EC025B32ED026B56
:100240008B42A5EE067BF7D10130B842A6EC027BCB
:1002500004F10804E9D108AF07EB85039FED769B15
:100260009FED778B043BDDF818B005930AEB0C0487
:1002700007EB85096CAE2946019594AB03EBC103EE
:10028000002913ED280B16DD06EBC1033A4620EEDC
:10029000097B33ED025BB0EE406BBDEEC77BB34232
:1002A000B8EEC77BA7EE486BBDEEC66B37EE050B0D
:1002B000A2EC016AEBD15846029100F0A9FBB0EE26
:1002C00040ABB4EE000B2AEE000B00F029FCB2EEBE
:1002D000007BA0EE47ABBDEECABBBBF1000FB8EE92
:1002E000CB7B02993AEE47AB74DD01F1FF3ECBF1D7
:1002F000180357F82E2042FA03FC0CFA03F3D21A23
:10030000CBF117001BEE103A42FA00F56344002DC2
:1003100047F82E200BEE103A64DCB5EE40ABF1EE60
:1003200010FA40F0C480019B01F1FF3E73450DDCE3
:100330004FEA810C07EB8103002053F8042D4B4555
:1003400040EA0200F9D1002840F0F280019B013B15
:1003500057F82330002B40F0E680059B012553F829
:10036000042D0135002AFAD001F1010E0D4470462A
:10037000049B1944039B03EB0E0C0CF1804CA79BD0
:100380000CF1FF3C03EB8C0C1CAB06EBCE0E03EB2D
:10039000C1019CED017AB8EEC77BB8F1000F81ED89
:1003A000007B0CF1040C0A469FED216B01F1080162
:1003B00009DB534601E032ED027BB3EC025BA34262
:1003C000A5EE076BF7D10130A842AEEC026BE0DD81
:1003D000294652E740F09D804B1E57F82350ED15FB
:1003E000002D9ADD1BEE103A002903F101030BEEFC
:1003F000103A40F38C813A68002A40F0828001294B
:100400002DD03B46012053F8042F002A7CD0431CFA
:10041000C2F18072994247F820201FDD57F823204F
:1004200007EB810C07EB83036FF07F4011E000BF07
:100430000000000000000000000000000000703E0E
:100440000000000000007041D0530020ABAAAA2A8F
:100450001A68821A43F8042B6345F9D10122BBF1D3
:10046000000F0DDDBBF1010F00F03381BBF1020F76
:1004700006D1481E57F82030C3F3150347F8203043
:10048000022D7FF44AAFB7EE000B30EE4AAB002AE4
:100490003FF443AF5846029100F0BAFA3AEE40AB4F
:1004A000B5EE40ABF1EE10FA02993FF43CAF069C7A
:1004B000B0EE4A0B6042A8468B46019D00F0A8FAB8
:1004C0009FEDC16BB4EEC60BF1EE10FAC0F247819E
:1004D0009FEDBF7B20EE077BBDEEC77B0BF10102DA
:1004E000B8EEC75BA5EE460BBDEEC00B183410EEA0
:1004F000103A47F82B3017EE103A069447F822309E
:100500002AE00123002083E7013088427FF47BAF9B
:10051000A5E7B6EE007BB4EEC7ABF1EE10FA80F2C1
:10052000E5800025F9E601F1010E704675461FE7EA
:10053000069BA3F1180157F82E300691A846724683
:10054000019D4BB9ACF104033B4453F8040D013A4F
:1005500018390028F9D006910698B7EE000B0192E1
:1005600000F056FA019A002AC0F221819FED986BA3
:1005700002F1010C6CA907EB8C034FEACC0E01EBE6
:10058000CC0133ED017ABB42B8EEC77B27EE007B8E
:1005900020EE060B21ED027BF3D19FED8F4BAEF1E8
:1005A00008036CA9CE18002444AF002D9FED8C7B6E
:1005B00010DBB0EE446B8C483146002303E09C42D4
:1005C00008DBB0EC026BB1EC025B01339D42A5EE9F
:1005D000067BF4DA07EBC403944283ED007B4FEA19
:1005E000C40104F10103A6F1080601D01C46DCE7B2
:1005F000A69B022B1DDC002B00F38B800FD19FEDFF
:10060000787BBE443EED026B774537EE067BF9D131
:1006100043460BB1B1EE477B079B83ED007B1BEE9E
:10062000103A03F007000DF5157DBDEC088BBDE811
:10063000F08FA69B032BF2D1002A00F0E38002F199
:10064000005307EBC20030ED026BB0EE475B874210
:1006500037EE067B36EE476B80ED007B36EE056BA2
:1006600080ED026BEFD1012A40F3CC80394491ED4B
:10067000006BDA0046A907EBC30333ED027BB0EE53
:10068000465B994236EE076B37EE467B83ED006B97
:1006900037EE057B83ED027BEFD19FED517B02F1BD
:1006A00008033B4407F1100233ED026B9A4237EE28
:1006B000067BF9D14346002B59D1D7E90001D7E990
:1006C0000223079C84ED047BC4E90001C4E90223F2
:1006D000A5E7481E57F82030C3F3160347F820302B
:1006E000CEE600216FF0170303916DE51BEE103A83
:1006F000002903F101030BEE103AC8BF02253FF7B2
:100700007AAEB7EE007B37EE4AAB022505E6002253
:10071000A5E69FED337B07EBCC0C3CED026B674508
:1007200037EE067BF9D1434697ED006B8BBB079BF9
:10073000002A83ED007B36EE477B0CDD46A90123C2
:10074000B1EC026B01339A4237EE067BF8DA43468E
:100750000BB1B1EE477B079B83ED027B5FE7BDEEFC
:10076000C00B5A4610EE103A47F82B30F4E697EDDE
:10077000005BB1EE477B97ED026BB1EE455B079BEB
:10078000B1EE466B83ED005B83ED026B83ED047B82
:1007900045E7079BB1EE475B002A83ED005B36EE31
:1007A000477BCBDCD5E7049B4FEAC30C53E5A69B04
:1007B000022B1BDC002B21DC7FF431AF9FED087B8B
:1007C00026E700BFAFF3008000000000000070418A
:1007D000000000000000703E00000040FB21F93FD7
:1007E000000000000000000088020020A69B032BF0
:1007F0007FF415AF9FED067B44AF5BE79FED047B75
:1008000044AF90E79FED027B54E700BFAFF3008059
:10081000000000000000000010EE903A23F00043BA
:10082000B3F1795F2DED028B2EDAFDEEC07B17EE72
:10083000903A002B65D020EE004B9FED358B9FED5D
:10084000362B9FED373BA4EE082B9FED375BA4EED4
:10085000023B9FED376BA4EE035B9FED377BA4EE6D
:10086000056BA4EE067B24EE077B21EE401BB6EE63
:10087000006BA4EE071BB7EE000B94EE061BBDEC5D
:10088000028B30EE410B70479FED218B20EE004B29
:100890009FED212B9FED223BA4EE082B9FED225BC9
:1008A000A2EE043B9FED226BA3EE045B9FED227B47
:1008B000A5EE046B224AA6EE047B934227EE047B4E
:1008C000D3DD204A934217DCB7EE006B0020A3F57E
:1008D000001141EC150B36EE456B21EE401BB6EED8
:1008E000003BA4EE071B94EE035BBDEC028B35EEE0
:1008F000410B36EE400B7047B6EE076BB5EE025B70
:10090000EBE7B7EE000BBDEC028B7047AFF3008056
:10091000D43888BEE9FAA8BDC4B1B4BD9EEE213E6C
:10092000AD529C804F7E92BE9015CB19A001FA3E2D
:100930007751C1166CC156BF4C5555555555A53FFD
:100940003233D33F0000E93F10EE903A23F00043EA
:10095000B3F1795F04DAFDEEC07B17EE903A5BB33A
:1009600020EE007B9FED162B9FED173B9FED184B64
:10097000A7EE023B9FED185BA3EE074B9FED186BB4
:10098000A4EE075BA5EE076B20EE075B30B99FED89
:10099000164BA7EE064BA4EE050B70479FED144BCC
:1009A00026EE456BB6EE003BA1EE036B96EE071B01
:1009B000A5EE041B30EE410B704700BFAFF3008083
:1009C0007CD5CF5A3AD9E53DEB9C2B8AE6E55ABE59
:1009D0007DFEB157E31DC73ED561C119A0012ABFF5
:1009E000A6F810111111813F495555555555C5BFF0
:1009F000495555555555C53F51EC100B10EE102A71
:100A000021F0004343EC102B704700BF00000000B2
:100A100053EC102B10B4C3F30A54194674BB23F0E3
:100A20000041114327D09FED307B3B4920EE077BEF
:100A3000884253EC172B43DBC3F30A541946363C68
:100A40004CF2503C604522DC204440F2FE74A0424F
:100A50001DDC002829DC10F1350F38DB21F0FF41C7
:100A6000363021F4E0019FED227B41EA005343EC54
:100A7000102B20EE070B5DF8044B704740F2FF7C13
:100A80006445DDD130EE000B5DF8044B70479FEDFF
:100A90001A7B9FED1B5BB0EE470B002B5DF8044B00
:100AA00027FE057B27EE000B704721F0FF4121F464
:100AB000E00141EA005343EC102B5DF8044B704712
:100AC0009FED110B5DF8044B27EE000B70479FED77
:100AD0000E7B9FED0F5BB0EE470B002B27FE057BD7
:100AE00027EE000BC7E700BF0000000000005043E6
:100AF000000000000000903C9C7500883CE4377EBC
:100B00009C7500883CE437FE59F3F8C21F6EA501BE
:100B100059F3F8C21F6EA581B03CFFFF0000000032
:100B200010B582B08DED000B01990098C1F30A5207
:100B3000A2F2FF33132B844631DC002B21DB3A4A2F
:100B40001A4101EA020404438E462DD09FED347B06
:100B50009DED006B36EE077BB5EEC07BF1EE10FA33
:100B600009DD002904DA4FF4801141FA03F39E44B1
:100B70002EEA020100200B46024643EC102B02B085
:100B800010BD9FED277B30EE077BB5EEC07BF1EE0D
:100B900010FAF0DD002928DB00200146EBE7332BBB
:100BA00006DDB3F5806F1BD09DED000B02B010BDCC
:100BB000A2F213424FF0FF3E2EFA02F21042F3D09F
:100BC0009FED177B9DED006B36EE077BB5EEC07B8E
:100BD000F1EE10FACFDD002913DB2CEA0200CAE7A0
:100BE0009DED007B37EE070BE0E721F0004101436C
:100BF0000E4B00294FF000000CBF4FF0004119468A
:100C0000B9E7142B09D00124C3F1340304FA03F328
:100C10009C44604588BF0919DFE70131DDE700BF6B
:100C20009C7500883CE4377EFFFF0F000000F0BF9A
:100C300003460846194602F0B9BC00BF81F00041E6
:100C400002E000BF83F0004330B54FEA41044FEAB1
:100C5000430594EA050F08BF90EA020F1FBF54EA4C
:100C6000000C55EA020C7FEA645C7FEA655C00F0E8
:100C7000E2804FEA5454D4EB5555B8BF6D420CDDB9
:100C80002C4480EA020281EA030382EA000083EA3C
:100C9000010180EA020281EA0303362D88BF30BDDC
:100CA00011F0004F4FEA01314FF4801C4CEA113132
:100CB00002D0404261EB410113F0004F4FEA033391
:100CC0004CEA133302D0524263EB430394EA050F1C
:100CD00000F0A780A4F10104D5F1200E0DDB02FA8B
:100CE0000EFC22FA05F2801841F1000103FA0EF21F
:100CF000801843FA05F359410EE0A5F120050EF1E5
:100D0000200E012A03FA0EFC28BF4CF0020C43FA15
:100D100005F3C01851EBE37101F0004507D54FF022
:100D2000000EDCF1000C7EEB00006EEB0101B1F572
:100D3000801F1BD3B1F5001F0CD349085FEA3000B8
:100D40004FEA3C0C04F101044FEA445212F5800FC3
:100D500080F09A80BCF1004F08BF5FEA500C50F160
:100D6000000041EB045141EA050130BD5FEA4C0C43
:100D7000404141EB0101013C28BFB1F5801FE9D2A0
:100D800091F0000F04BF01460020B1FA81F308BFC3
:100D90002033A3F10B03B3F120020CDA0C3208DD8F
:100DA00002F1140CC2F10C0201FA0CF021FA02F16A
:100DB0000CE002F11402D8BFC2F1200C01FA02F1DA
:100DC00020FA0CFCDCBF41EA0C019040E41AA2BFFF
:100DD00001EB0451294330BD6FEA04041F3C1CDAC7
:100DE0000C340EDC04F11404C4F1200220FA04F0E7
:100DF00001FA02F340EA030021FA04F345EA030191
:100E000030BDC4F10C04C4F1200220FA02F001FA52
:100E100004F340EA0300294630BD21FA04F02946D4
:100E200030BD94F0000F83F4801306BF81F480116D
:100E30000134013D4EE77FEA645C18BF7FEA655CE0
:100E400029D094EA050F08BF90EA020F05D054EAB2
:100E5000000C04BF1946104630BD91EA030F1EBFB7
:100E60000021002030BD5FEA545C05D140004941BB
:100E700028BF41F0004130BD14F580043CBF01F5AE
:100E8000801130BD01F0004545F0FE4141F4700194
:100E90004FF0000030BD7FEA645C1ABF194610466F
:100EA0007FEA655C1CBF0B46024650EA013406BF70
:100EB00052EA033591EA030F41F4002130BD00BF2F
:100EC00090F0000F04BF0021704730B54FF48064EC
:100ED00004F132044FF000054FF0000150E700BF6D
:100EE00090F0000F04BF0021704730B54FF48064CC
:100EF00004F1320410F0004548BF40424FF00001B9
:100F00003EE700BF42004FEAE2014FEA31014FEAFB
:100F100002701FBF12F07F4393F07F4F81F060514A
:100F2000704732F07F4208BF704793F07F4F04BF95
:100F300041F40021704730B54FF4607401F0004572
:100F400021F000411CE700BF50EA010208BF7047D2
:100F500030B54FF000050AE050EA010208BF7047C3
:100F600030B511F0004502D5404261EB41014FF42C
:100F7000806404F132045FEA915C3FF4D8AE4FF034
:100F800003025FEADC0C18BF03325FEADC0C18BF17
:100F9000033202EBDC02C2F1200300FA03FC20FA68
:100FA00002F001FA03FE40EA0E0021FA02F11444B5
:100FB000BDE600BF80F0004002E000BF81F00041CC
:100FC00042001FBF5FEA410392EA030F7FEA226CEF
:100FD0007FEA236C6AD04FEA1262D2EB1363C1BF7F
:100FE000D218414048404140B8BF5B42192B88BFEE
:100FF000704710F0004F40F4000020F07F4018BF11
:10100000404211F0004F41F4000121F07F4118BF30
:10101000494292EA030F3FD0A2F1010241FA03FCD8
:1010200010EB0C00C3F1200301FA03F100F00043C0
:1010300002D5494260EB4000B0F5000F13D3B0F188
:10104000807F06D340084FEA310102F10102FE2AF7
:1010500051D2B1F1004F40EBC25008BF20F0010067
:1010600040EA03007047490040EB0000013A28BF06
:10107000B0F5000FEDD2B0FA80FCACF1080CB2EB89
:101080000C0200FA0CF0AABF00EBC2505242184307
:10109000BCBFD0401843704792F0000F81F40001AC
:1010A00006BF80F400000132013BB5E74FEA41037F
:1010B0007FEA226C18BF7FEA236C21D092EA030FEB
:1010C00004D092F0000F08BF0846704790EA010F65
:1010D0001CBF0020704712F07F4F04D1400028BF92
:1010E00040F00040704712F100723CBF00F5000074
:1010F000704700F0004343F0FE4040F400007047AA
:101100007FEA226216BF08467FEA23630146420255
:1011100006BF5FEA412390EA010F40F48000704768
:101120004FF0000304E000BF10F0004348BF40420E
:101130005FEA000C08BF704743F0964301464FF04A
:1011400000001CE050EA010208BF70474FF00003A6
:101150000AE000BF50EA010208BF704711F00043E7
:1011600002D5404261EB41015FEA010C02BF8446B7
:101170000146002043F0B64308BFA3F18053A3F516
:101180000003BCFA8CF2083AA3EBC25310DB01FA5D
:1011900002FC634400FA02FCC2F12002BCF1004FE1
:1011A00020FA02F243EB020008BF20F00100704772
:1011B00002F1200201FA02FCC2F1200250EA4C00C6
:1011C00021FA02F243EB020008BF20EADC7070470C
:1011D0007BB972B90029BEBF00204FF0004106E084
:1011E00008BF00281CBF6FF000414FF0FF3000F037
:1011F000A3B9ADF1080C6DE904CE002909DB002B81
:101200001ADB00F035F8DDF804E0DDE9022304B074
:101210007047404261EB4101002B1BDB00F028F8D6
:10122000DDF804E0DDE9022304B0404261EB410156
:10123000524263EB43037047524263EB430300F0B7
:1012400017F8DDF804E0DDE9022304B0404261EB69
:1012500041017047524263EB430300F009F8DDF8A7
:1012600004E0DDE9022304B0524263EB430370471C
:101270002DE9F047089E0D4604460F46002B4AD143
:101280008A42944665D9B2FA82F343B102FA03FC6A
:10129000C3F120029F4020FA02F217439C404FEA1C
:1012A0001C4E1FFA8CF5B7FBFEF1220C0EFB1177DA
:1012B00042EA074201FB05F090420AD91CEB020208
:1012C00001F1FF3780F01C81904240F21981023910
:1012D0006244121AA4B2B2FBFEF00EFB102244EAE2
:1012E000024400FB05F5A5420AD91CEB040400F1F9
:1012F000FF3280F00781A54240F204816444023845
:1013000040EA0140641B00211EB1DC400023C6E915
:101310000043BDE8F0878B4208D9002E00F0ED8035
:101320000021C6E900050846BDE8F087B3FA83F15D
:10133000002949D1AB4202D3824200F2F880841ADC
:1013400065EB030201201746002EE2D0C6E90047F4
:10135000DFE702B9FFDEB2FA82F3002B40F09080A3
:101360008A1A4FEA1C471FFA8CFE0121B2FBF7F5DF
:1013700007FB1520220C42EA00420EFB05F09042CA
:1013800008D91CEB020205F1FF3802D2904200F2AC
:10139000CB804546121AA4B2B2FBF7F007FB10222D
:1013A00044EA02440EFB00FEA64508D91CEB0404E7
:1013B00000F1FF3202D2A64500F2BB801046A4EB3A
:1013C0000E0440EA05409FE7C1F120078B4022FA56
:1013D00007FC4CEA030C05FA01F420FA07F3FD4080
:1013E0004FEA1C492343B5FBF9F81FFA8CFE09FBB1
:1013F00018551C0C44EA054408FB0EF5A54202FAF8
:1014000001F200FA01F00BD91CEB040408F1FF3AD9
:1014100080F08880A54240F28580A8F102086444EB
:10142000641B9DB2B4FBF9F309FB134445EA044481
:1014300003FB0EFEA64508D91CEB040403F1FF359F
:101440006CD2A6456AD9023B644443EA0843A3FB35
:101450000295A4EB0E04AC42C846AE4656D353D018
:1014600056B1B0EB080264EB0E0404FA07F7CA4069
:10147000CC401743C6E9007418460021BDE8F08748
:10148000C3F1200102FA03FC20FA01F225FA01F16E
:101490009D402A434FEA1C471FFA8CFEB1FBF7F030
:1014A00007FB1015110C41EA054100FB0EF58D42BA
:1014B00004FA03F408D91CEB010100F1FF382FD224
:1014C0008D422DD902386144491B92B2B1FBF7F528
:1014D00007FB151142EA014205FB0EF1914208D9C2
:1014E0001CEB020205F1FF3816D2914214D9023DDD
:1014F0006244521A45EA004138E73146304608E76F
:101500003946E6E61046FBE64845A9D2B9EB0208A3
:1015100065EB0C0E013BA3E74546EAE72B4694E753
:101520004046D1E7D0467BE7023D624432E70846B9
:101530000AE76444023842E7704700BF0A220021EC
:1015400001F012BD034B1B5C03F00303022B08BF29
:101550002038704755410020931E222B10B50C46B1
:101560000CD80A2A03D001F00DFD204610BD00283A
:10157000F9DA2D2301F8013B4042F4E700230B7018
:10158000184610BD024B0146186800F00BB800BFAA
:1015900094980020024B0146186802F023BA00BF5D
:1015A000949800202DE9F04F01F10B06162E83B020
:1015B000044624D8102900F2BA8000F0A3FA1026BD
:1015C00018220220B54F3A44A2F1080153688B4219
:1015D00000F0BA805A68D96822F003021A449D6864
:1015E000E9608D60516841F001012046516003F1CE
:1015F000080500F08DFA284603B0BDE8F08F36F0FC
:10160000070600F19480B14200F2918000F07AFA6E
:10161000B6F5FC7FC0F09A81730A00F08F80042B2E
:1016200000F26F81B30903F1390003F1380CC300F4
:101630009A4F3B44A3F108055B689D4206D10CE03C
:10164000002980F22781DB689D4206D05A6822F08B
:101650000302911B0F29F3DD60463D69DFF850C29C
:1016600065457CD06A6822F00302931B0F2B00F3C0
:101670007B81002BC7E904CC80F26C81B2F5007F3E
:1016800080F01A81D308796801334FEA521E012293
:1016900002FA0EF20A4357F833E0C5F808E007EB08
:1016A000C3010839E9607A6047F83350CEF80C502E
:1016B000831001219940914257D8114206D120F060
:1016C00003004900114200F10400FAD007EBC00901
:1016D0004D468646D5F80C80454508D11DE1002BC6
:1016E00080F22481D8F80C80454500F01681D8F8A6
:1016F000042022F00302931B0F2BF0DD2046D8E9D3
:10170000025408EB060146F00106C8F80460EC60DC
:10171000A56043F00104C7E90411C1E902CC4C60A3
:1017200048F8023000F0F4F908F1080502E00C2353
:1017300023600025284603B0BDE8F08F4FF4007306
:1017400040204FF03F0C73E7D3689A4208BF023045
:101750007FF440AF3D69DFF858C1654582D17A68B2
:101760008310012199409142A7D9BD686B6823F08D
:1017700003094E4503D8A9EB06030F2B7ADCDFF8EB
:1017800034B1474BDBF800201B680132334405EBD2
:10179000090A00F0338103F580530F3323F47F6887
:1017A00028F00F084146204601F00CFF411C02467C
:1017B00000F0F380824500F2EE803A4B1968414414
:1017C0001960084600F04E81DBF8001001930131EA
:1017D0001BBFA2EB0A010918CBF80020196012F018
:1017E000070B00F01781CBF108010A44CBF58051BB
:1017F00090440831A1EB0801C1F30B0A5146204681
:10180000009201F0DFFE421CDDE9002300F04F8171
:10181000801A00EB0A081968BA6048F001005144C8
:10182000BD425060196000F02981B9F10F0F40F2FC
:1018300027816868A9F10C0C2CF0070C00F001005E
:1018400040EA0C0068604FF0050E05EB0C00BCF19F
:101850000F0FC0E901EE00F2328150681546124BBD
:101860001A688A4238BF1960104B1A688A4238BF1A
:10187000196094E0AA1943F0010346F001066E6076
:101880002046BA60536000F043F90835284603B09B
:10189000BDE8F08FD9681A44A1E600BF7894002013
:1018A000F0C20020C0C20020E8C20020ECC200202C
:1018B0008094002080980020B2F5206F4FEA5223D8
:1018C00063D3142B00F2B78003F15C01C9005B33D2
:1018D00007EB010E7958AEF1080E8E4500F09180AD
:1018E0004B6823F00303934202D989688E45F7D1F0
:1018F000D1F80CE07A68C5E9021ECEF80850CD6038
:10190000D6E6142B59D9542B00F29D80330B03F1EA
:101910006F0003F16E0CC3008AE60EF1010E1EF09B
:10192000030F05F108057FF4D5AE51E0424445466A
:101930005368D8F80C1043F00103536055F8083F82
:101940002046D9608B6000F0E3F8F3E6F00806F17A
:10195000080237E62A442046536843F001035360E7
:10196000083500F0D5F8E5E6A919204646F001064D
:1019700043F001046E60C7E90411C1E902CC4C6078
:10198000AB5000F0C5F80835D4E6930903F13901EE
:10199000C90038339CE7BD425FD0BD68686820F05D
:1019A00003084645A8EB060302D80F2B3FF762AFAA
:1019B000204600F0ADF80025BCE603F15C0003F121
:1019C0005B0CC30034E659F808394B4540F096806B
:1019D00010F0030F00F1FF30F5D17B6823EA01031B
:1019E0007B60490099423FF6C0AE19B9BDE6490097
:1019F0000EF1040E1942FAD0704667E603F11008A2
:101A0000D0E69A104FF001087B6808FA02F21A43F8
:101A10007A6070E702EB08014942C1F30B0A5146B4
:101A20002046009201F0CEFD431CDDE900237FF447
:101A3000EFAEDA46EFE6542B25D8130B03F16F0116
:101A4000C9006E3344E7B3F5AA7F25D8F30B03F141
:101A5000780003F1770CC300EAE5294B186840448D
:101A60001860B1E6CAF30B0CBCF1000F7FF4ACAE0A
:101A7000BD68C84448F001006860F0E61546EEE62F
:101A80000123536094E7B3F5AA7F23D8D30B03F166
:101A90007801C90077331BE740F25452934223D8B0
:101AA000B30C03F17D0003F17C0CC300C0E5ABF186
:101AB000080BD844A8EB02084FF0000AABE605F18A
:101AC00008012046009301F08DFFBD68009B686807
:101AD0001968C4E640F254518B420BD8930C03F1C1
:101AE0007D01C9007C33F3E64FF47E737F204FF015
:101AF0007E0C9DE54FF47E717E23E9E67B6870E7FE
:101B0000C0C20020014801F011BE00BFB8C20020D1
:101B1000014801F00DBE00BFB8C2002010B4044C53
:101B200003460A4620685DF8044B194600F002B8E7
:101B3000949800202DE9F84F1746002900F098806E
:101B40000C4607F10B058046FFF7DCFF162D54F815
:101B5000041C5BD810252A46AF425CD821F003064E
:101B60009642A4F1080962DABC4BD3F808C009EB2D
:101B70000600844500F09780D0F804C02CF00103E3
:101B800003445B68DB0768D42CF0030C06EB0C0302
:101B9000934247DACB0710D454F8083CA9EB030A68
:101BA000DAF8043023F003018C44B444944580F205
:101BB00011817318934280F2E88039464046FFF75E
:101BC000F1FC0746E0B154F8043C23F001034B4418
:101BD000A0F10802934200F0D280321F242A00F2C2
:101BE000F580132A00F2AC80034622461168196082
:101BF0005168596092689A602146404601F0F2FEB1
:101C00004046FFF785FF3846BDE8F88F25F0070509
:101C1000002D2A46A0DA0C23C8F8003000273846E9
:101C2000BDE8F88F1E46D0E90223D3609A60731B8B
:101C30000F2B22D8D9F8043003F0010333434E446C
:101C4000C9F80430736843F00103736040462746C7
:101C5000FFF75EFF3846BDE8F88FC907ADD454F8EA
:101C6000083CA9EB030ADAF8041021F00301A0E70D
:101C7000BDE8F84F1146FFF795BCD9F8042009EBF1
:101C8000050102F001024E4443F001032A43C9F862
:101C900004204B60736843F00103083173604046D1
:101CA00001F0A0FED2E7DCF8040020F0030B06EB05
:101CB0000B0C05F1100084454DDAC9073FF57DAFE7
:101CC00054F8081CA9EB010ADAF8041021F003010A
:101CD0008B44B34458453FF76CAF5746DAF80C10C5
:101CE00057F8080F321F242AC160886000F2DB8099
:101CF000132A40F2D6802168CAF808106168CAF831
:101D00000C101B2A00F2DF8008340AF1100221684F
:101D1000116061685160A16891600AEB0501ABEB4D
:101D2000050242F0010299604A60DAF8043003F0DB
:101D300001032B434046CAF80430FFF7E9FE6EE783
:101D400023680360636843601B2A68D804F10802B3
:101D500000F108034AE709EB05029A60ACEB0503C2
:101D600043F00103536054F8043C03F001032B4398
:101D7000404644F8043CFFF7CBFE27464FE750F8B7
:101D8000043C23F003031E4451E75746DAF80C10D5
:101D900057F8080F321F242AC16088604CD8132AD4
:101DA00048D92168CAF808106168CAF80C101B2AC3
:101DB00056D808340AF110021E462368136063687F
:101DC0005360A3689360D1463C4630E7214601F05A
:101DD0006FFA11E7D0E902135746CB60996057F8C4
:101DE000081FDAF80C30CB60321F242A99602DD8F6
:101DF000132A29D92368CAF808306368CAF80C3056
:101E00001B2A42D808340AF1100322681A6062685B
:101E10005A60A2689A606646D1463C4607E7A368C6
:101E20008360E368C360242A26D004F1100200F125
:101E30001003DBE63A46BFE7214638461E46D14648
:101E400001F036FA3C46F2E63B46DEE721463846EC
:101E50006646D14601F02CFA3C46E8E6789400202C
:101E6000A168CAF81010E168CAF81410242A20D01A
:101E700010340AF118029FE7236903616169416127
:101E800004F1180200F11803B0E6A368CAF8103094
:101E9000E368CAF81430242A21D010340AF1180358
:101EA000B3E73A4633E72146384601F001FA164BCC
:101EB00033E72269CAF818206269CAF81C2018346E
:101EC0000AF1200278E7A168CAF81010E168CAF8A0
:101ED0001410242A0DD010340AF1180217E72369D0
:101EE000CAF818306369CAF81C3018340AF12003A4
:101EF0008BE72269CAF818206269CAF81C201834D6
:101F00000AF1200203E700BF7894002000000000DF
:101F10002DE9F04F2DED108B97B08A4600210792E6
:101F2000129100220021CDE9041280465146119100
:101F30000F4611F8012B2D2A5ED801A050F822F08F
:101F4000C1FD0100D9FC0100D9FC0100D9FC010050
:101F5000D9FC0100D9FC0100D9FC0100D9FC010029
:101F6000D9FC01000FFC01000FFC01000FFC010077
:101F70000FFC01000FFC0100D9FC0100D9FC01009D
:101F8000D9FC0100D9FC0100D9FC0100D9FC0100F9
:101F9000D9FC0100D9FC0100D9FC0100D9FC0100E9
:101FA000D9FC0100D9FC0100D9FC0100D9FC0100D9
:101FB000D9FC0100D9FC0100D9FC0100D9FC0100C9
:101FC0000FFC0100D9FC0100D9FC0100D9FC010083
:101FD000D9FC0100D9FC0100D9FC0100D9FC0100A9
:101FE000D9FC0100D9FC0100D9FC0100FB0302006F
:101FF000D9FC0100E703020000210991302A7DD0BD
:10200000002308932F2A144640F2CD844FF0000994
:1020100038464E464D4612E00130082D1190C8BF9B
:1020200009EB89090478C6BF02EB4902A2F1300925
:10203000A3F130062F2C05F1010522466FDD06EBDA
:102040008603392C02EB4303E6DD9F49012201F0B0
:10205000FDF9002837D1119B1A46013311935478AA
:10206000002D40F04385302C40F02485C3F101025F
:102070009818013311931C78302CF9D0A4F1310356
:10208000082B00F20183119F431CA4F1300B0B932A
:102090000125BC464FF0000E06EB86060BEB46060C
:1020A00000200CF1010311939CF80140A4F13001D0
:1020B000092900F2BB8201308B46002940F04F8491
:1020C000DDF844C0EDE70020652CAE460B90844659
:1020D00001D0452C30D1002D6BD1089B034367D133
:1020E000079B9FED778B13B1079BC3F800A0B0EE61
:1020F000480B17B0BDEC108BBDE8F08F7A7802F07A
:10210000DF02582A00F00C84013711973A78302A00
:10211000FAD0002A00F0B7800123089372E76A49D9
:10212000012201F093F9002800F0C080AE464FF084
:10213000000CCDF82CC060464FF0000B002D7ED077
:1021400007EE906A0B9BB8EE677BABEB0303BEF127
:10215000000F08BFAE46102D0A932B46A8BF1023D0
:10216000092D8DED047B0CDD584A02EBC30212ED04
:10217000125B06EE909AB8EE666BA7EE056B8DEDDE
:10218000046B0F2D00F3A8800A9A002A00F0E48364
:102190000A9A40F33C83162A40F398840A99C5F1C1
:1021A00025028A4280F2A6840A9AEB1A134499E027
:1021B0000025DDF844A00AF1010311939AF80140CB
:1021C0002B2C00F05E822D2C00F0F78100230A9367
:1021D000A4F13003092B00F2EB81302C05D1119BC7
:1021E000013311931C78302CFAD0A4F13103082B61
:1021F000A2D8119A0C92531C1193A4F1300B54786D
:102200002F2C07DCDEE3013311934C782F2CA2F145
:10221000300B06DD0BEB8B02392C194604EB420226
:10222000F1DD0C9A9B1A082B40F3CC8344F61F6B0C
:102230000A9B002B82D0CBF1000B002D80D1089B94
:10224000034320D1BCF1000F7FF44AAF692C00F0AA
:10225000CF8300F3F382492C00F0CA834E2C7FF425
:102260003FAF1B4911A801F0DFFF00283FF438AF52
:10227000119B1B78282B00F0F2841648FDF7D8FB41
:10228000B0EE408B01E09FED0E8B079A0AB1119BD7
:102290001360099B002B3FF42AAFB1EE488BB0EEE0
:1022A000480B17B0BDEC108BBDE8F08F119B0B9065
:1022B0005A1C11925C78AE46F8E600BFAFF300807E
:1022C0000000000000000000C03A0020C8180020F4
:1022D000D8420020603A00200A9AEB1A1344002BDF
:1022E00040F3B08213F00F010AD0C34A02EBC102DF
:1022F0009DED046B92ED007B27EE067B8DED047B5C
:1023000033F00F0240F038820023089300962B46EA
:1023100072463946404603F0B7FE8146002800F079
:10232000E1820B9BA3EB0B0B0A9B9FEDA9EB002B10
:102330009FEDA9CB9FEDAADB9FEDABBBB4BF5A4687
:1023400000224FF0000A23EAE3730B920C935446E9
:10235000D9F80410404603F015FE0646002800F0A8
:102360000E81D9F810209DED048B0232920009F104
:102370000C010C30FAF7ACFCB0EE480B14AA13A910
:10238000404604F03DFA1290002800F0E48001215C
:10239000404603F021FF0446002800F0F080139A25
:1023A000002AC0F2DE800B9B0C9F02EB030B089B04
:1023B000149DD21A2A44914B013A9A42C5F136052E
:1023C00080F29880991A1F29A5EB010500F3E3809C
:1023D000012202FA01F30D9300230E932F44089B70
:1023E0005D44AB455A461F44A8BF2A46BA42A8BF1F
:1023F0003A46002A03DDAD1ABF1AABEB020B0B9B6A
:10240000002B00F38880002D00F39C800A9B002B9A
:1024100000F3B780002F00F3A980BBF1000F08DDA7
:1024200021465A46404604F013F80446002800F0BE
:10243000A68012993246404604F0A4F8824600284D
:1024400000F09D800023C568C360214604F078F841
:102450000028C0F2C78300F061832146504604F093
:1024600039FAB0EE007BB4EEC70BF1EE10FA46D8A5
:10247000002D00F0CB80B7EE009B0598604B00224A
:102480006049DFF884C100EA0107674500F0D480A5
:10249000089959B1B7F1D46F08D8B4EECB9BF1EEDF
:1024A00010FA40F2568103F1D661CB1BB0EE480B17
:1024B00043EC1A2B04F010F9AAEE008B8DED048B7F
:1024C00018EE903A089A22B94E4A1A40974200F004
:1024D000E4801299404603F07BFD3146404603F00C
:1024E00077FD2146404603F073FD5146404603F018
:1024F0006FFD2DE701230021CDE90D316EE7B6EE2A
:10250000009B20EE099B002D5FD1B1EE497B059821
:1025100053EC172BB4E721461A46404603F038FF28
:10252000044660B30146129A404603F083FE30B37E
:102530000F901299404603F04BFD0F9A1292002D16
:102540007FF764AF12992A46404603F081FF12904C
:1025500000287FF45BAF22239FED258BC8F8003065
:10256000BCE00C9BDDF82CB09F1A20E731463A46C0
:10257000404603F06DFF064600287FF44EAF1298E8
:10258000E9E731460C9A404603F002FF0646002870
:102590007FF440AFF3E7C2F17F4202F57F0202F51C
:1025A0007B420121E23201FA02F3CDE90D1315E776
:1025B000CDF844A04FF0000BC0E501230A930AF1C7
:1025C000020311939AF8024002E6B0EE497B9EE7BF
:1025D0009535A094FFFFCF3F9535A094FFFFDF3FD7
:1025E00035E5AF350000E03F0000C0FFFFFFDF41F1
:1025F000000000000000F07FC818002002FCFFFF70
:102600000000F03F0000F07F0000E07FDDE90412F1
:10261000002900F08580DDE90412012900F0D8814D
:102620001046B74BB7EE009B002229E7652C4FF010
:10263000010C3FF4BEAD4CE543EC1A2BA0F15473F2
:1026400005939DED04FBB0EE4F0B04F045F8AD494A
:10265000AAEE00FB1FEE903AAB4A194091428DED75
:1026600004FB72D9A94B18EE902A9A4203D118EEB6
:10267000103A013383D0A54A4FF0FF33CDE904323D
:1026800027E700230A939AE7652C00F0D080452CB9
:1026900000F0CD804FF0010CD1E551EC190B0D93FA
:1026A00007F04EF8FEF758FC049B1D430D9B41ECD0
:1026B000170BC3F313031D4339EE479B00F0A080B3
:1026C000B4EECC9BF1EE10FA05D4B4EECD9BF1EE56
:1026D00010FA7FF7FEAE9DED048B1298014640463E
:1026E00003F076FC3146404603F072FC214640463A
:1026F00003F06EFC4946404603F06AFC51464046F2
:1027000003F066FCC1E501220992791C11917A78E7
:10271000002A3FF4E5AC0F4670E400220992F4E78A
:10272000C2F313031046002B7FF47BAFB7EE007BA0
:10273000B4EEC70BF1EE10FA00F1D381B6EE009BB8
:1027400020EE099BB1EE497BE2E603F15473059359
:10275000B8E6BCEEC99B19EE103A012B38BF012335
:1027600009EE103AB8EE499B002D40F03E81B1EEE3
:10277000497B53EC172B96E6B2F59A7F00F3B280B3
:10278000102A4FEA221340F38682614C9DED047BB0
:1027900000202246014613F0010F01F101014FEA2A
:1027A000630304D092ED006B012027EE067B012B22
:1027B00002F10802EFD108B18DED047B059BA3F176
:1027C0005473059304EBC1049DED046B94ED007B01
:1027D0004C4B27EE067B17EE902A4E4913408B4256
:1027E0008DED047B7ED8A1F580118B4240F2D6811D
:1027F000464C4FF0FF33CDE904340023089385E5C0
:10280000B4EECE9BF1EE10FA7FF563AE63E71632BD
:10281000FFF662AD0B9BA3EB0B0B3F4B03EBCB0324
:1028200093ED007B9DED046B86EE078B2DE54FF05D
:10283000000ECDF82CE04FF0010C4EE46E2C3FF46E
:1028400010AD4DE43FF460AD5B4213F00F010AD0D0
:10285000314A02EBC1029DED046B92ED007B86EEE6
:10286000077B8DED047B1B113FF44EAD1F2B33DC3A
:1028700013F0100218BF6A229DED047B0892274ACC
:102880000021D80704D592ED006B012127EE067BCD
:102890005B1002F10802F4D109B18DED047B089BB5
:1028A00093B1DDE90401C1F30A52C2F16B03002BBD
:1028B0000ADD1F2B40F32F820020342B049040F3BD
:1028C00040824FF05C7305939DED047BB5EE407B39
:1028D000F1EE10FA7FF41AAD22239FED058BC8F8B4
:1028E0000030D2E422239FED048BC8F80030CCE402
:1028F0000000000000000000000000000000F07F69
:102900000000F0BF0000F07FFFFF9F7CFFFFEF7F24
:10291000A01800200000A07CC8180020D8290020A2
:102920000293099B019312AB0093A74A13AB11A921
:10293000404601F0AFF910F00F0504463FF4A3AC98
:10294000062D74D1079B9FED9A8B0137002B3FF426
:10295000CEAB1F60FFF7CBBB9DED048B95E40B9BCB
:10296000DDF844C003440B93012805F101031A4626
:1029700014D02844441E03E046009C420DD001338D
:102980002A46082A1D4606EB8600F5D9102BDCBF27
:1029900009EB89094FEA4909EFE70232082D3CDCCF
:1029A0001546FFF779BB89490122384600F04EFDF4
:1029B000002800F082804FF0000EF1467646754602
:1029C000FFF7B5BB44F61F639B45A8BF9B462FE4AA
:1029D000DDE904231846002B7FF423AE22239FED6C
:1029E000748B1298C8F8003078E6B0EE497BC0E6E8
:1029F000774911A801F018FC00283FF471AB119B36
:102A00007449013B11A8119301F00EFC10B9119B00
:102A1000013311939FED688B37E4102ADCBF09EB7B
:102A2000890901EB490915460020FFF73ABB129AC4
:102A30003AB1352114A803F07FFF1299404603F004
:102A4000C7FA013D139B042D00F28F81DFE805F0EA
:102A5000032D2A1F0300149A049203F23342159B9C
:102A600023F4801343EA02530593E50502D543F0AE
:102A700000430593584A1A409DED048B002A7FF4C9
:102A800004AC00F0C7FD22230360FFF7FEBB4FF04C
:102A9000FF336FF00046CDE90436E3057FF55CAF08
:102AA000059BE4E74C4B0593F7E7149B0493159BB8
:102AB0000593DAE70020FFF7E1BA119B1A460133CC
:102AC0001193547806468146FFF7CDBA434B03EB8A
:102AD000C20393ED008B9DED047B28EE078BFFF77F
:102AE000D4BBBEEE007BB6EE009B11E5AE460B906C
:102AF000FFF7DCBA394BC5F10F054A1B03EBC505DF
:102B000003EBC20395ED008B93ED007B9DED046B11
:102B100028EE068B28EE078BFFF7B7BB002D00F0E1
:102B20009580DDE904BC2E4BCCF31301994262463B
:102B300000F0D2800E9B002B00F0A580DDE904128E
:102B4000134217461AD0B0EE480B002D00F0A680B5
:102B500003F0C2FD089B7BB1C7F30A53C3F16B03BB
:102B6000002B09DD1B0503F17F51002001F5401109
:102B700041EC170B20EE070B38EE008B089B5BB186
:102B80009FED0F7B144B28EE078B18EE902A134015
:102B900013B92223C8F8003012989FE502F154734C
:102BA000059300230893FFF7B1BB00BFAFF300808C
:102BB0000000000000000000000000000000F07FA6
:102BC0000000000000005039AC4E0020C03A002048
:102BD000CC420020D04200200000F07FC818002026
:102BE000FFFF0F00DDE904120D43C7D1C2F3130349
:102BF0001746002BC2D122F000431B0D1B05B3F179
:102C0000D66FBBD9DAF814301BB9DAF81030012BC3
:102C1000B4DD51460122404603F01AFC21468246AB
:102C200003F08EFC0028A9DD089B002B7ED1504BC1
:102C30003B40A3F580136FEA13536FEA03530593E8
:102C40004FF0FF3304939DED048B97E7DDE9041209
:102C5000C2F313030B4317467FF46CAFE4E7454917
:102C600011A814AA01F0FCFA05287FF406AB159B05
:102C700043F0FF4343F4E0030593149B04939DED5D
:102C8000048BFFF702BBDDE904010D9B03423FF417
:102C900075AF0F4657E7384C00218FE503F01CFD58
:102CA000089B002B55D0C7F30A53C3F16B03002BCD
:102CB00009DD1B0503F17F5101F54011284641EC68
:102CC000170B20EE070B38EE408BB5EE408BF1EE84
:102CD00010FA7FF455AF81E6089B04991BB3244B8F
:102CE0001340B3F1D46F1ED81B0DC3F16B034FF02B
:102CF000FF3000FA03F399427FF41CAF1F4B9A4256
:102D000030D01B4B134003F580130593002304932D
:102D10009DED048B32E74FF0FF3202FA03F3049A81
:102D20001A400492D0E54FF0FF33E4E7104B3B40EC
:102D3000B3F1D66F3FF77DAFB3F15C7F3FF720AFC4
:102D40004CE6C2F14B024FF0FF3393400B4005932A
:102D5000BAE538EE408BB5EE408BF1EE10FA7FF419
:102D60001BAF3BE60131CCD109E400237DE600BF77
:102D70000000F07FC04E0020A0180020FFFFEF7F72
:102D800010B5234C234B84460A4620686146FFF762
:102D9000BFF8B4EE400BF1EE10FA27D6F7EEC07B89
:102DA0009FED1D7AF0EEE76AF4EE476AF1EE10FA55
:102DB0000EDDB0EEC05B9FED146BB4EE465BF1EE42
:102DC00010FA05DC236822221A60B0EE670A10BDF3
:102DD00017EE903A13F0FF4FF7D1104B10EE902AF8
:102DE0001340002BEED1B0EE670A10BD10EE903A02
:102DF000002B0B4804DAFCF70BFEF1EE407AE4E717
:102E0000BDE81040FCF704BEFFFFFFFFFFFFEF7FB0
:102E1000949800200C930020FFFF7F7F0000F07F3C
:102E2000603A0020012B2DE9F84F40D0242B984622
:102E30003DD84C4D8E4676461EF801BB15F80B402A
:102E400014F00804F7D1BBF12D0F72D0BBF12B0F9A
:102E500008BF9EF800B06FF0004908BF06F1020EEF
:102E6000002B42D0102B57D0B9FBF8F700252E4687
:102E700008FB179A05E033D008FB06C601251EF8AB
:102E800001BBABF1300CBCF1090F06D9ABF1410C21
:102E9000BCF1190F12D8ABF1370C634517DDB5F152
:102EA000FF3FECD0B742E6D24FF0FF35E7E700F046
:102EB000B1FB162303600020BDE8F88FABF1610C75
:102EC000BCF1190F03D8ABF1570C6345E7DC6B1C61
:102ED00027D08CB90AB1A5BB11603046BDE8F88F88
:102EE000E245C9DA4FF0FF35C9E7BBF1300F05D035
:102EF0004FF00A084346B7E77642EBE79EF800300A
:102F000003F0DF03582B21D14FF010089EF801B0D9
:102F100043460EF1020EA7E7BBF1300F1AD09846D8
:102F2000A2E72223036072B10EF1FF314E46116019
:102F3000D3E79EF800B04FF0004906F1020E0124DD
:102F40008EE7B146F0E74E463046C7E74FF0080837
:102F5000434689E79EF8005005F0DF05582DD3D091
:102F6000984681E75541002010B4054C844613462D
:102F700020685DF8044B0A466146FFF753BF00BF67
:102F800094980020F0B5254FA2F1020E1646054692
:102F90000C460FCF8BB0EC46ACE80F000FCFACE87F
:102FA0000F0097E803004CF8040BBEF1220F8CF8D9
:102FB00000102ED804F1FF3E70464FF0000CB5FB18
:102FC000F6F206FB125328336B44614613F828CC03
:102FD00000F801CF2B469E4201F1010C1546EED9B7
:102FE000002304F80C3089B1A44472461EF8010F86
:102FF0001CF8015D8EF80050A4EB0E030232013B79
:10300000121B0B449A428CF80000EEDB20460BB0FA
:10301000F0BD0023184623700BB0F0BD2C410020FA
:10302000024A0349034800F0EFB800BF8898002027
:10303000D9460200D08800200C4B4168994210B557
:10304000044601D003F0D8FCA168094B994202D094
:10305000204603F0D1FCE168064B994204D020469B
:10306000BDE8104003F0C8BC10BD00BFF4C2002092
:103070005CC30020C4C300202DE9F8432A4C2B4B2D
:103080002B48DFF8C090DFF8C0802A4F1860002579
:1030900004230822294604F15C00274E6566C4E932
:1030A0000253C4E90055C4E90455A56100F07CF958
:1030B000224B63670822294604F1C400C4E907498A
:1030C000C4E90987C4E91A55C4E91E55C4F8CC50AF
:1030D0002567C4F88050E66200F066F9184BC4F822
:1030E000DC30294604F16803082204F59670C4F820
:1030F0008430C4E92298C4E92476C4E93455C4E98B
:103100003855C4F83451C4F8D850C4F8E85000F029
:103110004BF904F1D003C4E93C98C4E93E76C4F805
:10312000EC30BDE8F88300BFF4C200202CC40020BE
:10313000010D020089490200A949020009000100AD
:1031400012000200254902004949020010B5044658
:103150000A4800F0EBFA636B23B9094B094A1B6874
:10316000626323B1BDE81040044800F0E1BAFFF704
:1031700083FFBDE81040014800F0DABABCC200206D
:103180002CC40020190D0200014800F0CFBA00BF86
:10319000BCC20020014800F0CBBA00BFBCC2002076
:1031A000F0B5ADF5057D04AF009313464FF4007202
:1031B0000E460392394603AA054600F0BFF988B1CE
:1031C00004460246039B3146284600F00DFABC42F5
:1031D000039004D02846214600F004FC03980DF526
:1031E000057DF0BD4FF0FF30F9E700BF10B4054C8E
:1031F0008446134620685DF8044B0A466146FFF793
:10320000CFBF00BF949800202DE9F84380460F46B9
:1032100016464FF00009D6E90154013D11D4A389A7
:10322000012B05F1FF3508D9B4F90E3001332146E1
:1032300003D04046B84749EA00096B1C04F1680412
:10324000EDD13668002EE6D14846BDE8F88300BFD0
:10325000032A70B514D940EA01039B0722D1044622
:103260000B46194620460E680568B54204F1040471
:1032700003F1040316D1043A032A20461946F0D874
:10328000541E9AB1421E013901E0C3180CD012F845
:1032900001EF11F801CFE645A4EB0203F5D0AEEB48
:1032A0000C0070BD541EEDE7184670BD104670BD91
:1032B00088420DD98B1883420AD900EB020CBAB1AF
:1032C000624613F801CD02F801CD9942F9D1704759
:1032D0000F2A0ED8034602F1FF3C4AB10CF1010C53
:1032E000013B8C4411F8012B03F8012F6145F9D102
:1032F000704740EA01039B0750D1A2F1100370B55B
:1033000001F1200C23F00F0501F1100E00F1100463
:10331000AC441B095EF8105C44F8105C5EF80C5C71
:1033200044F80C5C5EF8085C44F8085C5EF8045CE9
:1033300044F8045C0EF1100EE64504F11004E9D1E6
:10334000013312F00C0F01EB031102F00F0400EB3C
:10335000031327D0043C24F003064FEA940C1E44C8
:103360001C1F8E465EF8045B44F8045FB442F9D13A
:103370000CF1010402F0030203EB840301EB84016E
:1033800002F1FF3C4AB10CF1010C013B8C4411F8F5
:10339000012B03F8012F6145F9D170BD02F1FF3C0B
:1033A00003469BE72246EBE7830730B548D0541E1F
:1033B000002A3FD0CAB2034601E0013C3AD303F8E9
:1033C000012B9D07F9D1032C2DD9CDB245EA052556
:1033D0000F2C45EA054536D9A4F1100222F00F0C56
:1033E00003F1200EE6444FEA121C03F1100242E9F9
:1033F000045542E9025510327245F8D10CF1010230
:1034000014F00C0F03EB021204F00F0C13D0ACF10C
:10341000040323F003030433134442F8045B934290
:10342000FBD10CF003042CB1C9B21C4403F8011BFE
:103430009C42FBD130BD64461346002CF4D1F9E721
:1034400003461446BFE71A46A446E0E7002A3ED0EA
:1034500040EA01039B0730B584462FD1032A2DD9BA
:103460000B4608E0043A8446194625D01EF0803FFA
:1034700022D1032A22D90468194653F8045BA4F127
:10348000013EAC4284462EEA040E00F10400E9D06D
:103490009CF800000C78A0421BD1E64668B11EF8EB
:1034A000010F11F8014FA2EB0E03A04203F1FF330D
:1034B0000FD11CEB0303F1D1002030BD9CF80000BC
:1034C0000C78844205D1012AF6D0E646E6E710469C
:1034D0007047001B30BD00BF40EA01039B0730B5B9
:1034E00001D1032A0FD8844601F1FF3E07E01EF800
:1034F000011F03F8011B541EC1B19C4622466346BE
:10350000002AF4D130BD0B468446194653F8045BBB
:10351000A5F1013424EA050414F0803FE4D1043A13
:10352000032A4CF8045B1946EFD8DDE79444002CDD
:10353000E8D003F8011B6345FBD130BD30B51468FA
:1035400015469BB01A4609B1002C19D100214FF441
:103550002273ADF80C30009104914FF6FF73029185
:103560000591ADF80E3069461E9B00F069FF0028FA
:1035700013DB009B286000221A7004981BB030BD3A
:103580004FF4C16300910491ADF80C302146E4DAA8
:103590008B23036000201BB030BD0020EEE700BF8E
:1035A000014B93F8280170470C93002013460A46FC
:1035B0000146022000F082B9B7EEC00A002303F0F2
:1035C000D7BB00BF38B5074D0022044608462A6025
:1035D000F9F794FF431C00D038BD2B68002BFBD0BB
:1035E000236038BD5000012038B50C46084D844694
:1035F000114620461A4600232B606446F8F7BAFBB2
:10360000431C00D038BD2B68002BFBD0236038BD95
:1036100050000120014B1868704700BF94980020AB
:1036200080EA0102844612F0030F4FD111F0030F1C
:1036300032D14DF8044D11F0040F51F8043B0BD07A
:10364000A3F101329A4312F0803F04BF4CF8043BCF
:1036500051F8043B16D100BF51F8044BA3F10132DD
:103660009A4312F0803FA4F101320BD14CF8043B95
:10367000A24312F0803F04BF51F8043B4CF8044BC6
:10368000EAD023460CF8013B13F0FF0F4FEA332337
:10369000F8D15DF8044B704711F0010F06D011F816
:1036A000012B0CF8012B002A08BF704711F0020F04
:1036B000BFD031F8022B12F0FF0F16BF2CF8022BEF
:1036C0008CF8002012F47F4FB3D1704711F8012B12
:1036D0000CF8012B002AF9D1704700BF70B50D4ED0
:1036E0000D4D761BB61006D0002455F8043B01346E
:1036F0009847A642F9D1094E094D761B06F058F8B5
:10370000B61006D0002455F8043B01349847A64271
:10371000F9D170BDB0200060B020006028210060A9
:10372000B0200060704700BF704700BF704700BF07
:10373000704700BF00000000000000000000000013
:1037400001F0FF01102A2BDB10F0070F08D010F852
:10375000013B013A8B422DD010F0070F42B3F6D156
:10376000F0B441EA012141EA014122F007047FF06F
:1037700000070023F0E80256083C85EA010586EAC6
:10378000010685FA47F5A3FA87F586FA47F6A5FA02
:1037900087F68EB9EED1F0BC01F0FF0102F007020E
:1037A00032B110F8013B013A83EA010313B1F8D1B9
:1037B0000020704701387047002D06BF354603389A
:1037C000073815F0010F07D1013015F4807F02BFD3
:1037D000013015F4C03F0130F0BC0138704700BF24
:1037E00090F800F06DE9024520F007016FF0000C41
:1037F00010F0070491F820F040F049804FF00004E9
:103800006FF00700D1E9002391F840F000F10800C3
:1038100082FA4CF2A4FA8CF283FA4CF3A2FA8CF3FB
:103820004BBBD1E9022382FA4CF200F10800A4FA62
:103830008CF283FA4CF3A2FA8CF3E3B9D1E90423B6
:1038400082FA4CF200F10800A4FA8CF283FA4CF3ED
:10385000A2FA8CF37BB9D1E9062301F1200182FAA7
:103860004CF200F10800A4FA8CF283FA4CF3A2FAAD
:103870008CF3002BC6D0002A04BF04301A4612BABB
:10388000B2FA82F2FDE8024500EBD2007047D1E9BE
:10389000002304F00305C4F100004FEAC50514F04D
:1038A000040F91F840F00CFA05F562EA05021CBF1E
:1038B00063EA050362464FF00004A9E72DE9F047EB
:1038C000DFF87CA00646DAF8000098460F469146DD
:1038D000FFF72CFF184B1C6824B365681F2D24DCF0
:1038E0005EB96B1C0235DAF80000636044F825709D
:1038F000FFF71EFF0020BDE8F08704EB85010123E0
:10390000C1F88890D4F88821AB401A43022EC4F83D
:103910008821C1F80881E4D1D4F88C211A43C4F875
:103920008C21DEE7054C1C60D7E7DAF80000FFF7D2
:10393000FFFE4FF0FF30DEE720C1002024C1002051
:1039400000930020F8B5244F0C460646FEF7DAF83F
:10395000BB685D68C4F57E610F3125F003054B1926
:1039600023F47F6323F00F03A3F58054B4F5805F45
:1039700007DB00213046FFF725FEBB682B44984249
:1039800004D03046FEF7C4F80020F8BD614230464E
:10399000FFF718FE01300DD0104ABB682D1B45F013
:1039A00001055D60136830461B1B1360FEF7B0F81D
:1039B0000120F8BD00213046FFF704FEBA68831AE3
:1039C0000F2BDEDD43F001035360054B03491B68F9
:1039D000C01A0860D5E700BF78940020C0C200205C
:1039E00080980020002961D0F8B50C460646FEF705
:1039F00089F854F8042C7B4FA4F1080522F001014A
:103A000005EB010CB868DCF80430604523F00303D3
:103A100000F08B80D207CCF8043032D454F8082C54
:103A2000AD1A1144AA6807F1080082426AD00CEB73
:103A30000304D4F804E0EC68D4601EF0010FA26027
:103A400000F0978041F001036B60CCF80010B1F5F5
:103A5000007F35D27868CB080122490901338A40BA
:103A6000024357F833107A6007EBC302083AC5E9FE
:103A7000021247F83350CD603046BDE8F840FEF7FB
:103A800047B80CEB03025268D00710D4194407F171
:103A90000800DCF80830834273D0DCF80C20DA60D0
:103AA000936041F001036B606950D0E7704741F0CB
:103AB0000103B1F5007F44F8043CCCF80010C9D3F1
:103AC000B1F5206F4FEA512348D28B0903F1390039
:103AD00003F13802C300F818FB580838984259D04F
:103AE0005A6822F003028A4202D99B689842F7D1B1
:103AF000D868C5E902308560DD603046BDE8F84031
:103B0000FEF706B80CEB03025268D20763D40B44ED
:103B1000DCE90212CA60916043F001026A6030463B
:103B2000EB50BDE8F840FDF7F3BF0B44D10707D4D5
:103B300054F8082CAD1A1344D5E90212CA609160FA
:103B400043F001026A60284ABD6012689A4293D825
:103B5000264B30461968FFF7F5FE8DE7142B0AD97E
:103B6000542B1FD80B0B03F16F0003F16E02C3003F
:103B7000B1E719448DE703F15C0003F15B02C30078
:103B8000A9E741F00103C7E90455C5E902006B60EC
:103B9000695071E779689210012404FA02F20A432D
:103BA0007A60A6E7B3F5AA7F06D8CB0B03F17800BD
:103BB00003F17702C3008EE740F25452934206D8D5
:103BC0008B0C03F17D0003F17C02C30083E74FF40B
:103BD0007E737E227FE741F001036B60CCF800101A
:103BE0004AE700BF7894002084980020F0C20020AB
:103BF0002DE9F0410469B4EB611F2FDD00F1140ED3
:103C00004E1111F01F0C0EEB84050EEB86032BD02A
:103C10005EF8261004339D4221FA0CF1CCF1200805
:103C200018D977461A6802FA08F20A4347F8042BB3
:103C300053F8041B9D4221FA0CF1F3D8A31B9B00FF
:103C4000053B9B0801330EEB83044EF82310C9B1EA
:103C5000043417E0416174460029F9D1002303615F
:103C600000234361BDE8F0819D4288BF00F110024E
:103C7000F4D953F8041B42F8041F9D42F9D8A41B41
:103C80000EEB8404A4EB0E039B1074450361E7D094
:103C9000BDE8F0812DE9F04F2DED028B0C688B46CD
:103CA000A17885B0302908EE100A9246029340F0C0
:103CB000CE816FF00100001BE21C8318144612F83D
:103CC000011B3029F9D0DFF8008318F80120002A01
:103CD00000F0E5802278002718F802203D462646AD
:103CE0002AB116F8012F18F80220002AF9D1B54997
:103CF000019301223046FFF7A9FB019B8146002872
:103D00004DD0002D4ED13278A94602F0DF02502A64
:103D1000354650D0CBF80060002F69D12B1B013BFA
:103D2000072B394604DD5B10072B01F10101FADC9A
:103D300018EE100A02F026F98346002800F0668289
:103D400000F11406AC42019680F0D2810027CDF834
:103D50000C909C49A1463C460CE0202F19D03846D7
:103D600004372A7818F8022002F00F028240144328
:103D70004D4547D015F8012D2E2AEED14D45ECD3F7
:103D800001222846FFF762FB8E490028F0D0202F41
:103D9000E5D1002046F8044B04270446E1E7002D56
:103DA00000F04281327802F0DF02AD1B502A4FEA68
:103DB00085093546AED16A782B2A00F025812D2A57
:103DC00000F0A5806E1C002018F802104A1E182A68
:103DD00000F29B80727818F8022010390136002A10
:103DE0005AD100B149428944CBF80060002F95D0E8
:103DF000002B14BF00250625284605B0BDEC028B1C
:103E0000BDE8F08FDDF80C90234646F8043B1846D9
:103E1000019BF61AB610CBF8106002F08DF976010E
:103E2000DAF80040301AA04275DCC0F2EF800027BB
:103E3000DAF808304B45C0F25181DAF804304B45CE
:103E40004ADDA3EB09094C4500F38280DAF80C2027
:103E5000022A00F06581032A00F08181012A00F026
:103E60006F8118EE100A594602F0B2F85025109AE8
:103E700000232846136005B0BDEC028BBDE8F08F2F
:103E800001EB810102EB4102A2F1100116F8012FB2
:103E900018F80220002AA4D0192AF1DDA1E7494927
:103EA000019301222046FFF7D1FA019B00286DD132
:103EB000617818F80120651C002A69D030292C4649
:103EC00005D114F8013F302BFBD018F80320B2FACB
:103ED00082F77F09012302E7012557B1DAF80C3098
:103EE000022B5DD0032B5FD0012B00F0848045F0C6
:103EF0001005109BC3F800B0029B2846C3F8009041
:103F000005B0BDEC028BBDE8F08F2E4602E7012024
:103F1000AA78AE1C58E7061B3146584602F03AFD17
:103F2000074678B1721E53110199012751F82310E9
:103F300002F01F0307FA03F30B4203D0BA4200F367
:103F4000E280022731465846B144FFF751FE6FE741
:103F500009F1FF35002F40F0CE80002D40F0CD80DC
:103F60006B11019A05F01F0552F823200123AB4085
:103F700013424946584618BF47F00207A4EB09040C
:103F8000FFF736FE0225DAF80490A6E721782546E9
:103F900001F0DF01502900F0BF80CBF8005027E787
:103FA000119BC3F101031193119B002B9FD0DBF8F0
:103FB0001070DDF80480BA004346019208EB8700D8
:103FC000002107E0C03A0020C83F0020984243F893
:103FD000041C3FD91E4653F8042BB2F1FF3FF5D025
:103FE0000132022D326000F0BF8014F01F0440F057
:103FF000E78021257DE7BA077FF579AF019B1B6834
:104000001F43FB07D3D472E7002081E7221A5946E9
:1040100018EE100AA9EB020902F01AFA00F11403D3
:1040200083460193002703E7727818F80200711C99
:10403000002800F0A0800D4611F8012F18F80200AA
:104040000028F8D1751B4FEA85090E465DE602345B
:10405000002338E6DBF808309F4280F28E803B4632
:104060000BEB830201210133022DCBF8103051619B
:104070007AD09F42B9DA002B40F39B80DBF8142002
:1040800008EB83030BF1180083424FEA520240F21F
:10409000B1804446016842EAC17244F8042B50F8EA
:1040A000042B83424FEA5202F4D8A3EB0B03193BD3
:1040B0009B08013348F8232008EB8303002A40F0D3
:1040C0009D80A3EB080292104345CBF8102073D0DB
:1040D000DAF8083009F101094B458ADA18EE100ABE
:1040E000594601F075FF109A00231360A32583E65B
:1040F000019E002389E6012732E72946584602F04F
:1041000049FC07462CE7B11E584602F043FC002844
:104110003FF417AF032715E74FF0000901274AE6E0
:10412000119A002A7FF49DAE02990B60019B012237
:10413000CBF810201A60109B6225C3F800B05BE634
:104140004C457FF48EAE012CEED0611E584602F035
:1041500021FC00283FF485AEDAF80430E4E7119A38
:10416000002A3FF47EAEDFE7DAF80030013BA342DD
:1041700034D02225BDE60E46C7E5DBF8041018EE64
:10418000100A013101F0FEFE0646C8B3DBF810301C
:1041900002339A000BF10C010C30F8F799FD5946E7
:1041A00018EE100A01F014FF06F114083369B34643
:1041B00056E70023CBF810300023CBF8143087E704
:1041C000019B4344C4F1200453F8040C01F0B4FFF4
:1041D000A042BFF60EAFDBF810304CE7631104F0DD
:1041E0001F0458F823200123A34013420CBF2225AB
:1041F00021257EE6C8F8002043466AB1043360E713
:10420000074B08483246842102F072FE044B0548F1
:104210005A46E42102F06CFECBF81020CCE700BF38
:10422000483F00205C3F002010B4046809E014F807
:10423000013FA3F1410CBCF1190F98BF2033934209
:1042400009D111F8012B002AF1D1013404600120B9
:104250005DF8044B704700205DF8044B704700BFC9
:104260002DE9F04F096885B04B1111F01F01029044
:1042700002EB8303039140F08F801D1F0193029B8B
:1042800001991C68002341F8043C6178013400293D
:1042900000F09880DFF87491A846AC469A461E4616
:1042A0000EE0202900F28C80564506DDC44501D27F
:1042B000072B5BDD624551D3082314F8011FA1B120
:1042C00019F801000028ECD00133082B06F1010693
:1042D0003ADCDCF80010090100F00F000843CCF8CC
:1042E000000014F8011F0029EAD1002E6AD0C4454D
:1042F00001D2072B74DD624552D2111F634653F879
:10430000040B41F8040FAB42F9D9A5EB0C0323F0E1
:104310000303691C04330CF1010C614538BF04230D
:104320001344002143F8041BAB42FBD9019B53F813
:10433000043C2BB9AA4249D055F8043D002BF9D0D2
:10434000052005B0BDE8F08F6245B6D200234CF8D9
:10435000043C1946ACF1040C0123BDE70023ACF189
:1043600004084CF8043CB246C446A6E7C3F1080171
:10437000DCF800308900C1F1200E60469B4647689A
:1043800007FA0EF343EA0B0327FA01FB036040F838
:1043900004BF4045F3D38DE7191D01911D466EE71B
:1043A000039B002BC2D0039B0198C3F120014FF067
:1043B000FF33CB4050F8041C0B4040F8043CB8E7F6
:1043C000292909D0042005B0BDE8F08F012305207C
:1043D0002B6005B0BDE8F08F029901340C6084E7D2
:1043E000DCF80010C3F108039B00C3F1200764460A
:1043F0000846666806FA07F1014326FA03F02160D1
:1044000044F8040F4445F4D375E700BFC83F0020CB
:1044100082B049B15AB16BB113780B601278101E9B
:1044200018BF012002B0704701A9002AF3D110463D
:1044300002B070476FF00100F4E700BF0000000019
:104440002DE9F04F2DED088BD1B00C460BEE101A74
:1044500090460893834602F049FC0368129318467D
:10446000FFF7BEF920AF1090082200213846FEF772
:104470009BFFA3891B0603D52369002B00F05587FA
:1044800000239FED838B9FED849BCDE92533CDE900
:104490001333CDE9153327AA0E9324929246119334
:1044A00004934446A1467E4BD3F8E450FFF778F8D6
:1044B0004A4603461CA900975846A847002800F022
:1044C000B080C0F2A6801C9A252A034601D09944E8
:1044D000E9E7B9EB0405064640F0A78000234FF05A
:1044E000FF328DF867309846069309F1010999F873
:1044F000003003922B25202609F10109A3F12002A7
:104500005A2A00F2CF80DFE812F0E802CD00CD0099
:10451000E302CD00CD00CD006A00CD00CD00050244
:104520008402CD001002C902CD00BD025B005B0019
:104530005B005B005B005B005B005B005B00CD0031
:10454000CD00CD00CD00CD00CD00CD005301CD007C
:1045500083011A02530153015301CD00CD00CD0058
:10456000CD001502CD00CD009602CD00CD00CD00CE
:10457000AB01CD00AA02CD00CD00E306CD00CD00F9
:10458000CD00CD00CD00CD00CD00CD005301CD003C
:104590008301DE015301530153017702DE017F00E5
:1045A000CD008902CD005F02E0062F027F00CD0022
:1045B000AB017C00B806CD00CD00BD06CD007C006F
:1045C000A3F13002002119F8013B01EB810102EB5C
:1045D0004101A3F13002092AF5D906918EE7584628
:1045E00002F084FB436815931846FFF7F9F816901C
:1045F000584602F07BFB83681393169B002B40F018
:104600002D8699F8003077E799F8003048F02008B7
:1046100072E7082200213846FEF7C6FE01239944BE
:1046200041E7B9EB0405064611D0269B2B4426939F
:10463000259B0133072BCAE9004525931CDC0AF1B1
:10464000080A049B2B440493002E7FF447AF269B5B
:10465000002B41F00B821BEE103AB3F90C3013F033
:10466000400F049B18BF4FF0FF330493049851B0E0
:10467000BDEC088BBDE8F08F1BEE101A24AA58463B
:1046800003F0B0FB0028E6D10DF19C0AD9E700BF8A
:104690000000000000000000FFFFFFFFFFFFEF7FB2
:1046A0000C9300200B93002BD1D00021CDE90C11ED
:1046B0008DF8DC3001238DF8671002930791059384
:1046C00003910F9137AC18F00203099302D0029BBB
:1046D0000233029318F084030A9305D1069B029AD1
:1046E0009D1A002D00F36983269A89B125990DF151
:1046F000670001310132CAF8000007294FF00100BC
:1047000026922591CAF8040000F3A2830AF1080A50
:10471000099B83B1259B1AA901330232CAF8001004
:10472000072B4FF0020126922593CAF8041000F3DC
:10473000A3830AF1080A0A9B802B00F06C82039B7A
:1047400005995D1A002D00F3A58218F4807F40F0D2
:104750000D82059BCAF804301A44259BCAF8004014
:104760000133072B2692259300F31B830AF1080AD5
:1047700018F0040F05D0069B02995C1A002C00F378
:104780008883049B069902988142ACBF5B181B1872
:104790000493002A40F0B08200232593079B1BB1AD
:1047A00007995846FFF71EF90DF19C0A4C4679E629
:1047B0000B93089B073323F00703B3EC028BB0EE97
:1047C000C87BB4EE497BF1EE10FA089340F3E9841C
:1047D000B5EEC08BF1EE10FA01F159809DF867102B
:1047E000AB4CAC4B28F080080B9A472AC8BF1C463C
:1047F0000023CDE90C330322079302920592039321
:104800000F9300293FF45FAF029B013302935AE7F5
:10481000432B0B9303D018F0100F00F05D85089D1B
:104820000822002122A837ACFEF7BEFD22AB55F8C6
:10483000042B2146584602F0EDFA03460133059059
:1048400001F0EE82059B089523EAE37302930021B1
:10485000CDE90C118DF86710079103910F9132E7A4
:104860000B93089B1A4600238DF86730134653F8C4
:10487000044B0893002C00F048850B9B532B00F051
:10488000EC8618F010030C9340F0E786039B5D1C48
:1048900001F0E5800C991A462046FEF751FF07907B
:1048A000002801F02883079B1A1B05920C9B039399
:1048B00022EAE2720F930D93079373239DF867101A
:1048C00002920B939DE718F0200F0B93089B3DD0AD
:1048D000073323F007031A4611465B6851F8082B8B
:1048E00008911946002BC0F20C84039B013300F0A1
:1048F0009E8228F0800052EA0103029040F09982E3
:10490000039B002B40F09A8280460023039305937B
:1049100050AC06E1089B53F8042B0692002A80F263
:104920001984069A08935242069299F8003048F08A
:104930000408E1E599F8003048F00808DCE548F0A3
:10494000100818F0200F0B93089BC1D118F0100F1E
:1049500040F00B8418F0400F00F0038433F9042B6F
:104960000893D1170B46BDE7089B48F0020202925C
:1049700053F8042B089347F63003ADF868307820DD
:10498000454B1193002102230B900020039C8DF8CE
:104990006700601C00F0AD80029820F0800852EAA9
:1049A000010040F0A480002C40F0AE86002BACD17A
:1049B000029B13F00103059300F0D18330238DF89F
:1049C0003F310DF23F14ACE018F0200F40F0D483DB
:1049D00018F0100F40F09F8618F0400F40F09787B6
:1049E00018F4007F00F09786089B049953F8042B75
:1049F000089311704C4655E599F80030682B03BFB9
:104A000099F8013048F4007809F1010948F04008AC
:104A100072E599F800308DF867506DE599F800302F
:104A20006C2B03BF99F8013048F0200809F1010907
:104A300048F0100860E50B9348F0100818F02001CA
:104A400000F05183089B073323F00703596853F89C
:104A5000082B089328F480630293002395E70B93B7
:104A600048F010030293029B13F0200100F0298309
:104A7000089B073323F00703596853F8082B089362
:104A8000012382E799F8003048F0800834E500BF40
:104A9000DC420020183B0020E4420020494611F887
:104AA000013B2A2B01F04982A3F13002092A8946F1
:104AB00098BF002101F2448119F8013B01EB81010B
:104AC00002EB4101A3F13002092AF5D9039115E562
:104AD00099F8003048F001080EE59DF86730002B8A
:104AE0007FF48FAD99F800308DF8676004E5CDF85C
:104AF0000880012B00F09D81022B50AC20D1119831
:104B000002F00F031209C35C04F8013D42EA01728E
:104B1000090952EA0103F3D150AB1B1BDDF80880F1
:104B20000593059A03989DF8671082424FF00003A1
:104B3000B8BF0246CDE90C33079302920F9360E6AB
:104B400002F00703D20842EA4172C908303352EA40
:104B50000105204604F8013DF2D1029AD10700F187
:104B60004D8250AB1B1B90460593DAE70B9B652BE0
:104B700040F3D480B5EE408BF1EE10FA40F0C181E5
:104B8000259BBA49CAF80010013301320121072BD5
:104B900026922593CAF8041000F351850AF1080AF9
:104BA0001B9B0E998B4280F2D082109B12991A4463
:104BB000CAE90013259B26920133072B259300F3A6
:104BC00097830AF1080A0E9B5C1E002C7FF7D0AD7C
:104BD000102C259B40F36E851BEE106A102505E016
:104BE0000AF1080A103C102C40F364850133A049F7
:104BF0001032072BCAE90015CDE92532F0DD24AAD1
:104C00003146584603F0EEF800287ED1DDE9253222
:104C10000DF19C0AE6E7069B02995D1A002D7FF7CD
:104C20008EAD102D259B21DD099410261BEE104A18
:104C300004E0103D102D0AF1080A16DD01338C49FD
:104C40001032072BCAE90016CDE92532F1DD24AA7E
:104C5000214658460DF19C0A03F0C4F8002854D1AF
:104C6000103D102DDDE92532E8DC099C8049CAF8A9
:104C7000045001332A44072BCDE92532CAF800102D
:104C800000F32685039B05995D1A002D0AF1080A99
:104C90007FF75BAD102D259B1FDD514610261BEEC7
:104CA00010AA04E0103D102D01F1080114DD0133BC
:104CB0006F481032072BC1E90006CDE92532F1DD3E
:104CC00024AA5146584603F08DF8F0B9103D102D36
:104CD000DDE9253227A9EADC8A4601336449CAF8AE
:104CE00004502A44072BCDE92532CAF8001000F3FE
:104CF000DA810AF1080A28E51BEE101A24AA5846A0
:104D000003F070F800283FF447AD079B002B3FF4F9
:104D1000A2AC07995846FEF765FE9CE40E9B012B5A
:104D200040F37A81259BCAF800400133013201210A
:104D3000072B26922593CAF8041000F3F8810AF194
:104D4000080A1099129801330A44072BCAE9000196
:104D5000CDE9253200F3DD810AF1080AB5EE408B7A
:104D6000F1EE10FA00F077810E9901330139013428
:104D70000A44072BCAF800402593CAF8041026926B
:104D800000F35B810AF1080A1499CAF80410013390
:104D90000A44072B1EA9CDE92532CAF800107FF777
:104DA000E5AC1BEE101A24AA584603F01BF80028A5
:104DB000ABD1269A0DF19C0ADAE4102DDDE925121B
:104DC0002C4E24DD179410231BEE104A084604E0F5
:104DD000103D102D0AF1080A17DD013010320728A6
:104DE000CAE90063CDE92502F2DD24AA214658462E
:104DF0000DF19C0A02F0F6FF002886D1103D102D1F
:104E0000DDE925024FF01003E7DC179C0146013174
:104E10002A440729CDE92512CAF80060CAF80450CF
:104E200000F3BD839DF867100AF1080A5DE4CDF830
:104E300008800A2A71F1000380F045833032012393
:104E4000DDF808808DF83F2105930DF23F1468E6E8
:104E50001BEE101A24AA584602F0C4FF00287FF463
:104E600054AF269A0DF19C0A52E400BFA44E0020D4
:104E7000B0880020144B00201BEE101A24AA5846BC
:104E800002F0B0FF00287FF440AF269A0DF19C0A93
:104E900051E4102C259BBE4E1FDD1BEE108A102501
:104EA00004E0103C102C0AF1080A16DD0133103220
:104EB000072BCAE90065CDE92532F2DD24AA414677
:104EC00058460DF19C0A02F08DFF00287FF41DAFBB
:104ED000103C102CDDE92532E8DC01332244072B9D
:104EE000CAE90064CDE925327FF74BAC1BEE101AFE
:104EF00024AA584602F076FF00287FF406AF269ACF
:104F00003FE41B99002940F35A830C9E0E9B9E425E
:104F1000A8BF1E46002E0BDD259B01333244072B14
:104F2000CAE900462692259300F389860AF1080A09
:104F30000C9D002EA8BFAD1B002D00F303820C9B1F
:104F400018F4806F2344059340F01F821B9B0E9939
:104F50008B4203DB18F0010F00F0CF8410991298F8
:104F60000A44CAE9000125992692013107292591B1
:104F700000F3A5860AF1080A0E996518CC1A059B5C
:104F8000ED1AA542A8BF2546002D0DDDCAF8003058
:104F9000259BCAF8045001332A44072B26922593F7
:104FA00000F3BB860AF1080A002DA8BF641B002C81
:104FB0007FF7DEAB102C259B40F37C831BEE106A41
:104FC000102505E00AF1080A103C102C40F372830A
:104FD000013370491032072BCAE90015CDE925329B
:104FE000F0DD24AA3146584602F0FCFE00287FF48A
:104FF0008CAEDDE925320DF19C0AE5E7302B3FF45C
:105000008BAD3023023804F8013C50AB1B1ADDF89D
:1050100008800593044684E518F0010F7FF482AE02
:10502000259BCAF80040013301320121072B26924B
:105030002593CAF804107FF7A5AE1BEE101A24AA18
:10504000584602F0CFFE00287FF45FAEDDE925323E
:105050000DF19C0A98E60E994C1E002C7FF794AE39
:10506000102C40F361831BEE106A102505E00AF155
:10507000080A103C102C40F3578301334549103285
:10508000072BCAE90015CDE92532F0DD24AA314607
:10509000584602F0A7FE00287FF437AEDDE925323E
:1050A0000DF19C0AE5E71BEE101A24AA584602F0FF
:1050B00099FE00287FF429AE269A0DF19C0AFFF78D
:1050C00044BB029B13F0100340F0C180029A12F01F
:1050D000400200F07A83089850F8042B0890194693
:1050E00092B2012351E418F0100355D118F0400298
:1050F00000F05D83089850F8042B0890194692B28E
:10510000A8E4524261EB4101CDF808802D20012333
:105110003CE41BEE101A24AA584602F063FE002855
:105120007FF4F3ADDDE925320DF19C0A16E61BEEA6
:10513000101A24AA584602F055FE00287FF4E5AD67
:10514000DDE925320DF19C0AFBE518F0010F3FF473
:105150000FAB2AE5089399F80030FFF7CDB950ACB2
:10516000DFE418F4007F40F0DB8353F8042B08934E
:10517000D1170B46FFF7B6BB089B049853F8041BE6
:105180000893C217C1E900024C46FFF78BB900BF74
:10519000144B0020B0880020089B53F8042B089380
:1051A00058E4B4EE488BF1EE10FA80F194860B9B34
:1051B000612B00F05285412B00F0C085039B013329
:1051C0000B9B23F0200500F08084472D04D1039B26
:1051D000002B08BF0123039318EE903A002B48F4EC
:1051E00080724646C0F21886B0EE48AB0023904667
:1051F000099307930B9B413B252B00F29883DFE833
:1052000013F06F0496039603960368046C049603E8
:1052100096039603960396039603960396039603C6
:1052200096039603960396039603960396039603B6
:1052300096039603960396039603960396039603A6
:105240009603960396039603960368046C04089BE2
:1052500053F8042B08930123FFF797BB139B002BF4
:105260003FF4CFA9139B1B78002B3FF4CAA999F8F0
:10527000003048F48068FFF73FB90B93CDF8088001
:10528000FFF7F1BB0B939A4B119318F0200100F03C
:105290000581089B073323F00703596853F8082B4F
:1052A000089318F0010F0AD052EA010307D00B9BB4
:1052B0008DF86930302348F002088DF8683028F402
:1052C000806302930223FFF760BB0B93FFF7B6BB2B
:1052D0000B93884B1193D8E7089B012153F8042BBB
:1052E00002918DF8DC200893059137ACFFF7AFBA37
:1052F0001BEE101A24AA584602F074FD00287FF411
:1053000004AD269A0DF19C0A5DE4039B0794062BDD
:10531000224628BF062303942146CDE90C22764C71
:10532000029305930F92FFF76CBA40215846FCF7A1
:1053300039F920602061002800F00F864023636166
:10534000FFF79EB8102D259B40F35D825146102635
:105350001BEE10AA04E00831103D102D40F35282DC
:10536000013366481032072BC1E90006CDE925322A
:10537000F1DD24AA5146584602F034FD00287FF49E
:10538000C4ACDDE9253227A9E6E70E9BCDF82490D1
:10539000E31803930D9BCDF82880139E059DDDF83F
:1053A0005890DDF83C800B941BEE101A5046002BF1
:1053B00034D0B8F1000F35D10D9B013B013E0D9368
:1053C000159BC0E90039259B01334A44072B2692DF
:1053D00025936CDC0830039B96F800C05B1B63458B
:1053E000A8BF6346002B9A460CDD259C01341A4465
:1053F000072CC0E900532692259400F3778196F894
:1054000000C00830BAF1000FACBFACEB0A04644630
:10541000002C0ADC65440D9B002BCAD1B8F1000FAB
:1054200000F0AC8308F1FF38CAE7102CDDF894C017
:1054300024DD05954FF0100A63460D4604E0103C4C
:10544000102C00F1080016DD01332C491032072B17
:10545000C0E9001ACDE92532F1DD24AA29465846D3
:1054600002F0C0FC00287FF450AC103C102CDDE9A9
:10547000253227A8E8DC2946059D9C460CF101034E
:1054800022444460072B1D4C0460CDE9253200F313
:10549000C68396F800C008306544BCE718F01003D6
:1054A00000F0C280089B53F8042B0893F9E624AA65
:1054B0005846059102F096FC00287FF426AC269A07
:1054C000059927A887E70298CDF81CA050AC00F4F6
:1054D000806000250AEE10BA094BDDF84CA0CDF82B
:1054E0001490A3464FF00508AC46044610E000BFF8
:1054F000E4420020F84200200C430020B088002045
:10550000CDCCCCCC0A2A71F1000136D34A463146C3
:10551000501840F10000A3FB005626F0030505EBF0
:105520009605401B151A4FF0CC3661F1000E06FBB4
:1055300005F6A5FB039503FB0E6609F0010E2E444C
:10554000AEFB085E2D184FEA590930350BF8015CA7
:1055500049EAC6790CF1010C0BF1FF3B7608002CEF
:10556000D0D09AF800008445CCD1BCF1FF0FC9D04F
:105570000A2A71F1000180F08F815C4650AB1B1B41
:10558000DDF81490CDF84CA01AEE10BADDF81CA08E
:10559000DDF80880CDF838C00593FFF7C2BA1BEEDE
:1055A000101A24AA584602F01DFC00287FF4ADAB67
:1055B0009DF86710269A0DF19C0AFFF796B8259B77
:1055C000BE48CAF80000013301320120072B2692A1
:1055D0002593CAF8040000F377810AF1080A00292C
:1055E00040F0AF800E9908F001030B433FF4C0A8D0
:1055F000109B12991A44CAE90013259B2692013385
:10560000072B259300F352820AF1080A0E99CAF873
:10561000004001330A44072BCDE92532CAF80410B3
:105620007FF7A4A8FFF7BDBB18F0400200F0DD80B3
:10563000089850F8042B0890194692B231E61BEEF8
:10564000101A24AA584602F0CDFB00287FF45DAB67
:10565000269A0DF19C0AFFF7A3BA22AE0822002178
:1056600030461D94FDF7A0FE039B5A1C00F0DB8022
:105670000025CDF80890CDF81C809946A8460CE08E
:1056800037A9584601F0C6FB431C404400F0C883CC
:10569000484508DC00F0188480461D9A525933466C
:1056A0000435002AECD1CDF81480DDF80890DDF83F
:1056B0001C80C5E001338249CAF804402244072B0C
:1056C000CAF80010CDE925327FF750A8FFF769BB73
:1056D0001BEE101A24AA584602F084FB00287FF41F
:1056E00014AB269A0DF19C0AFFF729B824AA584654
:1056F000059102F077FB00287FF407AB96F800C015
:10570000269A059927A87DE6012BCDF808807FF41D
:10571000F3A9FFF793BB089B049953F8042B4C465D
:1057200011600893FEF7BEBE01336549CAF8044014
:105730002244072BCDE92532CAF800107FF722ABAF
:105740007BE4109B12981A44CAE90003259B269219
:105750000133072B259300F3A9810AF1080A0029D8
:10576000BFF654AF4D42103180F20F831BEE101A7A
:10577000102605E00AF1080A103D102D40F30583BC
:1057800001334F481032072BCAE90006CDE9253214
:10579000F0DD24AA5846039102F024FB00287FF490
:1057A000B4AADDE9253203990DF19C0AE4E7089BD0
:1057B00018F400711ABF114653F8042B53F8042B48
:1057C000089318BFD2B2FFF745B9029B13F40071DA
:1057D000089B1ABF114653F8042B53F8042B089367
:1057E00018BFD2B20123FFF7D0B8089B18F400719C
:1057F0001ABF114653F8042B53F8042B089318BF13
:10580000D2B24EE58A4601332D49CAF804502A44E3
:10581000072BCDE92532CAF8001000F339810AF1CF
:10582000080AFFF78CBB0023194600961DAA5846AC
:1058300001F016FB03460133059000F0F1821D9440
:10584000059B002B4ED0632B00F318810023079398
:1058500037AC082200213046FDF7A6FD059D0096D5
:105860002B461DAA2146584601F0FAFA854240F01F
:105870007C83059A0023A35422EAE272CDE90C331B
:105880009DF86710039302920F93FEF7BABF2D2184
:105890008DF86710FEF7A4BF169B1599ABEB030BB1
:1058A0001A465846FDF718FE9AF80120054B0AB132
:1058B0000AF1010A4FF0000C28E600BFA44E0020B8
:1058C000B0880020CDCCCCCC1BEE101A24AA5846B0
:1058D00002F088FA00287FF418AA1B99269A0DF185
:1058E0009C0A7CE6059B9DF867100F93CDE9023377
:1058F000CDE90C330793FEF784BF0E990598651820
:105900002D1ACC1AA542A8BF2546FFF74DBB089B10
:10591000049953F8042B089311804C46FEF7C2BD3E
:1059200013F9042B0893D1170B46FEF7DBBF039A3C
:10593000022122AB01931DAB009358461BABB0EE86
:105940004A0B029201F0C4FB472D029A044600F074
:105950006181462D104405D12378302B00F06F82F1
:105960001B9A1044B5EE40ABF1EE10FA40F04681C0
:1059700003461B1B0E93472D00F01081462D00F0AF
:10598000B5811B9B0C930C9B412D03F1FF331B93A3
:1059900000F0E5819DF82C200021002BB8BF0C9B66
:1059A0008DF87820BABFC3F101032D222B22092BD9
:1059B0008DF8792040F3DA810DF18F05DFF81CC4F2
:1059C0002A4610468CFB0321DA17C2EBA10202EB38
:1059D0008201A3EB4101303100F8011C1946632913
:1059E000134600F1FF32ECDC3033D9B2831E9D4206
:1059F00002F8011C40F28B8213460DF17A0201E09D
:105A000013F8011B02F8011B9D42F9D10DF191031E
:105A10000DF17A021B1A13441EAA9B1A14930E9BB3
:105A2000149A012B1A44059240F30382059B109AA5
:105A30001344059326F48063059A43F48078002389
:105A4000CDE90C3322EAE2720F930292099B002BFC
:105A500040F0B1809DF867100393FEF7D2BE204658
:105A6000FDF7BEFE02460590FEF720BF1BEE101AA2
:105A700024AA584602F0B6F9FEF7EDBD591C584667
:105A8000FBF790FD0446002800F0CA810790E0E68D
:105A90001BEE101A24AA584602F0A4F900287FF43D
:105AA00034A9269A0DF19C0AFFF749BA1BEE101A89
:105AB00024AA584602F096F900287FF426A9DDE9C9
:105AC00025321B990DF19C0A49E606230393FFF743
:105AD00083BB039B02215A1C2BE7039A032128E76F
:105AE0001BA8B0EE4A0B01F0C7F9B4EE007B20EE24
:105AF000070BB5EE400BF1EE10FA01D101231B9319
:105B0000B348039BB3EE005B013B224604E0B5EED5
:105B1000400BF1EE10FA13D020EE050BFDEEC07B2A
:105B2000B3F1FF3F17EE901A415CB8EEE76B944675
:105B300030EE460B02F8011B194603F1FF33E6D1A4
:105B4000B6EE006BB4EEC60BF1EE10FA00F348812E
:105B5000B4EE460BF1EE10FA04D117EE903ADB07E3
:105B600000F13E81002906DB4B1C1344302102F872
:105B7000011B9342FBD1131B0E93FCE60B9C0E9B67
:105B8000DDF82490DDF828801396E3189D4229461D
:105B900028BF194682460591FFF7D8B91B9B0C9385
:105BA000DA1C02DB039A93420CDD0B9B023B0B9346
:105BB00023F02005E7E62D2100238DF867100393DD
:105BC000FEF722BE0C9B0E9A9342C0F2BD80F007F6
:105BD0000C9B40F13281109A13440593710503D553
:105BE0000C9B002B00F33581059B23EAE3730293A2
:105BF00067230B9300230F930D9327E7229B834288
:105C0000BFF4B7AE30215A1C22921970229B9842E1
:105C1000F9D8AEE6F30700F1A780229BA9E624AAF3
:105C20005846059102F0DEF800287FF46EA896F839
:105C300000C0269A059927A86544FFF7ECBB1BEE28
:105C4000101A24AA584602F0CDF800287FF45DA867
:105C5000269A0DF19C0AFFF76BB978238DF869300D
:105C600030238DF86830039B632B48F0020600F365
:105C7000A6800023079337AC18EE903A002B48F427
:105C800081782BDBB0EE48AB0B9B23F02005002383
:105C900009930B9B612B7FF4ADAAB0EE4A0B1BA8B6
:105CA00001F0EAF8B4EE007B20EE070BB5EE400BF6
:105CB000F1EE10FA01D101231B93464821E71BEEB8
:105CC000101A24AA584602F08DF800287FF41DA867
:105CD0001B9B269A0DF19C0AFFF74EB90B9B23F0F4
:105CE00020052D230993B1EE48ABD2E71B9A0C9205
:105CF000002A06F0010340F30D8103990B4340F0A5
:105D0000CF800C9B059366230B93720500F1A38053
:105D1000059B23EAE37302936CE71BEE101A24AA97
:105D2000584602F05FF800287EF4EFAF1B9C0E9BF4
:105D3000269A1C1B0DF19C0AFFF736B958238DE7F4
:105D400000220392FEF7DABB0E9B109A9A180C9B66
:105D50000592002B40F3AB8067230B93D5E70B9A9A
:105D60000F32D2B2012118E6A018FBE5002940F05D
:105D7000A88030228DF87A200DF17B02303302F8B2
:105D8000013B1EABD31A149349E601331249CAF8FA
:105D900004502A44072BCDE92532CAF800107FF7BA
:105DA00033AC1BEE101A24AA584602F01BF8002848
:105DB0007EF4ABAFDDE925320DF19C0A26E4591CD7
:105DC0005846FBF7EFFB044650B3079054E700BF7B
:105DD000F8420020E4420020B08800206766666632
:105DE000CDF888C012F8011C90F80FC06145134629
:105DF0000AD14FF0300E03F801EC229B591E22917C
:105E000013F8011C8C45F6D0392916BF0131817A6F
:105E1000C9B203F8011CAEE600239046079360E781
:105E20001BEE102AB2F90C3043F040039381FEF7C9
:105E300016BCF5077FF5FEADF8E50593CEE6B5EEA9
:105E400040ABF1EE10FA3FF48BADC2F101021B92B0
:105E500087E567230B9313990B78FF2B79D00025E7
:105E60000C9A284603E001300131FF2B08D0934201
:105E700006DAD21A4B78002BF5D10B780135F4E70E
:105E80000C9213910D900F950F9A0D9B1699134438
:105E9000059A01FB0323059323EAE3730293D5E5F7
:105EA000109BD3181944662305910B932DE7C3F17A
:105EB00001031A4422EAE2730293672305920B93CB
:105EC00098E60DF17A0259E7039BDDF80890DDF8BA
:105ED0001C800593B4E418EE903A002BB4BF2D213A
:105EE0009DF86710254C264BB8BF8DF8671028F039
:105EF0008008FEF779BC039B0293059373239DF8FA
:105F0000671003900F900D900B93FEF77ABC02235D
:105F1000149384E5039A134305D101236622029367
:105F20000B92059366E6109B01331A4422EAE27352
:105F30000293662305920B935CE6089A99F8013068
:105F4000894652F8041B089241EAE1710391FEF779
:105F5000D3BA00230F930D9396E70C23CBF80030B0
:105F60004FF0FF330493FEF781BB1BEE102A938999
:105F700043F040039381FEF7C8BE00BFE04200201B
:105F8000143B0020436C70B505460C464BB153F8EA
:105F9000240080B1026843F824200023C0E90333C1
:105FA00070BD2122042100F0C3FF0346686400286D
:105FB000EDD1002070BD012101FA04F6721D92009E
:105FC000284600F0B5FF0028F3D0C0E90146E4E719
:105FD00031B1436C4A6853F82200086043F822103C
:105FE000704700BF2DE9F0410E6980460F461D46FF
:105FF00001F1140E0020DEF800108CB202FB0453F5
:10600000090C4FEA134C02FB01CC01309CB204EBAB
:106010000C4486424EF8044B4FEA1C45EBDC3DB184
:10602000BB68B34207DD07EB860301365D613E6165
:106030003846BDE8F081796840460131FFF7A2FF9C
:106040000446B0B13A69023207F10C0192000C30FB
:10605000F6F73EFED8F844307A6853F822103960DB
:1060600043F82270274607EB860301365D613E61E7
:10607000DEE7034B03482246BA2100F039FF00BF98
:10608000483F0020C84000202DE9F8431746274A22
:106090001E4608330C46092E82FB03124FEAE373B7
:1060A0000546C3EB620339DD4FF0010C00214FEAD6
:1060B0004C0C634501F10101F9DC2846FFF762FF52
:1060C000014668B3089B4361092F4FF00103036148
:1060D00012DC0A340927BE420BDDF21BA61814F8A5
:1060E000013B0A22303B2846FFF77CFFA6420146CF
:1060F000F5D10846BDE8F88304F10909C8463C44D7
:1061000018F8013B0A22303B2846FFF76BFFA045F9
:106110000146F5D1A7F108044C44DCE70021CCE7A7
:106120000A46034B0348D32100F0E2FE398EE338E0
:10613000483F0020C8400020030C1B04D3B90004D2
:10614000102310F07F4F04BF0002083310F0704F8F
:1061500004BF0001043310F0404F04BF800002333D
:10616000002805DB10F0804F03F1010308BF202356
:10617000184670470023E4E7036813F0070208D0CD
:10618000D9071FD49A0722D55B0803600122104665
:10619000704799B209B91B0C1022D9B209B908325B
:1061A0001B0A190704BF1B090432990704BF9B0887
:1061B0000232D90703D45B0802F1010205D0036063
:1061C000104670470022104670472022DFE79B08E8
:1061D000022203601046704738B5436C04460D46F2
:1061E0004BB15868B0B102685A6000220123C0E97F
:1061F0000435C26038BD2122042100F099FE034617
:1062000060640028EDD1094B0948002240F2451195
:1062100000F06EFE1C220121204600F089FE0028BD
:10622000F1D001220223C0E90123DEE7483F00202C
:10623000C84000202DE9F04F0E691569AE4285B0C7
:106240008846144605DB2A46234635460C46164644
:106250009846A3686168AF19BB42B8BF0131FFF728
:1062600091FE0190002800F08780019B03F1140942
:1062700009EB870AD14505D24B46002243F8042B8F
:106280009A45FBD808F1140808EB860B04F11403B7
:10629000D8451A4603EB85055FD22B1B153B23F02F
:1062A000030304331534A54238BF0423CDE902A704
:1062B000AC461F46924605E0090C29D1C34509F1B9
:1062C000040948D958F8041B8DB2002DF4D0564665
:1062D0004C46002356F8041B22681FFA81FE90B238
:1062E000090C05FB0E00120C034405FB012202EB16
:1062F00013429BB243EA0243B44544F8043B4FEADD
:106300001243E7D849F8073058F8041C090CD5D0D7
:10631000D9F8003050461A464C4600260588120C23
:1063200001FB052216449BB243EA064344F8043BB2
:1063300050F8045B22682D0C93B201FB053303EB8C
:10634000164384454FEA1346E8D8C34549F8073059
:1063500009F10409B6D8DDE902A7002F02DC05E047
:10636000013F03D05AF8043D002BF9D0019B184699
:106370001F6105B0BDE8F08F034B0448019A4FF44C
:10638000B17100F0B5FD00BF483F0020C8400020BB
:1063900012F003032DE9F0411446064632D10D46B2
:1063A000A41020D0D6F84080B8F1000F33D0E30716
:1063B0004FF0000707D4641015D0D8F80000A8B13A
:1063C0008046E307F7D5424629463046FFF732FFBD
:1063D000B5B16968736C641053F821202A6043F8E2
:1063E00021500546E9D12846BDE8F08142464146A4
:1063F0003046FFF71FFFC8F8000007608046E0E75F
:106400000546D8E7013B0F4A52F823200023FFF747
:10641000E9FD0546C4E701213046FFF7B3FD80469C
:1064200040B1012340F27122C0E9043200233064FC
:106430000360BCE7044B0548424640F2451100F0BA
:1064400057FD00BF70550020483F0020C840002085
:106450002DE9F0470D4614462F69AB68496807EBF4
:1064600062177E1C9E4280464FEA621904DD5B0083
:106470009E4201F10101FADC4046FFF783FD8446AC
:10648000002852D0B9F1000F00F114020EDD09F11D
:1064900005014FEA810E134600EB8101002043F80D
:1064A000040B8B42FBD1AEF114031A44296905F1A8
:1064B000140314F01F0E03EB81012ED0CEF120093E
:1064C00010464FF0000A1C6804FA0EF444EA0A046D
:1064D00040F8044B53F8044B994224FA09FAF2D8D5
:1064E0004B1B153B23F00303043305F115008142D8
:1064F00038BF0423BAF1000F18BF374642F803A093
:10650000D8F844306A68CCF8107053F8221029602B
:10651000604643F82250BDE8F087043A53F8040B74
:1065200042F8040F9942F9D8EAE7034B0348624660
:106530004FF4EF7100F0DCFC483F0020C840002021
:106540000B6984460069C01A16D10CF1140C143181
:106550000CEB830210B401EB830301E0944508D2F5
:1065600052F8044D53F8041D8C42F7D005D24FF079
:10657000FF305DF8044B7047704701205DF8044B15
:10658000704700BF2DE9F84F0F691369FF1A002FFC
:106590000E4690467FD101F11405143202EB8302BE
:1065A00005EB830301E09D4278D253F8041D52F8B5
:1065B000044DA142F7D069D37168FFF7E3FC81462F
:1065C000002877D03569D8F81020C76008F1140E7C
:1065D00006F1140009F1140A06F110010EEB820213
:1065E00000EB850756464FF0000C5EF8044B51F85F
:1065F00004BFA3B21CFA8BFCACEB03034FEA144CB0
:10660000CCEB1B4C0CEB234C9BB243EA0C43724586
:1066100046F8043B4FEA2C4CE7D8A2EB08011539A9
:1066200008F11508424521F0030404F1040438BFC1
:106630000424204421F0030238BF00228742524440
:10664000544418D92646014651F8043B1CFA83FCF1
:106650004FEA2C4202EB13421FFA8CFC4CEA024335
:106660008F4246F8043B4FEA224CEDD8013F3F1AD7
:1066700027F00307E21923B952F8043D013D002B2E
:10668000FAD0C9F810504846BDE8F88F33460127C4
:106690004646984690E7F9DB00278DE70021FFF793
:1066A00071FC814668B101220023C9E904234846F0
:1066B000BDE8F88F064B07484A4640F2452100F0F6
:1066C00017FC034B03484A4640F2372100F010FC08
:1066D000483F0020C840002082B08DED000B164BD3
:1066E000019A1340A3F15073002B06DD00221946D6
:1066F000104641EC100B02B070475B42B3F1A07F33
:106700004FEA235209DA4FF40023134100221946BD
:10671000104641EC100B02B07047A2F114031E2B7F
:10672000DABF4FF00042DA4001220023194610463A
:1067300041EC100B02B070470000F07FF8B504691F
:1067400000F1140606EB8404271F54F8045C284665
:10675000FFF7F2FCC0F120030A280B601BDDBE42EC
:106760000BD20B3854F8081C2ED145F07F5343F45C
:1067700040130A4643EC102BF8BDB0F10B01F4D0E6
:1067800005FA01F141F07F53002143F440130A461A
:1067900043EC102BF8BDC0F10B0C25FA0CF1BE42F6
:1067A00041F07F5338BF54F8081C00F1150034BF86
:1067B00021FA0CF1002105FA00F0014343F44013E3
:1067C0000A4643EC102BF8BDC0F1200C854021FA9D
:1067D0000CF345EA0307A4F10805AE4201FA00F103
:1067E0003CBF54F80C0C20FA0CF047F07F5338BF34
:1067F000014343F440130A4643EC102BF8BD00BF9D
:106800002DE9F043884683B0012157EC106B154603
:10681000FFF7B8FB0446002851D0C7F30A59C7F365
:106820001303B9F1000F01D043F48013002E01933C
:1068300018D101A8FFF7A0FC019A6261012200F1C2
:1068400020032261B9F1000F25D0A9F2334909EBE9
:1068500003022046C3F13503C8F800202B6003B0C3
:10686000BDE8F08368460096FFF786FC034610B348
:10687000DDE90002C3F1200102FA01F10143DA402F
:1068800061610192002AA26114BF022201222261E9
:10689000B9F1000FD9D1A3F23243C8F8003004EBAC
:1068A00082031869FFF748FCC0EB421320462B60B7
:1068B00003B0BDE8F083009A6261019AE2E7034BFE
:1068C0000348224640F20F3100F012FB483F0020FF
:1068D000C8400020F0B583B00E4669460746FFF772
:1068E0002DFF01A9304655EC104BB0EE407BFFF771
:1068F00025FF33693A69D21ADDE900315B1A03EBEF
:106900004213002B09DD17EE902A02EB035545ECEC
:10691000174B87EE000B03B0F0BD10EE902A51EC40
:10692000100BC3EB033302EB035141EC100B87EE6A
:10693000000B03B0F0BD00BF0139491101F1010C9A
:10694000116902F1140303EB81018B4200EB8C0C03
:1069500017D210B5A0F1040E53F8044B4EF8044FB3
:106960009942F9D88A1AA2F1150323F003030433DC
:106970001844844504D9002340F8043B8445FBD8DF
:1069800010BD844505D9002340F8043B8445FBD85D
:106990007047704703694A11934200F1140009DA05
:1069A00000EB830302E053F8042DC2B98342FAD806
:1069B0000020704710DD11F01F010DD010B450F809
:1069C000224000EB820324FA01F28A4094420CD068
:1069D00001205DF8044B704700EB8203E6E70120DD
:1069E000704753F8042D002AF2D18342F9D80020D1
:1069F0005DF8044B704700BF70B500294BD00646C8
:106A00000C4610B1436B002B48D0636ED80734D5C9
:106A1000B4F90C30002B3ED02146304600F050F83F
:106A2000E36A054633B1E169304698470028B8BFAC
:106A30004FF0FF35A3891A063CD4216B41B104F114
:106A40004003994202D03046FCF7CCFF0023236379
:106A5000616C21B13046FCF7C5FF00236364FCF78D
:106A600093FB636E0022DB07A2811FD5A06DFCF7AC
:106A70005BFEFCF78FFB284670BDA3899905CBD43C
:106A8000A06DFCF753FEB4F90C30002BC4D1656E39
:106A900015F0010505D00025284670BDFCF756FB12
:106AA000B3E7A06DFCF744FE284670BDA06DFCF76F
:106AB0003FFEDBE721693046FCF794FFBDE700BFEE
:106AC000B1F90C202DE9F0410C461107804647D45E
:106AD000636842F40062002BA2815EDDA56A002D8E
:106AE00058D00023D8F80060C8F8003093B212F4F0
:106AF000805256D10123E1694046A847431C67D024
:106B0000A389A56A5F0705D56368C01A236B0BB11B
:106B1000E36BC01AE169024600234046A847411CC6
:106B200041D1D8F80030002B3DD01D2B01D0162BC1
:106B300056D1A3892269226023F400630021616099
:106B4000A381216BC8F8006021B304F1400399428E
:106B500002D04046FCF746FF00202063BDE8F081EC
:106B60002669BEB193B2256826609A070CBF636997
:106B70000023AD1BA3600BE02B463246E169676A38
:106B80004046B847B0F1000CA5EB0C05664417DD94
:106B9000002DF1DC0020BDE8F081E36B002B9DDCD3
:106BA000F8E7206DAEE7B4F90C302269226023F4D7
:106BB0000063A3810022DB046260C2D52065C0E7C8
:106BC000A38943F040034FF0FF30A381BDE8F0817B
:106BD000D8F80030002B93D01D2B06D0162B04D0F4
:106BE000A38943F04003A381D5E7C8F80060D1E74B
:106BF00038B50C46054608B1436B03B3B4F90C0035
:106C000088B1636EDB0701D481050FD52846214684
:106C1000FFF756FF636EDA07054602D4A3899B058A
:106C200008D5284638BD0546284638BDA06DFCF776
:106C30007DFDEBE7A06DFCF77BFD284638BDFCF73A
:106C400085FADBE710B50C46B1F90E1000F07AF8C2
:106C5000002803DB236D0344236510BDA38923F4BF
:106C60008053A38110BD00BF2DE9F0410C46B1F95E
:106C70000C101F46CB05054616460BD421F4805157
:106C8000A1813B46B4F90E1032462846BDE8F041DA
:106C9000FCF7AABCB4F90E100223002200F03CF865
:106CA000B4F90C10EAE700BF10B50C46B1F90E10AC
:106CB00000F032F8A389421C0EBF23F4805343F442
:106CC00080532065A38110BDB1F90E1000F012B8F9
:106CD00049B1FF2A02D80A70012070478A23036055
:106CE0004FF0FF3070470846704700BF00487047BC
:106CF000FC93002038B5074D0022044608462A6060
:106D0000F6F718FC431C00D038BD2B68002BFBD0D5
:106D1000236038BD5000012038B50C46084D84462C
:106D2000114620461A4600232B606446F6F70EFCF7
:106D3000431C00D038BD2B68002BFBD0236038BD2E
:106D40005000012038B50C46084D844611462046B7
:106D50001A4600232B606446F6F7EAFB431C00D07A
:106D600038BD2B68002BFBD0236038BD50000120BC
:106D70002DE9F0430E46264987B00F680446904639
:106D80001D4653B305AA3346019203212246CDF88E
:106D90000080384600F09CF9059B32689842844692
:106DA000C2F10002294609D2101A1CF8013B01F871
:106DB000013B059B634500EB0C02F6D8944224DDB1
:106DC000A21A0A44302301F8013B9142FBD100236F
:106DD0001370284607B0BDE8F083BA6C00F12303B6
:106DE0009A4201DDFD6CCDE700F12409F96C4A46B9
:106DF00038468DED020BFAF79DFE05460028E8D0D7
:106E0000C7E912909DED020BBCE70A46DFE700BF21
:106E10009498002070B5054684B05BB11C4669B1FA
:106E20000E4B2846D3F8E0602346B047431C0FD0F2
:106E300004B070BD00F582740029F1D1074A2346E1
:106E4000D2F8E06028460A4601A9B047431CEFD1BA
:106E500000228A2322602B6004B070BD0C930020B6
:106E600010B582B0049CCDE900344FF0FF3302F03E
:106E700069FB02B010BD00BF30B482B08DED000BD5
:106E8000019A194C22F000430021A342016021DC49
:106E9000009C1C431ED0154C144054B99FED107B30
:106EA00020EE077B8DED007B019A6FF0350122F01B
:106EB000004322F0FF42DDE9004522F4E00242F007
:106EC0007F551B1545F40015A3F2FE33CDE90045AF
:106ED0000B4403609DED000B02B030BC704700BF57
:106EE0000000000000005043FFFFEF7F0000F07F34
:106EF00000B50B4C25681446EE681A4685B003466B
:106F00000D464CB107490095CDE9011430460649BC
:106F100000F054FFF6F720FB04490C46F3E700BFEE
:106F200094980020083F0020183F0020603A00207D
:106F300038B5A1FB02148CBBFAF734FB0546E0B16F
:106F400050F8042C22F00302043A242A17D8132AFA
:106F50001AD91B2AC0E900441DD9242A14BF00F104
:106F6000100200F118024FF00003C0E9024404BF10
:106F700004614461C2E900339360284638BD21466C
:106F8000FCF712FA284638BD02460023C2E9003356
:106F90009360284638BD00F10802F6E7FCF73AFB9B
:106FA0000C2300250360E8E72DE9F04F03690C6925
:106FB000A34283B0C0F28780013C01F11405A30015
:106FC00000F11408009355F8243058F824200133B8
:106FD00081469A4208EB840005EB84070190B2FBDE
:106FE000F3F63BD34FF0000CAE464046E246634614
:106FF0005EF804BB02681FFA8BFC06FB0C334FEAF9
:10700000134C4FEA1B4B06FB0BCC9BB2AAEB0303C2
:107010001FFA8CFA13FA82F3CAEB124202EB2342F4
:107020009BB243EA0243774540F8043B4FEA224AC9
:107030004FEA1C43DCD2009B58F8033073B9019B24
:10704000043B984504D307E0984504F1FF3403D28C
:1070500053F80429002AF7D0C9F810404846FFF732
:107060006FFA00282BDB01364146002355F8040B4C
:10707000D1F800C082B29A1A030C12FA8CF2C3EB58
:107080001C4303EB224392B242EA0342AF4241F86F
:10709000042B4FEA2343E9D258F8242008EB840359
:1070A0006AB9043B984504D307E0984504F1FF34DE
:1070B00003D253F80429002AF7D0C9F8104030460B
:1070C00003B0BDE8F08F002003B0BDE8F08F00BF33
:1070D0002DE9F04F2DED028B8FB08DED020B01915C
:1070E000816B1A9D059357EC106B0446934641B192
:1070F000C26B4A60012393408B60FEF769FF002357
:10710000A363B7F10008B4BF012300232B60BE4B7B
:10711000BCBF28F00048CDF80C8033EA080300F02B
:107120009F809DED028BB5EE408BF1EE10FA11D1F0
:10713000059A012313601B9B002B00F03F82B34B89
:107140001B9A1360013B009300980FB0BDEC028BBB
:10715000BDE8F08F0CAA0DA92046B0EE480BFFF752
:107160004FFB5FEA1853054640F09280DDE90C13AF
:107170000B4403F23242202A40F3FA82C2F1400269
:1071800008FA02F803F21242D64048EA060207EE75
:10719000102AB8EE477B581E17EE906A53EC172B57
:1071A0004FF0010AA6F1F8739FED913B9FED927BA2
:1071B0009FED935B06EE900A43EC122BB8EEE64B84
:1071C000B7EE086B32EE466BA6EE037BA4EE057BB2
:1071D000FDEEC76BB5EEC07BF1EE10FA16EE907ABD
:1071E00008D5B8EEE66BB4EE476BF1EE10FA18BFB7
:1071F00007F1FF37162F00F24581854B03EBC703DC
:1072000093ED007BB4EEC78BF1EE10FA57D5091A57
:107210000023B1F1010807F1FF370A9300F139812A
:1072200000230693002F52DA069B0497DB1B06937C
:107230007B420893019B092B4FF000074ED8052B8A
:1072400040F39D82043B01930026019B9A1E032A72
:1072500000F22581DFE812F0AA03A7039D037E0355
:10726000059AC8F3130842F20F7358EA0608136030
:107270001ED11B9B002B00F09185664B00930833B9
:107280001B9A009813600FB0BDEC028BBDE8F08F25
:1072900018EE906AC6F31306A3F2FF3053EC182BD6
:1072A00046F07F530C994FF0000A43F440137BE7FC
:1072B0001B9B002B40F03B83574B009344E7091A7C
:1072C0000023B1F101080A9300F1E3800693002343
:1072D0000893019B0497092BB844B0D900230126D9
:1072E000019307964FF0FF399B460021E163CDF8EB
:1072F0002C902046FEF746FE0090002800F04085C6
:10730000009BA363B9F10E0F00F2DC80002E00F0A9
:10731000D980049B002B40F3DE833D4A03F00F012C
:1073200002EBC10292ED007B1A11DB0540F1828372
:107330003A4991ED086B02F00F02032088EE065BDC
:107340005AB13649D60704D591ED006B013027EECE
:10735000067B521001F10801F4D185EE076B0A9B00
:107360003BB1B7EE007BB4EEC76BF1EE10FA00F163
:10737000AE8407EE900AB8EEE75BB1EE0C7BA5EEAB
:10738000067B17EE902A51EC170BA2F15071B9F160
:10739000000F00F08883049E4A46079B002B00F0F4
:1073A0004784B6EE003B1A4BFDEEC64B03EBC20C16
:1073B000B8EEE47B36EE477B1CED026B83EE065B9A
:1073C00041EC160B14EE900A35EE465B0099B4EED4
:1073D000C75B3030F1EE10FA01F8010B00F3AC841A
:1073E000B7EE002BB2EE044B4FF0000C31E000BFC3
:1073F00061436F63A787D23FB3C8608B288AC63FBB
:10740000FB799F501344D33F0000F07FA54E00202E
:10741000C81800205842002064420020A018002014
:107420000CF1010C94454DDA27EE047B25EE045B4C
:10743000FDEEC76B16EE903AB8EEE63B303337EE12
:10744000437BB4EEC57BF1EE10FA01F8013B00F18D
:10745000738432EE476BB4EEC56BF1EE10FADFD5F4
:10746000009A049602E08A4200F05084894611F89E
:10747000013D392BF7D00133DBB20B70049B013394
:10748000049355E1091A0123B1F101080A937FF52C
:10749000C7AEC1F1010306934FF00008C2E6002613
:1074A000E66331462046FEF76DFD0090002800F0AF
:1074B0006784009BA3634FF0FF330B93994601232E
:1074C000B34607930D9A002A55DB04990E2952DC26
:1074D000B74BBBF1000F03EBC10393ED006B15DA63
:1074E000B9F1000F12DC40F0F282B1EE047B26EE1F
:1074F000077BB4EEC78BF1EE10FACA464E4600F297
:107500006D82DDF800806FEA0B0B70E288EE067B7F
:10751000BDEEC77B009917EE103AB9F1010F03F1E8
:107520003003B8EEC75B01F8013BA5EE468B00F0D7
:107530003483B2EE044B012311E088EE067BBDEEEE
:10754000C77B013317EE102A4B4502F13002B8EE2B
:10755000C75B01F8012BA5EE468B00F01E8328EED9
:10756000048BB5EE408BF1EE10FAE6D1049B0133AB
:1075700004938946DCE0079B43B3019B012B40F356
:107580007682089B09F1FF3A534580F23F82089BBF
:10759000CDF820A0AAEB030217444FF0000AB9F17E
:1075A000000FC0F22583069B09934B44C844069301
:1075B00001212046FEF710FE06460CE07D4B0093AD
:1075C00000980FB0BDEC028BBDE8F08F069BDDF894
:1075D00020A0079E0993099B6BB1B8F1000F0ADD4B
:1075E000434506991A46A8BF4246891A9B1A069136
:1075F0000993A8EB0208089B63B1079B002B00F0DE
:10760000A782BAF1000F00F30482089BB3EB0A02D1
:1076100040F0FF8201212046FEF7DEFD002F82466A
:1076200000F3AF80019B012B40F387810023089377
:107630000120002F40F0B180404410F01F0000F006
:107640007A81C0F12002042A00F3888040F0F6819C
:10765000069B002B05DD29461A462046FEF7F8FE5C
:107660000546B8F1000F05DD514642462046FEF7BB
:10767000EFFE82460A9B002B40F03F81B9F1000FDC
:1076800040F32581079B002B40F0A380049B01332E
:107690000493DDF80080012707E0294600230A2231
:1076A0002046FEF79FFC0137054651462846FFF766
:1076B0007BFCB94500F1300008F8010BEDDCB9F1B5
:1076C000000F009ACCBFCB464FF0010B034693440A
:1076D00000272946012220460193FEF7B9FE5146B4
:1076E0000546FEF72DFF002840F3AF811BF8013C53
:1076F000009A0BF1FF3B04E05A4500F0B1811BF802
:10770000013D392B0BF10109F6D001338BF8003024
:1077100051462046FEF75CFC56B12FB1B74203D06C
:1077200039462046FEF754FC31462046FEF750FC11
:1077300029462046FEF74CFC002389F80030DDE99D
:1077400004231A601B9B002B3FF4FEAC0098C3F887
:1077500000900FB0BDEC028BBDE8F08FC0F11C00B3
:10776000069B03440693099B0344099380446FE7F7
:10777000C2F1200206FA02F207EE102A09E50126FC
:1077800063E501463A462046FEF702FE019B012BC7
:10779000824640F3C58100230893DAF810200AEBF3
:1077A00082021069FEF7C8FCC0F1200044E700BF68
:1077B000C8180020A44E0020314600230A2220468B
:1077C000FEF710FC0B9B002B064640F3CE8204977D
:1077D0009946099B002B05DD31461A462046FEF7E7
:1077E00037FE0646089B002B40F0EB81B046029B1B
:1077F000009F03F001027B1E4B440893019B0A92F9
:107800001343099351462846FFF7CEFB3146834682
:107810002846FEF795FE4246514681462046FEF731
:10782000B1FEC26801460BF13003002A42D1CDE916
:1078300006032846FEF784FE069902902046FEF7CE
:10784000C7FB029A079B1AB90999002900F07E82AA
:10785000B9F1000FC0F28381019949EA01090A993F
:1078600051EA090900F07B81002A00F3C681089AD9
:107870003B7007F101099742CB4600F0C4812946CD
:1078800000230A222046FEF7ADFB46450546314659
:107890004FF000034FF00A02204612D0FEF7A2FB81
:1078A0004146064600230A222046FEF79BFB4F4630
:1078B0008046A7E720460293FEF78AFB029B01223F
:1078C000C6E7FEF78FFB4F46064680469AE7019BC8
:1078D000022B71DC079B002B7FF47BAF049B51468E
:1078E000013328460493FFF75FFBDDF800B000F199
:1078F00030030BF8013B0027EBE651462846FEF724
:107900001FFE0028BFF6BAAE294600230A222046F1
:10791000FEF768FB049B5F1E079B0546002B7FF468
:107920004BAF0B9B002B40F318829946B1E6BC4B42
:1079300000930333A4E41C2012E7DDE902010028D0
:107940007FF474AEC1F31302002A00F0F480029BAE
:1079500008936DE601230793049B5B4403F101093F
:10796000B9F1010FCC460B93B8BF4FF0010C0021C9
:10797000BCF1170FE1637FF7BCAC01200422520079
:1079800002F114036345014600F10100F7D9E163F8
:10799000AFE401230793BBF1000F52DDCDF82CB00B
:1079A000D946DC46E3E700230793D5E70023079396
:1079B000F1E7DDF82C900497B9F1000F7FF4A1AD49
:1079C00051464B4605222046FEF70CFB01468246F7
:1079D0002846FEF7B5FD00287FF793AD049B03F121
:1079E000010B009B3122984603F8012B009351466E
:1079F0002046FEF7EDFA0BF10103DDF80090049349
:107A0000CDF80080002E7FF48FAE91E6A3EB0A0A3A
:107A1000C5E5314652462046FEF7BAFC2A460146E5
:107A200006462046FEF706FC294605462046FEF798
:107A3000CFFAEAE50220B0EE485B81E4C0F13C00F9
:107A40008EE64FF0010BD9464FE403D1019BDB07D3
:107A50003FF54CAED9461BF8013D302BFAD057E626
:107A6000049B009A013304933123137050E6BAF15A
:107A7000000F00F0238102F23342069B0993134466
:107A8000DDF820A00693904492E507EE900AB1EE4F
:107A90000C5BB8EEE77BA6EE075B15EE902A51EC87
:107AA000150BA2F1507141EC150BB1EE047B36EED3
:107AB000477BB4EEC57BF1EE10FA00F33781B1EEEF
:107AC000455BB4EEC57BF1EE10FA7FF5FBAC4FF0F1
:107AD000000A564615E500F0F580049B51495A42CC
:107AE00002F00F0001EBC00191ED006B121128EEC6
:107AF000066B00F04281B0EE467B4B490026022027
:107B0000D30705D591ED005B0130012627EE057BFB
:107B1000521001F10801F3D1002E06FE076B1EE49E
:107B2000029B002B7FF437AEDDE90201C1F31302A3
:107B3000002A40F037813D4A0A40002A00F0FA80CE
:107B4000069B01330693012308F1010808936FE5B2
:107B50002946089A2046FEF71BFC05465AE5002AEE
:107B600012DD2946012220460193FEF771FC5146A1
:107B70000546FEF7E5FC0028019B40F3E180392B28
:107B800000F0CA800BF13103B94609F8013B049BB0
:107B90000133374604934646BAE538EE088BB4EE17
:107BA000C68BF1EE10FA0ADCB4EE468BF1EE10FA59
:107BB0007FF4DCAC17EE103AD8077FF5D7AC009A0B
:107BC00054E471682046FEF7DDF90746002800F00E
:107BD000DE80336902339A0006F10C010C30F5F7B0
:107BE00077F8394601222046FEF732FC8046FEE552
:107BF000069BA3EB09030993DAE4392B00F08C8090
:107C0000B9460133C1E7049A013237460492464629
:107C10005FE529462046FEF7BBFB0546FAE400BFB8
:107C200064420020C8180020A01800200000F07F47
:107C30005E4BFDEEC65B03EBC20C1CED023BB8EEE7
:107C4000E57B36EE477B41EC160B15EE901A23EEE2
:107C5000063B00983031012A00F8011B00F08380B8
:107C6000B2EE044B009B991827EE047BFDEEC76B28
:107C700016EE903A303300F8013B8142B8EEE65BF5
:107C800037EE457BF0D1B6EE006B33EE065BB4EE1B
:107C9000C75BF1EE10FA3FF5E3AB36EE436BB4EEA3
:107CA000C76BF1EE10FA7FF70DAC8946013919F870
:107CB000013C302BF9D0731C049339E50C9AC2F1C6
:107CC0003602DAE60220B0EE486BFFF748BBB9F1A6
:107CD000000F3FF4DAAE0B9A002A7FF7F3ABB2EE57
:107CE000044B26EE046B013007EE900A049BB8EEBD
:107CF000E75BB1EE0C7BA6EE057B17EE90CA51EC6C
:107D0000170B5E1EACF15071FFF747BB049B0133AC
:107D100004933123FFF7B1BB049BBB4601330493AB
:107D2000392337460BF8013B4646E1E44FF0000AA1
:107D3000564653E608927BE4731C04938946F7E4A5
:107D40007FF422AFDA077FF51FAF18E7392BE3D0B6
:107D5000B9F1000F3FF716AF16E7019B022B3FF773
:107D600028AE0497BAE501468DE7019B022B3FF749
:107D700020AEDDF82C9004972BE50220FFF7EFBA38
:107D80000B4B0C48002240F2AF11FFF7B1F8084B43
:107D900008483A4640F2EF21FFF7AAF8064B009355
:107DA000FFF7D2B9029B0893F7E400BFC818002080
:107DB000483F002068420020584200200EB410B511
:107DC00083B005AB064C53F8042B019301462068A1
:107DD00000F0C4F803B0BDE8104003B0704700BF26
:107DE000949800202DE9F04F9368176883B092466D
:107DF000002B70D081468A6808680C46083743E03B
:107E0000A38913F4906F2ED0D4E90416A0EB0108D7
:107E100006EB460606EBD67608F1010076102844FC
:107E2000B042324684BF064632465B0537D511461E
:107E30004846F9F7B7FB019000283AD0424621693D
:107E4000F4F746FFA289019B22F4906242F080027F
:107E5000A281A6EB080203EB08006661A260236121
:107E600020602E46A84642465946FBF721FADAF82A
:107E70000830A2682068921B40445B1BA26020600F
:107E8000CAF808303BB3083757E902B5002DFAD0DD
:107E9000AA4216469046B3D92E46A846E3E748467E
:107EA000F9F748FE03460028D3D121694846FBF77D
:107EB00099FDA3890C2243F04003C9F800204FF03C
:107EC000FF30A38100220023CAF80820CAF804303A
:107ED00003B0BDE8F08F00200023CAF8043003B0DF
:107EE000BDE8F08F2DE9F84F4B6E9C0490462DD5E0
:107EF0009368126843B38B46064602F1080959E9B4
:107F0000025A5FEA9A0715D0043D002401E0A74217
:107F10000ED055F8041F5A46304601F05BFA431C58
:107F200004F10104F3D10023C8E90133BDE8F88F5F
:107F3000D8F808302AF0030AA3EB0A03C8F808307F
:107F400009F10809002BDAD10020ECE701F00CF868
:107F50000023C8E90133BDE8F88F00BF2DE9F04FD9
:107F60002DED028BC5B00DF1500A834608EE101AB4
:107F700016460021082250461C460793FBF714FAC8
:107F8000BBF1000F04D0DBF83430002B00F0A086EA
:107F900018EE102A536EDB0740F11385B2F90C106E
:107FA0008AB295040BD418EE103A41F4005199812D
:107FB0005B6E8AB218EE101A23F400534B6610075A
:107FC00040F1058118EE103A1B69002B00F0FF808C
:107FD00002F01A030A2B00F00A810023CDE91933BD
:107FE000CDE90D331BAA0C93189291460B93059380
:107FF000B0464446A84BD3F8E450FBF7D1FA2246EA
:10800000034612A9CDF800A05846A847002800F062
:108010004581C0F23981129A252A034601D01C44B9
:10802000E8E7B4EB0806054640F03C8100236178A0
:108030008DF8433004F1010806934FF0FF371E46D8
:108040002B2408F10108A1F120035A2B00F27881BA
:10805000DFE813F0B50276017601B0027601760111
:1080600076016A00760176017D028D027601880232
:108070009702760192025B005B005B005B005B0095
:108080005B005B005B005B007601760176017601A8
:10809000760176017601760176015C028400760134
:1080A0007601760176017601760176017601760118
:1080B0007601E80076017601760133027601DA0274
:1080C000760176018B0576017601760176017601DF
:1080D000760176017601760176015C0286007601F2
:1080E00076017601CD0286007F007601C00276011E
:1080F000FD02EA00ED027F00760133027C00690593
:10810000760176016B0576017C00A1F13003002237
:1081100018F8011B02EB820203EB4202A1F13003CB
:10812000092BF5D906928EE75846FEF7DFFD436826
:108130000D931846FBF754FB0E9005465846FEF784
:10814000D5FD83680B93002D40F0D68498F800107D
:1081500077E798F8001046F0200672E746F0100620
:10816000B40640F18E81079B073323F007031A46BC
:10817000596852F8083B07920A460029C0F27084F9
:10818000791C00F0A28526F08001039153EA0201D8
:1081900000F03F840A2B72F1000180F041853033FA
:1081A0008DF80F31039E012304930DF20F14049BED
:1081B000BB42B8BF3B460393002308939DF843306E
:1081C000002B00F0CB80039B01330393C6E018EE35
:1081D000101A584618EE105A01F040F8002840F0E6
:1081E0005286AA8902F01A030A2B7FF4F6AE18EE23
:1081F000101AB1F90E30002BFFF6EFAE4B6EDB0715
:1082000002D4970540F1128618EE101A2346324622
:10821000584600F069FE0590059845B0BDEC028B0C
:10822000BDE8F08F46F0100616F0200200F036810F
:10823000079B073323F0070319465A6851F8083B98
:10824000079126F480610391002100208DF84300FE
:10825000781C00F01082039820F0800653EA020098
:1082600040F00882002F40F03885002940F0D58387
:10827000039B13F00103049300F0118430238DF865
:108280000F310DF20F1492E7082200215046FBF740
:108290008BF801231C44ADE60C930020B4EB0806D8
:1082A00005461BD0199B1A9A01333244072BC9E9A2
:1082B00000861A9219931CDD002A00F0A68318EE9E
:1082C000101A18AA5846FFF70DFE20BB0DF16C09D5
:1082D000059B33440593002D7FF4A8AE1A9B002B19
:1082E00040F0C18518EE103A0022B3F90C30199213
:1082F00015E009F10809EBE718EE101A18AA58461C
:10830000FFF7F0FD002800F0A680089B1BB108993C
:108310005846FBF767FB18EE103AB3F90C3018EE2D
:10832000102A526E12F0010F9AB200F0A08050068F
:1083300000F1B285059845B0BDEC028BBDE8F08F29
:108340000029CBD000238DF843300123CDE903333E
:108350008DF8AC102BAC002308931F4616F00203D7
:10836000099302D0039B0233039316F084030A930C
:1083700005D1069B039A9D1A002D00F37B82DDE94F
:108380001903411C9DF8432082B101220133C9F831
:10839000042007290DF14302CDE91913C9F8002083
:1083A00000F34A82084609F108090131099AE2B14D
:1083B00011AA0233C9F8002007294FF00202CDE9C3
:1083C0001913C9F8042040F35082002B00F04383B6
:1083D00018EE101A18AA5846FFF784FD002894D109
:1083E000DDE919030DF16C09411C0A9A802A00F09D
:1083F0008481049ABD1A002D00F3D781049AC9F82C
:10840000004013440729CDE91913C9F8042040F3AB
:108410006E81002B00F0758218EE101A18AA5846CB
:10842000FFF760FD00287FF470AF1A9B0DF16C0917
:10843000750705D5069A0399541A002C00F36B8230
:10844000DDE9052103988142ACBF5218121805924C
:10845000002B7FF451AF089900231993002900F0F5
:1084600049815846FBF7BEFA0DF16C09C1E59C0540
:108470003FF55DAF18EE104AA06DFBF759F9A289E0
:1084800055E7F006079A00F11F83710640F1198342
:1084900032F9043B0792DA1711466EE616F0100324
:1084A000079940F0098316F0400000F001831A4656
:1084B00051F8043B07919BB2C3E6079B1A46002381
:1084C0008DF84330134653F8044B0393002C00F00F
:1084D0001284532900F0658316F0100540F0618383
:1084E0007B1C00F0B3843A4629462046FBF728F966
:1084F0000890002800F09F84031B039A049323EA4A
:10850000E3732F4607920393089557E6432902D059
:10851000F50640F12D83079D0822002116A82BACFB
:10852000FAF742FF16AB55F8042B21465846FEF7E2
:1085300071FC03460133049000F0B384049B07955B
:1085400023EAE373039300238DF8433003E7079B8B
:1085500053F8042B0692002A80F29C82069A52421B
:10856000CDE9062398F8001046F0040669E598F86E
:1085700000108DF8434064E598F8001046F080063E
:108580005FE5424612F8011B2A2900F09684A1F10A
:108590003003092B90464FF000073FF654AD18F812
:1085A000011B07EB870703EB4707A1F13003092BFA
:1085B000F5D948E598F8001046F0010641E59DF828
:1085C0004330002B7FF4C2AD202398F800108DF8C3
:1085D000433036E598F800106C2903BF98F8011075
:1085E00046F0200608F1010846F0100629E598F843
:1085F0000010682903BF98F8011046F4007608F1CE
:10860000010846F040061CE546F010030393039B67
:1086100013F0200200F00682079B073323F00703C4
:1086200019465A6851F8083B079101210DE6079A4F
:1086300046F00203039352F8043B079247F63002D8
:10864000ADF84420B84A0C9202210022FDE5B7069D
:1086500000F14882F50600F14683740600F1D583E7
:10866000B00540F14083079B059953F8042B07930D
:108670001170BEE4039601293FF48CAD022944AC8D
:1086800011D10C9803F00F011B09415C04F8011D86
:1086900043EA0273120953EA0201F3D1039E44AB89
:1086A0001B1B049383E503F00701DB0843EA4273D5
:1086B000D208303153EA0205204604F8011DF2D1F8
:1086C000039EF307EBD53029E8D03023023804F8B5
:1086D000013C44AB1B1A039E0493044667E5049BCC
:1086E0001B9401221C931A9319920DF16C0909F144
:1086F00008099DE60DF16C097BE4069A039D551B64
:10870000002D7FF776AE102D40F3BB83099418EE51
:10871000104A07E000F1020C09F108091046103D6B
:10872000102D1EDD8149C9F80010421C10331021A4
:10873000072ACDE91923C9F80410EBDD18AA002B8C
:1087400074D0214658460DF16C09FFF7CBFB002889
:108750007FF4DBADDDE91903103D102D00F1010CB4
:10876000E0DC099C714AC9F804502B44BCF1070FA6
:10877000CDE919C3C9F8002040F39481002B00F023
:108780001F8318EE101A18AA5846FFF7ABFB0028F3
:108790007FF4BBAD049ADDE91903BD1A002D00F189
:1087A00001010DF16C097FF729AE102D29DD099427
:1087B000102718EE104A07E000F1020C09F1080931
:1087C0001046103D102D1ADD421C58491033072A5F
:1087D000C9E90017CDE91923EEDD18AA03B3214634
:1087E00058460DF16C09FFF77DFB00287FF48DAD35
:1087F000DDE91903103D102D00F1010CE4DC099CAA
:1088000061464A4AC9F804502B440729CDE9191397
:10881000C9F8002000F3E78009F108090131EDE50E
:108820004FF0010C18460DF16C09CAE74FF0010C2E
:1088300018460DF16C0972E7002B00F0048118EE68
:10884000101A18AA5846FFF74DFB00287FF45DADBB
:10885000DDE919030DF16C09411CA7E5022311AAFA
:108860001C931B9201210DF16C09084609F10809BE
:10887000411CBAE5102D40F3E582DDE919130F9490
:10888000084618EE104A07E000F1020C09F1080949
:108890001046103D102D1DDD2549C9F80010421C61
:1088A00010331021072ACDE91923C9F80410EBDD94
:1088B00018AA03B3214658460DF16C09FFF712FBC5
:1088C00000287FF422ADDDE91903103D102D00F1E1
:1088D000010CE1DC0F9C6046154AC9F804502B449A
:1088E0000728CDE91903C9F8002000F3C18009F178
:1088F0000809411C46E518464FF0010C0DF16C09C2
:10890000C7E77607199353D5069A0399541A002C92
:108910004EDD0DF16C09102C40F3B082199918EE60
:10892000106A10250DE000BFE4420020C08800203E
:10893000244B0020881C09F108091146103C102C1A
:108940001ADD4A1CB3481033072AC9E90005CDE9EE
:108950001923EFDD18AA33B331465846FFF7C2FAA0
:1089600000287FF4D2ACDDE91913103C102C01F182
:1089700001000DF16C09E4DCA64AC9F80440234467
:108980000728CDE91903C9F800207FF759AD7BB15D
:1089900018EE101A18AA5846FFF7A4FA00287FF418
:1089A000B4AC1A9B4CE5012019460DF16C09C5E7E2
:1089B000DDE9053203998A42ACBF9B185B18059329
:1089C00049E5B2F90C108F0518EE103A8AB23FF55E
:1089D000E8AA18EE105A986DFAF7A8FEB5F90C102F
:1089E0008AB2FFF7DEBA002B3FF479AE18EE101A08
:1089F00018AA5846FFF776FA00287FF486AC199932
:108A00001A9B01310DF16C09F8E419920DF16C0912
:108A10005EE4002F7FF4C3AB039E0027049744ACB1
:108A2000FFF7C5BB039B13F0100354D1039A12F058
:108A3000400000F06B8107991A4651F8043B0791FA
:108A40009BB2012101E4099A002A64D11846012150
:108A50000DF16C09C9E4012118460DF16C09C4E45B
:108A60005B4262EB420203962D200121FFF7EEBB31
:108A7000002B00F0888018EE101A18AA5846FFF74D
:108A800031FA00287FF441ACDDE919030DF16C09DE
:108A9000411C77E498F800100793FFF7D2BA44AC72
:108AA000FFF785BB09F108090CF101016046A0E45C
:108AB00016F4007240F0978151F8043B0791FFF7DC
:108AC000C0BBB30500F1888152F8043B0792DA1766
:108AD0001146FFF752BB079951F8043B079101215A
:108AE000FFF7B3BB079B059853F8041B0793C21706
:108AF000C1E90002FFF77DBA0B9B002B3FF426ABC8
:108B00000B9B1B78002B3FF421AB98F8001046F428
:108B10008066FFF796BA022311AA1C931B920120CC
:108B20000DF16C09A2E6039671E53B4B0C9316F030
:108B3000200259D0079B073323F0070318465A68D1
:108B400050F8083B0790F40709D553EA020006D015
:108B50008DF84510302146F002068DF8441026F4B9
:108B6000806103910221FFF770BB2C4B0C93DEE771
:108B7000079B012153F8042B03918DF8AC20079338
:108B800004912BACDFE49DF84320002A40F03281B1
:108B9000099A002A7FF462AE184601210DF16C0992
:108BA00027E40021082216A81394FAF7FDFB791C8C
:108BB00000F0BC80002507942C460CE02BA95846F9
:108BC000FEF728F9421C204400F06B81B84208DC13
:108BD00000F070810446139A525916AB0435002AEE
:108BE000ECD10494079CAFE016F0100307980CD169
:108BF00016F0400405D01A4650F8043B07909BB28B
:108C0000A1E716F4007240F0E18050F8043B0790B1
:108C100099E700BF244B0020E4420020F8420020E6
:108C20000399049744AC9E4608EE90BA01F480661E
:108C30004FF0000C234606E0BEF10A0F72F100026D
:108C400039D3A6462A46A6491EEB020040F1000091
:108C50000F46A1FB001424F0030101EB9401401A1C
:108C6000BEEB00014FF0CC3562F1000405FB01F5CD
:108C700007FB0455A1FB07410D44052704F0010142
:108C8000A1FB071B09186408303103F8011C44EAF2
:108C9000C5740CF1010C013B6D08002ECCD00B9972
:108CA00009786145C8D1BCF1FF0FC5D0BEF10A0FEC
:108CB00072F100026CD21C4644AB1B1B049F039E46
:108CC000049318EE90BAFFF772BA0396FFF762BAF0
:108CD0005846FAF73BFAFFF75BB9012903967FF490
:108CE000CDACFFF75CBA079B059953F8042B1160D4
:108CF0000793FFF77EB9062F3B46039A794C0792FC
:108D000028BF062304930393FFF725BB039B079912
:108D100013F4007214BF51F8043B51F8043B07915F
:108D20001CBF0246DBB20121FFF78FBA16AB0093DE
:108D30000023194613AA5846FEF792F8034601335A
:108D4000049000F0AE801394049B002B30D0632B72
:108D500063DC002308932BAC0822002116A8FAF745
:108D600023FB049D16AB009313AA2B4621465846BD
:108D7000FEF776F8854240F0AB80039B049A079398
:108D80000023A3541F4622EAE2730393FFF716BAA7
:108D90000E9A0D999B1A18460893FAF79DFB0B99AA
:108DA000089B4A780AB101310B914FF0000C48E75B
:108DB000039B0793049B03931F460893FFF7FEB999
:108DC000012118460DF16C09FFF713BB50F8043B65
:108DD00007902246DBB2B6E612F9043B0792DA1797
:108DE0001146FFF7CAB951F8043B07910246DBB2BE
:108DF000FFF727BA01231C9301210DF143031B93B5
:108E00000DF16C090B46FFF7CDBA079B059953F896
:108E1000042B07931180FFF7ECB8591C5846F8F75C
:108E2000C1FB044600283CD0089095E7886DFAF70E
:108E30007FFCFFF7E9B9039B0793CDE90377089F10
:108E4000FFF7BCB919981A9B013045E5039B0793BE
:108E50002046FAF7C5FC20EAE0732F4604900393FE
:108E60000895FFF7ABB918EE101A18AA5846FFF785
:108E700039F800283FF436AAFFF74DBA19980130A7
:108E80007AE58C466EE46B6ED90705D4AB899A05FA
:108E900002D4A86DFAF74CFC4FF0FF330593FFF7AF
:108EA00049BA18EE102AB2F90C3043F0400393810E
:108EB000FFF735BA079C049746E7079B98F801101F
:108EC00053F8047B0793904647EAE777FFF7B9B872
:108ED00018EE102A938943F040039381FFF715BAE7
:108EE000CDCCCCCC0C43002070B50C468989ADF5B7
:108EF0008E6D21F00201ADF81410616E1B91E189B5
:108F0000ADF81610E1690991616A0B911CA90291F3
:108F100006914FF4806106460491079118A800213C
:108F2000CDE900320891FAF7FDFBDDE9003202A934
:108F30003046FFF713F8051E07DB02A93046FDF7A0
:108F400057FE002818BF4FF0FF35BDF814305B0600
:108F500003D5A38943F04003A3811898FAF7E4FBF3
:108F600028460DF58E6D70BD9368002B00F085804E
:108F70002DE9F04FB1F90C300C461907804683B04B
:108F8000174698B225D523691BB310F002033D683C
:108F90002DD04FF0000ADFF8C0B25646B9465E4504
:108FA0003346524628BF5B464046002E52D0E16908
:108FB000676AB847002856DDD9F808301B1A824482
:108FC000361AC9F80830002BE9D1002003B0BDE8FB
:108FD000F08F2146404600F041F9002840F03881EA
:108FE000B4F90C303D6898B210F00203D1D110F002
:108FF000010944D14E46009746B38205D4F808B023
:1090000040F18580B3455A4600F2B48010F4906F69
:1090100040F0C180206801924946FAF749F9A368F7
:10902000019AA3EB0B012368A1601344B2462360AD
:109030000026009A9368A3EB0A03D1449360002BA7
:10904000C3D0B4F90C0080B2002ED6D1D5E9009679
:109050000835D1E7D5E900A60835A0E72146404606
:10906000FDF7C6FD88B3B4F90C3043F040034FF070
:10907000FF30A38103B0BDE8F08F002070471E468B
:10908000BA469946184600951F4666B3002832D066
:109090004A46D4E904132068A568B24228BF324684
:1090A000884204D905EB030B5A4500F3A78093428D
:1090B00064DCE169656A3A464046A847B0F1000BB6
:1090C000D1DDB9EB0B09C9D00120DAF80830A3EBE8
:1090D0000B035F44A6EB0B06CAF80830002B3FF4E5
:1090E00074AF002ED2D1009A56681346083200920F
:1090F000002EF8D01F6832460A213846FAF720FBC6
:10910000002800F09C800130A0EB0709C0E7206830
:109110002369984216D86269B24213D86FF00043AF
:10912000B34228BF3346E16993FBF2F3676A02FB5F
:1091300003F340464A46B847B0F1000A93DDA6EB78
:109140000A0676E7B345DA4628BFB2465246494694
:10915000FAF7AEF8A3682268A3EB0A035244A360AF
:109160002260002BEBD121464046FDF741FD00284F
:10917000E5D078E72068B34632464CE7394601929D
:10918000FAF796F8019AA3689B1AA3602368134420
:109190002360934695E723682169A3EB010B63697C
:1091A00003EB430A0AEBDA7A0BF101034FEA6A0A8E
:1091B00033445345524684BF9A46524643052CD504
:1091C00011464046F8F7EEF900283BD05A4621698F
:1091D0000190F3F77DFDA289019B22F4906242F099
:1091E0008002A28103EB0B002361AAEB0B03C4F8FE
:1091F00014A0A3602060B34632460CE739465A46B5
:10920000FAF756F823685B44236021464046FDF791
:10921000EFFC00283FF455AF25E74046F8F78AFCFD
:1092200003460028DED121694046FAF7DBFBB4F99A
:109230000C300C2223F08003C8F8002015E7721CC4
:10924000914626E70C22B4F90C30C8F800200CE750
:109250004FF0FF30BAE600BF00FCFF7F38B5314B5E
:109260001B6805460C4613B15A6B002A4ED0B4F960
:109270000C3018079AB21CD5216929B312F00100ED
:1092800007D00020A06060694042A06139B1002091
:1092900038BD950758BF6069A0600029F7D1120654
:1092A00058BF0846F4D543F04003A3814FF0FF3088
:1092B00038BDD1062ED5520714D4216943F00803D6
:1092C000A3819AB20029D9D102F42070B0F5007FB1
:1092D000D4D02146284600F047F9B4F90C30216972
:1092E0009AB2CBE7216B51B104F14002914204D014
:1092F0002846FAF777FBB4F90C3000222263216983
:109300000022C4E9001223F02403D7E71846F9F736
:109310001DFFACE7092243F040032A604FF0FF3005
:10932000A38138BD949800202DE9F04782B0824691
:1093300088461446FAF734F9012803D108F1FF33BF
:10934000FE2B36D90DF10409424604F15C0349466F
:109350005046FDF75FFD421C064632D020B39DF813
:1093600004C0002509E023685A1C226083F800C06D
:109370000135B54218D219F801CFA368013B002B83
:10938000A360F0DAA769BB4261462246504602DB81
:10939000BCF10A0FE7D100F053F9431CE8D10646AF
:1093A000304602B0BDE8F0874646304602B0BDE820
:1093B000F0875FFA88FC8DF804C006460DF10409B9
:1093C000CFE7A389304643F04003A38102B0BDE854
:1093D000F08700BF30B5536E13F0010FB2F90C30B7
:1093E000144683B005469AB201D198051CD5900465
:1093F00006D4626E43F4005342F40052A3816266C5
:1094000022462846FFF790FF636EDA07054602D42E
:10941000A3899B0502D5284603B030BDA06DFAF79D
:1094200087F9284603B030BDA06D0191FAF77EF9A7
:10943000B4F90C3001999AB2D9E700BF2DE9F04F89
:109440008BB0DDE9158A149F0391814605921E4673
:10945000B8F1000F5CD0039B002B5ED0059B1D680C
:10946000002F6AD0741E4EB3039B0493043D002664
:1094700001950BE0039B2BBB019B1A68002A3AD095
:10948000BC455CD2013C631C664617D0D8F800305E
:109490000293019BDAF8E05053F8042F019307A9D7
:1094A00043464846D8F804B0A847421C3AD000EBDF
:1094B000060CBC45DED9029BC8E9003B30460BB028
:1094C000BDE8F08F00280EDD049B019D18445A1E54
:1094D00007A900F1FF3E11F8013B02F8013F724578
:1094E000F9D101950490059B1A6804321A60019B1A
:1094F0001A68002AC4D1039B0BB1059B1A600CF1BA
:10950000FF3600223046C8F800200BB0BDE8F08FCF
:10951000039B00F58678002BA0D1059B4FF0FF3709
:109520001D689FE706468A2100223046C9F80010D0
:10953000C8F800200BB0BDE8F08F3E46BEE7664697
:10954000BCE700BF10B584B0054C069800900798A2
:109550000190044800680294FFF770FF04B010BD4A
:109560000C930020949800202DE9F0418B890C4643
:10957000990796B008D504F143030122C4E90432E7
:10958000236016B0BDE8F081B4F90E10002906463C
:1095900025DB6A4600F0ACF800281FDB019D05F4CE
:1095A0007045A5F50055B5FA85F54FF480686D094D
:1095B0004FF4006741463046F7F7F4FFE0B1B4F9E5
:1095C0000C30C4F8148043F0800320602061A38134
:1095D00035BB3B43A38116B0BDE8F081A38913F0EE
:1095E000800519D04FF040080025414630462F46EF
:1095F000F7F7D8FF0028E2D1B4F90C309A05C0D4AF
:1096000023F0030304F1430243F002030121C4E900
:109610000421A3812260B4E74FF480682F46C9E794
:10962000B4F90E10304600F079F810B9B4F90C30E6
:10963000CFE7A38923F0030343F001031BB2C8E77C
:10964000F8B50D461446064610B1436B002B4CD0BE
:10965000B4F90C20A369A360170790B21BD5236946
:10966000CBB1EDB281042F4622D522686169D31AAD
:10967000994229DD0133A1680139A160511C2160A3
:10968000157062699A4227D0A389DB0701D50A2D9C
:1096900022D03846F8BD21463046FFF7DFFD08BB33
:1096A000B4F90C20236990B2EDB281042F46DCD4CA
:1096B00042F40052A281626E616922F40052626635
:1096C0002268D31A9942D5DC21463046FDF790FA3C
:1096D00040B922680123CEE721463046FDF788FADB
:1096E0000028D6D04FF0FF37D3E7F9F72FFDAFE7CB
:1096F00070B50C46084D03460026204611461C4610
:109700002E60F3F71BFF431C00D070BD2B68002BAD
:10971000FBD0236070BD00BF5000012038B5074D5D
:109720000022044608462A60F3F70EFF431C00D0CF
:1097300038BD2B68002BFBD0236038BD50000120C2
:1097400008B502460B4643EC172BB5EEC07BF1EE95
:1097500010FA03D4BDE8084000F00AB8B1EE477B28
:1097600051EC170B00F004F8404261EB410108BDD9
:109770009FED0B6B41EC170B9FED0B5B27EE066B20
:10978000BCEEC66BB8EE464BA4EE457BFCEEC77B49
:1097900016EE101A17EE900A704700BFAFF3008064
:1097A000000000000000F03D000000000000F0415B
:1097B0005FF800F04D2000605FF800F0A51F00602A
:1097C0005FF800F0811700605FF800F01916006084
:1097D0005FF800F0E91700600000000000000000E2
:0497E000F8B500BF19
:0897E4004C74FF7F010000003E
:1097EC00000000000000000000000000000000006D
:1097FC00000000000000000000000000000000005D
:10980C00000000000000000000000000000000004C
:10981C00000000000000000000000000000000003C
:10982C00000000000000000000000000000000002C
:10983C00000000000000000000000000000000001C
:10984C00000000000000000000000000000000000C
:10985C0000000000000000000000000000000000FC
:10986C0000000000000000000000000000000000EC
:10987C0000000000000000000000000000000000DC
:10988C0000000000000000000000000000000000CC
:10989C0000000000000000000000000000000000BC
:1098AC0000000000000000000000000000000000AC
:1098BC00000000000000000000000000000000009C
:1098CC00000000000000000000000000000000008C
:1098DC00000000000000000000000000000000007C
:1098EC00000000000000000000000000000000006C
:1098FC00000000000000000000000000000000005C
:10990C00000000000000000000000000000000004B
:10991C00000000000000000000000000000000003B
:10992C00000000000000000000000000000000002B
:10993C00000000000000000000000000000000001B
:10994C00000000000000000000000000000000000B
:10995C0000000000000000000000000000000000FB
:10996C0000000000000000000000000000000000EB
:10997C0000000000000000000000000000000000DB
:10998C0000000000000000000000000000000000CB
:10999C0000000000000000000000000000000000BB
:1099AC0000000000000000000000000000000000AB
:1099BC00000000000000000000000000000000009B
:1099CC00000000000000000000000000000000008B
:1099DC00000000000000000000000000000000007B
:1099EC00000000000000000000000000000000006B
:1099FC00000000000000000000000000000000005B
:109A0C00000000000000000000000000000000004A
:109A1C00000000000000000000000000000000003A
:109A2C00000000000000000000000000000000002A
:109A3C00000000000000000000000000000000001A
:109A4C00000000000000000000000000000000000A
:109A5C0000000000000000000000000000000000FA
:109A6C0000000040FB21F93F000000002D44743E33
:109A7C00000000809846F83C0000006051CC783B18
:109A8C0000000080831BF0390000004020257A384C
:109A9C00000000802282E336000000001DF36935CF
:109AAC00E628D898239E513F6C1529361086593FCD
:109ABC00A3C4AAABD1F0603FF0BDE2315349623F81
:109ACC00E7D2FE0777615F3FD0E8E82FB228573F17
:109ADC003B8E4EA811F7543FACA8B9229F6F5E3F46
:109AEC004E02B1731FCE673FF80F6217BC3A6E3F40
:109AFC0047BA0D7E4E356D3F78F5C5EF3851653F51
:109B0C00F086BDFA096A5B3F40768E782E9D5D3FEC
:109B1C00D75D85413AC06A3FD47A92053913753FB7
:109B2C00FA7A55DB5D89783FDA944FD02197743FF0
:109B3C00F32AB7F79C99683F22627251792D5D3FE9
:109B4C00ED89D6A4D337673FE841F4B404E6773FF8
:109B5C00A6861B989CB1813F5B655BE3394B823FCA
:109B6C0091BACC649ECA793F083866023AD1673FF5
:109B7C00A727D5102649603F3C718F6DF5C3743F04
:109B8C00218BF39D892E853FF01AED30C22E8C3F30
:109B9C00EEC6199E4A42893F4448CCCD77917C3F12
:109BAC00C14EC81C20BF623F24D9C40D0BA8683F0E
:109BBC00EF8145709D0C843F265A0A05C06C923F7C
:109BCC00271EF86B098B953FF9C48D0C585D903F9F
:109BDC001E3739473D787B3F2E0250A6050A593F68
:109BEC005FB776C53F8B7A3F6603743E710F943F27
:109BFC002E5B87BBF20DA03F45354DE14960A03F80
:109C0C00B6C277AD6D8D943F68A0DCBB76D1753F45
:109C1C00C0095BE0231B603F4A7157F9DB5B913F46
:109C2C00CC25CDEB19BDA53F1D8773A458A5AE3F20
:109C3C00AC3275FC1FA0AB3F06D2356125089C3FAA
:109C4C000376167AA736683FC44A78303C41843F85
:109C5C00A4C93A9DB878AF3F08C252EB7CF3C13F20
:109C6C0084F906AF35FEC93FC316B9785648CA3FCA
:109C7C00564C1BD82F99C03FF21E18B53D0E39BD5E
:109C8C000D601BD82F99C0BF751DB9785648CABF37
:109C9C00A9F206AF35FEC9BFEAB352EB7CF3C1BFE4
:109CAC002A973A9DB878AFBF7EF777303C4184BF96
:109CBC00D90F177AA73668BF7AFE356125089CBF85
:109CCC00544075FC1FA0ABBF3A8273A458A5AEBF1D
:109CDC00FF13CDEB19BDA5BF1F5057F9DB5B91BF2F
:109CEC002BC15AE0231B60BF32DEDCBB76D175BFC3
:109CFC0012D977AD6D8D94BF173A4DE14960A0BF75
:109D0C00525687BBF20DA0BFAFEF733E710F94BFDD
:109D1C00EF7F76C53F8B7ABF2D1650A6050A59BF2B
:109D2C00596A39473D787BBF66D18D0C585D90BF21
:109D3C002120F86B098B95BFEF500A05C06C92BFC0
:109D4C00EE6845709D0C84BF73A5C40D0BA868BF4D
:109D5C00F366C81C20BF62BF6869CCCD77917CBF0D
:109D6C00F1D2199E4A4289BF4A19ED30C22E8CBFDE
:109D7C00D57EF39D892E85BF6D598F6DF5C374BF4C
:109D8C009E1ED510264960BF5C5766023AD167BF4C
:109D9C0046CFCC649ECA79BF8D695BE3394B82BFD9
:109DAC00BD811B989CB181BF5B2EF4B404E677BFD8
:109DBC001A6CD6A4D33767BFD85B7251792D5DBFAF
:109DCC00AB3DB7F79C9968BF839F4FD0219774BF69
:109DDC00B17E55DB5D8978BFA0769205391375BFCE
:109DEC008E5085413AC06ABF4C6B8E782E9D5DBFFC
:109DFC009193BDFA096A5BBF3401C6EF385165BF58
:109E0C0059C10D7E4E356DBFBC0C6217BC3A6EBF8E
:109E1C00E0F6B0731FCE67BF4A8FB9229F6F5EBF4B
:109E2C00E67E4EA811F754BF18E8E82FB22857BFAA
:109E3C00F7DDFE0777615FBF91C6E231534962BF20
:109E4C00C3CDAAABD1F060BF1B242936108659BFF5
:109E5C00392FD898239E51BF00000000000000004D
:109E6C00FE822B6547156740000000000000384358
:109E7C000000FAFE422E76BF3A3B9EBC9AF70CBD10
:109E8C00BDFDFFFFFFFFDF3F3C5455555555C53F0A
:109E9C00912B17CF5555A53F17D0A4671111813FB2
:109EAC00000000000000C842EF39FAFE422EE63FE7
:109EBC0024C482FFBDBFCE3FB5F40CD7086BAC3FBA
:109ECC00CC5046D2ABB2833F843A4E9BE0D7553F41
:109EDC000000000000000000000000000000F03F47
:109EEC006EBF881A4F3B9B3C3533FBA93DF6EF3FC9
:109EFC005DDCD89C136071BC6180773E9AECEF3FBF
:109F0C00D16687107A5E90BC857F6EE815E3EF3FD3
:109F1C0013F6673552D28C3C748515D3B0D9EF3F0C
:109F2C00FA8EF92380CE8BBCDEF6DD296BD0EF3FA9
:109F3C0061C8E6614EF7603CC89B751845C7EF3F9A
:109F4C0099D3335BE4A3903C83F3C6CA3EBEEF3F88
:109F5C006D7B835DA69A973C0F89F96C58B5EF3FE2
:109F6C00FCEFFD921AB58E3CF747722B92ACEF3F8B
:109F7C00D19C2F703DBE3E3CA2D1D332ECA3EF3F1F
:109F8C000B6E908934036ABC1BD3FEAF669BEF3F0C
:109F9C000EBD2F2A525695BC515B12D00193EF3F48
:109FAC0055EA4E8CEF8050BCCC316CC0BD8AEF3F73
:109FBC0016F4D5B923C991BCE02DA9AE9A82EF3F16
:109FCC00AF555CE9E3D3803C518EA5C8987AEF3F3E
:109FDC004893A5EA151B80BC7B517D3CB872EF3FC2
:109FEC003D32DE55F01F8FBCEA8D8C38F96AEF3F9D
:109FFC00BF53133F8C898B3C75CB6FEB5B63EF3F8F
:10A00C0026EB11769CD996BCD45C0484E05BEF3FC4
:10A01C00602F3A3EF7EC9A3CAAB968318754EF3F6F
:10A02C009D3886CB82E78FBC1DD9FC22504DEF3F6B
:10A03C008DC3A644416F8A3CD68C62883B46EF3F69
:10A04C007D04E4B0057A803C96DC7D91493FEF3F7E
:10A05C0094A8A8E3FD8E963C3862756E7A38EF3F73
:10A06C007D4874F2185E873C3FA6B24FCE31EF3F6D
:10A07C00F2E71F982B47803CDD7CE265452BEF3FD8
:10A08C005E08713F7BB896BC8163F5E1DF24EF3F3E
:10A09C0031AB096DE1F7823CE1DE1FF59D1EEF3F10
:10A0AC00FABF6F1A9B213DBC90D9DAD07F18EF3FD5
:10A0BC00B40A0C7282378B3C0B03E4A68512EF3F7B
:10A0CC008FCBCE8992146E3C562F3EA9AF0CEF3F2E
:10A0DC00B6ABB04D754D833C15B7310AFE06EF3F5C
:10A0EC004C74ACE20142863C31D84CFC7001EF3F21
:10A0FC004AF8D35D39DD8F3CFF1664B208FCEE3FA5
:10A10C00045B8E3B80A386BCF19F925FC5F6EE3F4D
:10A11C0068504BCCED4A92BCCBA93A37A7F1EE3F35
:10A12C008E2D511BF80799BC66D8056DAEECEE3F31
:10A13C00D236943EE8D171BCF79FE534DBE7EE3FB5
:10A14C00151BCEB3191999BCE5A813C32DE3EE3F2B
:10A15C006D4C2AA7489F853C2234124CA6DEEE3F5C
:10A16C008A69287A601293BC1C80AC0445DAEE3FF5
:10A17C005B8917488FA758BC2A2EF7210AD6EE3FC9
:10A18C001B9A49679B2C7CBC97A850D9F5D1EE3F04
:10A19C0011ACC260ED63433C2D89616008CEEE3F8B
:10A1AC00EF64063B0966963C57001DED41CAEE3F35
:10A1BC007903A1DAE1CC6E3CD03CC1B5A2C6EE3F2E
:10A1CC0030120F3F8EFF933CDED3D7F02AC3EE3F05
:10A1DC00B0AF7ABBCE90763C272A36D5DABFEE3FAD
:10A1EC0077E054EBBD1D933C0DDDFD99B2BCEE3F09
:10A1FC008EA3710034948FBCA72C9D76B2B9EE3F20
:10A20C0049A393DCCCDE87BC4266CFA2DAB6EE3F24
:10A21C005F380FBDC6DE78BC824F9D562BB4EE3F27
:10A22C00F65C7BEC461286BC0F925DCAA4B1EE3F85
:10A23C008ED7FD180535933CDA27B53647AFEE3F80
:10A24C00059B8A2FB7987B3CFDC797D412ADEE3F88
:10A25C0009541CE2E163903C295448DD07ABEE3F06
:10A26C00EAC6195085C7343CB746598A26A9EE3F31
:10A27C0035C0642BE632943C4821AD156FA7EE3FF8
:10A28C009F7699614AE48CBC09DC76B9E1A5EE3F76
:10A29C00A84DEF3BC5338CBC85553AB07EA4EE3F40
:10A2AC00AEE92B89785384BC20C3CC3446A3EE3F53
:10A2BC0058585678DDCE93BC2522558238A2EE3FF5
:10A2CC0064197E80AA10573C73A94CD455A1EE3F5B
:10A2DC0028225EBFEFB393BCCD3B7F669EA0EE3FC2
:10A2EC0082B93487AD126ABCBFDA0B7512A0EE3F8F
:10A2FC00EEA96DB8EF6763BC2F1A653CB29FEE3FB9
:10A30C005188E0543DDC80BC849451F97D9FEE3F34
:10A31C00CF3E5A7E641F78BC745FECE8759FEE3FAD
:10A32C00B07D8BC04AEE86BC7481A5489A9FEE3FE7
:10A33C008AE6551E321986BCC9674256EB9FEE3F22
:10A34C00D3D4095ECB9C903C3F5DDE4F69A0EE3FC1
:10A35C001DA54DB9DC327BBC8701EB7314A1EE3F1C
:10A36C006BC06754FDEC943C32C13001EDA1EE3F63
:10A37C00556CD6ABE1EB653C624ECF36F3A2EE3FAB
:10A38C0042CFB32FC5A188BC121A3E5427A4EE3F6E
:10A39C0034373BF1B66993BC13CE4C9989A5EE3F8B
:10A3AC001EFF193A845E80BCADC723461AA7EE3F48
:10A3BC006E5772D850D494BCED92449BD9A8EE3F02
:10A3CC00008A0E5B67AD903C99668AD9C7AAEE3FAE
:10A3DC00B4EAF0C12FB78D3CDBA02A42E5ACEE3FCE
:10A3EC00FFE7C59C60B665BC8C44B51632AFEE3F3A
:10A3FC00445FF35983F67B3C36771599AEB1EE3F4B
:10A40C00833D1EA71F0993BCC6FF910B5BB4EE3FA7
:10A41C00291E6C8BB8A95DBCE5C5CDB037B7EE3F36
:10A42C0059B9907CF9236CBC0F52C8CB44BAEE3F9F
:10A43C00AAF9F422434392BC504EDE9F82BDEE3FFC
:10A44C004B8E66D76CCA85BCBA07CA70F1C0EE3F9A
:10A45C0027CE912BFCAF713C90F0A38291C4EE3FC0
:10A46C00BB730AE135D26D3C2323E31963C8EE3F7D
:10A47C006322622204C587BC65E55D7B66CCEE3F3A
:10A48C00D531E2E3861C8B3C332D4AEC9BD0EE3F5E
:10A49C0015BBBCD3D1BB91BC5D253EB203D5EE3F01
:10A4AC00D231EE9C31CC903C58B330139ED9EE3F58
:10A4BC00B35A736E8469843CBFFD79556BDEEE3FF5
:10A4CC00B49D8E97CDDF82BC7AF3D3BF6BE3EE3FA6
:10A4DC008733CB92771A8C3CADD35A999FE8EE3FD9
:10A4EC00FAD9D14A8F7B90BC66B68D2907EEEE3F28
:10A4FC00BAAEDC56D9C355BCFB154FB8A2F3EE3F30
:10A50C0040F6A63D0EA490BC3A59E58D72F9EE3F8B
:10A51C003493AD38F4D668BC475EFBF276FFEE3F61
:10A52C00358A586BE2EE91BC4A06A130B005EF3F7C
:10A53C00CDDD5F0AD7FF743CD2C14B901E0CEF3FB0
:10A54C00AC9892FAFBBD91BC091ED75BC212EF3FCF
:10A55C00B30CAF30AE6E733C9C5285DD9B19EF3F54
:10A56C0094FD9F5C32E38E3C7AD0FF5FAB20EF3FD3
:10A57C00AC5909D18FE0843C4BD1572EF127EF3FDA
:10A58C00671A4E38AFCD633CB5E706946D2FEF3F9D
:10A59C006819926C2C6B673C6990EFDC2037EF3FAD
:10A5AC00D2B5CC83188A80BCFAC35D550B3FEF3F04
:10A5BC006FFAFF3F5DAD8FBC7C89074A2D47EF3F9B
:10A5CC0049A97538AE0D90BCF2890D08874FEF3F45
:10A5DC00A7073DA685A3743C87A4FBDC1858EF3F66
:10A5EC000F2240209E9182BC9883C916E360EF3FF6
:10A5FC00AC92C1D5505A8E3C8532DB03E669EF3FF5
:10A60C004B6B01AC593A843C60B401F32173EF3FBE
:10A61C001F3EB40721D582BC5F9B7B33977CEF3FF9
:10A62C00C90D473BB92A89BC29A1F5144686EF3FD1
:10A63C00D3883A6004B6743CF63F8BE72E90EF3F1C
:10A64C0071729D51ECC5833C834CC7FB519AEF3F13
:10A65C00F091D38F12F78FBCDA90A4A2AFA4EF3F86
:10A66C007D7423E298AE8DBCF1678E2D48AFEF3F21
:10A67C000820AA41BCC38E3C275A61EE1BBAEF3F9F
:10A68C0032EBA9C3942B843C97BA6B372BC5EF3FA5
:10A69C00EE85D131A9648A3C40456E5B76D0EF3FA4
:10A6AC00EDE33BE4BA378EBC14BE9CADFDDBEF3F53
:10A6BC009DCD914D3B89773CD8909E81C1E7EF3F72
:10A6CC0089CC6041C105533CF1718F2BC2F3EF3F34
:10A6DC000038FAFE422EE63F3067C79357F32E3D03
:10A6EC00010000000000E0BF5B3051555555D53FCF
:10A6FC009045EBFFFFFFCFBF1101F124B399C93F88
:10A70C009FC806E57555C5BF000000000000E0BFFE
:10A71C00775555555555D53FCBFDFFFFFFFFCFBFA7
:10A72C000CDD95999999C93FA74567555555C5BFF6
:10A73C0030DE44A32449C23F653D42A4FFFFBFBFA6
:10A74C00CAD62A288471BC3FFF68B043EB99B9BFC5
:10A75C0085D0AFF78281B73FCD45D1751352B5BFC8
:10A76C009FDEE0C3F034F73F0090E6797FCCD7BF93
:10A77C001FE92C6A7813F73F00000DC2EE6FD7BFAC
:10A78C00A0B5FA0860F2F63F00E05113E313D7BF0F
:10A79C007D8C131FA6D1F63F007828385BB8D6BF46
:10A7AC00D1B4C50B49B1F63F00788090555DD6BF4A
:10A7BC00BA0C2F334791F63F00001876D002D6BF63
:10A7CC00234222189F71F63F00909086CAA8D5BFED
:10A7DC00D91EA5994F52F63F00500356434FD5BF93
:10A7EC00C4248FAA5633F63F00406BC337F6D4BF50
:10A7FC0014DC9D6BB314F63F0050A8FDA79DD4BF8D
:10A80C004C5CC65264F6F53F00A889399245D4BF1A
:10A81C004F2C91B567D8F53F00B8B039F4EDD3BFE4
:10A82C00DE905BCBBCBAF53F00708F44CE96D3BFA5
:10A83C00781AD9F2619DF53F00A0BD171E40D3BF19
:10A84C00875646125680F53F008046EFE2E9D2BFAC
:10A85C00D36BE7CE9763F53F00E030381B94D2BF43
:10A86C00937FA7E22547F53F0088DA8CC53ED2BF1F
:10A87C0083450642FF2AF53F00902729E1E9D1BF25
:10A88C00DFBDB2DB220FF53F00F8482B6D95D1BF31
:10A89C00D7DE34478FF3F43F00F8B99A6741D1BF44
:10A8AC004028DECF43D8F43F0098EF94D0EDD0BFD2
:10A8BC00C8A378C03EBDF43F0010DB18A59AD0BFEA
:10A8CC008A25E0C37FA2F43F00B86352E647D0BFAD
:10A8DC003484D4240588F43F00F0864522EBCFBFA6
:10A8EC000B2D191BCE6DF43F00B017754A47CFBF27
:10A8FC00541839D3D953F43F0030103D44A4CEBF83
:10A90C005A84B444273AF43F00B0E9440D02CEBF58
:10A91C00FBF81541B520F43F00F07729A260CDBFBC
:10A92C00B1F43EDA8207F43F0090950401C0CCBF2D
:10A93C008FFE575D8FEEF33F001089562920CCBF58
:10A94C00E94C0BA0D9D5F33F0010818D1781CBBFFB
:10A95C002BC110C060BDF33F00D0D3CCC9E2CABF3D
:10A96C00B8DA752B24A5F33F0090122E4045CABFD0
:10A97C0002D09FCD228DF33F00F01D6877A8C9BF90
:10A98C001C7A84C55B75F33F003048696D0CC9BFF8
:10A99C00E236AD49CE5DF33F00C045A62071C8BF7D
:10A9AC0040D44D987946F33F003014B48FD6C7BFCE
:10A9BC0024CBFFCE5C2FF33F0070623CB83CC7BF8A
:10A9CC00490DA1757718F33F0060379B9AA3C6BF5A
:10A9DC0090393E37C801F33F00A0B754310BC6BFC6
:10A9EC0041F895BB4EEBF23F003024767D73C5BF2A
:10A9FC00D1A919020AD5F23F0030C28F7BDCC4BF4B
:10AA0C002AFDB7A8F9BEF23F0000D2512C46C4BFB4
:10AA1C00AB1B0C7A1CA9F23F000083BC8AB0C3BFED
:10AA2C0030B514607293F23F0000496B991BC3BFA1
:10AA3C00F5A15757FA7DF23F0040A4905487C2BF4E
:10AA4C00BF3B1D9BB368F23F00A079F8B9F3C1BFBF
:10AA5C00BDF58F839D53F23F00A02C25C860C1BF6C
:10AA6C003B08C9AAB73EF23F0020F7577FCEC0BFC4
:10AA7C00B640A92B012AF23F00A0FE49DC3CC0BF26
:10AA8C003241CC967915F23F00804BBCBD57BFBF0D
:10AA9C009BFCD21D2001F23F004040960837BEBF00
:10AAAC000B484D49F4ECF13F0040F93E9817BDBFFF
:10AABC0069658F52F5D8F13F00A0D84E67F9BBBF3E
:10AACC007C7E571123C5F13F00602F2079DCBABF83
:10AADC00E926CB747CB1F13F008028E7C3C0B9BF35
:10AAEC00B61A2C0C019EF13F00C072B346A6B8BF3B
:10AAFC00BD70B67BB08AF13F0000ACB3018DB7BF1F
:10AB0C00B6BCEF258A77F13F00003845F174B6BF2B
:10AB1C00DA314C358D64F13F0080876D0E5EB5BF28
:10AB2C00DD5F2790B951F13F00E0A1DE5C48B4BF76
:10AB3C004CD232A40E3FF13F00A06A4DD933B3BFC3
:10AB4C00DAF910728B2CF13F0060C5F87920B2BF96
:10AB5C0031B5EC28301AF13F00206298460EB1BF97
:10AB6C00AF3484DAFB07F13F0000D26A6CFAAFBF56
:10AB7C00B36B4E0FEEF5F03F0040774A8DDAADBF68
:10AB8C00CE9F2A5D06E4F03F000085E4ECBCABBF31
:10AB9C0021A52C6344D2F03F00C0124089A1A9BF6B
:10ABAC001A98E27CA7C0F03F00C002335888A7BFB8
:10ABBC00D136C6832FAFF03F0080D6675E71A5BF3C
:10ABCC003913A098DB9DF03F008065498A5CA3BFD8
:10ABDC00DFE752AFAB8CF03F00401564E349A1BFF7
:10ABEC00FB284E2F9F7BF03F0080EB82C0729EBFF4
:10ABFC00198F358CB56AF03F00805252F1559ABFCF
:10AC0C002CF9ECA5EE59F03F008081CF623D96BF48
:10AC1C00902CD1CD4949F03F0000AA8CFB2892BF63
:10AC2C00A9ADF0C6C638F03F0000F9207B318CBFCF
:10AC3C00A93279136528F03F0000AA5D351984BF4D
:10AC4C004873EA272418F03F0000ECC2031278BFC7
:10AC5C0095B114060408F03F00002479090460BF84
:10AC6C001AFA26F71FE0EF3F00009084F3EF6F3FD6
:10AC7C0074EA61C21CA1EF3F00003D3541DC873F07
:10AC8C002E9981B01063EF3F0080C2C4A3CE933FD6
:10AC9C00CDADEE3CF625EF3F00008914C19F9B3FE4
:10ACAC00E7139103C8E9EE3F000011CED8B0A13FE5
:10ACBC00ABB1CB7880AEEE3F00C001D05B8AA53F34
:10ACCC009B0C9DA21A74EE3F0080D840835CA93F78
:10ACDC00B5990A83913AEE3F008057EF6A27AD3F52
:10ACEC00569A6009E001EE3F00C098E59875B03FB8
:10ACFC0098BB77E501CAED3F00200DE3F553B23F59
:10AD0C0003917C0BF292ED3F0000388BDD2EB43FAB
:10AD1C00CE5CFB66AC5CED3F00C057875906B63F76
:10AD2C009DDE5EAA2C27ED3F00006A3576DAB73F30
:10AD3C00CD2C6B3E6EF2EC3F00601C4E43ABB93F2A
:10AD4C000279A7A26DBEEC3F00600DBBC778BB3F7C
:10AD5C006D08376D268BEC3F0020E7321343BD3F67
:10AD6C0004585DBD9458EC3F0060DE71310ABF3F62
:10AD7C008C9FBB33B526EC3F0040912B1567C03F31
:10AD8C003FE7ECEE83F5EB3F00B092828547C13F85
:10AD9C00C196DB75FDC4EB3F0030CACD6E26C23FB9
:10ADAC00284A860C1E95EB3F0050C5A6D703C33F1F
:10ADBC002C3EEFC5E265EB3F0010333CC3DFC33FD5
:10ADCC008B88C9674837EB3F00807A6B36BAC43F33
:10ADDC004A301D214B09EB3F00F0D1283993C53F78
:10ADEC007EEFF285E8DBEA3F00F01824CD6AC63F1F
:10ADFC00A23D60311DAFEA3F009066ECF840C73FC2
:10AE0C00A758D33FE682EA3F00F01AF5C015C83FB9
:10AE1C008B7309EF4057EA3F0080F65429E9C83F8D
:10AE2C00274BAB902A2CEA3F0040F80236BBC93FB7
:10AE3C00D1F29313A001EA3F00002C1CED8BCA3F0A
:10AE4C001B3CDB249FD7E93F00D0015C515BCB3F1F
:10AE5C0090B1C70525AEE93F00C0BCCC6729CC3FFB
:10AE6C002FCE97F22E85E93F006048D535F6CC3FC2
:10AE7C00754BA4EEBA5CE93F00C04634BDC1CD3F72
:10AE8C003848E79DC634E93F00E0CFB8018CCE3F8F
:10AE9C00E652672F4F0DE93F009017C00955CF3F81
:10AEAC009DD7FF8E52E6E83F00B81F126C0ED03FC4
:10AEBC007C00CC9FCEBFE83F00D0930EB871D03F42
:10AECC000EC3BEDAC099E83F0070869E6BD4D03FAB
:10AEDC00FB1723AA2774E83F00D04B338736D13FAA
:10AEEC00089AB3AC004FE83F004823670D98D13F58
:10AEFC00553E65E8492AE83F0080CCE0FFF8D13F99
:10AF0C006002F4950106E83F006863D75F59D23FB1
:10AF1C0029A3E06325E2E73F00A8140930B9D23F2A
:10AF2C00ADB5DC77B3BEE73F006043107218D33F7A
:10AF3C00C2259767AA9BE73F0018EC6D2677D33F95
:10AF4C00570617F20779E73F0030AFFB4FD5D33FD9
:10AF5C000C13D6DBCA56E73F00E02FE3EE32D43FAA
:10AF6C00BEF3F879EC61F63FDEAA8C80F77BD5BF97
:10AF7C003D88AF4AED71F53FDB6DC0A7F0BED2BF87
:10AF8C00B010F0F03995F43F673A517FAE1ED0BF48
:10AF9C008503B8B095C9F33FE92482A6D831CBBF5D
:10AFAC00A564880C190DF33F5877C00A4F57C6BFDC
:10AFBC00A08E0B7B225EF23F00819CC72BAAC1BFE7
:10AFCC003F341A4A4ABBF13F5E0E8CCE764EBABF66
:10AFDC00BAE58AF05823F13FCC1C615A3C97B1BFBB
:10AFEC00A70099413F95F03F1E0CE138F452A2BFE7
:10AFFC00000000000000F03F000000000000000016
:10B00C00AC479AFD8C60EE3F8459F25DAAA5AA3F2D
:10B01C00A06A021FB3A4EC3FB42E36AA535EBC3F09
:10B02C00E6FC6A573620EB3F08DB2077E526C53F68
:10B03C002DAAA163D1C2E93F7047220D86C2CB3F36
:10B04C00ED417803E686E83FE17EA0C88B05D13F51
:10B05C00624853F5DC67E73F09EEB6573004D43F3E
:10B06C00EF39FAFE422EE63F3483B848A30ED0BF28
:10B07C006A0BE00B5B57D53F23410AF2FEFFDFBFA3
:10B08C000080E03779C34143176E05B5B5B89346D8
:10B09C00F5F93FE9034F384D321D30F94877825AA4
:10B0AC003CBF737FDD4F1575000000000000F03FC2
:10B0BC000000000000002440000000000000594087
:10B0CC000000000000408F40000000000088C340DA
:10B0DC0000000000006AF8400000000080842E414F
:10B0EC0000000000D01263410000000084D797419B
:10B0FC000000000065CDCD41000000205FA00242A1
:10B10C00000000E876483742000000A2941A6D4215
:10B11C00000040E59C30A2420000901EC4BCD64208
:10B12C0000003426F56B0C430080E03779C34143B3
:10B13C0000A0D8855734764300C84E676DC1AB4329
:10B14C00003D9160E458E143408CB5781DAF154447
:10B15C0050EFE2D6E41A4B4492D54D06CFF0804422
:10B16C00F64AE1C7022DB544B49DD9794378EA4437
:10B17C000038FAFE422EE63F3067C79357F32E3D58
:10B18C00000000000000E0BF605555555555E5BF67
:10B19C00060000000000E03F4E5559999999E93F8F
:10B1AC007AA429555555E5BFE945489B5B49F2BF43
:10B1BC00C33F268B2B00F03F0000000000A0F63FA1
:10B1CC00000000000000000000C8B9F2822CD6BFBD
:10B1DC008056372824B4FA3C000000000080F63F6B
:10B1EC000000000000000000000858BFBDD1D5BF12
:10B1FC0020F7E0D808A51CBD000000000060F63F59
:10B20C000000000000000000005845177776D5BFFD
:10B21C006D50B6D5A46223BD000000000040F63F7F
:10B22C00000000000000000000F82D87AD1AD5BF0B
:10B23C00D567B09EE484E6BC000000000020F63F19
:10B24C000000000000000000007877955FBED4BFBE
:10B25C00E03E2993691B04BD000000000000F63F8E
:10B26C00000000000000000000601CC28B61D4BF15
:10B27C00CC844C482FD8133D0000000000E0F53F73
:10B28C00000000000000000000A886863004D4BF37
:10B29C003A0B82EDF342DC3C0000000000C0F53FAD
:10B2AC000000000000000000004869554CA6D3BF08
:10B2BC0060945186C6B1203D0000000000A0F53F0F
:10B2CC0000000000000000000080989ADD47D3BF0A
:10B2DC009280C5D44D59253D000000000080F53FFB
:10B2EC0000000000000000000020E1BAE2E8D2BF3C
:10B2FC00D82BB7991E7B263D000000000060F53F5F
:10B30C0000000000000000000088DE135A89D2BF44
:10B31C003FB0CFB614CA153D000000000060F53FE9
:10B32C0000000000000000000088DE135A89D2BF24
:10B33C003FB0CFB614CA153D000000000040F53FE9
:10B34C0000000000000000000078CFFB4129D2BFB4
:10B35C0076DA5328245A16BD000000000020F53F71
:10B36C000000000000000000009869C198C8D1BF1F
:10B37C000454E768BCAF1FBD000000000000F53F9F
:10B38C00000000000000000000A8ABAB5C67D1BF60
:10B39C00F0A88233C61F1F3D0000000000E0F43F00
:10B3AC0000000000000000000048AEF98B05D1BF82
:10B3BC00665A05FDC4A826BD0000000000C0F43F7D
:10B3CC000000000000000000009073E224A3D0BF36
:10B3DC000E03F47EEE6B0CBD0000000000A0F43FE9
:10B3EC00000000000000000000D0B4942540D0BF45
:10B3FC007F2DF49EB836F0BC0000000000A0F43F96
:10B40C00000000000000000000D0B4942540D0BF24
:10B41C007F2DF49EB836F0BC000000000080F43F95
:10B42C00000000000000000000405E6D18B9CFBFA6
:10B43C00873C99AB2A570D3D000000000060F43F9B
:10B44C0000000000000000000060DCCBADF0CEBFBF
:10B45C0024AF869CB7262B3D000000000040F43F33
:10B46C00000000000000000000F02A6E0727CEBF8D
:10B47C0010FF3F544F2F17BD000000000020F43F79
:10B48C00000000000000000000C04F6B215CCDBF2D
:10B49C001B68CABB91BA213D000000000000F43FBC
:10B4AC00000000000000000000A09AC7F78FCCBF7E
:10B4BC0034849F684F79273D000000000000F43F62
:10B4CC00000000000000000000A09AC7F78FCCBF5E
:10B4DC0034849F684F79273D0000000000E0F33F63
:10B4EC00000000000000000000902D7486C2CBBF4D
:10B4FC008FB78B31B04E193D0000000000C0F33FF8
:10B50C00000000000000000000C0804EC9F3CABF5C
:10B51C006690CD3F634EBA3C0000000000A0F33FA4
:10B52C00000000000000000000B0E21FBC23CABFF6
:10B53C00EAC146DC648C25BD0000000000A0F33F8E
:10B54C00000000000000000000B0E21FBC23CABFD6
:10B55C00EAC146DC648C25BD000000000080F33F8E
:10B56C0000000000000000000050F49C5A52C9BFBB
:10B57C00E3D4C104D9D12ABD000000000060F33F20
:10B58C00000000000000000000D02065A07FC8BFB4
:10B59C0009FADB7FBFBD2B3D000000000040F33FEC
:10B5AC00000000000000000000E0100289ABC7BFE3
:10B5BC00584A537290DB2B3D000000000040F33FD3
:10B5CC00000000000000000000E0100289ABC7BFC3
:10B5DC00584A537290DB2B3D000000000020F33FD3
:10B5EC00000000000000000000D019E70FD6C6BF15
:10B5FC0066E2B2A36AE410BD000000000000F33F55
:10B60C0000000000000000000090A77030FFC5BFD4
:10B61C003950109F439E1EBD000000000000F33FF8
:10B62C0000000000000000000090A77030FFC5BFB4
:10B63C003950109F439E1EBD0000000000E0F23FF9
:10B64C00000000000000000000B0A1E3E526C5BF2B
:10B65C008F5B07908BDE20BD0000000000C0F23F26
:10B66C0000000000000000000080CB6C2B4DC4BF1C
:10B67C003C783561C10C173D0000000000C0F23F62
:10B68C0000000000000000000080CB6C2B4DC4BFFC
:10B69C003C783561C10C173D0000000000A0F23F62
:10B6AC00000000000000000000901E20FC71C3BFD1
:10B6BC003A54274D8678F13C000000000080F23FA0
:10B6CC00000000000000000000F01FF85295C2BFFF
:10B6DC0008C47117308D24BD000000000060F23FDB
:10B6EC00000000000000000000602FD52AB7C1BF89
:10B6FC0096A31118A4802EBD000000000060F23F3C
:10B70C00000000000000000000602FD52AB7C1BF68
:10B71C0096A31118A4802EBD000000000040F23F3B
:10B72C0000000000000000000090D07C7ED7C0BF5D
:10B73C00F45BE88896690A3D000000000040F23F87
:10B74C0000000000000000000090D07C7ED7C0BF3D
:10B75C00F45BE88896690A3D000000000020F23F87
:10B76C00000000000000000000E0DB3191ECBFBFE6
:10B77C00F233A35C547525BD000000000000F23FBD
:10B78C00000000000000000000002B6E0727BEBF69
:10B79C003C00F02A2C342A3D000000000000F23F4F
:10B7AC00000000000000000000002B6E0727BEBF49
:10B7BC003C00F02A2C342A3D0000000000E0F13F50
:10B7CC00000000000000000000C05B8F545EBCBF96
:10B7DC0006BE5F58570C1DBD0000000000C0F13FB5
:10B7EC00000000000000000000E04A3A6D92BABF71
:10B7FC00C8AA5BE83539253D0000000000C0F13FC8
:10B80C00000000000000000000E04A3A6D92BABF50
:10B81C00C8AA5BE83539253D0000000000A0F13FC7
:10B82C00000000000000000000A031D645C3B8BFE6
:10B83C0068562F4D297C133D0000000000A0F13FFD
:10B84C00000000000000000000A031D645C3B8BFC6
:10B85C0068562F4D297C133D000000000080F13FFD
:10B86C0000000000000000000060E58AD2F0B6BFC6
:10B87C00DA7333C9379726BD000000000060F13F32
:10B88C0000000000000000000020063F071BB5BFB1
:10B89C00575EC6615B021F3D000000000060F13F77
:10B8AC0000000000000000000020063F071BB5BF91
:10B8BC00575EC6615B021F3D000000000040F13F77
:10B8CC00000000000000000000E01B96D741B3BF51
:10B8DC00DF13F9CCDA5E2C3D000000000040F13F94
:10B8EC00000000000000000000E01B96D741B3BF31
:10B8FC00DF13F9CCDA5E2C3D000000000020F13F94
:10B90C0000000000000000000080A3EE3665B1BF0F
:10B91C0009A38F765E7C143D000000000000F13F0F
:10B92C000000000000000000008011C0300AAFBF12
:10B93C00918E36839E592D3D000000000000F13F92
:10B94C000000000000000000008011C0300AAFBFF2
:10B95C00918E36839E592D3D0000000000E0F03F93
:10B96C00000000000000000000801971DD42ABBF38
:10B97C004C70D6E57A821C3D0000000000E0F03FE0
:10B98C00000000000000000000801971DD42ABBF18
:10B99C004C70D6E57A821C3D0000000000C0F03FE0
:10B9AC00000000000000000000C032F65874A7BF71
:10B9BC00EEA1F23446FC2CBD0000000000C0F03FAC
:10B9CC00000000000000000000C032F65874A7BF51
:10B9DC00EEA1F23446FC2CBD0000000000A0F03FAC
:10B9EC00000000000000000000C0FEB9879EA3BF4D
:10B9FC00AAFE26F5B702F53C0000000000A0F03FBF
:10BA0C00000000000000000000C0FEB9879EA3BF2C
:10BA1C00AAFE26F5B702F53C000000000080F03FBE
:10BA2C0000000000000000000000780E9B829FBF09
:10BA3C00E4097E7C268029BD000000000080F03FD8
:10BA4C0000000000000000000000780E9B829FBFE9
:10BA5C00E4097E7C268029BD000000000060F03FD8
:10BA6C0000000000000000000080D5071BB997BF44
:10BA7C0039A6FA93548D28BD000000000040F03F19
:10BA8C0000000000000000000000FCB0A8C08FBF48
:10BA9C009CA6D3F67C1EDFBC000000000040F03FEB
:10BAAC0000000000000000000000FCB0A8C08FBF28
:10BABC009CA6D3F67C1EDFBC000000000020F03FEB
:10BACC0000000000000000000000106B2AE07FBFA7
:10BADC00E440DA0D3FE219BD000000000020F03F09
:10BAEC0000000000000000000000106B2AE07FBF87
:10BAFC00E440DA0D3FE219BD000000000000F03F09
:10BB0C000000000000000000000000000000000029
:10BB1C000000000000000000000000000000F03FEA
:10BB2C000000000000000000000000000000000009
:10BB3C0000000000000000000000000000C0EF3F0B
:10BB4C000000000000000000000089751510803F07
:10BB5C00E82B9D996BC710BD000000000080EF3FE3
:10BB6C000000000000000000008093585620903F19
:10BB7C00D2F7E2065BDC23BD000000000040EF3F83
:10BB8C0000000000000000000000C9282549983F73
:10BB9C00340C5A32BAA02ABD000000000000EF3F5E
:10BBAC0000000000000000000040E7895D41A03F5C
:10BBBC0053D7F15CC011013D0000000000C0EE3F06
:10BBCC00000000000000000000002ED4AE66A43F70
:10BBDC0028FDBD7573162CBD000000000080EE3FE3
:10BBEC00000000000000000000C09F14AA94A83FB1
:10BBFC007D265AD0957919BD000000000040EE3F1B
:10BC0C00000000000000000000C0DDCD73CBAC3F95
:10BC1C000728D847F2681ABD000000000020EE3F4C
:10BC2C00000000000000000000C006C031EAAE3F7A
:10BC3C007B3BC94F3E110EBD0000000000E0ED3F04
:10BC4C000000000000000000006046D13B97B13FAF
:10BC5C009B9E0D565D3225BD0000000000A0ED3FFF
:10BC6C00000000000000000000E0D1A7F5BDB33FCC
:10BC7C00D74EDBA55EC82C3D000000000060ED3FF8
:10BC8C00000000000000000000A0974D5AE9B53FED
:10BC9C001E1D5D3C06692CBD000000000040ED3F00
:10BCAC00000000000000000000C0EA0AD300B73F0B
:10BCBC0032ED9DA98D1EEC3C000000000000ED3F14
:10BCCC0000000000000000000040595D5E33B93FE9
:10BCDC00DA47BD3A5C11233D0000000000C0EC3F88
:10BCEC0000000000000000000060AD8DC86ABB3F82
:10BCFC00E568F72B809013BD0000000000A0EC3F1E
:10BD0C0000000000000000000040BC015888BC3F4F
:10BD1C00D3AC5AC6D146263D000000000060EC3F73
:10BD2C00000000000000000000200A8339C7BE3F5D
:10BD3C00E045E6AF68C02DBD000000000040EC3FC0
:10BD4C00000000000000000000E0DB3991E8BF3F7C
:10BD5C00FD0AA14FD63425BD000000000000EC3FC9
:10BD6C00000000000000000000E027828E17C13F99
:10BD7C00F2072DCE78EF213D0000000000E0EB3FF4
:10BD8C00000000000000000000F0237E2BAAC13F41
:10BD9C00349938448EA72C3D0000000000A0EB3FE6
:10BDAC0000000000000000000080860C61D1C23F42
:10BDBC00A1B481CB6C9D033D000000000080EB3FE3
:10BDCC000000000000000000009015B0FC65C33FAF
:10BDDC0089724B23A82FC63C000000000040EB3FAB
:10BDEC00000000000000000000B033833D91C43F10
:10BDFC0078B6FD547983253D000000000020EB3F10
:10BE0C00000000000000000000B0A1E4E527C53FE1
:10BE1C00C77D69E5E833263D0000000000E0EA3FFD
:10BE2C00000000000000000000108CBE4E57C63F02
:10BE3C00782E3C2C8BCF193D0000000000C0EA3F4F
:10BE4C0000000000000000000070758B12F0C63F6F
:10BE5C00E1219CE58D1125BD0000000000A0EA3F0A
:10BE6C000000000000000000005044858D89C73F91
:10BE7C000543917010661CBD000000000060EA3F95
:10BE8C000000000000000000000039EBAFBEC83F0E
:10BE9C00D12CE9AA543D07BD000000000040EA3F48
:10BEAC0000000000000000000000F7DC5A5AC93FF7
:10BEBC006FFFA05828F2073D000000000000EA3F89
:10BECC00000000000000000000E08A3CED93CA3F37
:10BEDC0069215650437228BD0000000000E0E93F84
:10BEEC00000000000000000000D05B57D831CB3FB1
:10BEFC00AAE1AC4E8D350CBD0000000000C0E93F3E
:10BF0C00000000000000000000E03B3887D0CB3F71
:10BF1C00B6125459C44B2DBD0000000000A0E93FDF
:10BF2C0000000000000000000010F0C6FB6FCC3FCA
:10BF3C00D22B96C572ECF1BC000000000060E93F0A
:10BF4C0000000000000000000090D4B03DB1CD3FD7
:10BF5C0035B015F72AFF2ABD000000000040E93F6C
:10BF6C0000000000000000000010E7FF0E53CE3F61
:10BF7C0030F441602712C23C000000000020E93F71
:10BF8C0000000000000000000000DDE4ADF5CE3F35
:10BF9C00118EBB651521CABC000000000000E93FF2
:10BFAC00000000000000000000B0B36C1C99CF3FF3
:10BFBC0030DF0CCAECCB1B3D0000000000C0E83F9A
:10BFCC00000000000000000000584D603871D03FA8
:10BFDC00914EED16DB9CF83C0000000000A0E83F01
:10BFEC000000000000000000006061672DC4D03F1D
:10BFFC00E9EA3C168B18273D000000000080E83F62
:10C00C00000000000000000000E827828E17D13FDE
:10C01C001CF0A5630E212CBD000000000060E83F61
:10C02C00000000000000000000F8ACCB5C6BD13FBE
:10C03C008116A5F7CD9A2B3D000000000040E83F8B
:10C04C00000000000000000000685A6399BFD13F57
:10C05C00B7BD4751EDA62C3D000000000020E83F85
:10C06C00000000000000000000B80E6D4514D23F27
:10C07C00EABA46BADE870A3D0000000000E0E73F5E
:10C08C0000000000000000000090DC7CF0BED23FFD
:10C09C00F404504AFA9C2A3D0000000000C0E73F1F
:10C0AC0000000000000000000060D3E1F114D33F59
:10C0BC00B83C21D37AE228BD0000000000A0E73F85
:10C0CC0000000000000000000010BE76676BD33F3C
:10C0DC00C877F1B0CD6E113D000000000080E73F45
:10C0EC0000000000000000000030337752C2D33F44
:10C0FC005CBD06B6543B183D000000000060E73FF5
:10C10C00000000000000000000E8D523B419D43F63
:10C11C009DE090EC36E4083D000000000040E73F55
:10C12C00000000000000000000C871C28D71D43FF7
:10C13C0075D66709CE272FBD000000000020E73F11
:10C14C0000000000000000000030179EE0C9D43F42
:10C15C00A4D80A1B89202EBD000000000000E73F78
:10C16C00000000000000000000A03807AE22D53F00
:10C17C0059C7648170BE2E3D0000000000E0E63F10
:10C18C00000000000000000000D0C853F77BD53F32
:10C19C00EF405DEEEDAD1F3D0000000000C0E63F3E
:10C1AC000000000000000000006059DFBDD5D53F45
:10C1BC00DC65A4082A0B0ABDBC89D897B2D29C3C7A
:10C1CC0033A7A8D523F649393DA7F444FD0FA53272
:10C1DC009D978CCF08BA5B25436FAC642806681119
:10C1EC000000240348066A098C0CAB0FC812E21538
:10C1FC00F9180B1C1A1F2322282526281F2B112E59
:10C20C00FB30DF33BA368C39563C173FCE417A447B
:10C21C001C47B4493F4CBF4E33519B53F5554258C4
:10C22C00825AB35CD75EEB60F162E864CF66A668B5
:10C23C006D6A236CC96D5E6FE2705472B5730475D0
:10C24C0041766B77847889797C7A5C7B297CE37C7A
:10C25C00897D1D7E9C7E097F617FA67FD87FF57FBF
:10C26C00FF7FF57FD87FA67F617F097F9C7E1D7E37
:10C27C00897DE37C297C5C7B7C7A897984786B77FB
:10C28C0041760475B5735472E2705E6FC96D236CA0
:10C29C006D6AA668CF66E864F162EB60D75EB35C4A
:10C2AC00825A4258F5559B533351BF4E3F4CB449BB
:10C2BC001C477A44CE41173F563C8C39BA36DF3393
:10C2CC00FB30112E1F2B2628282523221A1F0B1C6E
:10C2DC00F918E215C812AB0F8C0C6A094806240336
:10C2EC000000DCFCB8F996F674F355F038ED1EEA54
:10C2FC0007E7F5E3E6E0DDDDD8DADAD7E1D4EFD114
:10C30C0005CF21CC46C974C6AAC3E9C032BE86BBD0
:10C31C00E4B84CB6C1B341B1CDAE65AC0BAABEA767
:10C32C007EA54DA329A1159F0F9D189B31995A9756
:10C33C009395DD933792A2901E8FAC8D4B8CFC8A1B
:10C34C00BF8995887C8777868485A484D7831D8351
:10C35C007782E3816481F7809F805A8028800B80EC
:10C36C0001800B8028805A809F80F7806481E38154
:10C37C0077821D83D783A484848577867C87958870
:10C38C00BF89FC8A4B8CAC8D1E8FA2903792DD93AB
:10C39C0093955A973199189B0F9D159F29A14DA3E1
:10C3AC007EA5BEA70BAA65ACCDAE41B1C1B34CB650
:10C3BC00E4B886BB32BEE9C0AAC374C646C921CC58
:10C3CC0005CFEFD1E1D4DAD7D8DADDDDE6E0F5E35D
:10C3DC0007E71EEA38ED55F074F396F6B8F9DCFC75
:10C3EC000000000000000000010003000500080030
:10C3FC000B000F00140019001F0025002C00340046
:10C40C003D0045004F00590064006F007B00880020
:10C41C009500A300B200C100D000E100F2000301BE
:10C42C00150128013B014F01640179018F01A50120
:10C43C00BC01D401EC0105021E02380253026E024B
:10C44C008A02A602C302E002FF021D033D035C0345
:10C45C007D039E03C003E203050428044C0471040D
:10C46C009604BB04E2040805300558058005A905AF
:10C47C00D305FD05280653067F06AC06D90606072C
:10C48C00340763079207C207F2072308550886088A
:10C49C00B908EC081F0953098809BD09F309290AD1
:10C4AC00600A970ACE0A070B3F0B790BB20BED0B08
:10C4BC00270C630C9E0CDB0C170D550D920DD00D3B
:10C4CC000F0E4E0E8E0ECE0E0F0F500F910FD30F70
:10C4DC00161059109C10E01024116911AE11F411B2
:10C4EC003A128112C8120F1357139F13E813311409
:10C4FC007B14C5140F155A15A515F1153D16891683
:10C50C00D61623177117BF170E185C18AC18FB182A
:10C51C004B199B19EC193D1A8F1AE01A321B851B0B
:10C52C00D81B2B1C7F1CD31C271D7B1DD01D251E2F
:10C53C007B1ED11E271F7E1FD41F2C208320DB20A7
:10C54C0033218B21E4213D229622F0224923A3237F
:10C55C00FE235824B3240E256A25C62521267E26C3
:10C56C00DA2637279427F1274E28AC280929672982
:10C57C00C629242A832AE22A412BA02B002C5F2CCB
:10C58C00BF2C1F2D802DE02D412EA12E022F632FAD
:10C59C00C52F26308830E9304B31AD310F32723235
:10C5AC00D43237339933FC335F34C2342535883574
:10C5BC00EC354F36B33616377A37DE374138A53877
:10C5CC0009396D39D239363A9A3AFE3A633BC73B50
:10C5DC002B3C903CF43C593DBE3D223E873EEB3E0D
:10C5EC00503FB53F19407E40E2404741AC411042BC
:10C5FC007542D9423E43A24307446B44D044344570
:10C60C009845FC456146C54629478D47F047544837
:10C61C00B8481C497F49E349464AA94A0D4B704B1F
:10C62C00D34B354C984CFB4C5D4DC04D224E844E3B
:10C63C00E64E484FA94F0B506C50CD502E518F5198
:10C64C00F0515052B15211537153D15330548F5445
:10C65C00EF544E55AC550B566956C8562557835753
:10C66C00E1573E589B58F8585459B1590D5A685ACD
:10C67C00C45A1F5B7A5BD55B2F5C8A5CE45C3D5DC6
:10C68C00975DF05D485EA15EF95E515FA95F006049
:10C69C005760AE6004615A61B06105625A62AF6264
:10C6AC0003635763AB63FF635264A464F764496527
:10C6BC009A65EB653C668D66DD662D677C67CB679E
:10C6CC001A686868B668036950699D69E969356AD2
:10C6DC00816ACC6A166B606BAA6BF46B3C6C856CD4
:10C6EC00CD6C156D5C6DA36DE96D2F6E746EB96EAE
:10C6FC00FE6E426F866FC96F0B704E708F70D1706B
:10C70C00127152719271D17110724F728D72CA7214
:10C71C00077344738073BB73F67331746B74A474B6
:10C72C00DD7416754D758575BC75F27528765D765C
:10C73C009276C776FA762E7760779377C477F5770B
:10C74C00267856788578B478E37811793E796B79C8
:10C75C009779C279ED79187A427A6B7A947ABC7AA5
:10C76C00E47A0B7B327B587B7D7BA27BC67BEA7B9E
:10C77C000D7C2F7C517C737C937CB47CD37CF27CC1
:10C78C00117D2E7D4C7D687D847DA07DBB7DD57D0E
:10C79C00EF7D087E207E387E4F7E667E7C7E927E8C
:10C7AC00A67EBB7ECE7EE17EF47E067F177F277F42
:10C7BC00377F477F567F647F717F7E7F8B7F967F2D
:10C7CC00A17FAC7FB67FBF7FC87FD07FD77FDE7F56
:10C7DC00E47FEA7FEF7FF37FF77FFA7FFC7FFE7FBA
:10C7EC00FF7FFF7FFF7FFF7FFE7FFC7FFA7FF77F5E
:10C7FC00F37FEF7FEA7FE47FDE7FD77FD07FC87F38
:10C80C00BF7FB67FAC7FA17F967F8B7F7E7F717F52
:10C81C00647F567F477F377F277F177F067FF47EA5
:10C82C00E17ECE7EBB7EA67E927E7C7E667E4F7E39
:10C83C00387E207E087EEF7DD57DBB7DA07D847DFE
:10C84C00687D4C7D2E7D117DF27CD37CB47C937CF9
:10C85C00737C517C2F7C0D7CEA7BC67BA27B7D7B21
:10C86C00587B327B0B7BE47ABC7A947A6B7A427A73
:10C87C00187AED79C27997796B793E791179E378E9
:10C88C00B478857856782678F577C477937760777F
:10C89C002E77FA76C77692765D762876F275BC7529
:10C8AC0085754D751675DD74A4746B743174F673DF
:10C8BC00BB73807344730773CA728D724F7210729C
:10C8CC00D171927152711271D1708F704E700B7058
:10C8DC00C96F866F426FFE6EB96E746E2F6EE96D06
:10C8EC00A36D5C6D156DCD6C856C3C6CF46BAA6B9B
:10C8FC00606B166BCC6A816A356AE9699D6950690F
:10C90C000369B66868681A68CB677C672D67DD6653
:10C91C008D663C66EB659A654965F764A464526460
:10C92C00FF63AB6357630363AF625A620562B06126
:10C93C005A610461AE6057600060A95F515FF95E97
:10C94C00A15E485EF05D975D3D5DE45C8A5C2F5CAA
:10C95C00D55B7A5B1F5BC45A685A0D5AB15954594E
:10C96C00F8589B583E58E15783572557C856695677
:10C97C000B56AC554E55EF548F543054D153715314
:10C98C001153B1525052F0518F512E51CD506C5019
:10C99C000B50A94F484FE64E844E224EC04D5D4D74
:10C9AC00FB4C984C354CD34B704B0D4BA94A464A1B
:10C9BC00E3497F491C49B8485448F0478D472947FB
:10C9CC00C5466146FC4598453445D0446B44074404
:10C9DC00A2433E43D94275421042AC414741E2402A
:10C9EC007E401940B53F503FEB3E873E223EBE3D58
:10C9FC00593DF43C903C2B3CC73B633BFE3A9A3A86
:10CA0C00363AD2396D390939A5384138DE377A379B
:10CA1C001637B3364F36EC3588352535C2345F348E
:10CA2C00FC3399333733D43272320F32AD314B3150
:10CA3C00E93088302630C52F632F022FA12E412ECE
:10CA4C00E02D802D1F2DBF2C5F2C002CA02B412BFB
:10CA5C00E22A832A242AC62967290929AC284E28C8
:10CA6C00F12794273727DA267E262126C6256A2524
:10CA7C000E25B3245824FE23A3234923F022962207
:10CA8C003D22E4218B213321DB2083202C20D41F59
:10CA9C007E1F271FD11E7B1E251ED01D7B1D271D13
:10CAAC00D31C7F1C2B1CD81B851B321BE01A8F1A26
:10CABC003D1AEC199B194B19FB18AC185C180E1885
:10CACC00BF1771172317D61689163D16F115A51524
:10CADC005A150F15C5147B143114E8139F135713F3
:10CAEC000F13C81281123A12F411AE1169112411EC
:10CAFC00E0109C1059101610D30F910F500F0F0F00
:10CB0C00CE0E8E0E4E0E0F0ED00D920D550D170D26
:10CB1C00DB0C9E0C630C270CED0BB20B790B3F0B53
:10CB2C00070BCE0A970A600A290AF309BD0988097E
:10CB3C0053091F09EC08B908860855082308F207A1
:10CB4C00C2079207630734070607D906AC067F06AF
:10CB5C0053062806FD05D305A905800558053005A3
:10CB6C000805E204BB04960471044C042804050473
:10CB7C00E203C0039E037D035C033D031D03FF0220
:10CB8C00E002C302A6028A026E02530238021E029F
:10CB9C000502EC01D401BC01A5018F0179016401EE
:10CBAC004F013B01280115010301F200E100D00007
:10CBBC00C100B200A300950088007B006F006400E8
:10CBCC0059004F0045003D0034002C0025001F008B
:10CBDC00190014000F000B000800050003000100F1
:10CBEC000000000000000000010000000300000035
:10CBFC00020000000000000020202020526576205A
:10CC0C00322E30330000000057474E3A20202020AF
:10CC1C0020202020202020200000000042555359C5
:10CC2C003A00000020202020535045435452554DCB
:10CC3C0000000000203020487A20202020202020D6
:10CC4C002020202020202020332E354B487A000035
:10CC5C00203020487A202020202020202020202036
:10CC6C0020202020362E354B487A000053494D3A6F
:10CC7C00000000004F4B00004255535920444554CE
:10CC8C00454354202000000020202020533A4E3DE4
:10CC9C002000000020644200464144452044455099
:10CCAC0054483A2020202020000000002020202082
:10CCBC00202000004641444520465245513A202050
:10CCCC00202020200000000020487A004F464653C8
:10CCDC0045543A2020202020202020200000000055
:10CCEC00464D20444556494154494F4E3A20202048
:10CCFC0000000000464D20524154453A202020208F
:10CD0C00202020200000000042414E44574944544A
:10CD1C00483A20202020202000000000454E4220D0
:10CD2C00425553593A20202020202020000000009A
:10CD3C00202020204156473D20000000444953202C
:10CD4C00425553593A20202020202020000000007A
:10CD5C004C4F573A2020202020202020202020201B
:10CD6C0000000000484947483A202020202020207D
:10CD7C0020202020000000005448524553483A20FF
:10CD8C00202020202020202000000000544F4E4561
:10CD9C00204F4E3A20202020202020200000000090
:10CDAC00544F4E45204F46463A202020202020202C
:10CDBC000000000043483120494E20202020202034
:10CDCC002020202000000000202020202000000037
:10CDDC0042414E44574944544820202020202020D2
:10CDEC0000000000202020204F46460053504543B1
:10CDFC005452554D3A2020202020202000000000C5
:10CE0C00202020204F4E000041646A757374535FDC
:10CE1C004E3A00002044657369726564534E5F643A
:10CE2C00623D20002042616E64776964746820431F
:10CE3C006F7272656374696F6E20466163746F7292
:10CE4C0020286442293D20002070704C50496E709F
:10CE5C0075744D6561734176673D200020666C7476
:10CE6C00726D7344656C617949304176673D200081
:10CE7C00202020436F6D707574656420726D734D46
:10CE8C00697849514F75747075743D20000000002D
:10CE9C0020726D734E6F6973654176673D2000009B
:10CEAC00204465736972656420534E205261746925
:10CEBC006F3D2000202020205369674761696E3D3B
:10CECC0000000000202020204E6F697365476169C7
:10CEDC006E3D00002043463D2000000020696E742A
:10CEEC004D756C74697061746873203D200000008E
:10CEFC0020726D734D69784951313233344F7574EA
:10CF0C003D000000C01200008025000040380000E9
:10CF1C00004B00000096000000E1000000C2010080
:10CF2C00FF00780180014302880187018C018B018D
:10CF3C00920191019501F601990198019A013D0226
:10CF4C009E012002A801A701AD01AC01B001AF0107
:10CF5C00B901B801BD01BC01BF01F701C601C40193
:10CF6C00C901C701CC01CA01DD018E01F301F10138
:10CF7C00F501F4013A02652C3C023B023E02662CA0
:10CF8C004202410253028101540286015602890178
:10CF9C0057028A0159028F015B02900160029301D2
:10CFAC006302940168029701690296016B02622C7C
:10CFBC006F029C0172029D0175029F017D02642C1F
:10CFCC008002A6018302A9018802AE0189024402F3
:10CFDC008A02B1018B02B2018C0245029202B701A6
:10CFEC007B03FD037C03FE037D03FF03AC0386037D
:10CFFC00C203A303CC038C03CD038E03CE038F0398
:10D00C00F203F903F803F703FB03FA03CF04C0049C
:10D01C007D1D632C511F591F531F5B1F551F5D1F17
:10D02C00571F5F1F781FF81F791FF91FB31FBC1FF5
:10D03C00CC1FC31FE51FEC1FFC1FF31F4E21322119
:10D04C0084218321612C602C762C752C3C3500209E
:10D05C005C35002070350020843500209835002088
:10D06C00AC350020C0350020D4350020F035002030
:10D07C000C360020F055002004EF03800204CF0092
:10D08C00C13005ED6403128104E885007806CB39C4
:10D09C002C00340202F72003EA000002C02302C174
:10D0AC001003C53E2802C786023648023A5503B122
:10D0BC00001804B608822702F20002260110E00FC5
:10D0CC00312B0C0E084EF1370710030E090010E13E
:10D0DC00000E1403110731C148080F0C31360F0331
:10D0EC00B1001000000000000AD7233C0AD7A33C73
:10D0FC00CDCC4C3DCDCCCC3DCDCC4C3E0000003FFE
:10D10C000000803F0000004028340020045600201E
:10D11C00185600202C560020405600201054002099
:10D12C00B8340020D4340020EC340020003500202A
:10D13C001435002054560020685600207C560020E0
:10D14C00905600202835002024540020A45600209E
:10D15C00B8560020CC5600206100E01AE000E01721
:10D16C00F800E0070001013032010106390101101D
:10D17C004A01012E7901010682010104A001010678
:10D18C00B3010104CD010110DE010112F8010128E7
:10D19C00220201124602010AAD03DB03B103E011C6
:10D1AC00C303E009D80301183004E0205004B01088
:10D1BC00600401228A040136C104010ED00401442A
:10D1CC006105D026001E0196A01E015A001F0808FA
:10D1DC00101F0806201F0808301F0808401F0806EB
:10D1EC00601F0808701F4A02721F5604761F6402E3
:10D1FC007A1F70027C1F7E02801F0808901F08088F
:10D20C00A01F0808B01F0802D01F0802E01F080268
:10D21C007021F010D024E61A302CD02F672C010688
:10D22C00802C0164002D002641FFE01A43617264DA
:10D23C0020697320746F6F20736D616C6C2E0D0AF6
:10D24C0000000000466F726D617420446F6E650DB6
:10D25C000A000000466F726D6174204661696C654E
:10D26C00640D0A0042616420636C757374657220EE
:10D27C00636F756E740D0A00446576696365206989
:10D28C007320746F6F20736D616C6C0D0A0000005D
:10D29C0057726974696E6720464154200000000083
:10D2AC002E00000057726974696E67207570636197
:10D2BC007365207461626C650D0A000057726974A5
:10D2CC00696E6720726F6F740D0A0000466F726D85
:10D2DC00617420646F6E650D0A000000466F726DFC
:10D2EC006174206661696C65640D0A00455846419D
:10D2FC00540000006E616E00696E66006F76660009
:10D30C00199701001D970100219701002597010035
:10D31C006CC00F40C0000000504F00002DCB00002F
:10D32C000CFF0000130000000000000000000000D3
:10D33C0024851F400BFF00001300000000000000BC
:10D34C000000000028851F400DFF000013000000A6
:10D35C00000000000000000020851F400A2524006A
:10D36C001300000012000000120000000102030074
:10D37C00000000001C851F400000000000000000A1
:10D38C000000000000000000E58F010085990100FD
:10D39C00FDBE000001BF0000000000000000000006
:10D3AC0079C4000065C40000FDBE0000E5C30000A8
:10D3BC0001C5000099C3000041C30000000000003B
:10D3CC0000000000F5B800000000000000000000A4
:10D3DC0035B20100000000000000000025B500007F
:10D3EC00000000000000000075B800000000000004
:10D3FC0000000000EDB30000000000000000000081
:10D40C0029BB00000000000000000000BDAB0000C4
:10D41C00000000000000000079AB000000000000DC
:10D42C000000000085B000000000000000000000BB
:10D43C00C5200100D1200100C9200100D12101002B
:10D44C004129010071280100CD2801006D27010040
:10D45C004D230100812D0100E12001005520010028
:10D46C00112A010041200100452001004D2001003E
:10D47C005120010065230100A12B0100292B010083
:10D48C00812601003920010049200100812C010076
:10D49C00A929010045210100000000000000000046
:10D4AC00FD98010005BC010001BC0100FDBB0100A1
:10D4BC00F9BB0100F5BB0100F1BB0100EDBB0100A4
:10D4CC0000000000000000006DA90000000000003A
:10D4DC00000000005DB30000000000000000000030
:10D4EC0005AF000099AC0000FDAF00009DAC000042
:10D4FC0035AF00000000000000000000E5C900008E
:10D50C0000000000000000005DC8000000000000EA
:10D51C0000000000DDC8000000000000000000005A
:10D52C0099C5000049C10000FDBE0000EDC100001E
:10D53C008DC10000F9C3000015C2000005C7000032
:10D54C00ADC700000000000000000000454B0100CA
:10D55C00554B0100000000000000000079C40000E1
:10D56C0065C40000FDBE0000E5C3000001C500005D
:10D57C0099C3000041C3000000000000000000003F
:10D58C00EDC500002DC6000081C3000051C4000091
:10D59C004DC5000029C30000D1C3000091BF00009D
:10D5AC0075C6000041C200005DC2000019BF00003A
:10D5BC0005BF000041BF000059C3000079C2000044
:10D5CC0021C00000D9C0000069C00000ADC400003B
:10D5DC00CDBF0000000000000000000035B20100CB
:10D5EC0085990100FDBE000001BF000035B20100AD
:10D5FC0035B2010035B2010000000000000000004F
:10D60C0015CF000019CF000029CF000039D1000040
:10D61C00FDD0000045D00000A9D00000F1CF0000E3
:10D62C0071D1000061D200009DD2000079D30000BE
:10D63C0011CF000000000000000000006546010052
:10D64C0091460100FDBE0000614601001D4601002F
:10D65C0029460100494601000000000000000000BE
:10D66C00612F0100652F0100D12D01005533010000
:10D67C009D3F01001D39010081160100912F010011
:10D68C006D3F0100AD400100A5390100D90E01002C
:10D69C00C5360100F12E0100FD2E0100C52D010043
:10D6AC00C92D0100CD2D0100092F01002D2F0100E6
:10D6BC00512F0100D1330100752F0100A931010058
:10D6CC001D340100F13401006191010065910100EC
:10D6DC006D91010075910100D8399D270054EA2AFB
:10D6EC0000A4781F007B9A172C2066756E637469F2
:10D6FC006F6E3A2000000000617373657274696F7D
:10D70C006E2022257322206661696C65643A20665E
:10D71C00696C6520222573222C206C696E6520258E
:10D72C0064257325730A000042616C6C6F6320736F
:10D73C007563636565646564000000002F566F6C4B
:10D74C00756D65732F646174612F6A656E6B696E9C
:10D75C00732F776F726B73706163652F474E552D06
:10D76C00746F6F6C636861696E2F61726D2D3131EE
:10D77C002F7372632F6E65776C69622D637967778F
:10D78C00696E2F6E65776C69622F6C6962632F739B
:10D79C0074646C69622F6764746F612D676574685B
:10D7AC0065782E63000000000000000000000000FF
:10D7BC00000000000000000000000000000000005D
:10D7CC00000000000000000000000000000000004D
:10D7DC0000000000000000001011121314151617A1
:10D7EC001819000000000000001A1B1C1D1E1F0051
:10D7FC00000000000000000000000000000000001D
:10D80C000000000000000000001A1B1C1D1E1F0061
:10D81C0000000000000000000000000000000000FC
:10D82C0000000000000000000000000000000000EC
:10D83C0000000000000000000000000000000000DC
:10D84C0000000000000000000000000000000000CC
:10D85C0000000000000000000000000000000000BC
:10D86C0000000000000000000000000000000000AC
:10D87C00000000000000000000000000000000009C
:10D88C00000000000000000000000000000000008C
:10D89C00000000000000000000000000000000007C
:10D8AC0000000000000000002F566F6C756D657352
:10D8BC002F646174612F6A656E6B696E732F776F5D
:10D8CC00726B73706163652F474E552D746F6F6C5F
:10D8DC00636861696E2F61726D2D31312F737263C4
:10D8EC002F6E65776C69622D63796777696E2F6E21
:10D8FC0065776C69622F6C6962632F7374646C69F1
:10D90C00622F6D707265632E63000000303132330C
:10D91C003435363738396162636465666768696ABD
:10D92C006B6C6D6E6F707172737475767778797AC3
:10D93C00000000000020202020202020202028286B
:10D94C0028282820202020202020202020202020B3
:10D95C0020202020208810101010101010101010F3
:10D96C001010101010040404040404040404041023
:10D97C0010101010101041414141414101010101B1
:10D98C00010101010101010101010101010101017B
:10D99C001010101010104242424242420202020287
:10D9AC00020202020202020202020202020202024B
:10D9BC0010101010200000000000000000000000FB
:10D9CC00000000000000000000000000000000004B
:10D9DC00000000000000000000000000000000003B
:10D9EC00000000000000000000000000000000002B
:10D9FC00000000000000000000000000000000001B
:10DA0C00000000000000000000000000000000000A
:10DA1C0000000000000000000000000000000000FA
:10DA2C0000000000000000000000000000000000EA
:10DA3C000000000000000000496E66696E69747990
:10DA4C00000000004E614E002F566F6C756D6573B3
:10DA5C002F646174612F6A656E6B696E732F776FBB
:10DA6C00726B73706163652F474E552D746F6F6CBD
:10DA7C00636861696E2F61726D2D31312F73726322
:10DA8C002F6E65776C69622D63796777696E2F6E7F
:10DA9C0065776C69622F6C6962632F7374646C694F
:10DAAC00622F64746F612E63000000006E660000CC
:10DABC00696E697479000000616E0000494E460081
:10DACC004E414E003031323334353637383961629D
:10DADC00636465660000000030313233343536370C
:10DAEC00383941424344454600000000286E756CAD
:10DAFC006C29000000040002000600010005000370
:10DB0C00000780008004800280068001800580036D
:10DB1C00800740004004400240064001400540039D
:10DB2C004007C000C004C002C006C001C005C0034D
:10DB3C00C00720002004200220062001200520031D
:10DB4C002007A000A004A002A006A001A005A0032D
:10DB5C00A00760006004600260066001600560035D
:10DB6C006007E000E004E002E006E001E005E0030D
:10DB7C00E00710001004100210061001100510032D
:10DB8C00100790009004900290069001900590036D
:10DB9C00900750005004500250065001500550039D
:10DBAC005007D000D004D002D006D001D005D0034D
:10DBBC00D00730003004300230063001300530031D
:10DBCC003007B000B004B002B006B001B005B0032D
:10DBDC00B00770007004700270067001700570035D
:10DBEC007007F000F004F002F006F001F005F0030D
:10DBFC00F0070800080408020806080108050803D5
:10DC0C00080788008804880288068801880588032C
:10DC1C00880748004804480248064801480548035C
:10DC2C004807C800C804C802C806C801C805C8030C
:10DC3C00C8072800280428022806280128052803DC
:10DC4C002807A800A804A802A806A801A805A803EC
:10DC5C00A80768006804680268066801680568031C
:10DC6C006807E800E804E802E806E801E805E803CC
:10DC7C00E8071800180418021806180118051803EC
:10DC8C00180798009804980298069801980598032C
:10DC9C00980758005804580258065801580558035C
:10DCAC005807D800D804D802D806D801D805D8030C
:10DCBC00D8073800380438023806380138053803DC
:10DCCC003807B800B804B802B806B801B805B803EC
:10DCDC00B80778007804780278067801780578031C
:10DCEC007807F800F804F802F806F801F805F803CC
:10DCFC00F8070400040404020406040104050403E8
:10DD0C00040784008404840284068401840584034B
:10DD1C00840744004404440244064401440544037B
:10DD2C004407C400C404C402C406C401C405C4032B
:10DD3C00C4072400240424022406240124052403FB
:10DD4C002407A400A404A402A406A401A405A4030B
:10DD5C00A40764006404640264066401640564033B
:10DD6C006407E400E404E402E406E401E405E403EB
:10DD7C00E40714001404140214061401140514030B
:10DD8C00140794009404940294069401940594034B
:10DD9C00940754005404540254065401540554037B
:10DDAC005407D400D404D402D406D401D405D4032B
:10DDBC00D4073400340434023406340134053403FB
:10DDCC003407B400B404B402B406B401B405B4030B
:10DDDC00B40774007404740274067401740574033B
:10DDEC007407F400F404F402F406F401F405F403EB
:10DDFC00F4070C000C040C020C060C010C050C03B3
:10DE0C000C078C008C048C028C068C018C058C030A
:10DE1C008C074C004C044C024C064C014C054C033A
:10DE2C004C07CC00CC04CC02CC06CC01CC05CC03EA
:10DE3C00CC072C002C042C022C062C012C052C03BA
:10DE4C002C07AC00AC04AC02AC06AC01AC05AC03CA
:10DE5C00AC076C006C046C026C066C016C056C03FA
:10DE6C006C07EC00EC04EC02EC06EC01EC05EC03AA
:10DE7C00EC071C001C041C021C061C011C051C03CA
:10DE8C001C079C009C049C029C069C019C059C030A
:10DE9C009C075C005C045C025C065C015C055C033A
:10DEAC005C07DC00DC04DC02DC06DC01DC05DC03EA
:10DEBC00DC073C003C043C023C063C013C053C03BA
:10DECC003C07BC00BC04BC02BC06BC01BC05BC03CA
:10DEDC00BC077C007C047C027C067C017C057C03FA
:10DEEC007C07FC00FC04FC02FC06FC01FC05FC03AA
:10DEFC00FC070200020402020206020102050203F0
:10DF0C000207820082048202820682018205820359
:10DF1C008207420042044202420642014205420389
:10DF2C004207C200C204C202C206C201C205C20339
:10DF3C00C207220022042202220622012205220309
:10DF4C002207A200A204A202A206A201A205A20319
:10DF5C00A207620062046202620662016205620349
:10DF6C006207E200E204E202E206E201E205E203F9
:10DF7C00E207120012041202120612011205120319
:10DF8C001207920092049202920692019205920359
:10DF9C009207520052045202520652015205520389
:10DFAC005207D200D204D202D206D201D205D20339
:10DFBC00D207320032043202320632013205320309
:10DFCC003207B200B204B202B206B201B205B20319
:10DFDC00B207720072047202720672017205720349
:10DFEC007207F200F204F202F206F201F205F203F9
:10DFFC00F2070A000A040A020A060A010A050A03C1
:10E00C000A078A008A048A028A068A018A058A0318
:10E01C008A074A004A044A024A064A014A054A0348
:10E02C004A07CA00CA04CA02CA06CA01CA05CA03F8
:10E03C00CA072A002A042A022A062A012A052A03C8
:10E04C002A07AA00AA04AA02AA06AA01AA05AA03D8
:10E05C00AA076A006A046A026A066A016A056A0308
:10E06C006A07EA00EA04EA02EA06EA01EA05EA03B8
:10E07C00EA071A001A041A021A061A011A051A03D8
:10E08C001A079A009A049A029A069A019A059A0318
:10E09C009A075A005A045A025A065A015A055A0348
:10E0AC005A07DA00DA04DA02DA06DA01DA05DA03F8
:10E0BC00DA073A003A043A023A063A013A053A03C8
:10E0CC003A07BA00BA04BA02BA06BA01BA05BA03D8
:10E0DC00BA077A007A047A027A067A017A057A0308
:10E0EC007A07FA00FA04FA02FA06FA01FA05FA03B8
:10E0FC00FA070600060406020606060106050603D4
:10E10C000607860086048602860686018605860337
:10E11C008607460046044602460646014605460367
:10E12C004607C600C604C602C606C601C605C60317
:10E13C00C6072600260426022606260126052603E7
:10E14C002607A600A604A602A606A601A605A603F7
:10E15C00A607660066046602660666016605660327
:10E16C006607E600E604E602E606E601E605E603D7
:10E17C00E6071600160416021606160116051603F7
:10E18C001607960096049602960696019605960337
:10E19C009607560056045602560656015605560367
:10E1AC005607D600D604D602D606D601D605D60317
:10E1BC00D6073600360436023606360136053603E7
:10E1CC003607B600B604B602B606B601B605B603F7
:10E1DC00B607760076047602760676017605760327
:10E1EC007607F600F604F602F606F601F605F603D7
:10E1FC00F6070E000E040E020E060E010E050E039F
:10E20C000E078E008E048E028E068E018E058E03F6
:10E21C008E074E004E044E024E064E014E054E0326
:10E22C004E07CE00CE04CE02CE06CE01CE05CE03D6
:10E23C00CE072E002E042E022E062E012E052E03A6
:10E24C002E07AE00AE04AE02AE06AE01AE05AE03B6
:10E25C00AE076E006E046E026E066E016E056E03E6
:10E26C006E07EE00EE04EE02EE06EE01EE05EE0396
:10E27C00EE071E001E041E021E061E011E051E03B6
:10E28C001E079E009E049E029E069E019E059E03F6
:10E29C009E075E005E045E025E065E015E055E0326
:10E2AC005E07DE00DE04DE02DE06DE01DE05DE03D6
:10E2BC00DE073E003E043E023E063E013E053E03A6
:10E2CC003E07BE00BE04BE02BE06BE01BE05BE03B6
:10E2DC00BE077E007E047E027E067E017E057E03E6
:10E2EC007E07FE00FE04FE02FE06FE01FE05FE0396
:10E2FC00FE0701002020202020202020202020208C
:10E30C002020202020202020202020202020202001
:10E31C002020202000000042C8801F40B8821F40EF
:10E32C000800000000000042C4801F40B4821F405F
:10E33C000400000000C0004224801F4014821F40D3
:10E34C001000000000C0004228801F4018821F40AF
:10E35C002000000000C000422C801F401C821F4087
:10E36C004000000000C0004234801F4024821F4047
:10E37C00000100000040004264811F4054831F4094
:10E38C00000400000040004280811F4070831F4049
:10E39C0000000200004000427C811F406C831F4043
:10E3AC00000001000040004268811F4058831F405C
:10E3BC0000080000004000423C811F402C831F409D
:10E3CC00010000000040004244811F4034831F4084
:10E3DC00040000000040004240811F4030831F4079
:10E3EC00020000000040004248811F4038831F405B
:10E3FC00080000000000004204811F40F4821F400E
:10E40C00000004000000004208811F40F8821F40F9
:10E41C00000008000000004218811F4008831F40C4
:10E42C00000080000000004214811F4004831F4044
:10E43C00000040000000004200811F40F0821F409D
:10E44C000000020000000042FC801F40EC821F40D4
:10E45C00000001000000004224811F4014831F4073
:10E46C00000000040000004228811F4018831F4058
:10E47C0000000008000000421C811F400C831F405C
:10E48C00000000010000004220811F4010831F404B
:10E49C000000000200000042EC801F40DC821F40A4
:10E4AC000010000000000042F0801F40E0821F407E
:10E4BC00002000000000004234811F4024831F40D4
:10E4CC00000000400000004238811F4028831F409C
:10E4DC00000000800080004294801F4084821F4016
:10E4EC000000040000C0004290801F4080821F404A
:10E4FC000000008000800042A8801F4098821F40CE
:10E50C000000800000800042A4801F4094821F40C5
:10E51C0000004000004000426C811F405C831F40A3
:10E52C000010000000C0004230801F4020821F40BD
:10E53C008000000000400042B0811F40A0831F40BB
:10E54C000000002000400042AC811F409C831F4013
:10E55C00000000100040004284811F4074831F4063
:10E56C00000004000040004288811F4078831F4057
:10E57C0000000800000000422C811F401C831F403B
:10E58C00000000100000004230811F4020831F401B
:10E59C0000000020000000420C811F40FC821F4044
:10E5AC00000010000000004210811F4000831F403B
:10E5BC000000200000800042C8811F40B8831F402B
:10E5CC000080000000800042C4811F40B4831F40C3
:10E5DC000040000000800042C0811F40B0831F40FB
:10E5EC000020000000800042BC811F40AC831F4013
:10E5FC000010000000800042D0811F40C0831F40EB
:10E60C000000020000800042CC811F40BC831F40F0
:10E61C000000010000C0004274801F4064821F4053
:10E62C000000000100C0004280801F4070821F402B
:10E63C000000000800C0004284801F4074821F400C
:10E64C000000001000C000426C801F405C821F4024
:10E65C000000400000C000427C801F406C821F40C4
:10E66C000000000400C0004278801F4068821F40F8
:10E67C000000000200C0004288801F4078821F40CA
:10E68C0000000020300000003100000035000000C8
:10E69C00CEFBFFFFCB0300000100000000000000D8
:10E6AC0034000000CEFBFFFFCB0300000100000094
:10E6BC000000000000000000003E5B4F5B3E3E6B24
:10E6CC004F6B3E1C3E7C3E1C183C7E3C181C577D00
:10E6DC00571C1C5E7F5E1C00183C1800FFE7C3E74C
:10E6EC00FF0018241800FFE7DBE7FF30483A060E5E
:10E6FC002629792926407F050507407F05253F5AA5
:10E70C003CE73C5A7F3E1C1C08081C1C3E7F142214
:10E71C007F22145F5F005F5F06097F017F006689BF
:10E72C00956A606060606094A2FFA29408047E0405
:10E73C000810207E201008082A1C08081C2A08082B
:10E74C001E101010100C1E0C1E0C30383E383006EB
:10E75C000E3E0E06000000000000005F00000007E7
:10E76C00000700147F147F14242A7F2A1223130815
:10E77C00646236495620500008070300001C2241F1
:10E78C00000041221C002A1C7F1C2A08083E080895
:10E79C000080703000080808080800006060002045
:10E7AC00100804023E5149453E00427F4000724928
:10E7BC004949462141494D331814127F10274545CC
:10E7CC0045393C4A494931412111090736494949E2
:10E7DC0036464949291E0000140000004034000050
:10E7EC0000081422411414141414004122140802B9
:10E7FC00015909063E415D594E7C1211127C7F492C
:10E80C004949363E414141227F4141413E7F494980
:10E81C0049417F090909013E414151737F080808AC
:10E82C007F00417F41002040413F017F081422417D
:10E83C007F404040407F021C027F7F0408107F3ED7
:10E84C004141413E7F090909063E4151215E7F0944
:10E85C00192946264949493203017F01033F4040AB
:10E86C00403F1F2040201F3F4038403F6314081496
:10E87C006303047804036159494D43007F414141CE
:10E88C000204081020004141417F040201020440AF
:10E89C0040404040000307080020545478407F2833
:10E8AC004444383844444428384444287F38545429
:10E8BC00541800087E090218A4A49C787F0804044C
:10E8CC007800447D40002040403D007F10284400EB
:10E8DC0000417F40007C047804787C08040478387C
:10E8EC0044444438FC1824241818242418FC7C08AC
:10E8FC00040408485454542404043F44243C404029
:10E90C00207C1C2040201C3C4030403C44281028DB
:10E91C00444C9090907C4464544C44000836410024
:10E92C000000770000004136080002010204023C9E
:10E93C002623263C1EA1A161123A4040207A38546D
:10E94C0054555921555579412154547841215554E8
:10E95C00784020545579400C1E5272123955555539
:10E96C0059395454545939555454580000457C4124
:10E97C000002457D420001457C40F0292429F0F03D
:10E98C00282528F07C545545002054547C547C0A8E
:10E99C00097F4932494949323248484832324A485B
:10E9AC0048303A4141217A3A42402078009DA0A05B
:10E9BC007D39444444393D4040403D3C24FF2424AF
:10E9CC00487E4943662B2FFC2F2BFF0929F620C0CC
:10E9DC00887E090320545479410000447D4130481D
:10E9EC00484A32384040227A007A0A0A727D0D1960
:10E9FC00317D2629292F28262929292630484D40C2
:10EA0C0020380808080808080808382F10C8ACBABD
:10EA1C002F102834FA00007B000008142A1422223C
:10EA2C00142A1408AA005500AAAA55AA55AA00002F
:10EA3C0000FF00101010FF00141414FF001010FF42
:10EA4C0000FF1010F010F0141414FC001414F70054
:10EA5C00FF0000FF00FF1414F404FC141417101F23
:10EA6C0010101F101F1414141F00101010F00000B1
:10EA7C0000001F101010101F10101010F0100000CC
:10EA8C0000FF101010101010101010FF10000000DC
:10EA9C00FF140000FF00FF00001F10170000FC0413
:10EAAC00F414141710171414F404F40000FF00F7F6
:10EABC0014141414141414F700F714141417141059
:10EACC00101F101F141414F4141010F010F0000088
:10EADC001F101F0000001F14000000FC140000F0A9
:10EAEC0010F01010FF10FF141414FF141010101F4E
:10EAFC0000000000F010FFFFFFFFFFF0F0F0F0F05F
:10EB0C00FFFFFF0000000000FFFF0F0F0F0F0F387B
:10EB1C00444438447C2A2A3E147E02020606027EB5
:10EB2C00027E0263554941633844443C04407E20D4
:10EB3C001E2006027E020299A5E7A5991C2A492AE5
:10EB4C001C4C7201724C304A4D4D30304878483074
:10EB5C00BC625A463D3E494949007E0101017E2A6C
:10EB6C002A2A2A2A44445F444440514A444040449F
:10EB7C004A51400000FF0103E080FF000008086BD1
:10EB8C006B083612362436060F090F0600001818CB
:10EB9C000000001010003040FF0101001F01011E99
:10EBAC0000191D1712003C3C3C3C0000000000000A
:10EBBC00020000000300000004000000060000003A
:10EBCC004C696E6520313635313A20696E744D6F63
:10EBDC006465203D2000000020202020286E6F203E
:10EBEC00464D206F72204F666673657421290000B4
:10EBFC004D554C544950415448532020202020203E
:10EC0C000000000053455249414C3A20202020205E
:10EC1C0020202020000000002042617564000000CC
:10EC2C004C696E6520313739393A20696E744D75EF
:10EC3C006C74697061746873203D00002020204C56
:10EC4C00766C3D00206D76702D70000043463D00C3
:10EC5C00205B000064425D00285045502F506176C7
:10EC6C006729000020436831204F7574203D200037
:10EC7C002043683120496E20203D200020467265DB
:10EC8C00712028487A29203D00000000204368327A
:10EC9C00204F7574203D20002043683220496E209F
:10ECAC00203D20004445544543543A0044455445C6
:10ECBC0043543A3000000000205341564544205440
:10ECCC004F20454550524F4D000000003F000000C2
:10ECDC00FB21F93FFB2109407CD91240FB21194053
:10ECEC007A6A1F407CD92240BBFD2540FB2129407C
:10ECFC003A462C407A6A2F405C4731407CD93240EE
:10ED0C009C6B3440BBFD3540DB8F3740FB213940D9
:10ED1C001BB43A403A463C405AD83D407A6A3F4090
:10ED2C004C7E40405C4741406C1042407CD9424094
:10ED3C008CA243409C6B4440AC344540BBFD4540E9
:10ED4C00CBC64640DB8F4740EB584840FB2149403F
:10ED5C0005000000190000007D000000494F4E4FD7
:10ED6C00532053494D202020202020002053657231
:10ED7C0069616C3A20000000253038580000000012
:10ED8C00494F4E4F532053494D20000045D73898DA
:10ED9C00A36B1C4CD2350E26E91A0713750D84098A
:10EDAC00BB06C2045E036102AF013101D8009900B9
:10EDBC006C004D00360027001B0014000E000A00EA
:10EDCC000700050004000300020001000000000021
:10EDDC0053494D3A20202020202020202020202084
:10EDEC00000000004D50473A2020202020202020F9
:10EDFC0020202020000000004D504D3A20202020E3
:10EE0C002020202020202020000000004D50503ACF
:10EE1C002020202020202020202020200000000066
:10EE2C004D50443A2020202020202020202020203B
:10EE3C000000000043483120494E3A202020202079
:10EE4C00202020200000000043483220494E3A2068
:10EE5C0020202020202020200000000043483120CA
:10EE6C004F55543A20202020202020200000000064
:10EE7C00434832204F55543A202020202020202077
:10EE8C000000000054455354334B2053696E653ACF
:10EE9C00202020200000000054455354364B2053B2
:10EEAC00696E653A2020202000000000425553591D
:10EEBC003A202020202020202020202000000000AC
:10EECC004C435F434F4C4C41544500004C435F4313
:10EEDC0054595045000000004C435F4D4F4E455473
:10EEEC00415259004C435F4E554D45524943000029
:10EEFC004C435F54494D45004C435F4D4553534182
:10EF0C0047455300FF7F0000FF7F3200FF7F640006
:10EF1C00FF7F9600FF7FC900FF7FFB00FE7F2D0166
:10EF2C00FE7F5F01FD7F9201FC7FC401FC7FF60137
:10EF3C00FB7F2802FA7F5B02F97F8D02F87FBF020C
:10EF4C00F77FF102F67F2403F47F5603F37F8803E7
:10EF5C00F27FBA03F07FED03EE7F1F04ED7F5104C7
:10EF6C00EB7F8304E97FB604E77FE804E57F1A05AD
:10EF7C00E37F4C05E17F7F05DF7FB105DD7FE30596
:10EF8C00DA7F1506D87F4706D67F7A06D37FAC0684
:10EF9C00D07FDE06CE7F1007CB7F4207C87F750778
:10EFAC00C57FA707C27FD907BF7F0B08BC7F3D0871
:10EFBC00B87F6F08B57FA208B17FD408AE7F060971
:10EFCC00AA7F3809A77F6A09A37F9C099F7FCE0976
:10EFDC009B7F000A977F330A937F650A8F7F970A7E
:10EFEC008B7FC90A877FFB0A827F2D0B7E7F5F0B8D
:10EFFC00797F910B757FC30B707FF50B6B7F270CA3
:10F00C00677F590C627F8B0C5D7FBD0C587FEF0CBA
:10F01C00537F210D4D7F530D487F850D437FB70DD9
:10F02C003D7FE90D387F1B0E327F4D0E2D7F7F0EFD
:10F03C00277FB10E217FE30E1B7F150F157F470F26
:10F04C000F7F790F097FAB0F037FDD0FFD7E0E1055
:10F05C00F67E4010F07E7210E97EA410E37ED6108E
:10F06C00DC7E0811D57E3911CF7E6B11C87E9D11C7
:10F07C00C17ECF11BA7E0112B37E3212AB7E641206
:10F08C00A47E96129D7EC812957EF9128E7E2B134D
:10F09C00867E5D137F7E8E13777EC0136F7EF21398
:10F0AC00677E23145F7E5514577E87144F7EB814E9
:10F0BC00477EEA143F7E1B15377E4D152E7E7F153D
:10F0CC00267EB0151D7EE215147E13160C7E451699
:10F0DC00037E7616FA7DA816F17DD916E87D0A17FF
:10F0EC00DF7D3C17D67D6D17CD7D9F17C37DD01767
:10F0FC00BA7D0218B07D3318A77D64189D7D9618D3
:10F10C00947DC7188A7DF818807D2A19767D5B1945
:10F11C006C7D8C19627DBD19587DEF194E7D201ABE
:10F12C00437D511A397D821A2F7DB31A247DE41A3E
:10F13C00197D161B0F7D471B047D781BF97CA91BC1
:10F14C00EE7CDA1BE37C0B1CD87C3C1CCD7C6D1C50
:10F15C00C27C9E1CB77CCF1CAB7C001DA07C311DDF
:10F16C00947C621D897C931D7D7CC41D717CF51D76
:10F17C00667C251E5A7C561E4E7C871E427CB81E11
:10F18C00367CE91E297C191F1D7C4A1F117C7B1FB4
:10F19C00057CAC1FF87BDC1FEB7B0D20DF7B3E205E
:10F1AC00D27B6E20C57B9F20B97BD020AC7B00210D
:10F1BC009F7B3121927B6121847B9221777BC221C1
:10F1CC006A7BF3215D7B23224F7B5422427B84227A
:10F1DC00347BB422267BE522197B15230B7B45233C
:10F1EC00FD7A7623EF7AA623E17AD623D37A072405
:10F1FC00C57A3724B67A6724A87A97249A7AC724D2
:10F20C008B7AF7247D7A28256E7A58255F7A8825A3
:10F21C00507AB825427AE825337A1826247A48267B
:10F22C00157A7826057AA826F679D826E77907275D
:10F23C00D8793727C8796727B9799727A979C72744
:10F24C009979F6278A7926287A7956286A79862830
:10F25C005A79B5284A79E5283A7915292A79442921
:10F26C00197974290979A329F978D329E878022A1C
:10F27C00D878322AC778612AB678912AA678C02A1B
:10F28C009578EF2A84781F2B73784E2B62787D2B20
:10F29C005178AD2B4078DC2B2E780B2C1D783A2C2A
:10F2AC000C78692CFA77982CE977C82CD777F72C3F
:10F2BC00C577262DB477552DA277842D9077B32D55
:10F2CC007E77E22D6C77112E5A773F2E47776E2E74
:10F2DC0035779D2E2377CC2E1077FB2EFE76292F9B
:10F2EC00EB76582FD976872FC676B52FB376E42FC9
:10F2FC00A07613308E7641307B76703068769E30F7
:10F30C005476CD304176FB302E762A311B7658312F
:10F31C0007768631F475B531E075E331CC75113271
:10F32C00B9754032A5756E3291759C327D75CA32B5
:10F33C006975F83255752633417554332D75823302
:10F34C001975B0330475DE33F0740C34DB743A3455
:10F35C00C7746834B27496349E74C4348974F234AD
:10F36C0074741F355F744D354A747B353574A8350C
:10F37C002074D6350B740436F6733136E0735F3671
:10F38C00CB738C36B573BA36A073E7368A731437E1
:10F39C00757342375F736F3749739C373373CA3752
:10F3AC001D73F73707732438F1725138DB727E38CE
:10F3BC00C572AB38AF72D83898720639827232394E
:10F3CC006B725F3955728C393E72B9392772E639D6
:10F3DC001172133AFA71403AE3716C3ACC71993A62
:10F3EC00B571C63A9E71F23A86711F3B6F714C3BF8
:10F3FC005871783B4171A53B2971D13B1271FD3B92
:10F40C00FA702A3CE270563CCB70833CB370AF3C34
:10F41C009B70DB3C8370073D6B70333D5370603DDC
:10F42C003B708C3D2370B83D0A70E43DF26F103E8A
:10F43C00DA6F3C3EC16F683EA96F933E906FBF3E42
:10F44C00776FEB3E5F6F173F466F433F2D6F6E3FFD
:10F45C00146F9A3FFB6EC53FE26EF13FC96E1D40C3
:10F46C00AF6E4840966E73407D6E9F40636ECA408F
:10F47C004A6EF640306E2141176E4C41FD6D77415E
:10F48C00E36DA241CA6DCE41B06DF941966D244237
:10F49C007C6D4F42626D7A42486DA5422D6DD04213
:10F4AC00136DFA42F96C2543DE6C5043C46C7B43FC
:10F4BC00A96CA5438F6CD043746CFB43596C2544E9
:10F4CC003F6C5044246C7A44096CA544EE6BCF44D9
:10F4DC00D36BFA44B86B24459C6B4E45816B7845D5
:10F4EC00666BA3454A6BCD452F6BF745136B2146D5
:10F4FC00F86A4B46DC6A7546C16A9F46A56AC946DE
:10F50C00896AF3466D6A1C47516A4647356A7047EB
:10F51C00196A9A47FD69C347E169ED47C469164802
:10F52C00A86940488C6969486F6993485369BC481D
:10F53C003669E64819690F49FD683849E068614940
:10F54C00C3688A49A668B4498968DD496C68064A6B
:10F55C004F682F4A3268584A1568814AF767A94A9A
:10F56C00DA67D24ABD67FB4A9F67244B82674C4BD4
:10F57C006467754B46679E4B2967C64B0B67EF4B11
:10F58C00ED66174CCF663F4CB166684C9366904C59
:10F59C007566B84C5766E14C3966094D1A66314DA3
:10F5AC00FC65594DDD65814DBF65A94DA065D14DFB
:10F5BC008265F94D6365214E4565484E2665704E52
:10F5CC000765984EE864BF4EC964E74EAA640F4FB6
:10F5DC008B64364F6C645E4F4D64854F2D64AC4F1D
:10F5EC000E64D44FEF63FB4FCF632250B06349508E
:10F5FC0090637050716397505163BF503163E55005
:10F60C0011630C51F2623351D2625A51B262815180
:10F61C009262A8517162CE515162F55131621C5205
:10F62C0011624252F1616952D0618F52B061B55290
:10F63C008F61DC526F6102534E6128532D614E5322
:10F64C000D617553EC609B53CB60C153AA60E753BB
:10F65C0089600D54686033544760585426607E545A
:10F66C000460A454E35FCA54C25FEF54A05F155505
:10F67C007F5F3A555E5F60553C5F85551A5FAB55B1
:10F68C00F95ED055D75EF555B55E1A56935E405669
:10F69C00715E6556505E8A562D5EAF560B5ED45623
:10F6AC00E95DF956C75D1D57A55D4257835D6757E8
:10F6BC00605D8C573E5DB0571B5DD557F95CF957B3
:10F6CC00D65C1E58B45C4258915C67586E5C8B5883
:10F6DC004B5CAF58295CD458065CF858E35B1C595A
:10F6EC00C05B40599D5B6459795B8859565BAC593A
:10F6FC00335BD059105BF359EC5A175AC95A3B5A21
:10F70C00A55A5E5A825A825A5E5AA55A3B5AC95A0F
:10F71C00175AEC5AF359105BD059335BAC59565B02
:10F72C008859795B64599D5B4059C05B1C59E35BFC
:10F73C00F858065CD458295CAF584B5C8B586E5CFF
:10F74C006758915C4258B45C1E58D65CF957F95C0A
:10F75C00D5571B5DB0573E5D8C57605D6757835D19
:10F76C004257A55D1D57C75DF956E95DD4560B5E32
:10F77C00AF562D5E8A56505E6556715E4056935E4E
:10F78C001A56B55EF555D75ED055F95EAB551A5F76
:10F79C0085553C5F60555E5F3A557F5F1555A05FA0
:10F7AC00EF54C25FCA54E35FA45404607E542660D5
:10F7BC0058544760335468600D548960E753AA600D
:10F7CC00C153CB609B53EC6075530D614E532D614F
:10F7DC0028534E6102536F61DC528F61B552B06198
:10F7EC008F52D0616952F161425211621C523162E6
:10F7FC00F5515162CE517162A85192628151B2623F
:10F80C005A51D2623351F2620C511163E55031639B
:10F81C00BF50516397507163705090634950B063FF
:10F82C002250CF63FB4FEF63D44F0E64AC4F2D646B
:10F83C00854F4D645E4F6C64364F8B640F4FAA64DA
:10F84C00E74EC964BF4EE864984E0765704E266556
:10F85C00484E4565214E6365F94D8265D14DA065D5
:10F86C00A94DBF65814DDD65594DFC65314D1A665D
:10F87C00094D3966E14C5766B84C7566904C9366E9
:10F88C00684CB1663F4CCF66174CED66EF4B0B677F
:10F89C00C64B29679E4B4667754B64674C4B82671A
:10F8AC00244B9F67FB4ABD67D24ADA67A94AF767C0
:10F8BC00814A1568584A32682F4A4F68064A6C6864
:10F8CC00DD498968B449A6688A49C3686149E0681A
:10F8DC003849FD680F491969E6483669BC485369CF
:10F8EC0093486F6969488C694048A8691648C4698F
:10F8FC00ED47E169C347FD699A47196A7047356A54
:10F90C004647516A1C476D6AF346896AC946A56A1F
:10F91C009F46C16A7546DC6A4B46F86A2146136BF2
:10F92C00F7452F6BCD454A6BA345666B7845816BCC
:10F93C004E459C6B2445B86BFA44D36BCF44EE6BAD
:10F94C00A544096C7A44246C50443F6C2544596C92
:10F95C00FB43746CD0438F6CA543A96C7B43C46C84
:10F96C005043DE6C2543F96CFA42136DD0422D6D79
:10F97C00A542486D7A42626D4F427C6D2442966D71
:10F98C00F941B06DCE41CA6DA241E36D7741FD6D79
:10F99C004C41176E2141306EF6404A6ECA40636E80
:10F9AC009F407D6E7340966E4840AF6E1D40C96E91
:10F9BC00F13FE26EC53FFB6E9A3F146F6E3F2D6FA9
:10F9CC00433F466F173F5F6FEB3E776FBF3E906FC5
:10F9DC00933EA96F683EC16F3C3EDA6F103EF26FEA
:10F9EC00E43D0A70B83D23708C3D3B70603D537014
:10F9FC00333D6B70073D8370DB3C9B70AF3CB37049
:10FA0C00833CCB70563CE2702A3CFA70FD3B127181
:10FA1C00D13B2971A53B4171783B58714C3B6F71BF
:10FA2C001F3B8671F23A9E71C63AB571993ACC7108
:10FA3C006C3AE371403AFA71133A1172E639277253
:10FA4C00B9393E728C3955725F396B7232398272A8
:10FA5C0006399872D838AF72AB38C5727E38DB7203
:10FA6C005138F17224380773F7371D73CA37337363
:10FA7C009C3749736F375F734237757314378A73CA
:10FA8C00E736A073BA36B5738C36CB735F36E0733A
:10FA9C003136F67304360B74D6352074A8353574AC
:10FAAC007B354A744D355F741F357474F234897428
:10FABC00C4349E749634B2746834C7743A34DB74AC
:10FACC000C34F074DE330475B033197582332D7534
:10FADC005433417526335575F8326975CA327D75C4
:10FAEC009C3291756E32A5754032B9751132CC7558
:10FAFC00E331E075B531F4758631077658311B76F4
:10FB0C002A312E76FB304176CD3054769E30687695
:10FB1C0070307B7641308E761330A076E42FB3763E
:10FB2C00B52FC676872FD976582FEB76292FFE76F0
:10FB3C00FB2E1077CC2E23779D2E35776E2E4777A4
:10FB4C003F2E5A77112E6C77E22D7E77B32D90775E
:10FB5C00842DA277552DB477262DC577F72CD77722
:10FB6C00C82CE977982CFA77692C0C783A2C1D78EC
:10FB7C000B2C2E78DC2B4078AD2B51787D2B6278BA
:10FB8C004E2B73781F2B8478EF2A9578C02AA67891
:10FB9C00912AB678612AC778322AD878022AE8786E
:10FBAC00D329F978A32909797429197944292A794F
:10FBBC0015293A79E5284A79B5285A7986286A7937
:10FBCC0056287A7926288A79F6279979C727A97928
:10FBDC009727B9796727C8793727D8790727E7791D
:10FBEC00D826F679A826057A7826157A4826247A16
:10FBFC001826337AE825427AB825507A88255F7A18
:10FC0C0058256E7A28257D7AF7248B7AC7249A7A20
:10FC1C009724A87A6724B67A3724C57A0724D37A2E
:10FC2C00D623E17AA623EF7A7623FD7A45230B7B44
:10FC3C001523197BE522267BB422347B8422427B5C
:10FC4C0054224F7B23225D7BF3216A7BC221777B7D
:10FC5C009221847B6121927B31219F7B0021AC7BA3
:10FC6C00D020B97B9F20C57B6E20D27B3E20DF7BD2
:10FC7C000D20EB7BDC1FF87BAC1F057C7B1F117C04
:10FC8C004A1F1D7C191F297CE91E367CB81E427C3C
:10FC9C00871E4E7C561E5A7C251E667CF51D717C7B
:10FCAC00C41D7D7C931D897C621D947C311DA07CC0
:10FCBC00001DAB7CCF1CB77C9E1CC27C6D1CCD7C0C
:10FCCC003C1CD87C0B1CE37CDA1BEE7CA91BF97C5E
:10FCDC00781B047D471B0F7D161B197DE41A247DB0
:10FCEC00B31A2F7D821A397D511A437D201A4E7D0D
:10FCFC00EF19587DBD19627D8C196C7D5B19767D71
:10FD0C002A19807DF8188A7DC718947D96189D7DD8
:10FD1C006418A77D3318B07D0218BA7DD017C37D47
:10FD2C009F17CD7D6D17D67D3C17DF7D0A17E87DBB
:10FD3C00D916F17DA816FA7D7616037E45160C7E33
:10FD4C001316147EE2151D7EB015267E7F152E7EB1
:10FD5C004D15377E1B153F7EEA14477EB8144F7E37
:10FD6C008714577E55145F7E2314677EF2136F7EC3
:10FD7C00C013777E8E137F7E5D13867E2B138E7E53
:10FD8C00F912957EC8129D7E9612A47E6412AB7EEB
:10FD9C003212B37E0112BA7ECF11C17E9D11C87E84
:10FDAC006B11CF7E3911D57E0811DC7ED610E37E27
:10FDBC00A410E97E7210F07E4010F67E0E10FD7ECF
:10FDCC00DD0F037FAB0F097F790F0F7F470F157F77
:10FDDC00150F1B7FE30E217FB10E277F7F0E2D7F2A
:10FDEC004D0E327F1B0E387FE90D3D7FB70D437FE3
:10FDFC00850D487F530D4D7F210D537FEF0C587FA0
:10FE0C00BD0C5D7F8B0C627F590C677F270C6B7F61
:10FE1C00F50B707FC30B757F910B797F5F0B7E7F2A
:10FE2C002D0B827FFB0A877FC90A8B7F970A8F7FF6
:10FE3C00650A937F330A977F000A9B7FCE099F7FC9
:10FE4C009C09A37F6A09A77F3809AA7F0609AE7FA0
:10FE5C00D408B17FA208B57F6F08B87F3D08BC7F7E
:10FE6C000B08BF7FD907C27FA707C57F7507C87F5F
:10FE7C004207CB7F1007CE7FDE06D07FAC06D37F48
:10FE8C007A06D67F4706D87F1506DA7FE305DD7F35
:10FE9C00B105DF7F7F05E17F4C05E37F1A05E57F28
:10FEAC00E804E77FB604E97F8304EB7F5104ED7F20
:10FEBC001F04EE7FED03F07FBA03F27F8803F37F1C
:10FECC005603F47F2403F67FF102F77FBF02F87F1D
:10FEDC008D02F97F5B02FA7F2802FB7FF601FC7F23
:10FEEC00C401FC7F9201FD7F5F01FE7F2D01FE7F2F
:10FEFC00FB00FF7FC900FF7F9600FF7F6400FF7F40
:10FF0C003200FF7F0000FF7FCDFFFF7F9BFFFF7F55
:10FF1C0069FFFF7F36FFFF7F04FFFF7FD2FEFE7F6E
:10FF2C00A0FEFE7F6DFEFD7F3BFEFC7F09FEFC7F8D
:10FF3C00D7FDFB7FA4FDFA7F72FDF97F40FDF87FB2
:10FF4C000EFDF77FDBFCF67FA9FCF47F77FCF37FDB
:10FF5C0045FCF27F12FCF07FE0FBEE7FAEFBED7F09
:10FF6C007CFBEB7F49FBE97F17FBE77FE5FAE57F3D
:10FF7C00B3FAE37F80FAE17F4EFADF7F1CFADD7F74
:10FF8C00EAF9DA7FB8F9D87F85F9D67F53F9D37FB0
:10FF9C0021F9D07FEFF8CE7FBDF8CB7F8AF8C87FF0
:10FFAC0058F8C57F26F8C27FF4F7BF7FC2F7BC7F35
:10FFBC0090F7B87F5DF7B57F2BF7B17FF9F6AE7F81
:10FFCC00C7F6AA7F95F6A77F63F6A37F31F69F7FCE
:10FFDC00FFF59B7FCCF5977F9AF5937F68F58F7F24
:10FFEC0036F58B7F04F5877FD2F4827FA0F47E7F79
:04FFFC006EF4797FA7
:02000004600397
:100000003CF4757F0AF4707FD8F36B7FA6F3677FAB
:1000100074F3627F42F35D7F10F3587FDEF2537F0B
:10002000ACF24D7F7AF2487F48F2437F16F23D7F73
:10003000E4F1387FB2F1327F80F12D7F4EF1277FDE
:100040001CF1217FEAF01B7FB8F0157F86F00F7F4F
:1000500054F0097F22F0037FF1EFFD7EBFEFF67EC3
:100060008DEFF07E5BEFE97E29EFE37EF7EEDC7E3D
:10007000C6EED57E94EECF7E62EEC87E30EEC17EB7
:10008000FEEDBA7ECDEDB37E9BEDAB7E69EDA47E39
:1000900037ED9D7E06ED957ED4EC8E7EA2EC867EBD
:1000A00071EC7F7E3FEC777E0DEC6F7EDCEB677E44
:1000B000AAEB5F7E78EB577E47EB4F7E15EB477ED2
:1000C000E4EA3F7EB2EA377E80EA2E7E4FEA267E61
:1000D0001DEA1D7EECE9147EBAE90C7E89E9037EF7
:1000E00057E9FA7D26E9F17DF5E8E87DC3E8DF7D93
:1000F00092E8D67D60E8CD7D2FE8C37DFDE7BA7D2F
:10010000CCE7B07D9BE7A77D69E79D7D38E7947DCF
:1001100007E78A7DD5E6807DA4E6767D73E66C7D73
:1001200042E6627D10E6587DDFE54E7DAEE5437D1B
:100130007DE5397D4CE52F7D1BE5247DE9E4197DC6
:10014000B8E40F7D87E4047D56E4F97C25E4EE7C79
:10015000F4E3E37CC3E3D87C92E3CD7C61E3C27C2F
:1001600030E3B77CFFE2AB7CCEE2A07C9DE2947CE6
:100170006CE2897C3BE27D7C0AE2717CDAE1667CA0
:10018000A9E15A7C78E14E7C47E1427C16E1367C5D
:10019000E6E0297CB5E01D7C84E0117C53E0057C21
:1001A00023E0F87BF2DFEB7BC1DFDF7B91DFD27BEB
:1001B00060DFC57B2FDFB97BFFDEAC7BCEDE9F7BB4
:1001C0009EDE927B6DDE847B3DDE777B0CDE6A7B80
:1001D000DCDD5D7BABDD4F7B7BDD427B4BDD347B50
:1001E0001ADD267BEADC197BBADC0B7B89DCFD7A25
:1001F00059DCEF7A29DCE17AF8DBD37AC8DBC57AFF
:1002000098DBB67A68DBA87A38DB9A7A08DB8B7AD7
:10021000D7DA7D7AA7DA6E7A77DA5F7A47DA507AB8
:1002200017DA427AE7D9337AB7D9247A87D9157A97
:1002300057D9057A27D9F679F8D8E779C8D8D8797F
:1002400098D8C87968D8B97938D8A97909D8997966
:10025000D9D78A79A9D77A7979D76A794AD75A7951
:100260001AD74A79EAD63A79BBD62A798BD6197940
:100270005CD609792CD6F978FDD5E878CDD5D87833
:100280009ED5C7786ED5B6783FD5A67810D5957827
:10029000E0D48478B1D4737882D4627852D451781F
:1002A00023D44078F4D32E78C5D31D7896D30C7818
:1002B00067D3FA7737D3E97708D3D777D9D2C57719
:1002C000AAD2B4777BD2A2774CD290771DD27E7718
:1002D000EED16C77C0D15A7791D1477762D135771B
:1002E00033D1237704D11077D6D0FE76A7D0EB7622
:1002F00078D0D9764AD0C6761BD0B376ECCFA0762C
:10030000BECF8E768FCF7B7661CF687632CF547634
:1003100004CF4176D5CE2E76A7CE1B7679CE077642
:100320004ACEF4751CCEE075EECDCC75BFCDB97557
:1003300091CDA57563CD917535CD7D7507CD697569
:10034000D9CC5575ABCC41757DCC2D754FCC19757D
:1003500021CC0475F3CBF074C5CBDB7497CBC77499
:1003600069CBB2743BCB9E740DCB8974E0CA7474B4
:10037000B2CA5F7484CA4A7457CA357429CA2074D1
:10038000FBC90B74CEC9F673A0C9E07373C9CB73F4
:1003900045C9B57318C9A073EBC88A73BDC8757316
:1003A00090C85F7363C8497335C8337308C81D7339
:1003B000DBC70773AEC7F17281C7DB7254C7C57262
:1003C00027C7AF72F9C69872CDC68272A0C66B728B
:1003D00073C6557246C63E7219C62772ECC51172B5
:1003E000BFC5FA7193C5E37166C5CC7139C5B571E6
:1003F0000DC59E71E0C48671B3C46F7187C4587116
:100400005AC441712EC4297102C41271D5C3FA7045
:10041000A9C3E2707CC3CB7050C3B37024C39B707C
:10042000F8C28370CCC26B709FC2537073C23B70B2
:1004300047C223701BC20A70EFC1F26FC3C1DA6FEB
:1004400097C1C16F6CC1A96F40C1906F14C1776F24
:10045000E8C05F6FBCC0466F91C02D6F65C0146F60
:100460003AC0FB6E0EC0E26EE2BFC96EB7BFAF6EA0
:100470008CBF966E60BF7D6E35BF636E09BF4A6EDE
:10048000DEBE306EB3BE176E88BEFD6D5DBEE36D21
:1004900031BECA6D06BEB06DDBBD966DB0BD7C6D64
:1004A00085BD626D5ABD486D2FBD2D6D05BD136DA7
:1004B000DABCF96CAFBCDE6C84BCC46C5ABCA96CF1
:1004C0002FBC8F6C04BC746CDABB596CAFBB3F6C37
:1004D00085BB246C5ABB096C30BBEE6B05BBD36B80
:1004E000DBBAB86BB1BA9C6B87BA816B5CBA666BCE
:1004F00032BA4A6B08BA2F6BDEB9136BB4B9F86A1B
:100500008AB9DC6A60B9C16A36B9A56A0CB9896A68
:10051000E3B86D6AB9B8516A8FB8356A65B8196AB7
:100520003CB8FD6912B8E169E9B7C469BFB7A86909
:1005300096B78C696CB76F6943B7536919B7366959
:10054000F0B61969C7B6FD689EB6E06875B6C368AF
:100550004BB6A66822B68968F9B56C68D0B54F6805
:10056000A7B532687EB5156856B5F7672DB5DA6759
:1005700004B5BD67DBB49F67B3B482678AB46467B0
:1005800061B4466739B4296710B40B67E8B3ED6608
:10059000C0B3CF6697B3B1666FB3936647B3756662
:1005A0001EB35766F6B23966CEB21A66A6B2FC65BD
:1005B0007EB2DD6556B2BF652EB2A06506B2826519
:1005C000DEB16365B7B145658FB1266567B1076573
:1005D00040B1E86418B1C964F0B0AA64C9B08B64D2
:1005E000A1B06C647AB04D6453B02D642BB00E642E
:1005F00004B0EF63DDAFCF63B6AFB0638FAF90638E
:1006000068AF716340AF51631AAF3163F3AE1163EA
:10061000CCAEF262A5AED2627EAEB26257AE92624C
:1006200031AE71620AAE5162E3AD3162BDAD1162AD
:1006300096ADF16170ADD0614AADB06123AD8F610F
:10064000FDAC6F61D7AC4E61B1AC2D618AAC0D6170
:1006500064ACEC603EACCB6018ACAA60F2AB8960D5
:10066000CCAB6860A7AB476081AB26605BAB046036
:1006700035ABE35F10ABC25FEAAAA05FC5AA7F5F9C
:100680009FAA5E5F7AAA3C5F54AA1A5F2FAAF95EFE
:100690000AAAD75EE5A9B55EBFA9935E9AA9715E65
:1006A00075A9505E50A92D5E2BA90B5E06A9E95DC8
:1006B000E2A8C75DBDA8A55D98A8835D73A8605D2D
:1006C0004FA83E5D2AA81B5D06A8F95CE1A7D65C91
:1006D000BDA7B45C98A7915C74A76E5C50A74B5CF7
:1006E0002BA7295C07A7065CE3A6E35BBFA6C05B5C
:1006F0009BA69D5B77A6795B53A6565B2FA6335BC3
:100700000CA6105BE8A5EC5AC4A5C95AA1A5A55A28
:100710007DA5825A5AA55E5A36A53B5A13A5175A8B
:10072000EFA4F359CCA4D059A9A4AC5986A48859F4
:1007300062A464593FA440591CA41C59F9A3F85859
:10074000D6A3D458B4A3AF5891A38B586EA36758BF
:100750004BA3425829A31E5806A3F957E4A2D55724
:10076000C1A2B0579FA28C577CA267575AA242578A
:1007700038A21D5716A2F956F4A1D456D2A1AF56ED
:10078000AFA18A568EA165566CA140564AA11A5651
:1007900028A1F55506A1D055E5A0AB55C3A08555B8
:1007A000A1A0605580A03A555FA015553DA0EF541B
:1007B0001CA0CA54FB9FA454D99F7E54B89F585480
:1007C000979F3354769F0D54559FE753349FC153E1
:1007D000139F9B53F29E7553D29E4E53B19E285346
:1007E000909E0253709EDC524F9EB5522F9E8F52A8
:1007F0000E9E6952EE9D4252CE9D1C52AE9DF55109
:100800008E9DCE516D9DA8514D9D81512D9D5A516A
:100810000D9D3351EE9C0C51CE9CE550AE9CBF50CB
:100820008E9C97506F9C70504F9C4950309C22502A
:10083000109CFB4FF19BD44FD29BAC4FB29B854F8A
:10084000939B5E4F749B364F559B0F4F369BE74EE5
:10085000179BBF4EF89A984ED99A704EBA9A484E46
:100860009C9A214E7D9AF94D5F9AD14D409AA94D9F
:10087000229A814D039A594DE599314DC699094DFA
:10088000A899E14C8A99B84C6C99904C4E99684C57
:1008900030993F4C1299174CF498EF4BD698C64BB1
:1008A000B9989E4B9B98754B7D984C4B6098244B08
:1008B0004298FB4A2598D24A0898A94AEA97814A61
:1008C000CD97584AB0972F4A9397064A7697DD49B5
:1008D0005997B4493C978A491F976149029738490B
:1008E000E6960F49C996E648AC96BC489096934860
:1008F00073966948579640483B9616481E96ED47B2
:100900000296C347E6959A47CA957047AE95464703
:1009100092951C477695F3465A95C9463E959F4653
:100920002395754607954B46EC942146D094F745A0
:10093000B594CD459994A3457E94784563944E45EE
:10094000479424452C94FA441194CF44F693A5443B
:10095000DB937A44C0935044A69325448B93FB4386
:100960007093D0435693A5433B937B4321935043CD
:1009700006932543EC92FA42D292D042B792A54216
:100980009D927A4283924F42699224424F92F9415A
:100990003592CE411C92A24102927741E8914C419E
:1009A000CF912141B591F6409C91CA4082919F40E0
:1009B000699173405091484036911D401D91F13F1F
:1009C0000491C53FEB909A3FD2906E3FB990433F60
:1009D000A090173F8890EB3E6F90BF3E5690933E9D
:1009E0003E90683E25903C3E0D90103EF58FE43DD4
:1009F000DC8FB83DC48F8C3DAC8F603D948F333D10
:100A00007C8F073D648FDB3C4C8FAF3C348F833C45
:100A10001D8F563C058F2A3CED8EFD3BD68ED13B7B
:100A2000BE8EA53BA78E783B908E4C3B798E1F3BAC
:100A3000618EF23A4A8EC63A338E993A1C8E6C3ADF
:100A4000058E403AEE8D133AD88DE639C18DB9390D
:100A5000AA8D8C39948D5F397D8D3239678D063939
:100A6000508DD8383A8DAB38248D7E380E8D513864
:100A7000F88C2438E28CF737CC8CCA37B68C9C378C
:100A8000A08C6F378A8C4237758C14375F8CE736B1
:100A90004A8CBA36348C8C361F8C5F36098C3136D2
:100AA000F48B0436DF8BD635CA8BA835B58B7B35F6
:100AB000A08B4D358B8B1F35768BF234618BC43414
:100AC0004D8B9634388B6834248B3A340F8B0C342E
:100AD000FB8ADE33E68AB033D28A8233BE8A54334D
:100AE000AA8A2633968AF832828ACA326E8A9C3261
:100AF0005A8A6E32468A4032338A11321F8AE33173
:100B00000B8AB531F8898631E4895831D1892A3187
:100B1000BE89FB30AB89CD3097899E308489703097
:100B2000718941305F8913304C89E42F3989B52FA1
:100B30002689872F1489582F0189292FEF88FB2EAA
:100B4000DC88CC2ECA889D2EB8886E2EA5883F2EB4
:100B50009388112E8188E22D6F88B32D5D88842DB6
:100B60004B88552D3A88262D2888F72C1688C82CB6
:100B70000588982CF387692CE2873A2CD1870B2CB7
:100B8000BF87DC2BAE87AD2B9D877D2B8C874E2BB3
:100B90007B871F2B6A87EF2A5987C02A4987912AAA
:100BA0003887612A2787322A1787022A0687D3299E
:100BB000F686A329E6867429D5864429C586152993
:100BC000B586E528A586B528958686288586562883
:100BD000758626286686F6275686C727468697276F
:100BE0003786672727863727188607270986D82656
:100BF000FA85A826EA857826DB854826CC8518263E
:100C0000BD85E825AF85B825A0858825918558251F
:100C1000828528257485F7246585C7245785972400
:100C2000498567243A8537242C8507241E85D623D9
:100C30001085A62302857623F4844523E6841523B4
:100C4000D984E522CB84B422BD848422B08454228A
:100C5000A28423229584F3218884C2217B8492215B
:100C60006D84612160843121538400214684D02029
:100C70003A849F202D846E2020843E2014840D20F1
:100C80000784DC1FFA83AC1FEE837B1FE2834A1FBD
:100C9000D683191FC983E91EBD83B81EB183871E81
:100CA000A583561E9983251E8E83F51D8283C41D40
:100CB0007683931D6B83621D5F83311D5483001DFA
:100CC0004883CF1C3D839E1C32836D1C27833C1CB4
:100CD0001C830B1C1183DA1B0683A91BFB82781B68
:100CE000F082471BE682161BDB82E41AD082B31A1D
:100CF000C682821ABC82511AB182201AA782EF19C9
:100D00009D82BD1993828C1989825B197F822A1971
:100D10007582F8186B82C718628296185882641818
:100D20004F823318458202183C82D01732829F17B7
:100D300029826D1720823C1717820A170E82D91656
:100D40000582A816FC817616F3814516EB811316F1
:100D5000E281E215D981B015D1817F15C8814D1589
:100D6000C0811B15B881EA14B081B814A88187141A
:100D7000A0815514988123149081F2138881C013A7
:100D800080818E1379815D1371812B136A81F91231
:100D90006281C8125B819612548164124C813212B6
:100DA000458101123E81CF1137819D1130816B1138
:100DB0002A813911238108111C81D6101681A410B3
:100DC0000F8172100981401002810E10FC80DD0F2E
:100DD000F680AB0FF080790FEA80470FE480150FA3
:100DE000DE80E30ED880B10ED2807F0ECD804D0E16
:100DF000C7801B0EC280E90DBC80B70DB780850D82
:100E0000B280530DAC80210DA780EF0CA280BD0CE9
:100E10009D808B0C9880590C9480270C8F80F50B4B
:100E20008A80C30B8680910B81805F0B7D802D0BA8
:100E30007880FB0A7480C90A7080970A6C80650A02
:100E40006880330A6480000A6080CE095C809C0957
:100E500058806A0955803809518006094E80D408A7
:100E60004A80A20847806F0843803D0840800B08F5
:100E70003D80D9073A80A70737807507348042073D
:100E8000318010072F80DE062C80AC0629807A0680
:100E900027804706258015062280E3052080B105BE
:100EA0001E807F051C804C051A801A051880E804F6
:100EB0001680B604148083041280510411801F042C
:100EC0000F80ED030D80BA030C8088030B8056035E
:100ED000098024030880F1020780BF0206808D028A
:100EE00005805B02048028020380F6010380C401B0
:100EF0000280920101805F0101802D010080FB00D2
:100F00000080C900008096000080640000803200EC
:100F1000008000000080CDFF00809BFF008069FF03
:100F2000008036FF008004FF0180D2FE0180A0FE19
:100F300002806DFE03803BFE038009FE0480D7FD26
:100F40000580A4FD068072FD078040FD08800EFD2F
:100F50000980DBFC0B80A9FC0C8077FC0D8045FC34
:100F60000F8012FC1180E0FB1280AEFB14807CFB32
:100F7000168049FB188017FB1A80E5FA1C80B3FA2B
:100F80001E8080FA20804EFA22801CFA2580EAF921
:100F90002780B8F9298085F92C8053F92F8021F911
:100FA0003180EFF83480BDF837808AF83A8058F8FD
:100FB0003D8026F84080F4F74380C2F7478090F7E1
:100FC0004A805DF74E802BF75180F9F65580C7F6C1
:100FD000588095F65C8063F6608031F66480FFF59A
:100FE0006880CCF56C809AF5708068F5748036F571
:100FF000788004F57D80D2F48180A0F486806EF440
:101000008A803CF48F800AF49480D8F39880A6F309
:101010009D8074F3A28042F3A78010F3AC80DEF2CF
:10102000B280ACF2B7807AF2BC8048F2C28016F28D
:10103000C780E4F1CD80B2F1D28080F1D8804EF14A
:10104000DE801CF1E480EAF0EA80B8F0F08086F0FF
:10105000F68054F0FC8022F00281F1EF0981BFEFAD
:101060000F818DEF16815BEF1C8129EF2381F7EE55
:101070002A81C6EE308194EE378162EE3E8130EEF9
:101080004581FEED4C81CDED54819BED5B8169ED99
:10109000628137ED6A8106ED7181D4EC7981A2EC31
:1010A000808171EC88813FEC90810DEC9881DCEBC4
:1010B000A081AAEBA88178EBB08147EBB88115EB52
:1010C000C081E4EAC881B2EAD18180EAD9814FEADD
:1010D000E2811DEAEB81ECE9F381BAE9FC8189E95F
:1010E000058257E90E8226E91782F5E82082C3E8D7
:1010F000298292E8328260E83C822FE84582FDE74F
:101100004F82CCE758829BE7628269E76B8238E7BF
:10111000758207E77F82D5E68982A4E6938273E62B
:101120009D8242E6A78210E6B182DFE5BC82AEE591
:10113000C6827DE5D0824CE5DB821BE5E682E9E4F0
:10114000F082B8E4FB8287E4068356E4118325E449
:101150001C83F4E32783C3E3328392E33D8361E39B
:10116000488330E35483FFE25F83CEE26B839DE2EA
:1011700076836CE282833BE28E830AE29983DAE132
:10118000A583A9E1B18378E1BD8347E1C98316E175
:10119000D683E6E0E283B5E0EE8384E0FA8353E0B1
:1011A000078423E01484F2DF2084C1DF2D8491DFE3
:1011B0003A8460DF46842FDF5384FFDE6084CEDE16
:1011C0006D849EDE7B846DDE88843DDE95840CDE3E
:1011D000A284DCDDB084ABDDBD847BDDCB844BDD64
:1011E000D9841ADDE684EADCF484BADC028589DC81
:1011F000108559DC1E8529DC2C85F8DB3A85C8DB97
:10120000498598DB578568DB658538DB748508DBA5
:101210008285D7DA9185A7DAA08577DAAF8547DAB4
:10122000BD8517DACC85E7D9DB85B7D9EA8587D9BB
:10123000FA8557D9098627D91886F8D82786C8D8B5
:10124000378698D8468668D8568638D8668609D8AC
:101250007586D9D78586A9D7958679D7A5864AD7A1
:10126000B5861AD7C586EAD6D586BBD6E6868BD68E
:10127000F6865CD606872CD61787FDD52787CDD571
:1012800038879ED549876ED559873FD56A8710D54F
:101290007B87E0D48C87B1D49D8782D4AE8752D42B
:1012A000BF8723D4D187F4D3E287C5D3F38796D3FE
:1012B000058867D3168837D3288808D33A88D9D2C7
:1012C0004B88AAD25D887BD26F884CD281881DD290
:1012D0009388EED1A588C0D1B88891D1CA8862D14F
:1012E000DC8833D1EF8804D10189D6D01489A7D006
:1012F000268978D039894AD04C891BD05F89ECCFB8
:101300007189BECF84898FCF978961CFAB8932CF66
:10131000BE8904CFD189D5CEE489A7CEF88979CE0C
:101320000B8A4ACE1F8A1CCE338AEECD468ABFCDA9
:101330005A8A91CD6E8A63CD828A35CD968A07CD41
:10134000AA8AD9CCBE8AABCCD28A7DCCE68A4FCCD5
:10135000FB8A21CC0F8BF3CB248BC5CB388B97CB5F
:101360004D8B69CB618B3BCB768B0DCB8B8BE0CAE6
:10137000A08BB2CAB58B84CACA8B57CADF8B29CA65
:10138000F48BFBC9098CCEC91F8CA0C9348C73C9DE
:101390004A8C45C95F8C18C9758CEBC88A8CBDC84E
:1013A000A08C90C8B68C63C8CC8C35C8E28C08C8B9
:1013B000F88CDBC70E8DAEC7248D81C73A8D54C71C
:1013C000508D27C7678DF9C67D8DCDC6948DA0C67B
:1013D000AA8D73C6C18D46C6D88D19C6EE8DECC5D3
:1013E000058EBFC51C8E93C5338E66C54A8E39C522
:1013F000618E0DC5798EE0C4908EB3C4A78E87C46C
:10140000BE8E5AC4D68E2EC4ED8E02C4058FD5C3AF
:101410001D8FA9C3348F7CC34C8F50C3648F24C3EA
:101420007C8FF8C2948FCCC2AC8F9FC2C48F73C222
:10143000DC8F47C2F58F1BC20D90EFC12590C3C151
:101440003E9097C156906CC16F9040C1889014C176
:10145000A090E8C0B990BCC0D29091C0EB9065C09C
:1014600004913AC01D910EC03691E2BF5091B7BFB2
:1014700069918CBF829160BF9C9135BFB59109BFC6
:10148000CF91DEBEE891B3BE029288BE1C925DBED3
:10149000359231BE4F9206BE6992DBBD8392B0BDDC
:1014A0009D9285BDB7925ABDD2922FBDEC9205BDDB
:1014B0000693DABC2193AFBC3B9384BC56935ABCD1
:1014C00070932FBC8B9304BCA693DABBC093AFBBC5
:1014D000DB9385BBF6935ABB119430BB2C9405BBB0
:1014E0004794DBBA6394B1BA7E9487BA99945CBA94
:1014F000B59432BAD09408BAEC94DEB90795B4B971
:1015000023958AB93E9560B95A9536B976950CB946
:101510009295E3B8AE95B9B8CA958FB8E69565B817
:1015200002963CB81E9612B83B96E9B75796BFB7DD
:10153000739696B790966CB7AC9643B7C99619B7A1
:10154000E696F0B60297C7B61F979EB63C9775B65B
:1015500059974BB6769722B69397F9B5B097D0B511
:10156000CD97A7B5EA977EB5089856B525982DB5BD
:10157000429804B56098DBB47D98B3B49B988AB464
:10158000B99861B4D69839B4F49810B41299E8B304
:101590003099C0B34E9997B36C996FB38A9947B39A
:1015A000A8991EB3C699F6B2E599CEB2039AA6B22F
:1015B000229A7EB2409A56B25F9A2EB27D9A06B2B5
:1015C0009C9ADEB1BA9AB7B1D99A8FB1F89A67B13D
:1015D000179B40B1369B18B1559BF0B0749BC9B0B6
:1015E000939BA1B0B29B7AB0D29B53B0F19B2BB02E
:1015F000109C04B0309CDDAF4F9CB6AF6F9C8FAF9A
:101600008E9C68AFAE9C40AFCE9C1AAFEE9CF3AE02
:101610000D9DCCAE2D9DA5AE4D9D7EAE6D9D57AE64
:101620008E9D31AEAE9D0AAECE9DE3ADEE9DBDADBD
:101630000E9E96AD2F9E70AD4F9E4AAD709E23AD0F
:10164000909EFDACB19ED7ACD29EB1ACF29E8AAC5E
:10165000139F64AC349F3EAC559F18AC769FF2ABA1
:10166000979FCCABB89FA7ABD99F81ABFB9F5BABE0
:101670001CA035AB3DA010AB5FA0EAAA80A0C5AA14
:10168000A1A09FAAC3A07AAAE5A054AA06A12FAA46
:1016900028A10AAA4AA1E5A96CA1BFA98EA19AA96D
:1016A000AFA175A9D2A150A9F4A12BA916A206A990
:1016B00038A2E2A85AA2BDA87CA298A89FA273A8AB
:1016C000C1A24FA8E4A22AA806A306A829A3E1A7BD
:1016D0004BA3BDA76EA398A791A374A7B4A350A7CB
:1016E000D6A32BA7F9A307A71CA4E3A63FA4BFA6D4
:1016F00062A49BA686A477A6A9A453A6CCA42FA6D1
:10170000EFA40CA613A5E8A536A5C4A55AA5A1A5C6
:101710007DA57DA5A1A55AA5C4A536A5E8A513A5B7
:101720000CA6EFA42FA6CCA453A6A9A477A686A4A2
:101730009BA662A4BFA63FA4E3A61CA407A7F9A387
:101740002BA7D6A350A7B4A374A791A398A76EA361
:10175000BDA74BA3E1A729A306A806A32AA8E4A234
:101760004FA8C1A273A89FA298A87CA2BDA85AA204
:10177000E2A838A206A916A22BA9F4A150A9D2A1C9
:1017800075A9AFA19AA98EA1BFA96CA1E5A94AA18B
:101790000AAA28A12FAA06A154AAE5A07AAAC3A042
:1017A0009FAAA1A0C5AA80A0EAAA5FA010AB3DA0F5
:1017B00035AB1CA05BABFB9F81ABD99FA7ABB89FA0
:1017C000CCAB979FF2AB769F18AC559F3EAC349F45
:1017D00064AC139F8AACF29EB1ACD29ED7ACB19EE2
:1017E000FDAC909E23AD709E4AAD4F9E70AD2F9E76
:1017F00096AD0E9EBDADEE9DE3ADCE9D0AAEAE9D07
:1018000031AE8E9D57AE6D9D7EAE4D9DA5AE2D9D8C
:10181000CCAE0D9DF3AEEE9C1AAFCE9C40AFAE9C0D
:1018200068AF8E9C8FAF6F9CB6AF4F9CDDAF309C86
:1018300004B0109C2BB0F19B53B0D29B7AB0B29BFA
:10184000A1B0939BC9B0749BF0B0559B18B1369B67
:1018500040B1179B67B1F89A8FB1D99AB7B1BA9ACC
:10186000DEB19C9A06B27D9A2EB25F9A56B2409A29
:101870007EB2229AA6B2039ACEB2E599F6B2C69982
:101880001EB3A89947B38A996FB36C9997B34E99D1
:10189000C0B33099E8B3129910B4F49839B4D6981B
:1018A00061B4B9988AB49B98B3B47D98DBB460985E
:1018B00004B542982DB5259856B508987EB5EA9797
:1018C000A7B5CD97D0B5B097F9B5939722B67697CF
:1018D0004BB6599775B63C979EB61F97C7B60297F9
:1018E000F0B6E69619B7C99643B7AC966CB7909622
:1018F00096B77396BFB75796E9B73B9612B81E9640
:101900003CB8029665B8E6958FB8CA95B9B8AE9559
:10191000E3B892950CB9769536B95A9560B93E956B
:101920008AB92395B4B90795DEB9EC9408BAD09476
:1019300032BAB5945CBA999487BA7E94B1BA63947A
:10194000DBBA479405BB2C9430BB11945ABBF69379
:1019500085BBDB93AFBBC093DABBA69304BC8B9370
:101960002FBC70935ABC569384BC3B93AFBC21935D
:10197000DABC069305BDEC922FBDD2925ABDB79248
:1019800085BD9D92B0BD8392DBBD699206BE4F922C
:1019900031BE35925DBE1C9288BE0292B3BEE89104
:1019A000DEBECF9109BFB59135BF9C9160BF8291DA
:1019B0008CBF6991B7BF5091E2BF36910EC01D91A7
:1019C0003AC0049165C0EB9091C0D290BCC0B99070
:1019D000E8C0A09014C1889040C16F906CC156902F
:1019E00097C13E90C3C12590EFC10D901BC2F58FEA
:1019F00047C2DC8F73C2C48F9FC2AC8FCCC2948F9E
:101A0000F8C27C8F24C3648F50C34C8F7CC3348F47
:101A1000A9C31D8FD5C3058F02C4ED8E2EC4D68EEB
:101A20005AC4BE8E87C4A78EB3C4908EE0C4798E8C
:101A30000DC5618E39C54A8E66C5338E93C51C8E21
:101A4000BFC5058EECC5EE8D19C6D88D46C6C18DB5
:101A500073C6AA8DA0C6948DCDC67D8DF9C6678D3F
:101A600027C7508D54C73A8D81C7248DAEC70E8DC0
:101A7000DBC7F88C08C8E28C35C8CC8C63C8B68C40
:101A800090C8A08CBDC88A8CEBC8758C18C95F8CB7
:101A900045C94A8C73C9348CA0C91F8CCEC9098C26
:101AA000FBC9F48B29CADF8B57CACA8B84CAB58B92
:101AB000B2CAA08BE0CA8B8B0DCB768B3BCB618BF4
:101AC00069CB4D8B97CB388BC5CB248BF3CB0F8B4E
:101AD00021CCFB8A4FCCE68A7DCCD28AABCCBE8AA5
:101AE000D9CCAA8A07CD968A35CD828A63CD6E8AF3
:101AF00091CD5A8ABFCD468AEECD338A1CCE1F8A3D
:101B00004ACE0B8A79CEF889A7CEE489D5CED18981
:101B100004CFBE8932CFAB8961CF97898FCF8489BB
:101B2000BECF7189ECCF5F891BD04C894AD03989EF
:101B300078D02689A7D01489D6D0018904D1EF881E
:101B400033D1DC8862D1CA8891D1B888C0D1A58848
:101B5000EED193881DD281884CD26F887BD25D886C
:101B6000AAD24B88D9D23A8808D3288837D3168886
:101B700067D3058896D3F387C5D3E287F4D3D1879B
:101B800023D4BF8752D4AE8782D49D87B1D48C87AB
:101B9000E0D47B8710D56A873FD559876ED54987B2
:101BA0009ED53887CDD52787FDD517872CD60687B4
:101BB0005CD6F6868BD6E686BBD6D586EAD6C586B3
:101BC0001AD7B5864AD7A58679D79586A9D78586A7
:101BD000D9D7758609D8668638D8568668D8468695
:101BE00098D83786C8D82786F8D8188627D909867E
:101BF00057D9FA8587D9EA85B7D9DB85E7D9CC8566
:101C000017DABD8547DAAF8577DAA085A7DA91853F
:101C1000D7DA828508DB748538DB658568DB578514
:101C200098DB4985C8DB3A85F8DB2C8529DC1E85E5
:101C300059DC108589DC0285BADCF484EADCE684B0
:101C40001ADDD9844BDDCB847BDDBD84ABDDB08474
:101C5000DCDDA2840CDE95843DDE88846DDE7B8431
:101C60009EDE6D84CEDE6084FFDE53842FDF4684EB
:101C700060DF3A8491DF2D84C1DF2084F2DF148499
:101C800023E0078453E0FA8384E0EE83B5E0E28347
:101C9000E6E0D68316E1C98347E1BD8378E1B183ED
:101CA000A9E1A583DAE199830AE28E833BE282838C
:101CB0006CE276839DE26B83CEE25F83FFE2548326
:101CC00030E3488361E33D8392E33283C3E32783B8
:101CD000F4E31C8325E4118356E4068387E4FB8246
:101CE000B8E4F082E9E4E6821BE5DB824CE5D082D1
:101CF0007DE5C682AEE5BC82DFE5B18210E6A78253
:101D000042E69D8273E69382A4E68982D5E67F82CD
:101D100007E7758238E76B8269E762829BE7588242
:101D2000CCE74F82FDE745822FE83C8260E83282B3
:101D300092E82982C3E82082F5E8178226E90E821C
:101D400057E9058289E9FC81BAE9F381ECE9EB8185
:101D50001DEAE2814FEAD98180EAD181B2EAC881E5
:101D6000E4EAC08115EBB88147EBB08178EBA8813C
:101D7000AAEBA081DCEB98810DEC90813FEC88818F
:101D800071EC8081A2EC7981D4EC718106ED6A81DD
:101D900037ED628169ED5B819BED5481CDED4C8126
:101DA000FEED458130EE3E8162EE378194EE30816A
:101DB000C6EE2A81F7EE238129EF1C815BEF1681A5
:101DC0008DEF0F81BFEF0981F1EF028122F0FC80DE
:101DD00054F0F68086F0F080B8F0EA80EAF0E48013
:101DE0001CF1DE804EF1D88080F1D280B2F1CD803E
:101DF000E4F1C78016F2C28048F2BC807AF2B78064
:101E0000ACF2B280DEF2AC8010F3A78042F3A28085
:101E100074F39D80A6F39880D8F394800AF48F80A1
:101E20003CF48A806EF48680A0F48180D2F47D80B8
:101E300004F5788036F5748068F570809AF56C80CA
:101E4000CCF56880FFF5648031F6608063F65C80D5
:101E500095F65880C7F65580F9F651802BF74E80DD
:101E60005DF74A8090F74780C2F74380F4F74080DF
:101E700026F83D8058F83A808AF83780BDF83480DB
:101E8000EFF8318021F92F8053F92C8085F92980D2
:101E9000B8F92780EAF925801CFA22804EFA2080C2
:101EA00080FA1E80B3FA1C80E5FA1A8017FB1880AE
:101EB00049FB16807CFB1480AEFB1280E0FB118096
:101EC00012FC0F8045FC0D8077FC0C80A9FC0B8078
:101ED000DBFC09800EFD088040FD078072FD068056
:101EE000A4FD0580D7FD048009FE03803BFE03802E
:101EF0006DFE0280A0FE0180D2FE018004FF008002
:101F000036FF008069FF00809BFF0080CDFF0080CE
:101F100083F9A200444E6E00FC291500D15727001A
:101F2000DD34F50062DBC0003C9995004190430030
:101F30006351FE00BBDEAB00B761C5003A6E240002
:101F4000D24D42004906E00009EA2E001C92D10061
:101F5000EB1DFE0029B11C00E83EA700F53582000C
:101F600044BB2E009CE98400B4267000417E5F00D3
:101F7000D6913900538339009CF439008B5F84007B
:101F800028F9BD00F81F3B00DEFF97000F98050001
:101F9000112FEF000A5A8B006D1F6D00CF7E3600A7
:101FA00009CB2700464FB7009E663F002DEA5F0031
:101FB000BA277500E5EBC7003D7BF100F739070054
:101FC00092528A00FB6BEA001FB15F00085D8D0032
:101FD000300356007BFC4600F0AB6B0020BCCF000A
:101FE00036F49A00E3A91D005E619100081BE6002B
:101FF00085996500A0145F008D40680080D8FF00BF
:1020000027734D0006063100CA561500C9A8730093
:102010007BE260006B8CC0000001000098980020FB
:102020001200000000060000142300600A000000F7
:1020300000020000B0220060620000000007000003
:102040004C22006062000000EE030000349B002080
:1020500012000000000004EE0C9B0020280000008D
:102060000003000048220060000000000103090492
:102070003022006000000000020309041822006002
:102080000000000003030904489B0020000000003A
:102090000000000000000000000000003030303080
:1020A0003030303030303030303030303030303030
:1020B00030303030303030303030303000000000E0
:1020C000F4C200205CC30020C4C300200000000054
:1020D0000000000000000000000000000000000000
:1020E00000000000000000000000000000000000F0
:1020F00000000000000000000000000000000000E0
:1021000000000000000000000000000000000000CF
:1021100000000000000000000000000000000000BF
:1021200000000000000000000000000000000000AF
:10213000000000000000000000000000000000009F
:10214000000000000000000000000000000000008F
:102150000000000001000000000000000E33CDABC5
:1021600034126DE6ECDE05000B00000000000000FC
:10217000000000000000000000000000000000005F
:10218000000000000000000000000000000000004F
:10219000000000000000000000000000000000003F
:1021A000000000000000000000000000000000002F
:1021B000000000000000000000000000000000001F
:1021C000000000000000000000000000000000000F
:1021D0000000000000000000000000000029DE07F1
:1021E000007B9A1700003A40303B002000000000BE
:1021F00000000000000000000000000000000000DF
:1022000000000000000000000000000000000000CE
:1022100000000000000000000000000000000000BE
:1022200000000000000000000000000000000000AE
:1022300000000000C03C002000000000E803000097
:10224000000000005C3E002000000000E8030000E9
:102250000000000000003F40C821006000000000B6
:10226000000000000000000000000000000000006E
:10227000000000000000000000000000000000005E
:10228000000000000000000000000000000000004E
:10229000000000000000000000000000000000003E
:1022A000000000000000000000000000000000002E
:1022B000000000000000000000000000000000001E
:1022C000000000000000000000000000000000000E
:1022D00000000000000000000000000000000000FE
:1022E00000000000000000000000000000000000EE
:1022F00000000000000000000000000000000000DE
:1023000000000000000000000000000000000000CD
:1023100000000000000000000000000000000000BD
:1023200000000000000000000000000000000000AD
:10233000000000000000000000000000000000009D
:10234000000000000000000000000000000000008D
:10235000000000000000000000000000000000007D
:10236000000000000000000000000000000000006D
:10237000000000000000000000000000000000005D
:10238000000000005C3E002000000000E8030000A8
:102390000000000000803F40782100600000000045
:1023A000000000000000000000000000000000002D
:1023B000000000000000000000000000000000001D
:1023C000000000000000000000000000000000000D
:1023D00000000000000000000000000000000000FD
:1023E00000000000000000000000000000000000ED
:1023F00000000000000000000000000000000000DD
:1024000000000000000000000000000000000000CC
:1024100000000000000000000000000000000000BC
:1024200000000000000000000000000000000000AC
:10243000000000000000000000000000000000009C
:10244000000000000000000000000000000000008C
:10245000000000000000000000000000000000007C
:10246000000000000000000000000000000000006C
:10247000000000000000000000000000000000005C
:10248000000000000000000000000000000000004C
:10249000000000000000000000000000000000003C
:1024A000000000000000000000000000000000002C
:1024B000000000000000000000000000000000001C
:1024C000000000005C3E002000000000E803000067
:1024D0000000000000C03F40282100600000000014
:1024E00000000000000000000000000000000000EC
:1024F00000000000000000000000000000000000DC
:1025000000000000000000000000000000000000CB
:1025100000000000000000000000000000000000BB
:1025200000000000000000000000000000000000AB
:10253000000000000000000000000000000000009B
:10254000000000000000000000000000000000008B
:10255000000000000000000000000000000000007B
:10256000000000000000000000000000000000006B
:10257000000000000000000000000000000000005B
:10258000000000000000000000000000000000004B
:10259000000000000000000000000000000000003B
:1025A000000000000000000000000000000000002B
:1025B000000000000000000000000000000000001B
:1025C000000000000000000000000000000000000B
:1025D00000000000000000000000000000000000FB
:1025E00000000000000000000000000000000000EB
:1025F00000000000000000000000000000000000DB
:10260000000000007CCE4E2D2FF85D2FF5E4EC305D
:10261000B0A02832693D3533FEC41D34F2EBE834F6
:10262000B59B9635F4C12E36BF4FB93623283637C1
:102630002EDEA737265A12383632733869BAC138B7
:1026400035B21439ACDB5C3976419F39F8A9DF39F2
:102650007B57193AF7BA4D3AD34A873A3FBAAE3A5E
:10266000E4E6DD3ADFBC0A3B7C012B3BD7F94F3B6C
:1026700027CC793BFA44943B1A17AE3B034ECA3B36
:1026800004CFE83B94B9043CC503163CF626283C2D
:10269000D1FE3A3C60624E3CBD24623CE015763C83
:1026A000B901853CDFDC8E3C4C82983C28D8A13CAB
:1026B00048C5AA3CA331B33CB106BB3CCD2FC23CBC
:1026C000849AC83CD936CE3C78F7D23CE2D1D63C8D
:1026D00086BED93CC6B8DB3CF9BEDC3C56D2DC3CFD
:1026E000DCF6DB3C2333DA3C3390D73C4119D43C55
:1026F00076DBCF3CA7E5CA3C0C48C53CF713BF3C92
:10270000885BB83C6631B13C74A8A93C93D3A13C2A
:102710005CC5993CEB8F913CAC44893C28F4803CEF
:10272000C25B713C6500613C70F0503C7143413CC0
:10273000370E323CC862233C5F50153C74E3073CC3
:10274000A64BF63B6E3DDE3BD8A5C73BF189B23BBD
:1027500096EA9E3BD6C48C3BB324783B9493593B7A
:102760007DBE3D3B4389243B32D40D3BA2F9F23A76
:1027700031BDCE3A43A7AE3A896A923AA572733A0E
:10278000208D483A668D233AE0E0033A84F5D1394A
:1027900024AAA439D5C57D391F673F3909820C3970
:1027A0008B07C73826FA85389E8726381045B237FA
:1027B000F519FD36E69719B6ADFE16B72C305EB7A3
:1027C0007EA982B75B248AB712D088B78E5C81B7A6
:1027D0009EE76BB7849550B7996233B7914216B7AD
:1027E0009831F5B648A3C2B686F295B6AD3F5FB64E
:1027F000226F1FB677C2D7B5771A87B5EC7D14B5AF
:102800008BD071B4AB00F2FECAFF460197FFFBFF0D
:102810004CFF540026008000BEFFBBFF98FF3F0026
:1028200062005B00B7FF82FFAFFF5C0098004700CB
:1028300089FF4EFFC7FF9B00CC0026003AFF1BFF1D
:10284000F5FFFA00FE00E7FFC7FEEBFE490084013A
:102850002B0176FF1FFEC1FEE400560251019EFED1
:1028600009FDA0FE2302E5036C0196FC79FA8CFEBB
:1028700025066C097A012CEF01DCDA5301DC2CEF20
:102880007A016C0925068CFE79FA96FC6C01E50349
:102890002302A0FE09FD9EFE51015602E400C1FE86
:1028A0001FFE76FF2B0184014900EBFEC7FEE7FF08
:1028B000FE00FA00F5FF1BFF3AFF2600CC009B004C
:1028C000C7FF4EFF89FF470098005C00AFFF82FF03
:1028D000B7FF5B0062003F0098FFBBFFBEFF8000B8
:1028E000260054004CFFFBFF97FF4601CAFFF2FE93
:1028F000AB0000000500FAFFF5FFEFFFEAFFE8FF7D
:10290000EDFFF8FF07001800240027001E000A0052
:10291000EDFFD1FFBEFFBDFFD1FFF8FF280055003E
:102920006F0069004200FEFFB0FF6EFF50FF66FFC0
:10293000AFFF1E009500EF000B01D7005700A6FF68
:10294000F7FE80FE70FEDDFEB9FFD200D9017702EE
:1029500068028F01050022FE67FC6BFBB2FB8BFD5A
:10296000F700A005E10AE70FD81302160216D813E4
:10297000E70FE10AA005F7008BFDB2FB6BFB67FCDC
:1029800022FE05008F0168027702D901D200B9FF4B
:10299000DDFE70FE80FEF7FEA6FF5700D7000B019C
:1029A000EF0095001E00AFFF66FF50FF6EFFB0FF07
:1029B000FEFF420069006F0055002800F8FFD1FFBC
:1029C000BDFFBEFFD1FFEDFF0A001E00270024005F
:1029D00018000700F8FFEDFFE8FFEAFFEFFFF5FF43
:1029E000FAFF0500EEFFCCFFD3FFDFFF0600230058
:1029F00024000200DAFFCEFFEEFF24004200280090
:102A0000E5FFB0FFBBFF0800590065001700A8FFF5
:102A100079FFBEFF4A00A6007800D6FF44FF4AFFB8
:102A2000F6FFC300FA0055004CFFC2FE47FF8900C5
:102A30007B013501C9FF59FE35FEB3FFB7017D02A9
:102A4000140164FEADFCBDFD370169043604C2FF0C
:102A5000DBF9B4F778FDF50AE81AA525A525E81AEB
:102A6000F50A78FDB4F7DBF9C2FF360469043701D3
:102A7000BDFDADFC64FE14017D02B701B3FF35FE60
:102A800059FEC9FF35017B01890047FFC2FE4CFF9B
:102A90005500FA00C300F6FF4AFF44FFD6FF780056
:102AA000A6004A00BEFF79FFA8FF17006500590085
:102AB0000800BBFFB0FFE5FF280042002400EEFF46
:102AC000CEFFDAFF0200240023000600DFFFD3FF61
:102AD000CCFFEEFFFFFFFFFF290000000001010017
:102AE000010000010100000100010100B4C200204A
:102AF000606720200000000043000000000000008C
:102B000000000000000000000000000000000000C5
:102B10000000000000000000430000000000000072
:102B200000000000000000000000000000000000A5
:102B30000000000000000000430000000000000052
:102B40000000000000000000000000000000000085
:102B50000000000000000000430000000000000032
:102B60000000000000000000000000000000000065
:102B70000000000000000000430000000000000012
:102B80000000000000000000000000000000000045
:102B900000000000000000004300000000000000F2
:102BA0000000000000000000000000000000000025
:102BB00000000000000000004300000000000000D2
:102BC0000000000000000000000000000000000005
:102BD0000000000000000000B1490200F1200200E6
:102BE0000000000054410020C03A0020603A00205C
:102BF000603A0020603A0020603A0020603A0020ED
:102C0000603A0020603A0020603A0020603A0020DC
:102C1000FFFFFFFFFFFFFFFFFFFFFFFFFFFF0000C2
:102C2000010041534349490000000000000000003A
:102C30000000000000000000000000000000000094
:102C4000000041534349490000000000000000001B
:102C50000000000000000000000000000000000074
:102C60000000000000000000000000007894002038
:102C70007894002080940020809400208894002084
:102C80008894002090940020909400209894002034
:102C900098940020A0940020A0940020A8940020E4
:102CA000A8940020B0940020B0940020B894002094
:102CB000B8940020C0940020C0940020C894002044
:102CC000C8940020D0940020D0940020D8940020F4
:102CD000D8940020E0940020E0940020E8940020A4
:102CE000E8940020F0940020F0940020F894002054
:102CF000F894002000950020009500200895002001
:102D000008950020109500201095002018950020AF
:102D1000189500202095002020950020289500205F
:102D2000289500203095002030950020389500200F
:102D300038950020409500204095002048950020BF
:102D4000489500205095002050950020589500206F
:102D5000589500206095002060950020689500201F
:102D600068950020709500207095002078950020CF
:102D7000789500208095002080950020889500207F
:102D8000889500209095002090950020989500202F
:102D900098950020A0950020A0950020A8950020DF
:102DA000A8950020B0950020B0950020B89500208F
:102DB000B8950020C0950020C0950020C89500203F
:102DC000C8950020D0950020D0950020D8950020EF
:102DD000D8950020E0950020E0950020E89500209F
:102DE000E8950020F0950020F0950020F89500204F
:102DF000F8950020009600200096002008960020FC
:102E000008960020109600201096002018960020AA
:102E1000189600202096002020960020289600205A
:102E2000289600203096002030960020389600200A
:102E300038960020409600204096002048960020BA
:102E4000489600205096002050960020589600206A
:102E5000589600206096002060960020689600201A
:102E600068960020709600207096002078960020CA
:102E7000789600208096002080960020889600207A
:102E8000889600209096002090960020989600202A
:102E900098960020A0960020A0960020A8960020DA
:102EA000A8960020B0960020B0960020B89600208A
:102EB000B8960020C0960020C0960020C89600203A
:102EC000C8960020D0960020D0960020D8960020EA
:102ED000D8960020E0960020E0960020E89600209A
:102EE000E8960020F0960020F0960020F89600204A
:102EF000F8960020009700200097002008970020F7
:102F000008970020109700201097002018970020A5
:102F10001897002020970020209700202897002055
:102F20002897002030970020309700203897002005
:102F300038970020409700204097002048970020B5
:102F40004897002050970020509700205897002065
:102F50005897002060970020609700206897002015
:102F600068970020709700207097002078970020C5
:102F70007897002080970020809700208897002075
:102F80008897002090970020909700209897002025
:102F900098970020A0970020A0970020A8970020D5
:102FA000A8970020B0970020B0970020B897002085
:102FB000B8970020C0970020C0970020C897002035
:102FC000C8970020D0970020D0970020D8970020E5
:102FD000D8970020E0970020E0970020E897002095
:102FE000E8970020F0970020F0970020F897002045
:102FF000F8970020009800200098002008980020F2
:1030000008980020109800201098002018980020A0
:103010001898002020980020209800202898002050
:103020002898002030980020309800203898002000
:1030300038980020409800204098002048980020B0
:103040004898002050980020509800205898002060
:103050005898002060980020609800206898002010
:10306000689800207098002070980020FFFFFFFFF4
:10307000000002000000000003000000F4C2002075
:10308000D088002012010002EF020140C016830424
:103090008002010203010000463FAB3F0000C8422E
:1030A0000A000000B80B00000100000064190000D5
:1030B000640000000A0000000100000001000000A0
:1030C00001000000040000000400000007000000F0
:1030D0000700000070170000FFFFFFFF0200000064
:1030E000FFFFFFFFFFFFFFFF641900002800000043
:1030F000DC0500000A00000099A8010099A8010061
:1031000099A8010099A8010099A8010099A80100B7
:1031100099A8010099A8010099A8010099A80100A7
:1031200099A8010099A8010099A8010099A8010097
:1031300099A8010099A8010099A8010099A8010087
:1031400099A8010099A8010099A8010099A8010077
:1031500099A8010099A8010099A8010099A8010067
:1031600099A8010099A8010099A8010099A8010057
:1031700099A8010099A8010099A8010099A8010047
:1031800099A8010099A8010099A8010099A8010037
:1031900099A8010099A8010099A8010099A8010027
:1031A00099A8010099A8010099A8010099A8010017
:1031B00099A8010099A8010099A8010099A8010007
:1031C00099A8010099A8010099A8010099A80100F7
:1031D00099A8010099A8010099A8010099A80100E7
:1031E00099A8010099A8010099A8010099A80100D7
:1031F00099A8010099A8010099A8010099A80100C7
:1032000099A8010099A8010099A8010099A80100B6
:1032100099A8010099A8010099A8010099A80100A6
:1032200099A8010099A8010099A8010099A8010096
:1032300099A8010099A8010099A8010099A8010086
:1032400099A8010099A8010099A8010099A8010076
:1032500099A8010099A8010099A8010099A8010066
:1032600099A8010099A8010099A8010099A8010056
:1032700099A8010099A8010099A8010099A8010046
:1032800099A8010099A8010099A8010099A8010036
:1032900099A8010099A8010099A8010099A8010026
:1032A00099A8010099A8010099A8010099A8010016
:1032B00099A8010099A8010099A8010099A8010006
:1032C00099A8010099A8010099A8010099A80100F6
:1032D00099A8010099A8010099A8010099A80100E6
:1032E00099A8010099A8010099A8010099A80100D6
:1032F00099A8010099A8010028000000000104001D
:103300000100000000000000020157494E555342E1
:1033100000000000000000000000000000000000AD
:1033200012034D00530046005400310030003000BD
:10333000F80000000C030000000000000000000086
:103340000000000000000000000029010101010050
:10335000000000000000000000000000000000006D
:10336000000000000000000000000000000000005D
:10337000000000000000000000000000000000004D
:10338000000000000000000000000000000000003D
:10339000000000000000000000000000000000002D
:1033A000000000000000000000000000000000001D
:1033B000000000000000000000000000000000000D
:1033C00000000000000000000000000000000000FD
:1033D00000000000000000000000000000000000ED
:1033E00000000000000000000000000000000000DD
:1033F00000000000000000000000000000000000CD
:1034000000000000000000000000000000000000BC
:1034100000000000000000000000000000000000AC
:10342000000000000000000000000000000000009C
:10343000000000000000000000000000000000008C
:10344000000000000000000000000000000000007C
:10345000000000000000000000000000000000006C
:10346000000000000000000000000000000000005C
:10347000000000000000000000000000000000004C
:10348000000000000000000000000000000000003C
:10349000000000000000000000000000000000002C
:1034A000000000000000000000000000000000001C
:1034B000000000000000000000000000000000000C
:1034C00000000000000000000000000000000000FC
:1034D00000000000000000000000000000000000EC
:1034E00000000000000000000000000000000000DC
:1034F00000000000000000000000000000000000CC
:1035000000000000000000000000000000000000BB
:1035100000000000000000000000000000000000AB
:10352000000000000000000000000000000000009B
:10353000000000000000000000000000000000008B
:10354000000000000000000000000000000000007B
:10355000000000000000000000000000000000006B
:10356000000000000000000000000000000000005B
:10357000000000000000000000000000000000004B
:10358000000000000000000000000000000000003B
:10359000000000000000000000000000000000002B
:1035A000000000000000000000000000000000001B
:1035B000000000000000000000000000000000000B
:1035C00000000000000000000000000000000000FB
:1035D00000000000000000000000000000000000EB
:1035E00000000000000000000000000000000000DB
:1035F00000000000000000000000000000000000CB
:1036000000000000000000000000000000000000BA
:1036100000000000000000000000000000000000AA
:10362000000000000000000000000000000000009A
:10363000000000000000000000000000000000008A
:10364000000000000000000000000000000000007A
:10365000000000000000000000000000000000006A
:10366000000000000000000000000000000000005A
:10367000000000000000000000000000000000004A
:10368000000000000000000000000000000000003A
:10369000000000000000000000000000000000002A
:0C36A0000000000000000000000000001E
:1036AC00FFFFFFFFFFFFFFFFFFFFFFFFFFFFFFFF1E
:1036BC00FFFFFFFFFFFFFFFFFFFFFFFFFFFFFFFF0E
:1036CC00FFFFFFFFFFFFFFFFFFFFFFFFFFFFFFFFFE
:1036DC00FFFFFFFFFFFFFFFFFFFFFFFFFFFFFFFFEE
:1036EC00FFFFFFFFFFFFFFFFFFFFFFFFFFFFFFFFDE
:1036FC00FFFFFFFFFFFFFFFFFFFFFFFFFFFFFFFFCE
:10370C00FFFFFFFFFFFFFFFFFFFFFFFFFFFFFFFFBD
:10371C00FFFFFFFFFFFFFFFFFFFFFFFFFFFFFFFFAD
:10372C00FFFFFFFFFFFFFFFFFFFFFFFFFFFFFFFF9D
:10373C00FFFFFFFFFFFFFFFFFFFFFFFFFFFFFFFF8D
:10374C00FFFFFFFFFFFFFFFFFFFFFFFFFFFFFFFF7D
:10375C00FFFFFFFFFFFFFFFFFFFFFFFFFFFFFFFF6D
:10376C00FFFFFFFFFFFFFFFFFFFFFFFFFFFFFFFF5D
:10377C00FFFFFFFFFFFFFFFFFFFFFFFFFFFFFFFF4D
:10378C00FFFFFFFFFFFFFFFFFFFFFFFFFFFFFFFF3D
:10379C00FFFFFFFFFFFFFFFFFFFFFFFFFFFFFFFF2D
:1037AC00FFFFFFFFFFFFFFFFFFFFFFFFFFFFFFFF1D
:1037BC00FFFFFFFFFFFFFFFFFFFFFFFFFFFFFFFF0D
:1037CC00FFFFFFFFFFFFFFFFFFFFFFFFFFFFFFFFFD
:1037DC00FFFFFFFFFFFFFFFFFFFFFFFFFFFFFFFFED
:1037EC00FFFFFFFFFFFFFFFFFFFFFFFFFFFFFFFFDD
:1037FC00FFFFFFFF000000000000000000000000C1
:10380C0000000000000000000000000000000000AC
:10381C00000000000000000000000000000000009C
:10382C00000000000000000000000000000000008C
:10383C00000000000000000000000000000000007C
:10384C00000000000000000000000000000000006C
:10385C00000000000000000000000000000000005C
:10386C00000000000000000000000000000000004C
:10387C00000000000000000000000000000000003C
:10388C00000000000000000000000000000000002C
:10389C00000000000000000000000000000000001C
:1038AC00000000000000000000000000000000000C
:1038BC0000000000000000000000000000000000FC
:1038CC0000000000000000000000000000000000EC
:1038DC0000000000000000000000000000000000DC
:1038EC0000000000000000000000000000000000CC
:1038FC0000000000000000000000000000000000BC
:10390C0000000000000000000000000000000000AB
:10391C00000000000000000000000000000000009B
:10392C00000000000000000000000000000000008B
:10393C00000000000000000000000000000000007B
:10394C00000000000000000000000000000000006B
:10395C00000000000000000000000000000000005B
:10396C00000000000000000000000000000000004B
:10397C00000000000000000000000000000000003B
:10398C00000000000000000000000000000000002B
:10399C00000000000000000000000000000000001B
:1039AC00000000000000000000000000000000000B
:1039BC0000000000000000000000000000000000FB
:1039CC0000000000000000000000000000000000EB
:1039DC0000000000000000000000000000000000DB
:1039EC0000000000000000000000000000000000CB
:1039FC0000000000000000000000000000000000BB
:103A0C0000000000000000000000000000000000AA
:103A1C00000000000000000000000000000000009A
:103A2C00000000000000000000000000000000008A
:103A3C00000000000000000000000000000000007A
:103A4C00000000000000000000000000000000006A
:103A5C00000000000000000000000000000000005A
:103A6C00000000000000000000000000000000004A
:103A7C00000000000000000000000000000000003A
:103A8C00000000000000000000000000000000002A
:103A9C00000000000000000000000000000000001A
:103AAC00000000000000000000000000000000000A
:103ABC0000000000000000000000000000000000FA
:103ACC0000000000000000000000000000000000EA
:103ADC0000000000000000000000000000000000DA
:103AEC0000000000000000000000000000000000CA
:103AFC0000000000000000000000000000000000BA
:103B0C0000000000000000000000000000000000A9
:103B1C000000000000000000000000000000000099
:103B2C000000000000000000000000000000000089
:103B3C000000000000000000000000000000000079
:103B4C000000000000000000000000000000000069
:103B5C000000000000000000000000000000000059
:103B6C000000000000000000000000000000000049
:103B7C000000000000000000000000000000000039
:103B8C000000000000000000000000000000000029
:103B9C000000000000000000000000000000000019
:103BAC000000000000000000000000000000000009
:103BBC0000000000000000000000000000000000F9
:103BCC0000000000000000000000000000000000E9
:103BDC0000000000000000000000000000000000D9
:103BEC0000000000000000000000000000000000C9
:103BFC0000000000000000000000000000000000B9
:103C0C0000000000000000000000000000000000A8
:103C1C000000000000000000000000000000000098
:103C2C000000000000000000000000000000000088
:103C3C000000000000000000000000000000000078
:103C4C000000000000000000000000000000000068
:103C5C000000000000000000000000000000000058
:103C6C000000000000000000000000000000000048
:103C7C000000000000000000000000000000000038
:103C8C000000000000000000000000000000000028
:103C9C000000000000000000000000000000000018
:103CAC000000000000000000000000000000000008
:103CBC0000000000000000000000000000000000F8
:103CCC0000000000000000000000000000000000E8
:103CDC0000000000000000000000000000000000D8
:103CEC0000000000000000000000000000000000C8
:103CFC0000000000000000000000000000000000B8
:103D0C0000000000000000000000000000000000A7
:103D1C000000000000000000000000000000000097
:103D2C000000000000000000000000000000000087
:103D3C000000000000000000000000000000000077
:103D4C000000000000000000000000000000000067
:103D5C000000000000000000000000000000000057
:103D6C000000000000000000000000000000000047
:103D7C000000000000000000000000000000000037
:103D8C000000000000000000000000000000000027
:103D9C000000000000000000000000000000000017
:103DAC000000000000000000000000000000000007
:103DBC0000000000000000000000000000000000F7
:103DCC0000000000000000000000000000000000E7
:103DDC0000000000000000000000000000000000D7
:103DEC0000000000000000000000000000000000C7
:103DFC0000000000000000000000000000000000B7
:103E0C0000000000000000000000000000000000A6
:103E1C000000000000000000000000000000000096
:103E2C000000000000000000000000000000000086
:103E3C000000000000000000000000000000000076
:103E4C000000000000000000000000000000000066
:103E5C000000000000000000000000000000000056
:103E6C000000000000000000000000000000000046
:103E7C000000000000000000000000000000000036
:103E8C000000000000000000000000000000000026
:103E9C000000000000000000000000000000000016
:103EAC000000000000000000000000000000000006
:103EBC0000000000000000000000000000000000F6
:103ECC0000000000000000000000000000000000E6
:103EDC0000000000000000000000000000000000D6
:103EEC0000000000000000000000000000000000C6
:103EFC0000000000000000000000000000000000B6
:103F0C0000000000000000000000000000000000A5
:103F1C000000000000000000000000000000000095
:103F2C000000000000000000000000000000000085
:103F3C000000000000000000000000000000000075
:103F4C000000000000000000000000000000000065
:103F5C000000000000000000000000000000000055
:103F6C000000000000000000000000000000000045
:103F7C000000000000000000000000000000000035
:103F8C000000000000000000000000000000000025
:103F9C000000000000000000000000000000000015
:103FAC000000000000000000000000000000000005
:103FBC0000000000000000000000000000000000F5
:103FCC0000000000000000000000000000000000E5
:103FDC0000000000000000000000000000000000D5
:103FEC0000000000000000000000000000000000C5
:103FFC0000000000000000000000000000000000B5
:10400C0000000000000000000000000000000000A4
:10401C000000000000000000000000000000000094
:10402C000000000000000000000000000000000084
:10403C000000000000000000000000000000000074
:10404C000000000000000000000000000000000064
:10405C000000000000000000000000000000000054
:10406C000000000000000000000000000000000044
:10407C000000000000000000000000000000000034
:10408C000000000000000000000000000000000024
:10409C000000000000000000000000000000000014
:1040AC000000000000000000000000000000000004
:1040BC0000000000000000000000000000000000F4
:1040CC0000000000000000000000000000000000E4
:1040DC0000000000000000000000000000000000D4
:1040EC0000000000000000000000000000000000C4
:1040FC0000000000000000000000000000000000B4
:10410C0000000000000000000000000000000000A3
:10411C000000000000000000000000000000000093
:10412C000000000000000000000000000000000083
:10413C000000000000000000000000000000000073
:10414C000000000000000000000000000000000063
:10415C000000000000000000000000000000000053
:10416C000000000000000000000000000000000043
:10417C000000000000000000000000000000000033
:10418C000000000000000000000000000000000023
:10419C000000000000000000000000000000000013
:1041AC000000000000000000000000000000000003
:1041BC0000000000000000000000000000000000F3
:1041CC0000000000000000000000000000000000E3
:1041DC0000000000000000000000000000000000D3
:1041EC0000000000000000000000000000000000C3
:1041FC0000000000000000000000000000000000B3
:10420C0000000000000000000000000000000000A2
:10421C000000000000000000000000000000000092
:10422C000000000000000000000000000000000082
:10423C000000000000000000000000000000000072
:10424C000000000000000000000000000000000062
:10425C000000000000000000000000000000000052
:10426C000000000000000000000000000000000042
:10427C000000000000000000000000000000000032
:10428C000000000000000000000000000000000022
:10429C000000000000000000000000000000000012
:1042AC000000000000000000000000000000000002
:1042BC0000000000000000000000000000000000F2
:1042CC0000000000000000000000000000000000E2
:1042DC0000000000000000000000000000000000D2
:1042EC0000000000000000000000000000000000C2
:1042FC0000000000000000000000000000000000B2
:10430C0000000000000000000000000000000000A1
:10431C000000000000000000000000000000000091
:10432C000000000000000000000000000000000081
:10433C000000000000000000000000000000000071
:10434C000000000000000000000000000000000061
:10435C000000000000000000000000000000000051
:10436C000000000000000000000000000000000041
:10437C000000000000000000000000000000000031
:10438C000000000000000000000000000000000021
:10439C000000000000000000000000000000000011
:1043AC000000000000000000000000000000000001
:1043BC0000000000000000000000000000000000F1
:1043CC0000000000000000000000000000000000E1
:1043DC0000000000000000000000000000000000D1
:1043EC0000000000000000000000000000000000C1
:0443FC0000000000BD
:040000056000100087
:00000001FF
