ISO-10303-21;
HEADER;
/* Generated by software containing ST-Developer
 * from STEP Tools, Inc. (www.steptools.com) 
 */

FILE_DESCRIPTION(
/* description */ (''),
/* implementation_level */ '2;1');

FILE_NAME(
/* name */ 
'C:/Users/drupert/Desktop/DC-45PMBYT_ASS''Y_BOX_Model v1.step',
/* time_stamp */ '2020-04-13T13:19:48-07:00',
/* author */ (''),
/* organization */ (''),
/* preprocessor_version */ 'ST-DEVELOPER v18',
/* originating_system */ 'Autodesk Translation Framework v8.12.0.6',
/* authorisation */ '');

FILE_SCHEMA (('AUTOMOTIVE_DESIGN { 1 0 10303 214 3 1 1 }'));
ENDSEC;

DATA;
#10=MECHANICAL_DESIGN_GEOMETRIC_PRESENTATION_REPRESENTATION('',(#87,#88,
#89,#90,#91,#92,#93),#9268);
#11=ITEM_DEFINED_TRANSFORMATION($,$,#5176,#5873);
#12=ITEM_DEFINED_TRANSFORMATION($,$,#5416,#5874);
#13=(
REPRESENTATION_RELATIONSHIP($,$,#9285,#9284)
REPRESENTATION_RELATIONSHIP_WITH_TRANSFORMATION(#11)
SHAPE_REPRESENTATION_RELATIONSHIP()
);
#14=(
REPRESENTATION_RELATIONSHIP($,$,#9286,#9284)
REPRESENTATION_RELATIONSHIP_WITH_TRANSFORMATION(#12)
SHAPE_REPRESENTATION_RELATIONSHIP()
);
#15=CONTEXT_DEPENDENT_SHAPE_REPRESENTATION(#13,#9282);
#16=CONTEXT_DEPENDENT_SHAPE_REPRESENTATION(#14,#9283);
#17=NEXT_ASSEMBLY_USAGE_OCCURRENCE('DC-46C_DC-46C-T:1',
'DC-46C_DC-46C-T:1','DC-46C_DC-46C-T:1',#9288,#9289,'DC-46C_DC-46C-T:1');
#18=NEXT_ASSEMBLY_USAGE_OCCURRENCE('DC-45B_DC-45BPMBY:1',
'DC-45B_DC-45BPMBY:1','DC-45B_DC-45BPMBY:1',#9288,#9290,
'DC-45B_DC-45BPMBY:1');
#19=(
BOUNDED_SURFACE()
B_SPLINE_SURFACE(2,2,((#8837,#8838,#8839),(#8840,#8841,#8842),(#8843,#8844,
#8845),(#8846,#8847,#8848),(#8849,#8850,#8851)),.UNSPECIFIED.,.F.,.F.,.F.)
B_SPLINE_SURFACE_WITH_KNOTS((3,2,3),(3,3),(-1.5707963267949,-0.763190593995074,
0.0444151388047533),(1.57079632679491,3.14159265358979),.UNSPECIFIED.)
GEOMETRIC_REPRESENTATION_ITEM()
RATIONAL_B_SPLINE_SURFACE(((1.,0.707106781186551,1.),(0.919573431554206,
0.650236609250965,0.919573431554206),(1.,0.707106781186551,1.),(0.91957343155419,
0.650236609250954,0.91957343155419),(1.,0.707106781186551,1.)))
REPRESENTATION_ITEM('')
SURFACE()
);
#20=(
BOUNDED_SURFACE()
B_SPLINE_SURFACE(2,2,((#8852,#8853,#8854),(#8855,#8856,#8857),(#8858,#8859,
#8860),(#8861,#8862,#8863),(#8864,#8865,#8866)),.UNSPECIFIED.,.F.,.F.,.F.)
B_SPLINE_SURFACE_WITH_KNOTS((3,2,3),(3,3),(-1.5707963267949,-0.763190593995073,
0.0444151388047533),(-3.14159265358979,-1.5707963267949),.UNSPECIFIED.)
GEOMETRIC_REPRESENTATION_ITEM()
RATIONAL_B_SPLINE_SURFACE(((1.,0.707106781186548,1.),(0.919573431554203,
0.65023660925096,0.919573431554203),(1.,0.707106781186548,1.),(0.91957343155423,
0.65023660925098,0.91957343155423),(1.,0.707106781186548,1.)))
REPRESENTATION_ITEM('')
SURFACE()
);
#21=(
BOUNDED_SURFACE()
B_SPLINE_SURFACE(2,2,((#8867,#8868,#8869),(#8870,#8871,#8872),(#8873,#8874,
#8875),(#8876,#8877,#8878),(#8879,#8880,#8881)),.UNSPECIFIED.,.F.,.F.,.F.)
B_SPLINE_SURFACE_WITH_KNOTS((3,2,3),(3,3),(-1.5707963267949,-0.763190593995073,
0.0444151388047533),(0.,1.5707963267949),.UNSPECIFIED.)
GEOMETRIC_REPRESENTATION_ITEM()
RATIONAL_B_SPLINE_SURFACE(((1.,0.707106781186548,1.),(0.919573431554203,
0.65023660925096,0.919573431554203),(1.,0.707106781186548,1.),(0.91957343155423,
0.65023660925098,0.91957343155423),(1.,0.707106781186548,1.)))
REPRESENTATION_ITEM('')
SURFACE()
);
#22=(
BOUNDED_SURFACE()
B_SPLINE_SURFACE(2,2,((#8882,#8883,#8884),(#8885,#8886,#8887),(#8888,#8889,
#8890),(#8891,#8892,#8893),(#8894,#8895,#8896)),.UNSPECIFIED.,.F.,.F.,.F.)
B_SPLINE_SURFACE_WITH_KNOTS((3,2,3),(3,3),(-1.5707963267949,-0.763190593995074,
0.0444151388047533),(-1.57079632679489,0.),.UNSPECIFIED.)
GEOMETRIC_REPRESENTATION_ITEM()
RATIONAL_B_SPLINE_SURFACE(((1.,0.70710678118655,1.),(0.919573431554206,
0.650236609250964,0.919573431554206),(1.,0.70710678118655,1.),(0.919573431554248,
0.650236609250994,0.919573431554248),(1.,0.70710678118655,1.)))
REPRESENTATION_ITEM('')
SURFACE()
);
#23=B_SPLINE_CURVE_WITH_KNOTS('',3,(#8552,#8553,#8554,#8555,#8556,#8557),
 .UNSPECIFIED.,.F.,.F.,(4,2,4),(0.824891813700023,0.976582804161384,1.12827379462274),
 .UNSPECIFIED.);
#24=B_SPLINE_CURVE_WITH_KNOTS('',3,(#8569,#8570,#8571,#8572,#8573,#8574),
 .UNSPECIFIED.,.F.,.F.,(4,2,4),(-1.15876073067511,-0.989745146298178,-0.820729561921245),
 .UNSPECIFIED.);
#25=B_SPLINE_CURVE_WITH_KNOTS('',3,(#8588,#8589,#8590,#8591,#8592,#8593),
 .UNSPECIFIED.,.F.,.F.,(4,2,4),(-1.15876073067512,-0.989745146298178,-0.82072956192124),
 .UNSPECIFIED.);
#26=B_SPLINE_CURVE_WITH_KNOTS('',3,(#8605,#8606,#8607,#8608),
 .UNSPECIFIED.,.F.,.F.,(4,4),(-1.12827379462274,-0.97658280416138),
 .UNSPECIFIED.);
#27=B_SPLINE_CURVE_WITH_KNOTS('',3,(#8614,#8615,#8616,#8617),
 .UNSPECIFIED.,.F.,.F.,(4,4),(-0.97658280416138,-0.824891813700023),
 .UNSPECIFIED.);
#28=B_SPLINE_CURVE_WITH_KNOTS('',3,(#8623,#8624,#8625,#8626),
 .UNSPECIFIED.,.F.,.F.,(4,4),(-1.12827379462274,-0.97658280416138),
 .UNSPECIFIED.);
#29=B_SPLINE_CURVE_WITH_KNOTS('',3,(#8633,#8634,#8635,#8636),
 .UNSPECIFIED.,.F.,.F.,(4,4),(-0.97658280416138,-0.824891813700025),
 .UNSPECIFIED.);
#30=B_SPLINE_CURVE_WITH_KNOTS('',3,(#8647,#8648,#8649,#8650,#8651,#8652,
#8653,#8654,#8655,#8656),.UNSPECIFIED.,.F.,.F.,(4,2,2,2,4),(1.26981620466939,
1.31458449137558,1.43329162204883,1.55199875272208,1.59676703942828),
 .UNSPECIFIED.);
#31=B_SPLINE_CURVE_WITH_KNOTS('',3,(#8660,#8661,#8662,#8663,#8664,#8665),
 .UNSPECIFIED.,.F.,.F.,(4,2,4),(0.824891813700023,0.976582804161384,1.12827379462275),
 .UNSPECIFIED.);
#32=B_SPLINE_CURVE_WITH_KNOTS('',3,(#8676,#8677,#8678,#8679,#8680,#8681,
#8682,#8683,#8684,#8685),.UNSPECIFIED.,.F.,.F.,(4,2,2,2,4),(1.26981620466939,
1.31458449137558,1.43329162204883,1.55199875272208,1.59676703942828),
 .UNSPECIFIED.);
#33=SPHERICAL_SURFACE('',#5462,0.155);
#34=SPHERICAL_SURFACE('',#5464,0.155);
#35=SPHERICAL_SURFACE('',#5466,0.155);
#36=SPHERICAL_SURFACE('',#5468,0.155);
#37=SPHERICAL_SURFACE('',#5470,0.0880000000000001);
#38=SPHERICAL_SURFACE('',#5472,0.193);
#39=ELLIPSE('',#5418,0.250246790917698,0.25);
#40=ELLIPSE('',#5419,0.250246790917698,0.25);
#41=ELLIPSE('',#5420,0.250009519596434,0.25);
#42=ELLIPSE('',#5421,0.250009519596434,0.25);
#43=ELLIPSE('',#5423,0.250246790917698,0.25);
#44=ELLIPSE('',#5424,0.250246790917698,0.25);
#45=ELLIPSE('',#5425,0.250009519596434,0.25);
#46=ELLIPSE('',#5426,0.250009519596434,0.25);
#47=ELLIPSE('',#5428,0.0500019039192868,0.0499999999999999);
#48=ELLIPSE('',#5429,0.0500493581835396,0.0499999999999999);
#49=ELLIPSE('',#5433,0.0500019039192868,0.05);
#50=ELLIPSE('',#5434,0.0500493581835397,0.05);
#51=ELLIPSE('',#5438,0.0500019039192865,0.0499999999999997);
#52=ELLIPSE('',#5439,0.0500493581835394,0.0499999999999997);
#53=ELLIPSE('',#5442,0.0500019039192875,0.0500000000000006);
#54=ELLIPSE('',#5443,0.0500493581835403,0.0500000000000006);
#55=ELLIPSE('',#5446,0.0500019039192869,0.05);
#56=ELLIPSE('',#5447,0.0500493581835397,0.05);
#57=ELLIPSE('',#5450,0.0500019039192864,0.0499999999999996);
#58=ELLIPSE('',#5451,0.0500493581835392,0.0499999999999996);
#59=ELLIPSE('',#5576,9.34096276949185,0.182271388633828);
#60=ELLIPSE('',#5578,9.34096276128797,0.182271388411478);
#61=ELLIPSE('',#5587,9.34096273372413,0.182271387612544);
#62=ELLIPSE('',#5589,9.34096277189305,0.182271388708829);
#63=ELLIPSE('',#5598,9.34096276949185,0.182271388633828);
#64=ELLIPSE('',#5600,9.34096276128797,0.182271388411478);
#65=ELLIPSE('',#5608,9.34096278293948,0.182271388968147);
#66=ELLIPSE('',#5610,9.34096277781212,0.182271388886338);
#67=ELLIPSE('',#5627,0.0872938385382125,0.0620000000000154);
#68=ELLIPSE('',#5628,0.0872938385382381,0.0620000000000421);
#69=ELLIPSE('',#5632,0.0881348031435462,0.0619999999999514);
#70=ELLIPSE('',#5633,0.088134803143582,0.0619999999999795);
#71=ELLIPSE('',#5637,0.087293838538166,0.06199999999998);
#72=ELLIPSE('',#5638,0.0872938385382061,0.0620000000000164);
#73=ELLIPSE('',#5642,0.0881348031436136,0.062000000000003);
#74=ELLIPSE('',#5643,0.0881348031436269,0.06200000000001);
#75=ELLIPSE('',#5665,3.946933446118,0.0974122515061138);
#76=ELLIPSE('',#5667,3.96829496019323,0.0979394641390642);
#77=ELLIPSE('',#5669,3.96829495750533,0.0979394640774398);
#78=ELLIPSE('',#5671,3.94693344604144,0.0974122515052573);
#79=ELLIPSE('',#5673,3.94693344630701,0.0974122515106675);
#80=ELLIPSE('',#5675,3.96829495754587,0.0979394640783742);
#81=ELLIPSE('',#5677,3.96829495986966,0.0979394641309115);
#82=ELLIPSE('',#5679,3.94693344710905,0.0974122515295252);
#83=SHAPE_REPRESENTATION_RELATIONSHIP('SRR','None',#9285,#85);
#84=SHAPE_REPRESENTATION_RELATIONSHIP('SRR','None',#9286,#86);
#85=ADVANCED_BREP_SHAPE_REPRESENTATION('',(#94),#9266);
#86=ADVANCED_BREP_SHAPE_REPRESENTATION('',(#95,#96,#97,#98,#99),#9267);
#87=STYLED_ITEM('',(#9304),#94);
#88=STYLED_ITEM('',(#9304),#95);
#89=STYLED_ITEM('',(#9304),#5095);
#90=STYLED_ITEM('',(#9305),#96);
#91=STYLED_ITEM('',(#9305),#97);
#92=STYLED_ITEM('',(#9305),#98);
#93=STYLED_ITEM('',(#9305),#99);
#94=MANIFOLD_SOLID_BREP('Body1',#5146);
#95=MANIFOLD_SOLID_BREP('Body1',#5147);
#96=MANIFOLD_SOLID_BREP('Body2',#5148);
#97=MANIFOLD_SOLID_BREP('Body3',#5149);
#98=MANIFOLD_SOLID_BREP('Body4',#5150);
#99=MANIFOLD_SOLID_BREP('Body5',#5151);
#100=TOROIDAL_SURFACE('',#5307,0.141,0.062);
#101=TOROIDAL_SURFACE('',#5314,0.140999999999999,0.062);
#102=TOROIDAL_SURFACE('',#5316,0.141000000000002,0.062);
#103=TOROIDAL_SURFACE('',#5322,0.141000000000001,0.062);
#104=FACE_BOUND('',#1001,.T.);
#105=FACE_BOUND('',#1002,.T.);
#106=FACE_BOUND('',#1003,.T.);
#107=FACE_BOUND('',#1004,.T.);
#108=FACE_BOUND('',#1005,.T.);
#109=FACE_BOUND('',#1007,.T.);
#110=FACE_BOUND('',#1008,.T.);
#111=FACE_BOUND('',#1009,.T.);
#112=FACE_BOUND('',#1010,.T.);
#113=FACE_BOUND('',#1011,.T.);
#114=FACE_BOUND('',#1012,.T.);
#115=FACE_BOUND('',#1013,.T.);
#116=FACE_BOUND('',#1014,.T.);
#117=FACE_BOUND('',#1015,.T.);
#118=FACE_BOUND('',#1016,.T.);
#119=FACE_BOUND('',#1017,.T.);
#120=FACE_BOUND('',#1018,.T.);
#121=FACE_BOUND('',#1059,.T.);
#122=FACE_BOUND('',#1061,.T.);
#123=FACE_BOUND('',#1063,.T.);
#124=FACE_BOUND('',#1065,.T.);
#125=FACE_BOUND('',#1067,.T.);
#126=FACE_BOUND('',#1101,.T.);
#127=FACE_BOUND('',#1102,.T.);
#128=FACE_BOUND('',#1103,.T.);
#129=FACE_BOUND('',#1121,.T.);
#130=FACE_BOUND('',#1122,.T.);
#131=FACE_BOUND('',#1123,.T.);
#132=FACE_BOUND('',#1159,.T.);
#133=FACE_BOUND('',#1160,.T.);
#134=FACE_BOUND('',#1161,.T.);
#135=FACE_BOUND('',#1174,.T.);
#136=FACE_BOUND('',#1175,.T.);
#137=FACE_BOUND('',#1176,.T.);
#138=FACE_BOUND('',#1177,.T.);
#139=FACE_BOUND('',#1178,.T.);
#140=FACE_BOUND('',#1180,.T.);
#141=FACE_BOUND('',#1181,.T.);
#142=FACE_BOUND('',#1182,.T.);
#143=FACE_BOUND('',#1183,.T.);
#144=FACE_BOUND('',#1184,.T.);
#145=FACE_BOUND('',#1205,.T.);
#146=FACE_BOUND('',#1207,.T.);
#147=FACE_BOUND('',#1209,.T.);
#148=FACE_BOUND('',#1211,.T.);
#149=FACE_BOUND('',#1213,.T.);
#150=FACE_BOUND('',#1215,.T.);
#151=FACE_BOUND('',#1217,.T.);
#152=FACE_BOUND('',#1219,.T.);
#153=FACE_BOUND('',#1225,.T.);
#154=FACE_BOUND('',#1227,.T.);
#155=FACE_BOUND('',#1230,.T.);
#156=FACE_BOUND('',#1232,.T.);
#157=FACE_BOUND('',#1235,.T.);
#158=FACE_BOUND('',#1237,.T.);
#159=FACE_BOUND('',#1240,.T.);
#160=FACE_BOUND('',#1242,.T.);
#161=FACE_BOUND('',#1265,.T.);
#162=FACE_BOUND('',#1267,.T.);
#163=FACE_BOUND('',#1269,.T.);
#164=FACE_BOUND('',#1271,.T.);
#165=FACE_BOUND('',#1273,.T.);
#166=FACE_BOUND('',#1283,.T.);
#167=FACE_BOUND('',#1285,.T.);
#168=FACE_BOUND('',#1287,.T.);
#169=FACE_BOUND('',#1289,.T.);
#170=FACE_BOUND('',#1291,.T.);
#171=FACE_BOUND('',#1301,.T.);
#172=FACE_BOUND('',#1303,.T.);
#173=FACE_BOUND('',#1305,.T.);
#174=FACE_BOUND('',#1307,.T.);
#175=FACE_BOUND('',#1309,.T.);
#176=FACE_BOUND('',#1319,.T.);
#177=FACE_BOUND('',#1321,.T.);
#178=FACE_BOUND('',#1323,.T.);
#179=FACE_BOUND('',#1325,.T.);
#180=FACE_BOUND('',#1327,.T.);
#181=CONICAL_SURFACE('',#5204,0.12,0.715584993317669);
#182=CONICAL_SURFACE('',#5215,0.12,0.715584993317669);
#183=CONICAL_SURFACE('',#5226,0.12,0.715584993317669);
#184=CONICAL_SURFACE('',#5237,0.12,0.715584993317669);
#185=CONICAL_SURFACE('',#5534,0.0449999999999999,0.0174532925199433);
#186=CONICAL_SURFACE('',#5539,0.0449999999999999,0.0174532925199433);
#187=CONICAL_SURFACE('',#5544,0.0449999999999999,0.0174532925199433);
#188=CONICAL_SURFACE('',#5549,0.0449999999999999,0.0174532925199433);
#189=CONICAL_SURFACE('',#5554,0.125,0.0174532925199433);
#190=CONICAL_SURFACE('',#5559,0.125,0.0174532925199433);
#191=CONICAL_SURFACE('',#5564,0.125,0.0174532925199433);
#192=CONICAL_SURFACE('',#5569,0.125,0.0174532925199433);
#193=CONICAL_SURFACE('',#5574,0.1565,0.0174532925199433);
#194=CONICAL_SURFACE('',#5584,0.1565,0.0174532925199433);
#195=CONICAL_SURFACE('',#5593,0.1565,0.0174532925199433);
#196=CONICAL_SURFACE('',#5602,0.1565,0.0174532925199433);
#197=CONICAL_SURFACE('',#5653,0.188000000000004,0.0444151388047518);
#198=CONICAL_SURFACE('',#5656,0.188000000000004,0.0444151388047518);
#199=CONICAL_SURFACE('',#5658,0.188000000000004,0.0444151388047518);
#200=CONICAL_SURFACE('',#5661,0.188000000000004,0.0444151388047518);
#201=CONICAL_SURFACE('',#5664,0.0830000000000037,0.00872664625997167);
#202=CONICAL_SURFACE('',#5668,0.0830000000000037,0.00872664625997167);
#203=CONICAL_SURFACE('',#5672,0.0830000000000034,0.00872664625997167);
#204=CONICAL_SURFACE('',#5676,0.0830000000000034,0.00872664625997167);
#205=CONICAL_SURFACE('',#5717,0.0625,0.785398163397449);
#206=CONICAL_SURFACE('',#5725,0.0785,0.785398163397447);
#207=CONICAL_SURFACE('',#5748,0.125,0.78539816339745);
#208=CONICAL_SURFACE('',#5756,0.0625,0.785398163397449);
#209=CONICAL_SURFACE('',#5764,0.0785,0.785398163397447);
#210=CONICAL_SURFACE('',#5787,0.125,0.78539816339745);
#211=CONICAL_SURFACE('',#5795,0.0625,0.785398163397449);
#212=CONICAL_SURFACE('',#5803,0.0785,0.785398163397447);
#213=CONICAL_SURFACE('',#5826,0.125,0.78539816339745);
#214=CONICAL_SURFACE('',#5834,0.0625,0.785398163397449);
#215=CONICAL_SURFACE('',#5842,0.0785,0.785398163397447);
#216=CONICAL_SURFACE('',#5865,0.125,0.78539816339745);
#217=CIRCLE('',#5179,0.25);
#218=CIRCLE('',#5180,0.25);
#219=CIRCLE('',#5183,0.25);
#220=CIRCLE('',#5184,0.25);
#221=CIRCLE('',#5187,0.25);
#222=CIRCLE('',#5188,0.25);
#223=CIRCLE('',#5191,0.25);
#224=CIRCLE('',#5192,0.25);
#225=CIRCLE('',#5194,0.1875);
#226=CIRCLE('',#5195,0.1875);
#227=CIRCLE('',#5197,0.1875);
#228=CIRCLE('',#5198,0.1875);
#229=CIRCLE('',#5200,0.12);
#230=CIRCLE('',#5201,0.12);
#231=CIRCLE('',#5202,0.12);
#232=CIRCLE('',#5203,0.12);
#233=CIRCLE('',#5205,0.0639999999999999);
#234=CIRCLE('',#5206,0.0639999999999999);
#235=CIRCLE('',#5208,0.0639999999999999);
#236=CIRCLE('',#5209,0.0639999999999999);
#237=CIRCLE('',#5211,0.12);
#238=CIRCLE('',#5212,0.12);
#239=CIRCLE('',#5213,0.12);
#240=CIRCLE('',#5214,0.12);
#241=CIRCLE('',#5216,0.0639999999999999);
#242=CIRCLE('',#5217,0.0639999999999999);
#243=CIRCLE('',#5219,0.0639999999999999);
#244=CIRCLE('',#5220,0.0639999999999999);
#245=CIRCLE('',#5222,0.12);
#246=CIRCLE('',#5223,0.12);
#247=CIRCLE('',#5224,0.12);
#248=CIRCLE('',#5225,0.12);
#249=CIRCLE('',#5227,0.0639999999999999);
#250=CIRCLE('',#5228,0.0639999999999999);
#251=CIRCLE('',#5230,0.0639999999999999);
#252=CIRCLE('',#5231,0.0639999999999999);
#253=CIRCLE('',#5233,0.12);
#254=CIRCLE('',#5234,0.12);
#255=CIRCLE('',#5235,0.12);
#256=CIRCLE('',#5236,0.12);
#257=CIRCLE('',#5238,0.0639999999999999);
#258=CIRCLE('',#5239,0.0639999999999999);
#259=CIRCLE('',#5241,0.0639999999999999);
#260=CIRCLE('',#5242,0.0639999999999999);
#261=CIRCLE('',#5244,0.145);
#262=CIRCLE('',#5245,0.145);
#263=CIRCLE('',#5246,0.145);
#264=CIRCLE('',#5247,0.145);
#265=CIRCLE('',#5249,0.145);
#266=CIRCLE('',#5250,0.145);
#267=CIRCLE('',#5251,0.145);
#268=CIRCLE('',#5252,0.145);
#269=CIRCLE('',#5254,0.145);
#270=CIRCLE('',#5255,0.145);
#271=CIRCLE('',#5256,0.145);
#272=CIRCLE('',#5257,0.145);
#273=CIRCLE('',#5259,0.145);
#274=CIRCLE('',#5260,0.145);
#275=CIRCLE('',#5261,0.145);
#276=CIRCLE('',#5262,0.145);
#277=CIRCLE('',#5264,0.0314999999999986);
#278=CIRCLE('',#5265,0.0314999999999986);
#279=CIRCLE('',#5267,0.0314999999999966);
#280=CIRCLE('',#5268,0.0314999999999966);
#281=CIRCLE('',#5270,0.141000000000001);
#282=CIRCLE('',#5271,0.140999999999999);
#283=CIRCLE('',#5272,0.141);
#284=CIRCLE('',#5273,0.141000000000002);
#285=CIRCLE('',#5274,0.186999999999993);
#286=CIRCLE('',#5275,0.186999999999997);
#287=CIRCLE('',#5276,0.186999999999999);
#288=CIRCLE('',#5277,0.186999999999998);
#289=CIRCLE('',#5278,0.186999999999998);
#290=CIRCLE('',#5279,0.186999999999999);
#291=CIRCLE('',#5280,0.186999999999997);
#292=CIRCLE('',#5281,0.186999999999985);
#293=CIRCLE('',#5283,0.203000000000001);
#294=CIRCLE('',#5284,0.203000000000002);
#295=CIRCLE('',#5285,0.203000000000001);
#296=CIRCLE('',#5286,0.202999999999999);
#297=CIRCLE('',#5287,0.0314999999999966);
#298=CIRCLE('',#5288,0.031500000000001);
#299=CIRCLE('',#5289,0.031500000000001);
#300=CIRCLE('',#5290,0.0314999999999994);
#301=CIRCLE('',#5291,0.0314999999999994);
#302=CIRCLE('',#5292,0.0314999999999986);
#303=CIRCLE('',#5293,0.031500000000001);
#304=CIRCLE('',#5294,0.031500000000001);
#305=CIRCLE('',#5296,0.203000000000001);
#306=CIRCLE('',#5299,0.202999999999999);
#307=CIRCLE('',#5302,0.203000000000001);
#308=CIRCLE('',#5305,0.203000000000002);
#309=CIRCLE('',#5308,0.062);
#310=CIRCLE('',#5309,0.062);
#311=CIRCLE('',#5311,0.062);
#312=CIRCLE('',#5313,0.062);
#313=CIRCLE('',#5315,0.062);
#314=CIRCLE('',#5317,0.062);
#315=CIRCLE('',#5319,0.062);
#316=CIRCLE('',#5321,0.062);
#317=CIRCLE('',#5324,0.0314999999999966);
#318=CIRCLE('',#5329,0.031500000000001);
#319=CIRCLE('',#5332,0.031500000000001);
#320=CIRCLE('',#5336,0.031500000000001);
#321=CIRCLE('',#5339,0.031500000000001);
#322=CIRCLE('',#5343,0.0314999999999986);
#323=CIRCLE('',#5348,0.0314999999999994);
#324=CIRCLE('',#5351,0.0314999999999994);
#325=CIRCLE('',#5359,0.186999999999993);
#326=CIRCLE('',#5360,0.186999999999985);
#327=CIRCLE('',#5361,0.186999999999997);
#328=CIRCLE('',#5362,0.186999999999999);
#329=CIRCLE('',#5363,0.186999999999998);
#330=CIRCLE('',#5364,0.186999999999998);
#331=CIRCLE('',#5365,0.186999999999999);
#332=CIRCLE('',#5366,0.186999999999997);
#333=CIRCLE('',#5367,0.155999999999997);
#334=CIRCLE('',#5368,0.155999999999997);
#335=CIRCLE('',#5369,0.155999999999988);
#336=CIRCLE('',#5370,0.155999999999996);
#337=CIRCLE('',#5371,0.155999999999997);
#338=CIRCLE('',#5372,0.155999999999999);
#339=CIRCLE('',#5373,0.155999999999997);
#340=CIRCLE('',#5374,0.155999999999997);
#341=CIRCLE('',#5392,0.155999999999997);
#342=CIRCLE('',#5395,0.155999999999997);
#343=CIRCLE('',#5398,0.155999999999997);
#344=CIRCLE('',#5401,0.155999999999988);
#345=CIRCLE('',#5404,0.155999999999996);
#346=CIRCLE('',#5407,0.155999999999997);
#347=CIRCLE('',#5410,0.155999999999999);
#348=CIRCLE('',#5413,0.155999999999997);
#349=CIRCLE('',#5453,0.188000000000004);
#350=CIRCLE('',#5454,0.188000000000004);
#351=CIRCLE('',#5455,0.188000000000004);
#352=CIRCLE('',#5456,0.188000000000004);
#353=CIRCLE('',#5457,0.0830000000000034);
#354=CIRCLE('',#5458,0.0830000000000034);
#355=CIRCLE('',#5459,0.0830000000000037);
#356=CIRCLE('',#5460,0.0830000000000037);
#357=CIRCLE('',#5463,0.0929999999999995);
#358=CIRCLE('',#5465,0.0929999999999995);
#359=CIRCLE('',#5467,0.0929999999999995);
#360=CIRCLE('',#5469,0.0929999999999995);
#361=CIRCLE('',#5471,0.0750199973340443);
#362=CIRCLE('',#5473,0.140801278403287);
#363=CIRCLE('',#5475,0.0599999999999996);
#364=CIRCLE('',#5476,0.0599999999999996);
#365=CIRCLE('',#5477,0.0599999999999996);
#366=CIRCLE('',#5478,0.0599999999999996);
#367=CIRCLE('',#5480,0.0929999999999998);
#368=CIRCLE('',#5481,0.0929999999999998);
#369=CIRCLE('',#5482,0.0929999999999998);
#370=CIRCLE('',#5483,0.0929999999999998);
#371=CIRCLE('',#5485,0.1255);
#372=CIRCLE('',#5486,0.1255);
#373=CIRCLE('',#5487,0.1255);
#374=CIRCLE('',#5488,0.1255);
#375=CIRCLE('',#5490,0.0599999999999996);
#376=CIRCLE('',#5491,0.0599999999999996);
#377=CIRCLE('',#5492,0.0599999999999996);
#378=CIRCLE('',#5493,0.0599999999999996);
#379=CIRCLE('',#5495,0.0929999999999998);
#380=CIRCLE('',#5496,0.0929999999999998);
#381=CIRCLE('',#5497,0.0929999999999998);
#382=CIRCLE('',#5498,0.0929999999999998);
#383=CIRCLE('',#5500,0.1255);
#384=CIRCLE('',#5501,0.1255);
#385=CIRCLE('',#5502,0.1255);
#386=CIRCLE('',#5503,0.1255);
#387=CIRCLE('',#5505,0.0599999999999996);
#388=CIRCLE('',#5506,0.0599999999999996);
#389=CIRCLE('',#5507,0.0599999999999996);
#390=CIRCLE('',#5508,0.0599999999999996);
#391=CIRCLE('',#5510,0.0929999999999998);
#392=CIRCLE('',#5511,0.0929999999999998);
#393=CIRCLE('',#5512,0.0929999999999998);
#394=CIRCLE('',#5513,0.0929999999999998);
#395=CIRCLE('',#5515,0.1255);
#396=CIRCLE('',#5516,0.1255);
#397=CIRCLE('',#5517,0.1255);
#398=CIRCLE('',#5518,0.1255);
#399=CIRCLE('',#5520,0.0599999999999996);
#400=CIRCLE('',#5521,0.0599999999999996);
#401=CIRCLE('',#5522,0.0599999999999996);
#402=CIRCLE('',#5523,0.0599999999999996);
#403=CIRCLE('',#5525,0.0929999999999998);
#404=CIRCLE('',#5526,0.0929999999999998);
#405=CIRCLE('',#5527,0.0929999999999998);
#406=CIRCLE('',#5528,0.0929999999999998);
#407=CIRCLE('',#5530,0.1255);
#408=CIRCLE('',#5531,0.1255);
#409=CIRCLE('',#5532,0.1255);
#410=CIRCLE('',#5533,0.1255);
#411=CIRCLE('',#5535,0.0406362337679456);
#412=CIRCLE('',#5536,0.0449999999999999);
#413=CIRCLE('',#5537,0.0449999999999999);
#414=CIRCLE('',#5538,0.0406362337679456);
#415=CIRCLE('',#5540,0.0406362337679456);
#416=CIRCLE('',#5541,0.0449999999999999);
#417=CIRCLE('',#5542,0.0449999999999999);
#418=CIRCLE('',#5543,0.0406362337679456);
#419=CIRCLE('',#5545,0.0406362337679456);
#420=CIRCLE('',#5546,0.0449999999999999);
#421=CIRCLE('',#5547,0.0449999999999999);
#422=CIRCLE('',#5548,0.0406362337679456);
#423=CIRCLE('',#5550,0.0406362337679456);
#424=CIRCLE('',#5551,0.0449999999999999);
#425=CIRCLE('',#5552,0.0449999999999999);
#426=CIRCLE('',#5553,0.0406362337679456);
#427=CIRCLE('',#5555,0.129363766232054);
#428=CIRCLE('',#5556,0.125);
#429=CIRCLE('',#5557,0.125);
#430=CIRCLE('',#5558,0.129363766232054);
#431=CIRCLE('',#5560,0.129363766232054);
#432=CIRCLE('',#5561,0.125);
#433=CIRCLE('',#5562,0.125);
#434=CIRCLE('',#5563,0.129363766232054);
#435=CIRCLE('',#5565,0.129363766232054);
#436=CIRCLE('',#5566,0.125);
#437=CIRCLE('',#5567,0.125);
#438=CIRCLE('',#5568,0.129363766232054);
#439=CIRCLE('',#5570,0.129363766232054);
#440=CIRCLE('',#5571,0.125);
#441=CIRCLE('',#5572,0.125);
#442=CIRCLE('',#5573,0.129363766232054);
#443=CIRCLE('',#5575,0.1741296155775);
#444=CIRCLE('',#5577,0.156534910129857);
#445=CIRCLE('',#5579,0.1741296155775);
#446=CIRCLE('',#5580,0.1741296155775);
#447=CIRCLE('',#5581,0.1565);
#448=CIRCLE('',#5582,0.1565);
#449=CIRCLE('',#5583,0.1741296155775);
#450=CIRCLE('',#5585,0.1741296155775);
#451=CIRCLE('',#5586,0.1741296155775);
#452=CIRCLE('',#5588,0.156534910129857);
#453=CIRCLE('',#5590,0.1741296155775);
#454=CIRCLE('',#5591,0.1565);
#455=CIRCLE('',#5592,0.1565);
#456=CIRCLE('',#5594,0.1741296155775);
#457=CIRCLE('',#5595,0.1565);
#458=CIRCLE('',#5596,0.1565);
#459=CIRCLE('',#5597,0.1741296155775);
#460=CIRCLE('',#5599,0.156534910129857);
#461=CIRCLE('',#5601,0.1741296155775);
#462=CIRCLE('',#5603,0.1741296155775);
#463=CIRCLE('',#5604,0.1565);
#464=CIRCLE('',#5605,0.1565);
#465=CIRCLE('',#5606,0.1741296155775);
#466=CIRCLE('',#5607,0.1741296155775);
#467=CIRCLE('',#5609,0.156534910129857);
#468=CIRCLE('',#5611,0.1741296155775);
#469=CIRCLE('',#5613,0.125);
#470=CIRCLE('',#5614,0.125);
#471=CIRCLE('',#5616,0.125);
#472=CIRCLE('',#5617,0.125);
#473=CIRCLE('',#5619,0.125);
#474=CIRCLE('',#5620,0.125);
#475=CIRCLE('',#5622,0.125);
#476=CIRCLE('',#5623,0.125);
#477=CIRCLE('',#5645,0.112876518373854);
#478=CIRCLE('',#5646,0.112876518373854);
#479=CIRCLE('',#5647,0.112876518373854);
#480=CIRCLE('',#5648,0.112876518373854);
#481=CIRCLE('',#5654,0.23775324460639);
#482=CIRCLE('',#5657,0.23775324460639);
#483=CIRCLE('',#5659,0.23775324460639);
#484=CIRCLE('',#5662,0.23775324460639);
#485=CIRCLE('',#5666,0.0817607847737158);
#486=CIRCLE('',#5670,0.0817607847737158);
#487=CIRCLE('',#5674,0.0817607847737158);
#488=CIRCLE('',#5678,0.0817607847737158);
#489=CIRCLE('',#5718,0.0445);
#490=CIRCLE('',#5719,0.0445);
#491=CIRCLE('',#5720,0.0625);
#492=CIRCLE('',#5721,0.0625);
#493=CIRCLE('',#5723,0.0445);
#494=CIRCLE('',#5724,0.0445);
#495=CIRCLE('',#5726,0.0884999999999999);
#496=CIRCLE('',#5727,0.0884999999999999);
#497=CIRCLE('',#5728,0.0785);
#498=CIRCLE('',#5729,0.0785);
#499=CIRCLE('',#5731,0.0884999999999999);
#500=CIRCLE('',#5732,0.0884999999999999);
#501=CIRCLE('',#5734,0.0985);
#502=CIRCLE('',#5735,0.0985);
#503=CIRCLE('',#5736,0.0985);
#504=CIRCLE('',#5737,0.0985);
#505=CIRCLE('',#5739,0.0884999999999999);
#506=CIRCLE('',#5740,0.0884999999999999);
#507=CIRCLE('',#5741,0.0884999999999999);
#508=CIRCLE('',#5742,0.0884999999999999);
#509=CIRCLE('',#5744,0.125);
#510=CIRCLE('',#5745,0.125);
#511=CIRCLE('',#5746,0.125);
#512=CIRCLE('',#5747,0.125);
#513=CIRCLE('',#5749,0.115);
#514=CIRCLE('',#5750,0.115);
#515=CIRCLE('',#5757,0.0445);
#516=CIRCLE('',#5758,0.0625);
#517=CIRCLE('',#5759,0.0625);
#518=CIRCLE('',#5760,0.0445);
#519=CIRCLE('',#5762,0.0445);
#520=CIRCLE('',#5763,0.0445);
#521=CIRCLE('',#5765,0.0884999999999999);
#522=CIRCLE('',#5766,0.0785);
#523=CIRCLE('',#5767,0.0785);
#524=CIRCLE('',#5768,0.0884999999999999);
#525=CIRCLE('',#5770,0.0884999999999999);
#526=CIRCLE('',#5771,0.0884999999999999);
#527=CIRCLE('',#5773,0.0985);
#528=CIRCLE('',#5774,0.0985);
#529=CIRCLE('',#5775,0.0985);
#530=CIRCLE('',#5776,0.0985);
#531=CIRCLE('',#5778,0.0884999999999999);
#532=CIRCLE('',#5779,0.0884999999999999);
#533=CIRCLE('',#5780,0.0884999999999999);
#534=CIRCLE('',#5781,0.0884999999999999);
#535=CIRCLE('',#5783,0.125);
#536=CIRCLE('',#5784,0.125);
#537=CIRCLE('',#5785,0.125);
#538=CIRCLE('',#5786,0.125);
#539=CIRCLE('',#5788,0.115);
#540=CIRCLE('',#5789,0.115);
#541=CIRCLE('',#5796,0.0445);
#542=CIRCLE('',#5797,0.0445);
#543=CIRCLE('',#5798,0.0625);
#544=CIRCLE('',#5799,0.0625);
#545=CIRCLE('',#5801,0.0445);
#546=CIRCLE('',#5802,0.0445);
#547=CIRCLE('',#5804,0.0884999999999999);
#548=CIRCLE('',#5805,0.0884999999999999);
#549=CIRCLE('',#5806,0.0785);
#550=CIRCLE('',#5807,0.0785);
#551=CIRCLE('',#5809,0.0884999999999999);
#552=CIRCLE('',#5810,0.0884999999999999);
#553=CIRCLE('',#5812,0.0985);
#554=CIRCLE('',#5813,0.0985);
#555=CIRCLE('',#5814,0.0985);
#556=CIRCLE('',#5815,0.0985);
#557=CIRCLE('',#5817,0.0884999999999999);
#558=CIRCLE('',#5818,0.0884999999999999);
#559=CIRCLE('',#5819,0.0884999999999999);
#560=CIRCLE('',#5820,0.0884999999999999);
#561=CIRCLE('',#5822,0.125);
#562=CIRCLE('',#5823,0.125);
#563=CIRCLE('',#5824,0.125);
#564=CIRCLE('',#5825,0.125);
#565=CIRCLE('',#5827,0.115);
#566=CIRCLE('',#5828,0.115);
#567=CIRCLE('',#5835,0.0445);
#568=CIRCLE('',#5836,0.0625);
#569=CIRCLE('',#5837,0.0625);
#570=CIRCLE('',#5838,0.0445);
#571=CIRCLE('',#5840,0.0445);
#572=CIRCLE('',#5841,0.0445);
#573=CIRCLE('',#5843,0.0884999999999999);
#574=CIRCLE('',#5844,0.0785);
#575=CIRCLE('',#5845,0.0785);
#576=CIRCLE('',#5846,0.0884999999999999);
#577=CIRCLE('',#5848,0.0884999999999999);
#578=CIRCLE('',#5849,0.0884999999999999);
#579=CIRCLE('',#5851,0.0985);
#580=CIRCLE('',#5852,0.0985);
#581=CIRCLE('',#5853,0.0985);
#582=CIRCLE('',#5854,0.0985);
#583=CIRCLE('',#5856,0.0884999999999999);
#584=CIRCLE('',#5857,0.0884999999999999);
#585=CIRCLE('',#5858,0.0884999999999999);
#586=CIRCLE('',#5859,0.0884999999999999);
#587=CIRCLE('',#5861,0.125);
#588=CIRCLE('',#5862,0.125);
#589=CIRCLE('',#5863,0.125);
#590=CIRCLE('',#5864,0.125);
#591=CIRCLE('',#5866,0.115);
#592=CIRCLE('',#5867,0.115);
#593=CYLINDRICAL_SURFACE('',#5178,0.25);
#594=CYLINDRICAL_SURFACE('',#5182,0.25);
#595=CYLINDRICAL_SURFACE('',#5186,0.25);
#596=CYLINDRICAL_SURFACE('',#5190,0.25);
#597=CYLINDRICAL_SURFACE('',#5193,0.1875);
#598=CYLINDRICAL_SURFACE('',#5196,0.1875);
#599=CYLINDRICAL_SURFACE('',#5199,0.12);
#600=CYLINDRICAL_SURFACE('',#5207,0.0639999999999999);
#601=CYLINDRICAL_SURFACE('',#5210,0.12);
#602=CYLINDRICAL_SURFACE('',#5218,0.0639999999999999);
#603=CYLINDRICAL_SURFACE('',#5221,0.12);
#604=CYLINDRICAL_SURFACE('',#5229,0.0639999999999999);
#605=CYLINDRICAL_SURFACE('',#5232,0.12);
#606=CYLINDRICAL_SURFACE('',#5240,0.0639999999999999);
#607=CYLINDRICAL_SURFACE('',#5243,0.145);
#608=CYLINDRICAL_SURFACE('',#5248,0.145);
#609=CYLINDRICAL_SURFACE('',#5253,0.145);
#610=CYLINDRICAL_SURFACE('',#5258,0.145);
#611=CYLINDRICAL_SURFACE('',#5263,0.0314999999999986);
#612=CYLINDRICAL_SURFACE('',#5266,0.0314999999999966);
#613=CYLINDRICAL_SURFACE('',#5295,0.203000000000001);
#614=CYLINDRICAL_SURFACE('',#5298,0.202999999999999);
#615=CYLINDRICAL_SURFACE('',#5301,0.203000000000001);
#616=CYLINDRICAL_SURFACE('',#5304,0.203000000000002);
#617=CYLINDRICAL_SURFACE('',#5310,0.062);
#618=CYLINDRICAL_SURFACE('',#5312,0.062);
#619=CYLINDRICAL_SURFACE('',#5318,0.062);
#620=CYLINDRICAL_SURFACE('',#5320,0.062);
#621=CYLINDRICAL_SURFACE('',#5323,0.0314999999999966);
#622=CYLINDRICAL_SURFACE('',#5328,0.031500000000001);
#623=CYLINDRICAL_SURFACE('',#5331,0.031500000000001);
#624=CYLINDRICAL_SURFACE('',#5335,0.031500000000001);
#625=CYLINDRICAL_SURFACE('',#5338,0.031500000000001);
#626=CYLINDRICAL_SURFACE('',#5342,0.0314999999999986);
#627=CYLINDRICAL_SURFACE('',#5347,0.0314999999999994);
#628=CYLINDRICAL_SURFACE('',#5350,0.0314999999999994);
#629=CYLINDRICAL_SURFACE('',#5375,0.186999999999993);
#630=CYLINDRICAL_SURFACE('',#5377,0.186999999999997);
#631=CYLINDRICAL_SURFACE('',#5379,0.186999999999999);
#632=CYLINDRICAL_SURFACE('',#5381,0.186999999999998);
#633=CYLINDRICAL_SURFACE('',#5383,0.186999999999998);
#634=CYLINDRICAL_SURFACE('',#5385,0.186999999999999);
#635=CYLINDRICAL_SURFACE('',#5387,0.186999999999997);
#636=CYLINDRICAL_SURFACE('',#5389,0.186999999999985);
#637=CYLINDRICAL_SURFACE('',#5391,0.155999999999997);
#638=CYLINDRICAL_SURFACE('',#5394,0.155999999999997);
#639=CYLINDRICAL_SURFACE('',#5397,0.155999999999997);
#640=CYLINDRICAL_SURFACE('',#5400,0.155999999999988);
#641=CYLINDRICAL_SURFACE('',#5403,0.155999999999996);
#642=CYLINDRICAL_SURFACE('',#5406,0.155999999999997);
#643=CYLINDRICAL_SURFACE('',#5409,0.155999999999999);
#644=CYLINDRICAL_SURFACE('',#5412,0.155999999999997);
#645=CYLINDRICAL_SURFACE('',#5417,0.25);
#646=CYLINDRICAL_SURFACE('',#5422,0.25);
#647=CYLINDRICAL_SURFACE('',#5427,0.0499999999999999);
#648=CYLINDRICAL_SURFACE('',#5432,0.05);
#649=CYLINDRICAL_SURFACE('',#5437,0.0499999999999997);
#650=CYLINDRICAL_SURFACE('',#5441,0.0500000000000006);
#651=CYLINDRICAL_SURFACE('',#5445,0.05);
#652=CYLINDRICAL_SURFACE('',#5449,0.0499999999999996);
#653=CYLINDRICAL_SURFACE('',#5474,0.0599999999999996);
#654=CYLINDRICAL_SURFACE('',#5479,0.0929999999999998);
#655=CYLINDRICAL_SURFACE('',#5484,0.1255);
#656=CYLINDRICAL_SURFACE('',#5489,0.0599999999999996);
#657=CYLINDRICAL_SURFACE('',#5494,0.0929999999999998);
#658=CYLINDRICAL_SURFACE('',#5499,0.1255);
#659=CYLINDRICAL_SURFACE('',#5504,0.0599999999999996);
#660=CYLINDRICAL_SURFACE('',#5509,0.0929999999999998);
#661=CYLINDRICAL_SURFACE('',#5514,0.1255);
#662=CYLINDRICAL_SURFACE('',#5519,0.0599999999999996);
#663=CYLINDRICAL_SURFACE('',#5524,0.0929999999999998);
#664=CYLINDRICAL_SURFACE('',#5529,0.1255);
#665=CYLINDRICAL_SURFACE('',#5612,0.125);
#666=CYLINDRICAL_SURFACE('',#5615,0.125);
#667=CYLINDRICAL_SURFACE('',#5618,0.125);
#668=CYLINDRICAL_SURFACE('',#5621,0.125);
#669=CYLINDRICAL_SURFACE('',#5626,0.062);
#670=CYLINDRICAL_SURFACE('',#5631,0.062);
#671=CYLINDRICAL_SURFACE('',#5636,0.062);
#672=CYLINDRICAL_SURFACE('',#5641,0.062);
#673=CYLINDRICAL_SURFACE('',#5722,0.0445);
#674=CYLINDRICAL_SURFACE('',#5730,0.0884999999999999);
#675=CYLINDRICAL_SURFACE('',#5733,0.0985);
#676=CYLINDRICAL_SURFACE('',#5738,0.0884999999999999);
#677=CYLINDRICAL_SURFACE('',#5743,0.125);
#678=CYLINDRICAL_SURFACE('',#5761,0.0445);
#679=CYLINDRICAL_SURFACE('',#5769,0.0884999999999999);
#680=CYLINDRICAL_SURFACE('',#5772,0.0985);
#681=CYLINDRICAL_SURFACE('',#5777,0.0884999999999999);
#682=CYLINDRICAL_SURFACE('',#5782,0.125);
#683=CYLINDRICAL_SURFACE('',#5800,0.0445);
#684=CYLINDRICAL_SURFACE('',#5808,0.0884999999999999);
#685=CYLINDRICAL_SURFACE('',#5811,0.0985);
#686=CYLINDRICAL_SURFACE('',#5816,0.0884999999999999);
#687=CYLINDRICAL_SURFACE('',#5821,0.125);
#688=CYLINDRICAL_SURFACE('',#5839,0.0445);
#689=CYLINDRICAL_SURFACE('',#5847,0.0884999999999999);
#690=CYLINDRICAL_SURFACE('',#5850,0.0985);
#691=CYLINDRICAL_SURFACE('',#5855,0.0884999999999999);
#692=CYLINDRICAL_SURFACE('',#5860,0.125);
#693=FACE_OUTER_BOUND('',#972,.T.);
#694=FACE_OUTER_BOUND('',#973,.T.);
#695=FACE_OUTER_BOUND('',#974,.T.);
#696=FACE_OUTER_BOUND('',#975,.T.);
#697=FACE_OUTER_BOUND('',#976,.T.);
#698=FACE_OUTER_BOUND('',#977,.T.);
#699=FACE_OUTER_BOUND('',#978,.T.);
#700=FACE_OUTER_BOUND('',#979,.T.);
#701=FACE_OUTER_BOUND('',#980,.T.);
#702=FACE_OUTER_BOUND('',#981,.T.);
#703=FACE_OUTER_BOUND('',#982,.T.);
#704=FACE_OUTER_BOUND('',#983,.T.);
#705=FACE_OUTER_BOUND('',#984,.T.);
#706=FACE_OUTER_BOUND('',#985,.T.);
#707=FACE_OUTER_BOUND('',#986,.T.);
#708=FACE_OUTER_BOUND('',#987,.T.);
#709=FACE_OUTER_BOUND('',#988,.T.);
#710=FACE_OUTER_BOUND('',#989,.T.);
#711=FACE_OUTER_BOUND('',#990,.T.);
#712=FACE_OUTER_BOUND('',#991,.T.);
#713=FACE_OUTER_BOUND('',#992,.T.);
#714=FACE_OUTER_BOUND('',#993,.T.);
#715=FACE_OUTER_BOUND('',#994,.T.);
#716=FACE_OUTER_BOUND('',#995,.T.);
#717=FACE_OUTER_BOUND('',#996,.T.);
#718=FACE_OUTER_BOUND('',#997,.T.);
#719=FACE_OUTER_BOUND('',#998,.T.);
#720=FACE_OUTER_BOUND('',#999,.T.);
#721=FACE_OUTER_BOUND('',#1000,.T.);
#722=FACE_OUTER_BOUND('',#1006,.T.);
#723=FACE_OUTER_BOUND('',#1019,.T.);
#724=FACE_OUTER_BOUND('',#1020,.T.);
#725=FACE_OUTER_BOUND('',#1021,.T.);
#726=FACE_OUTER_BOUND('',#1022,.T.);
#727=FACE_OUTER_BOUND('',#1023,.T.);
#728=FACE_OUTER_BOUND('',#1024,.T.);
#729=FACE_OUTER_BOUND('',#1025,.T.);
#730=FACE_OUTER_BOUND('',#1026,.T.);
#731=FACE_OUTER_BOUND('',#1027,.T.);
#732=FACE_OUTER_BOUND('',#1028,.T.);
#733=FACE_OUTER_BOUND('',#1029,.T.);
#734=FACE_OUTER_BOUND('',#1030,.T.);
#735=FACE_OUTER_BOUND('',#1031,.T.);
#736=FACE_OUTER_BOUND('',#1032,.T.);
#737=FACE_OUTER_BOUND('',#1033,.T.);
#738=FACE_OUTER_BOUND('',#1034,.T.);
#739=FACE_OUTER_BOUND('',#1035,.T.);
#740=FACE_OUTER_BOUND('',#1036,.T.);
#741=FACE_OUTER_BOUND('',#1037,.T.);
#742=FACE_OUTER_BOUND('',#1038,.T.);
#743=FACE_OUTER_BOUND('',#1039,.T.);
#744=FACE_OUTER_BOUND('',#1040,.T.);
#745=FACE_OUTER_BOUND('',#1041,.T.);
#746=FACE_OUTER_BOUND('',#1042,.T.);
#747=FACE_OUTER_BOUND('',#1043,.T.);
#748=FACE_OUTER_BOUND('',#1044,.T.);
#749=FACE_OUTER_BOUND('',#1045,.T.);
#750=FACE_OUTER_BOUND('',#1046,.T.);
#751=FACE_OUTER_BOUND('',#1047,.T.);
#752=FACE_OUTER_BOUND('',#1048,.T.);
#753=FACE_OUTER_BOUND('',#1049,.T.);
#754=FACE_OUTER_BOUND('',#1050,.T.);
#755=FACE_OUTER_BOUND('',#1051,.T.);
#756=FACE_OUTER_BOUND('',#1052,.T.);
#757=FACE_OUTER_BOUND('',#1053,.T.);
#758=FACE_OUTER_BOUND('',#1054,.T.);
#759=FACE_OUTER_BOUND('',#1055,.T.);
#760=FACE_OUTER_BOUND('',#1056,.T.);
#761=FACE_OUTER_BOUND('',#1057,.T.);
#762=FACE_OUTER_BOUND('',#1058,.T.);
#763=FACE_OUTER_BOUND('',#1060,.T.);
#764=FACE_OUTER_BOUND('',#1062,.T.);
#765=FACE_OUTER_BOUND('',#1064,.T.);
#766=FACE_OUTER_BOUND('',#1066,.T.);
#767=FACE_OUTER_BOUND('',#1068,.T.);
#768=FACE_OUTER_BOUND('',#1069,.T.);
#769=FACE_OUTER_BOUND('',#1070,.T.);
#770=FACE_OUTER_BOUND('',#1071,.T.);
#771=FACE_OUTER_BOUND('',#1072,.T.);
#772=FACE_OUTER_BOUND('',#1073,.T.);
#773=FACE_OUTER_BOUND('',#1074,.T.);
#774=FACE_OUTER_BOUND('',#1075,.T.);
#775=FACE_OUTER_BOUND('',#1076,.T.);
#776=FACE_OUTER_BOUND('',#1077,.T.);
#777=FACE_OUTER_BOUND('',#1078,.T.);
#778=FACE_OUTER_BOUND('',#1079,.T.);
#779=FACE_OUTER_BOUND('',#1080,.T.);
#780=FACE_OUTER_BOUND('',#1081,.T.);
#781=FACE_OUTER_BOUND('',#1082,.T.);
#782=FACE_OUTER_BOUND('',#1083,.T.);
#783=FACE_OUTER_BOUND('',#1084,.T.);
#784=FACE_OUTER_BOUND('',#1085,.T.);
#785=FACE_OUTER_BOUND('',#1086,.T.);
#786=FACE_OUTER_BOUND('',#1087,.T.);
#787=FACE_OUTER_BOUND('',#1088,.T.);
#788=FACE_OUTER_BOUND('',#1089,.T.);
#789=FACE_OUTER_BOUND('',#1090,.T.);
#790=FACE_OUTER_BOUND('',#1091,.T.);
#791=FACE_OUTER_BOUND('',#1092,.T.);
#792=FACE_OUTER_BOUND('',#1093,.T.);
#793=FACE_OUTER_BOUND('',#1094,.T.);
#794=FACE_OUTER_BOUND('',#1095,.T.);
#795=FACE_OUTER_BOUND('',#1096,.T.);
#796=FACE_OUTER_BOUND('',#1097,.T.);
#797=FACE_OUTER_BOUND('',#1098,.T.);
#798=FACE_OUTER_BOUND('',#1099,.T.);
#799=FACE_OUTER_BOUND('',#1100,.T.);
#800=FACE_OUTER_BOUND('',#1104,.T.);
#801=FACE_OUTER_BOUND('',#1105,.T.);
#802=FACE_OUTER_BOUND('',#1106,.T.);
#803=FACE_OUTER_BOUND('',#1107,.T.);
#804=FACE_OUTER_BOUND('',#1108,.T.);
#805=FACE_OUTER_BOUND('',#1109,.T.);
#806=FACE_OUTER_BOUND('',#1110,.T.);
#807=FACE_OUTER_BOUND('',#1111,.T.);
#808=FACE_OUTER_BOUND('',#1112,.T.);
#809=FACE_OUTER_BOUND('',#1113,.T.);
#810=FACE_OUTER_BOUND('',#1114,.T.);
#811=FACE_OUTER_BOUND('',#1115,.T.);
#812=FACE_OUTER_BOUND('',#1116,.T.);
#813=FACE_OUTER_BOUND('',#1117,.T.);
#814=FACE_OUTER_BOUND('',#1118,.T.);
#815=FACE_OUTER_BOUND('',#1119,.T.);
#816=FACE_OUTER_BOUND('',#1120,.T.);
#817=FACE_OUTER_BOUND('',#1124,.T.);
#818=FACE_OUTER_BOUND('',#1125,.T.);
#819=FACE_OUTER_BOUND('',#1126,.T.);
#820=FACE_OUTER_BOUND('',#1127,.T.);
#821=FACE_OUTER_BOUND('',#1128,.T.);
#822=FACE_OUTER_BOUND('',#1129,.T.);
#823=FACE_OUTER_BOUND('',#1130,.T.);
#824=FACE_OUTER_BOUND('',#1131,.T.);
#825=FACE_OUTER_BOUND('',#1132,.T.);
#826=FACE_OUTER_BOUND('',#1133,.T.);
#827=FACE_OUTER_BOUND('',#1134,.T.);
#828=FACE_OUTER_BOUND('',#1135,.T.);
#829=FACE_OUTER_BOUND('',#1136,.T.);
#830=FACE_OUTER_BOUND('',#1137,.T.);
#831=FACE_OUTER_BOUND('',#1138,.T.);
#832=FACE_OUTER_BOUND('',#1139,.T.);
#833=FACE_OUTER_BOUND('',#1140,.T.);
#834=FACE_OUTER_BOUND('',#1141,.T.);
#835=FACE_OUTER_BOUND('',#1142,.T.);
#836=FACE_OUTER_BOUND('',#1143,.T.);
#837=FACE_OUTER_BOUND('',#1144,.T.);
#838=FACE_OUTER_BOUND('',#1145,.T.);
#839=FACE_OUTER_BOUND('',#1146,.T.);
#840=FACE_OUTER_BOUND('',#1147,.T.);
#841=FACE_OUTER_BOUND('',#1148,.T.);
#842=FACE_OUTER_BOUND('',#1149,.T.);
#843=FACE_OUTER_BOUND('',#1150,.T.);
#844=FACE_OUTER_BOUND('',#1151,.T.);
#845=FACE_OUTER_BOUND('',#1152,.T.);
#846=FACE_OUTER_BOUND('',#1153,.T.);
#847=FACE_OUTER_BOUND('',#1154,.T.);
#848=FACE_OUTER_BOUND('',#1155,.T.);
#849=FACE_OUTER_BOUND('',#1156,.T.);
#850=FACE_OUTER_BOUND('',#1157,.T.);
#851=FACE_OUTER_BOUND('',#1158,.T.);
#852=FACE_OUTER_BOUND('',#1162,.T.);
#853=FACE_OUTER_BOUND('',#1163,.T.);
#854=FACE_OUTER_BOUND('',#1164,.T.);
#855=FACE_OUTER_BOUND('',#1165,.T.);
#856=FACE_OUTER_BOUND('',#1166,.T.);
#857=FACE_OUTER_BOUND('',#1167,.T.);
#858=FACE_OUTER_BOUND('',#1168,.T.);
#859=FACE_OUTER_BOUND('',#1169,.T.);
#860=FACE_OUTER_BOUND('',#1170,.T.);
#861=FACE_OUTER_BOUND('',#1171,.T.);
#862=FACE_OUTER_BOUND('',#1172,.T.);
#863=FACE_OUTER_BOUND('',#1173,.T.);
#864=FACE_OUTER_BOUND('',#1179,.T.);
#865=FACE_OUTER_BOUND('',#1185,.T.);
#866=FACE_OUTER_BOUND('',#1186,.T.);
#867=FACE_OUTER_BOUND('',#1187,.T.);
#868=FACE_OUTER_BOUND('',#1188,.T.);
#869=FACE_OUTER_BOUND('',#1189,.T.);
#870=FACE_OUTER_BOUND('',#1190,.T.);
#871=FACE_OUTER_BOUND('',#1191,.T.);
#872=FACE_OUTER_BOUND('',#1192,.T.);
#873=FACE_OUTER_BOUND('',#1193,.T.);
#874=FACE_OUTER_BOUND('',#1194,.T.);
#875=FACE_OUTER_BOUND('',#1195,.T.);
#876=FACE_OUTER_BOUND('',#1196,.T.);
#877=FACE_OUTER_BOUND('',#1197,.T.);
#878=FACE_OUTER_BOUND('',#1198,.T.);
#879=FACE_OUTER_BOUND('',#1199,.T.);
#880=FACE_OUTER_BOUND('',#1200,.T.);
#881=FACE_OUTER_BOUND('',#1201,.T.);
#882=FACE_OUTER_BOUND('',#1202,.T.);
#883=FACE_OUTER_BOUND('',#1203,.T.);
#884=FACE_OUTER_BOUND('',#1204,.T.);
#885=FACE_OUTER_BOUND('',#1206,.T.);
#886=FACE_OUTER_BOUND('',#1208,.T.);
#887=FACE_OUTER_BOUND('',#1210,.T.);
#888=FACE_OUTER_BOUND('',#1212,.T.);
#889=FACE_OUTER_BOUND('',#1214,.T.);
#890=FACE_OUTER_BOUND('',#1216,.T.);
#891=FACE_OUTER_BOUND('',#1218,.T.);
#892=FACE_OUTER_BOUND('',#1220,.T.);
#893=FACE_OUTER_BOUND('',#1221,.T.);
#894=FACE_OUTER_BOUND('',#1222,.T.);
#895=FACE_OUTER_BOUND('',#1223,.T.);
#896=FACE_OUTER_BOUND('',#1224,.T.);
#897=FACE_OUTER_BOUND('',#1226,.T.);
#898=FACE_OUTER_BOUND('',#1228,.T.);
#899=FACE_OUTER_BOUND('',#1229,.T.);
#900=FACE_OUTER_BOUND('',#1231,.T.);
#901=FACE_OUTER_BOUND('',#1233,.T.);
#902=FACE_OUTER_BOUND('',#1234,.T.);
#903=FACE_OUTER_BOUND('',#1236,.T.);
#904=FACE_OUTER_BOUND('',#1238,.T.);
#905=FACE_OUTER_BOUND('',#1239,.T.);
#906=FACE_OUTER_BOUND('',#1241,.T.);
#907=FACE_OUTER_BOUND('',#1243,.T.);
#908=FACE_OUTER_BOUND('',#1244,.T.);
#909=FACE_OUTER_BOUND('',#1245,.T.);
#910=FACE_OUTER_BOUND('',#1246,.T.);
#911=FACE_OUTER_BOUND('',#1247,.T.);
#912=FACE_OUTER_BOUND('',#1248,.T.);
#913=FACE_OUTER_BOUND('',#1249,.T.);
#914=FACE_OUTER_BOUND('',#1250,.T.);
#915=FACE_OUTER_BOUND('',#1251,.T.);
#916=FACE_OUTER_BOUND('',#1252,.T.);
#917=FACE_OUTER_BOUND('',#1253,.T.);
#918=FACE_OUTER_BOUND('',#1254,.T.);
#919=FACE_OUTER_BOUND('',#1255,.T.);
#920=FACE_OUTER_BOUND('',#1256,.T.);
#921=FACE_OUTER_BOUND('',#1257,.T.);
#922=FACE_OUTER_BOUND('',#1258,.T.);
#923=FACE_OUTER_BOUND('',#1259,.T.);
#924=FACE_OUTER_BOUND('',#1260,.T.);
#925=FACE_OUTER_BOUND('',#1261,.T.);
#926=FACE_OUTER_BOUND('',#1262,.T.);
#927=FACE_OUTER_BOUND('',#1263,.T.);
#928=FACE_OUTER_BOUND('',#1264,.T.);
#929=FACE_OUTER_BOUND('',#1266,.T.);
#930=FACE_OUTER_BOUND('',#1268,.T.);
#931=FACE_OUTER_BOUND('',#1270,.T.);
#932=FACE_OUTER_BOUND('',#1272,.T.);
#933=FACE_OUTER_BOUND('',#1274,.T.);
#934=FACE_OUTER_BOUND('',#1275,.T.);
#935=FACE_OUTER_BOUND('',#1276,.T.);
#936=FACE_OUTER_BOUND('',#1277,.T.);
#937=FACE_OUTER_BOUND('',#1278,.T.);
#938=FACE_OUTER_BOUND('',#1279,.T.);
#939=FACE_OUTER_BOUND('',#1280,.T.);
#940=FACE_OUTER_BOUND('',#1281,.T.);
#941=FACE_OUTER_BOUND('',#1282,.T.);
#942=FACE_OUTER_BOUND('',#1284,.T.);
#943=FACE_OUTER_BOUND('',#1286,.T.);
#944=FACE_OUTER_BOUND('',#1288,.T.);
#945=FACE_OUTER_BOUND('',#1290,.T.);
#946=FACE_OUTER_BOUND('',#1292,.T.);
#947=FACE_OUTER_BOUND('',#1293,.T.);
#948=FACE_OUTER_BOUND('',#1294,.T.);
#949=FACE_OUTER_BOUND('',#1295,.T.);
#950=FACE_OUTER_BOUND('',#1296,.T.);
#951=FACE_OUTER_BOUND('',#1297,.T.);
#952=FACE_OUTER_BOUND('',#1298,.T.);
#953=FACE_OUTER_BOUND('',#1299,.T.);
#954=FACE_OUTER_BOUND('',#1300,.T.);
#955=FACE_OUTER_BOUND('',#1302,.T.);
#956=FACE_OUTER_BOUND('',#1304,.T.);
#957=FACE_OUTER_BOUND('',#1306,.T.);
#958=FACE_OUTER_BOUND('',#1308,.T.);
#959=FACE_OUTER_BOUND('',#1310,.T.);
#960=FACE_OUTER_BOUND('',#1311,.T.);
#961=FACE_OUTER_BOUND('',#1312,.T.);
#962=FACE_OUTER_BOUND('',#1313,.T.);
#963=FACE_OUTER_BOUND('',#1314,.T.);
#964=FACE_OUTER_BOUND('',#1315,.T.);
#965=FACE_OUTER_BOUND('',#1316,.T.);
#966=FACE_OUTER_BOUND('',#1317,.T.);
#967=FACE_OUTER_BOUND('',#1318,.T.);
#968=FACE_OUTER_BOUND('',#1320,.T.);
#969=FACE_OUTER_BOUND('',#1322,.T.);
#970=FACE_OUTER_BOUND('',#1324,.T.);
#971=FACE_OUTER_BOUND('',#1326,.T.);
#972=EDGE_LOOP('',(#3242,#3243,#3244,#3245));
#973=EDGE_LOOP('',(#3246,#3247,#3248,#3249));
#974=EDGE_LOOP('',(#3250,#3251,#3252,#3253));
#975=EDGE_LOOP('',(#3254,#3255,#3256,#3257));
#976=EDGE_LOOP('',(#3258,#3259,#3260,#3261));
#977=EDGE_LOOP('',(#3262,#3263,#3264,#3265));
#978=EDGE_LOOP('',(#3266,#3267,#3268,#3269));
#979=EDGE_LOOP('',(#3270,#3271,#3272,#3273));
#980=EDGE_LOOP('',(#3274,#3275,#3276,#3277));
#981=EDGE_LOOP('',(#3278,#3279,#3280,#3281));
#982=EDGE_LOOP('',(#3282,#3283,#3284,#3285,#3286,#3287));
#983=EDGE_LOOP('',(#3288,#3289,#3290,#3291,#3292,#3293));
#984=EDGE_LOOP('',(#3294,#3295,#3296,#3297,#3298,#3299));
#985=EDGE_LOOP('',(#3300,#3301,#3302,#3303,#3304,#3305));
#986=EDGE_LOOP('',(#3306,#3307,#3308,#3309,#3310,#3311));
#987=EDGE_LOOP('',(#3312,#3313,#3314,#3315,#3316,#3317));
#988=EDGE_LOOP('',(#3318,#3319,#3320,#3321,#3322,#3323));
#989=EDGE_LOOP('',(#3324,#3325,#3326,#3327,#3328,#3329));
#990=EDGE_LOOP('',(#3330,#3331,#3332,#3333,#3334,#3335));
#991=EDGE_LOOP('',(#3336,#3337,#3338,#3339,#3340,#3341));
#992=EDGE_LOOP('',(#3342,#3343,#3344,#3345,#3346,#3347));
#993=EDGE_LOOP('',(#3348,#3349,#3350,#3351,#3352,#3353));
#994=EDGE_LOOP('',(#3354,#3355,#3356,#3357,#3358,#3359));
#995=EDGE_LOOP('',(#3360,#3361,#3362,#3363,#3364,#3365));
#996=EDGE_LOOP('',(#3366,#3367,#3368,#3369,#3370,#3371));
#997=EDGE_LOOP('',(#3372,#3373,#3374,#3375,#3376,#3377));
#998=EDGE_LOOP('',(#3378,#3379,#3380,#3381));
#999=EDGE_LOOP('',(#3382,#3383,#3384,#3385));
#1000=EDGE_LOOP('',(#3386,#3387,#3388,#3389,#3390,#3391,#3392,#3393));
#1001=EDGE_LOOP('',(#3394,#3395,#3396,#3397,#3398,#3399,#3400,#3401,#3402,
#3403,#3404,#3405,#3406,#3407,#3408,#3409));
#1002=EDGE_LOOP('',(#3410,#3411));
#1003=EDGE_LOOP('',(#3412,#3413));
#1004=EDGE_LOOP('',(#3414,#3415));
#1005=EDGE_LOOP('',(#3416,#3417));
#1006=EDGE_LOOP('',(#3418,#3419,#3420,#3421,#3422,#3423,#3424,#3425));
#1007=EDGE_LOOP('',(#3426,#3427,#3428,#3429,#3430,#3431,#3432,#3433));
#1008=EDGE_LOOP('',(#3434));
#1009=EDGE_LOOP('',(#3435));
#1010=EDGE_LOOP('',(#3436,#3437,#3438,#3439));
#1011=EDGE_LOOP('',(#3440,#3441,#3442,#3443));
#1012=EDGE_LOOP('',(#3444,#3445,#3446,#3447));
#1013=EDGE_LOOP('',(#3448,#3449));
#1014=EDGE_LOOP('',(#3450,#3451));
#1015=EDGE_LOOP('',(#3452,#3453));
#1016=EDGE_LOOP('',(#3454,#3455));
#1017=EDGE_LOOP('',(#3456,#3457,#3458,#3459));
#1018=EDGE_LOOP('',(#3460,#3461,#3462,#3463));
#1019=EDGE_LOOP('',(#3464,#3465,#3466,#3467));
#1020=EDGE_LOOP('',(#3468,#3469,#3470,#3471));
#1021=EDGE_LOOP('',(#3472,#3473,#3474,#3475));
#1022=EDGE_LOOP('',(#3476,#3477,#3478,#3479));
#1023=EDGE_LOOP('',(#3480,#3481,#3482,#3483));
#1024=EDGE_LOOP('',(#3484,#3485,#3486,#3487));
#1025=EDGE_LOOP('',(#3488,#3489,#3490,#3491));
#1026=EDGE_LOOP('',(#3492,#3493,#3494,#3495));
#1027=EDGE_LOOP('',(#3496,#3497,#3498,#3499));
#1028=EDGE_LOOP('',(#3500,#3501,#3502,#3503));
#1029=EDGE_LOOP('',(#3504,#3505,#3506,#3507));
#1030=EDGE_LOOP('',(#3508,#3509,#3510,#3511));
#1031=EDGE_LOOP('',(#3512,#3513,#3514,#3515));
#1032=EDGE_LOOP('',(#3516,#3517,#3518,#3519));
#1033=EDGE_LOOP('',(#3520,#3521,#3522,#3523));
#1034=EDGE_LOOP('',(#3524,#3525,#3526,#3527));
#1035=EDGE_LOOP('',(#3528,#3529,#3530,#3531));
#1036=EDGE_LOOP('',(#3532,#3533,#3534,#3535));
#1037=EDGE_LOOP('',(#3536,#3537,#3538,#3539));
#1038=EDGE_LOOP('',(#3540,#3541,#3542,#3543));
#1039=EDGE_LOOP('',(#3544,#3545,#3546,#3547));
#1040=EDGE_LOOP('',(#3548,#3549,#3550,#3551));
#1041=EDGE_LOOP('',(#3552,#3553,#3554,#3555));
#1042=EDGE_LOOP('',(#3556,#3557,#3558,#3559));
#1043=EDGE_LOOP('',(#3560,#3561,#3562,#3563));
#1044=EDGE_LOOP('',(#3564,#3565,#3566,#3567));
#1045=EDGE_LOOP('',(#3568,#3569,#3570,#3571));
#1046=EDGE_LOOP('',(#3572,#3573,#3574,#3575));
#1047=EDGE_LOOP('',(#3576,#3577,#3578,#3579));
#1048=EDGE_LOOP('',(#3580,#3581,#3582,#3583));
#1049=EDGE_LOOP('',(#3584,#3585,#3586,#3587));
#1050=EDGE_LOOP('',(#3588,#3589,#3590,#3591));
#1051=EDGE_LOOP('',(#3592,#3593,#3594,#3595));
#1052=EDGE_LOOP('',(#3596,#3597,#3598,#3599));
#1053=EDGE_LOOP('',(#3600,#3601,#3602,#3603));
#1054=EDGE_LOOP('',(#3604,#3605,#3606,#3607));
#1055=EDGE_LOOP('',(#3608,#3609,#3610,#3611));
#1056=EDGE_LOOP('',(#3612,#3613,#3614,#3615));
#1057=EDGE_LOOP('',(#3616,#3617,#3618,#3619));
#1058=EDGE_LOOP('',(#3620,#3621));
#1059=EDGE_LOOP('',(#3622,#3623));
#1060=EDGE_LOOP('',(#3624,#3625));
#1061=EDGE_LOOP('',(#3626,#3627));
#1062=EDGE_LOOP('',(#3628,#3629));
#1063=EDGE_LOOP('',(#3630,#3631));
#1064=EDGE_LOOP('',(#3632,#3633));
#1065=EDGE_LOOP('',(#3634,#3635));
#1066=EDGE_LOOP('',(#3636,#3637,#3638,#3639,#3640,#3641,#3642,#3643,#3644,
#3645,#3646,#3647,#3648,#3649,#3650,#3651));
#1067=EDGE_LOOP('',(#3652,#3653,#3654,#3655,#3656,#3657,#3658,#3659,#3660,
#3661,#3662,#3663,#3664,#3665,#3666,#3667));
#1068=EDGE_LOOP('',(#3668,#3669,#3670,#3671));
#1069=EDGE_LOOP('',(#3672,#3673,#3674,#3675));
#1070=EDGE_LOOP('',(#3676,#3677,#3678,#3679));
#1071=EDGE_LOOP('',(#3680,#3681,#3682,#3683));
#1072=EDGE_LOOP('',(#3684,#3685,#3686,#3687));
#1073=EDGE_LOOP('',(#3688,#3689,#3690,#3691));
#1074=EDGE_LOOP('',(#3692,#3693,#3694,#3695));
#1075=EDGE_LOOP('',(#3696,#3697,#3698,#3699));
#1076=EDGE_LOOP('',(#3700,#3701,#3702,#3703));
#1077=EDGE_LOOP('',(#3704,#3705,#3706,#3707));
#1078=EDGE_LOOP('',(#3708,#3709,#3710,#3711));
#1079=EDGE_LOOP('',(#3712,#3713,#3714,#3715));
#1080=EDGE_LOOP('',(#3716,#3717,#3718,#3719));
#1081=EDGE_LOOP('',(#3720,#3721,#3722,#3723));
#1082=EDGE_LOOP('',(#3724,#3725,#3726,#3727));
#1083=EDGE_LOOP('',(#3728,#3729,#3730,#3731));
#1084=EDGE_LOOP('',(#3732,#3733,#3734,#3735));
#1085=EDGE_LOOP('',(#3736,#3737,#3738,#3739));
#1086=EDGE_LOOP('',(#3740,#3741,#3742,#3743));
#1087=EDGE_LOOP('',(#3744,#3745,#3746,#3747));
#1088=EDGE_LOOP('',(#3748,#3749,#3750,#3751));
#1089=EDGE_LOOP('',(#3752,#3753,#3754,#3755));
#1090=EDGE_LOOP('',(#3756,#3757,#3758,#3759));
#1091=EDGE_LOOP('',(#3760,#3761,#3762,#3763));
#1092=EDGE_LOOP('',(#3764,#3765,#3766,#3767));
#1093=EDGE_LOOP('',(#3768,#3769,#3770,#3771));
#1094=EDGE_LOOP('',(#3772,#3773,#3774,#3775));
#1095=EDGE_LOOP('',(#3776,#3777,#3778,#3779));
#1096=EDGE_LOOP('',(#3780,#3781,#3782,#3783));
#1097=EDGE_LOOP('',(#3784,#3785,#3786,#3787));
#1098=EDGE_LOOP('',(#3788,#3789,#3790,#3791));
#1099=EDGE_LOOP('',(#3792,#3793,#3794,#3795));
#1100=EDGE_LOOP('',(#3796,#3797,#3798,#3799,#3800,#3801,#3802,#3803,#3804,
#3805,#3806,#3807,#3808,#3809,#3810,#3811));
#1101=EDGE_LOOP('',(#3812,#3813,#3814,#3815,#3816,#3817,#3818,#3819));
#1102=EDGE_LOOP('',(#3820));
#1103=EDGE_LOOP('',(#3821));
#1104=EDGE_LOOP('',(#3822,#3823,#3824,#3825,#3826,#3827));
#1105=EDGE_LOOP('',(#3828,#3829,#3830,#3831,#3832,#3833));
#1106=EDGE_LOOP('',(#3834,#3835,#3836,#3837));
#1107=EDGE_LOOP('',(#3838,#3839,#3840,#3841));
#1108=EDGE_LOOP('',(#3842,#3843,#3844,#3845));
#1109=EDGE_LOOP('',(#3846,#3847,#3848,#3849));
#1110=EDGE_LOOP('',(#3850,#3851,#3852,#3853));
#1111=EDGE_LOOP('',(#3854,#3855,#3856,#3857));
#1112=EDGE_LOOP('',(#3858,#3859,#3860,#3861));
#1113=EDGE_LOOP('',(#3862,#3863,#3864,#3865));
#1114=EDGE_LOOP('',(#3866,#3867,#3868,#3869));
#1115=EDGE_LOOP('',(#3870,#3871,#3872,#3873));
#1116=EDGE_LOOP('',(#3874,#3875,#3876,#3877));
#1117=EDGE_LOOP('',(#3878,#3879,#3880,#3881));
#1118=EDGE_LOOP('',(#3882,#3883,#3884,#3885));
#1119=EDGE_LOOP('',(#3886,#3887,#3888,#3889,#3890,#3891,#3892,#3893,#3894,
#3895,#3896,#3897,#3898,#3899,#3900,#3901,#3902,#3903,#3904,#3905));
#1120=EDGE_LOOP('',(#3906,#3907,#3908,#3909,#3910,#3911,#3912,#3913,#3914,
#3915));
#1121=EDGE_LOOP('',(#3916,#3917,#3918,#3919,#3920,#3921,#3922,#3923));
#1122=EDGE_LOOP('',(#3924,#3925));
#1123=EDGE_LOOP('',(#3926,#3927));
#1124=EDGE_LOOP('',(#3928));
#1125=EDGE_LOOP('',(#3929));
#1126=EDGE_LOOP('',(#3930));
#1127=EDGE_LOOP('',(#3931));
#1128=EDGE_LOOP('',(#3932));
#1129=EDGE_LOOP('',(#3933));
#1130=EDGE_LOOP('',(#3934,#3935,#3936,#3937,#3938,#3939));
#1131=EDGE_LOOP('',(#3940,#3941,#3942,#3943,#3944,#3945));
#1132=EDGE_LOOP('',(#3946,#3947,#3948,#3949,#3950,#3951));
#1133=EDGE_LOOP('',(#3952,#3953,#3954,#3955,#3956,#3957));
#1134=EDGE_LOOP('',(#3958,#3959,#3960,#3961,#3962,#3963));
#1135=EDGE_LOOP('',(#3964,#3965,#3966,#3967,#3968,#3969));
#1136=EDGE_LOOP('',(#3970,#3971,#3972,#3973,#3974,#3975));
#1137=EDGE_LOOP('',(#3976,#3977,#3978,#3979,#3980,#3981));
#1138=EDGE_LOOP('',(#3982,#3983,#3984,#3985,#3986,#3987));
#1139=EDGE_LOOP('',(#3988,#3989,#3990,#3991,#3992,#3993));
#1140=EDGE_LOOP('',(#3994,#3995,#3996,#3997,#3998,#3999));
#1141=EDGE_LOOP('',(#4000,#4001,#4002,#4003,#4004,#4005));
#1142=EDGE_LOOP('',(#4006,#4007,#4008,#4009,#4010,#4011));
#1143=EDGE_LOOP('',(#4012,#4013,#4014,#4015,#4016,#4017));
#1144=EDGE_LOOP('',(#4018,#4019,#4020,#4021,#4022,#4023));
#1145=EDGE_LOOP('',(#4024,#4025,#4026,#4027,#4028,#4029));
#1146=EDGE_LOOP('',(#4030,#4031,#4032,#4033,#4034,#4035));
#1147=EDGE_LOOP('',(#4036,#4037,#4038,#4039,#4040,#4041));
#1148=EDGE_LOOP('',(#4042,#4043,#4044,#4045,#4046,#4047));
#1149=EDGE_LOOP('',(#4048,#4049,#4050,#4051,#4052,#4053));
#1150=EDGE_LOOP('',(#4054,#4055,#4056,#4057,#4058,#4059,#4060,#4061,#4062,
#4063,#4064,#4065,#4066));
#1151=EDGE_LOOP('',(#4067,#4068,#4069,#4070,#4071,#4072,#4073,#4074,#4075,
#4076,#4077,#4078,#4079));
#1152=EDGE_LOOP('',(#4080,#4081,#4082,#4083,#4084,#4085,#4086,#4087,#4088,
#4089,#4090,#4091,#4092));
#1153=EDGE_LOOP('',(#4093,#4094,#4095,#4096,#4097,#4098,#4099,#4100,#4101,
#4102,#4103,#4104,#4105));
#1154=EDGE_LOOP('',(#4106,#4107,#4108,#4109));
#1155=EDGE_LOOP('',(#4110,#4111,#4112,#4113));
#1156=EDGE_LOOP('',(#4114,#4115,#4116,#4117));
#1157=EDGE_LOOP('',(#4118,#4119,#4120,#4121));
#1158=EDGE_LOOP('',(#4122,#4123,#4124,#4125,#4126,#4127,#4128,#4129,#4130,
#4131,#4132,#4133));
#1159=EDGE_LOOP('',(#4134,#4135));
#1160=EDGE_LOOP('',(#4136,#4137));
#1161=EDGE_LOOP('',(#4138,#4139,#4140,#4141,#4142,#4143,#4144,#4145));
#1162=EDGE_LOOP('',(#4146,#4147,#4148));
#1163=EDGE_LOOP('',(#4149,#4150,#4151,#4152,#4153,#4154,#4155,#4156,#4157));
#1164=EDGE_LOOP('',(#4158,#4159,#4160));
#1165=EDGE_LOOP('',(#4161,#4162,#4163,#4164,#4165,#4166));
#1166=EDGE_LOOP('',(#4167,#4168,#4169,#4170,#4171,#4172,#4173,#4174));
#1167=EDGE_LOOP('',(#4175,#4176,#4177));
#1168=EDGE_LOOP('',(#4178,#4179,#4180,#4181,#4182,#4183));
#1169=EDGE_LOOP('',(#4184,#4185,#4186,#4187,#4188,#4189,#4190,#4191,#4192));
#1170=EDGE_LOOP('',(#4193,#4194,#4195));
#1171=EDGE_LOOP('',(#4196,#4197,#4198,#4199,#4200,#4201));
#1172=EDGE_LOOP('',(#4202,#4203,#4204,#4205,#4206,#4207,#4208,#4209));
#1173=EDGE_LOOP('',(#4210,#4211,#4212,#4213,#4214,#4215,#4216,#4217));
#1174=EDGE_LOOP('',(#4218));
#1175=EDGE_LOOP('',(#4219));
#1176=EDGE_LOOP('',(#4220));
#1177=EDGE_LOOP('',(#4221));
#1178=EDGE_LOOP('',(#4222));
#1179=EDGE_LOOP('',(#4223,#4224,#4225,#4226,#4227,#4228,#4229,#4230,#4231,
#4232));
#1180=EDGE_LOOP('',(#4233,#4234));
#1181=EDGE_LOOP('',(#4235,#4236));
#1182=EDGE_LOOP('',(#4237));
#1183=EDGE_LOOP('',(#4238,#4239));
#1184=EDGE_LOOP('',(#4240,#4241));
#1185=EDGE_LOOP('',(#4242,#4243,#4244));
#1186=EDGE_LOOP('',(#4245,#4246,#4247));
#1187=EDGE_LOOP('',(#4248,#4249,#4250));
#1188=EDGE_LOOP('',(#4251,#4252,#4253,#4254));
#1189=EDGE_LOOP('',(#4255,#4256,#4257,#4258));
#1190=EDGE_LOOP('',(#4259,#4260,#4261,#4262));
#1191=EDGE_LOOP('',(#4263,#4264,#4265,#4266));
#1192=EDGE_LOOP('',(#4267,#4268,#4269,#4270));
#1193=EDGE_LOOP('',(#4271,#4272,#4273,#4274));
#1194=EDGE_LOOP('',(#4275,#4276,#4277,#4278));
#1195=EDGE_LOOP('',(#4279,#4280,#4281,#4282));
#1196=EDGE_LOOP('',(#4283,#4284,#4285,#4286));
#1197=EDGE_LOOP('',(#4287,#4288,#4289,#4290));
#1198=EDGE_LOOP('',(#4291,#4292,#4293,#4294));
#1199=EDGE_LOOP('',(#4295,#4296,#4297,#4298,#4299,#4300));
#1200=EDGE_LOOP('',(#4301,#4302,#4303,#4304,#4305,#4306));
#1201=EDGE_LOOP('',(#4307,#4308,#4309,#4310,#4311,#4312));
#1202=EDGE_LOOP('',(#4313,#4314,#4315,#4316,#4317,#4318));
#1203=EDGE_LOOP('',(#4319,#4320,#4321));
#1204=EDGE_LOOP('',(#4322,#4323));
#1205=EDGE_LOOP('',(#4324,#4325));
#1206=EDGE_LOOP('',(#4326,#4327));
#1207=EDGE_LOOP('',(#4328,#4329));
#1208=EDGE_LOOP('',(#4330,#4331));
#1209=EDGE_LOOP('',(#4332,#4333));
#1210=EDGE_LOOP('',(#4334,#4335));
#1211=EDGE_LOOP('',(#4336,#4337));
#1212=EDGE_LOOP('',(#4338,#4339));
#1213=EDGE_LOOP('',(#4340,#4341));
#1214=EDGE_LOOP('',(#4342,#4343));
#1215=EDGE_LOOP('',(#4344,#4345));
#1216=EDGE_LOOP('',(#4346,#4347));
#1217=EDGE_LOOP('',(#4348,#4349));
#1218=EDGE_LOOP('',(#4350,#4351));
#1219=EDGE_LOOP('',(#4352,#4353));
#1220=EDGE_LOOP('',(#4354,#4355));
#1221=EDGE_LOOP('',(#4356,#4357));
#1222=EDGE_LOOP('',(#4358,#4359));
#1223=EDGE_LOOP('',(#4360,#4361));
#1224=EDGE_LOOP('',(#4362,#4363));
#1225=EDGE_LOOP('',(#4364,#4365));
#1226=EDGE_LOOP('',(#4366,#4367));
#1227=EDGE_LOOP('',(#4368,#4369));
#1228=EDGE_LOOP('',(#4370,#4371));
#1229=EDGE_LOOP('',(#4372,#4373));
#1230=EDGE_LOOP('',(#4374,#4375));
#1231=EDGE_LOOP('',(#4376,#4377));
#1232=EDGE_LOOP('',(#4378,#4379));
#1233=EDGE_LOOP('',(#4380,#4381));
#1234=EDGE_LOOP('',(#4382,#4383));
#1235=EDGE_LOOP('',(#4384,#4385));
#1236=EDGE_LOOP('',(#4386,#4387));
#1237=EDGE_LOOP('',(#4388,#4389));
#1238=EDGE_LOOP('',(#4390,#4391));
#1239=EDGE_LOOP('',(#4392,#4393));
#1240=EDGE_LOOP('',(#4394,#4395));
#1241=EDGE_LOOP('',(#4396,#4397));
#1242=EDGE_LOOP('',(#4398,#4399));
#1243=EDGE_LOOP('',(#4400,#4401));
#1244=EDGE_LOOP('',(#4402,#4403,#4404,#4405));
#1245=EDGE_LOOP('',(#4406,#4407,#4408,#4409,#4410,#4411));
#1246=EDGE_LOOP('',(#4412,#4413,#4414,#4415,#4416,#4417));
#1247=EDGE_LOOP('',(#4418,#4419,#4420,#4421));
#1248=EDGE_LOOP('',(#4422,#4423,#4424,#4425,#4426,#4427));
#1249=EDGE_LOOP('',(#4428,#4429,#4430,#4431,#4432,#4433));
#1250=EDGE_LOOP('',(#4434,#4435,#4436,#4437));
#1251=EDGE_LOOP('',(#4438,#4439,#4440,#4441,#4442,#4443));
#1252=EDGE_LOOP('',(#4444,#4445,#4446,#4447,#4448,#4449));
#1253=EDGE_LOOP('',(#4450,#4451,#4452,#4453,#4454,#4455));
#1254=EDGE_LOOP('',(#4456,#4457,#4458,#4459));
#1255=EDGE_LOOP('',(#4460,#4461,#4462,#4463,#4464,#4465));
#1256=EDGE_LOOP('',(#4466,#4467,#4468,#4469,#4470,#4471));
#1257=EDGE_LOOP('',(#4472,#4473,#4474,#4475,#4476,#4477));
#1258=EDGE_LOOP('',(#4478,#4479,#4480,#4481,#4482,#4483));
#1259=EDGE_LOOP('',(#4484,#4485,#4486,#4487,#4488,#4489));
#1260=EDGE_LOOP('',(#4490,#4491,#4492,#4493,#4494,#4495));
#1261=EDGE_LOOP('',(#4496,#4497,#4498,#4499,#4500,#4501));
#1262=EDGE_LOOP('',(#4502,#4503,#4504,#4505,#4506,#4507));
#1263=EDGE_LOOP('',(#4508,#4509,#4510,#4511,#4512,#4513));
#1264=EDGE_LOOP('',(#4514,#4515));
#1265=EDGE_LOOP('',(#4516,#4517));
#1266=EDGE_LOOP('',(#4518,#4519));
#1267=EDGE_LOOP('',(#4520,#4521));
#1268=EDGE_LOOP('',(#4522,#4523));
#1269=EDGE_LOOP('',(#4524,#4525));
#1270=EDGE_LOOP('',(#4526,#4527));
#1271=EDGE_LOOP('',(#4528,#4529));
#1272=EDGE_LOOP('',(#4530,#4531));
#1273=EDGE_LOOP('',(#4532,#4533));
#1274=EDGE_LOOP('',(#4534,#4535,#4536,#4537,#4538,#4539));
#1275=EDGE_LOOP('',(#4540,#4541,#4542,#4543,#4544,#4545));
#1276=EDGE_LOOP('',(#4546,#4547,#4548,#4549,#4550,#4551));
#1277=EDGE_LOOP('',(#4552,#4553,#4554,#4555,#4556,#4557));
#1278=EDGE_LOOP('',(#4558,#4559,#4560,#4561,#4562,#4563));
#1279=EDGE_LOOP('',(#4564,#4565,#4566,#4567,#4568,#4569));
#1280=EDGE_LOOP('',(#4570,#4571,#4572,#4573,#4574,#4575));
#1281=EDGE_LOOP('',(#4576,#4577,#4578,#4579,#4580,#4581));
#1282=EDGE_LOOP('',(#4582,#4583));
#1283=EDGE_LOOP('',(#4584,#4585));
#1284=EDGE_LOOP('',(#4586,#4587));
#1285=EDGE_LOOP('',(#4588,#4589));
#1286=EDGE_LOOP('',(#4590,#4591));
#1287=EDGE_LOOP('',(#4592,#4593));
#1288=EDGE_LOOP('',(#4594,#4595));
#1289=EDGE_LOOP('',(#4596,#4597));
#1290=EDGE_LOOP('',(#4598,#4599));
#1291=EDGE_LOOP('',(#4600,#4601));
#1292=EDGE_LOOP('',(#4602,#4603,#4604,#4605,#4606,#4607));
#1293=EDGE_LOOP('',(#4608,#4609,#4610,#4611,#4612,#4613));
#1294=EDGE_LOOP('',(#4614,#4615,#4616,#4617,#4618,#4619));
#1295=EDGE_LOOP('',(#4620,#4621,#4622,#4623,#4624,#4625));
#1296=EDGE_LOOP('',(#4626,#4627,#4628,#4629,#4630,#4631));
#1297=EDGE_LOOP('',(#4632,#4633,#4634,#4635,#4636,#4637));
#1298=EDGE_LOOP('',(#4638,#4639,#4640,#4641,#4642,#4643));
#1299=EDGE_LOOP('',(#4644,#4645,#4646,#4647,#4648,#4649));
#1300=EDGE_LOOP('',(#4650,#4651));
#1301=EDGE_LOOP('',(#4652,#4653));
#1302=EDGE_LOOP('',(#4654,#4655));
#1303=EDGE_LOOP('',(#4656,#4657));
#1304=EDGE_LOOP('',(#4658,#4659));
#1305=EDGE_LOOP('',(#4660,#4661));
#1306=EDGE_LOOP('',(#4662,#4663));
#1307=EDGE_LOOP('',(#4664,#4665));
#1308=EDGE_LOOP('',(#4666,#4667));
#1309=EDGE_LOOP('',(#4668,#4669));
#1310=EDGE_LOOP('',(#4670,#4671,#4672,#4673,#4674,#4675));
#1311=EDGE_LOOP('',(#4676,#4677,#4678,#4679,#4680,#4681));
#1312=EDGE_LOOP('',(#4682,#4683,#4684,#4685,#4686,#4687));
#1313=EDGE_LOOP('',(#4688,#4689,#4690,#4691,#4692,#4693));
#1314=EDGE_LOOP('',(#4694,#4695,#4696,#4697,#4698,#4699));
#1315=EDGE_LOOP('',(#4700,#4701,#4702,#4703,#4704,#4705));
#1316=EDGE_LOOP('',(#4706,#4707,#4708,#4709,#4710,#4711));
#1317=EDGE_LOOP('',(#4712,#4713,#4714,#4715,#4716,#4717));
#1318=EDGE_LOOP('',(#4718,#4719));
#1319=EDGE_LOOP('',(#4720,#4721));
#1320=EDGE_LOOP('',(#4722,#4723));
#1321=EDGE_LOOP('',(#4724,#4725));
#1322=EDGE_LOOP('',(#4726,#4727));
#1323=EDGE_LOOP('',(#4728,#4729));
#1324=EDGE_LOOP('',(#4730,#4731));
#1325=EDGE_LOOP('',(#4732,#4733));
#1326=EDGE_LOOP('',(#4734,#4735));
#1327=EDGE_LOOP('',(#4736,#4737));
#1328=LINE('',#7598,#1646);
#1329=LINE('',#7600,#1647);
#1330=LINE('',#7602,#1648);
#1331=LINE('',#7603,#1649);
#1332=LINE('',#7609,#1650);
#1333=LINE('',#7612,#1651);
#1334=LINE('',#7614,#1652);
#1335=LINE('',#7615,#1653);
#1336=LINE('',#7621,#1654);
#1337=LINE('',#7624,#1655);
#1338=LINE('',#7626,#1656);
#1339=LINE('',#7627,#1657);
#1340=LINE('',#7633,#1658);
#1341=LINE('',#7636,#1659);
#1342=LINE('',#7638,#1660);
#1343=LINE('',#7639,#1661);
#1344=LINE('',#7647,#1662);
#1345=LINE('',#7653,#1663);
#1346=LINE('',#7661,#1664);
#1347=LINE('',#7670,#1665);
#1348=LINE('',#7676,#1666);
#1349=LINE('',#7682,#1667);
#1350=LINE('',#7691,#1668);
#1351=LINE('',#7697,#1669);
#1352=LINE('',#7704,#1670);
#1353=LINE('',#7713,#1671);
#1354=LINE('',#7719,#1672);
#1355=LINE('',#7727,#1673);
#1356=LINE('',#7736,#1674);
#1357=LINE('',#7742,#1675);
#1358=LINE('',#7748,#1676);
#1359=LINE('',#7758,#1677);
#1360=LINE('',#7768,#1678);
#1361=LINE('',#7778,#1679);
#1362=LINE('',#7788,#1680);
#1363=LINE('',#7791,#1681);
#1364=LINE('',#7797,#1682);
#1365=LINE('',#7800,#1683);
#1366=LINE('',#7804,#1684);
#1367=LINE('',#7808,#1685);
#1368=LINE('',#7812,#1686);
#1369=LINE('',#7816,#1687);
#1370=LINE('',#7822,#1688);
#1371=LINE('',#7826,#1689);
#1372=LINE('',#7830,#1690);
#1373=LINE('',#7834,#1691);
#1374=LINE('',#7838,#1692);
#1375=LINE('',#7842,#1693);
#1376=LINE('',#7846,#1694);
#1377=LINE('',#7849,#1695);
#1378=LINE('',#7855,#1696);
#1379=LINE('',#7859,#1697);
#1380=LINE('',#7863,#1698);
#1381=LINE('',#7866,#1699);
#1382=LINE('',#7868,#1700);
#1383=LINE('',#7871,#1701);
#1384=LINE('',#7874,#1702);
#1385=LINE('',#7878,#1703);
#1386=LINE('',#7882,#1704);
#1387=LINE('',#7886,#1705);
#1388=LINE('',#7889,#1706);
#1389=LINE('',#7892,#1707);
#1390=LINE('',#7895,#1708);
#1391=LINE('',#7899,#1709);
#1392=LINE('',#7903,#1710);
#1393=LINE('',#7906,#1711);
#1394=LINE('',#7909,#1712);
#1395=LINE('',#7910,#1713);
#1396=LINE('',#7913,#1714);
#1397=LINE('',#7917,#1715);
#1398=LINE('',#7918,#1716);
#1399=LINE('',#7921,#1717);
#1400=LINE('',#7925,#1718);
#1401=LINE('',#7926,#1719);
#1402=LINE('',#7929,#1720);
#1403=LINE('',#7932,#1721);
#1404=LINE('',#7951,#1722);
#1405=LINE('',#7954,#1723);
#1406=LINE('',#7956,#1724);
#1407=LINE('',#7958,#1725);
#1408=LINE('',#7962,#1726);
#1409=LINE('',#7965,#1727);
#1410=LINE('',#7968,#1728);
#1411=LINE('',#7969,#1729);
#1412=LINE('',#7972,#1730);
#1413=LINE('',#7975,#1731);
#1414=LINE('',#7979,#1732);
#1415=LINE('',#7982,#1733);
#1416=LINE('',#7985,#1734);
#1417=LINE('',#7986,#1735);
#1418=LINE('',#7989,#1736);
#1419=LINE('',#7992,#1737);
#1420=LINE('',#7996,#1738);
#1421=LINE('',#7999,#1739);
#1422=LINE('',#8001,#1740);
#1423=LINE('',#8003,#1741);
#1424=LINE('',#8007,#1742);
#1425=LINE('',#8010,#1743);
#1426=LINE('',#8013,#1744);
#1427=LINE('',#8014,#1745);
#1428=LINE('',#8017,#1746);
#1429=LINE('',#8020,#1747);
#1430=LINE('',#8031,#1748);
#1431=LINE('',#8035,#1749);
#1432=LINE('',#8039,#1750);
#1433=LINE('',#8043,#1751);
#1434=LINE('',#8047,#1752);
#1435=LINE('',#8051,#1753);
#1436=LINE('',#8055,#1754);
#1437=LINE('',#8058,#1755);
#1438=LINE('',#8061,#1756);
#1439=LINE('',#8065,#1757);
#1440=LINE('',#8069,#1758);
#1441=LINE('',#8073,#1759);
#1442=LINE('',#8077,#1760);
#1443=LINE('',#8081,#1761);
#1444=LINE('',#8085,#1762);
#1445=LINE('',#8089,#1763);
#1446=LINE('',#8092,#1764);
#1447=LINE('',#8093,#1765);
#1448=LINE('',#8095,#1766);
#1449=LINE('',#8097,#1767);
#1450=LINE('',#8099,#1768);
#1451=LINE('',#8101,#1769);
#1452=LINE('',#8103,#1770);
#1453=LINE('',#8105,#1771);
#1454=LINE('',#8107,#1772);
#1455=LINE('',#8109,#1773);
#1456=LINE('',#8111,#1774);
#1457=LINE('',#8113,#1775);
#1458=LINE('',#8115,#1776);
#1459=LINE('',#8117,#1777);
#1460=LINE('',#8119,#1778);
#1461=LINE('',#8121,#1779);
#1462=LINE('',#8127,#1780);
#1463=LINE('',#8128,#1781);
#1464=LINE('',#8131,#1782);
#1465=LINE('',#8132,#1783);
#1466=LINE('',#8136,#1784);
#1467=LINE('',#8139,#1785);
#1468=LINE('',#8140,#1786);
#1469=LINE('',#8144,#1787);
#1470=LINE('',#8147,#1788);
#1471=LINE('',#8148,#1789);
#1472=LINE('',#8152,#1790);
#1473=LINE('',#8155,#1791);
#1474=LINE('',#8156,#1792);
#1475=LINE('',#8160,#1793);
#1476=LINE('',#8163,#1794);
#1477=LINE('',#8164,#1795);
#1478=LINE('',#8168,#1796);
#1479=LINE('',#8171,#1797);
#1480=LINE('',#8172,#1798);
#1481=LINE('',#8176,#1799);
#1482=LINE('',#8179,#1800);
#1483=LINE('',#8180,#1801);
#1484=LINE('',#8184,#1802);
#1485=LINE('',#8186,#1803);
#1486=LINE('',#8195,#1804);
#1487=LINE('',#8205,#1805);
#1488=LINE('',#8214,#1806);
#1489=LINE('',#8217,#1807);
#1490=LINE('',#8220,#1808);
#1491=LINE('',#8222,#1809);
#1492=LINE('',#8223,#1810);
#1493=LINE('',#8227,#1811);
#1494=LINE('',#8229,#1812);
#1495=LINE('',#8231,#1813);
#1496=LINE('',#8232,#1814);
#1497=LINE('',#8238,#1815);
#1498=LINE('',#8240,#1816);
#1499=LINE('',#8241,#1817);
#1500=LINE('',#8245,#1818);
#1501=LINE('',#8247,#1819);
#1502=LINE('',#8249,#1820);
#1503=LINE('',#8250,#1821);
#1504=LINE('',#8256,#1822);
#1505=LINE('',#8259,#1823);
#1506=LINE('',#8261,#1824);
#1507=LINE('',#8262,#1825);
#1508=LINE('',#8268,#1826);
#1509=LINE('',#8271,#1827);
#1510=LINE('',#8273,#1828);
#1511=LINE('',#8274,#1829);
#1512=LINE('',#8280,#1830);
#1513=LINE('',#8283,#1831);
#1514=LINE('',#8285,#1832);
#1515=LINE('',#8286,#1833);
#1516=LINE('',#8292,#1834);
#1517=LINE('',#8296,#1835);
#1518=LINE('',#8300,#1836);
#1519=LINE('',#8304,#1837);
#1520=LINE('',#8307,#1838);
#1521=LINE('',#8309,#1839);
#1522=LINE('',#8313,#1840);
#1523=LINE('',#8317,#1841);
#1524=LINE('',#8321,#1842);
#1525=LINE('',#8324,#1843);
#1526=LINE('',#8327,#1844);
#1527=LINE('',#8329,#1845);
#1528=LINE('',#8330,#1846);
#1529=LINE('',#8355,#1847);
#1530=LINE('',#8365,#1848);
#1531=LINE('',#8375,#1849);
#1532=LINE('',#8384,#1850);
#1533=LINE('',#8394,#1851);
#1534=LINE('',#8404,#1852);
#1535=LINE('',#8414,#1853);
#1536=LINE('',#8424,#1854);
#1537=LINE('',#8434,#1855);
#1538=LINE('',#8445,#1856);
#1539=LINE('',#8455,#1857);
#1540=LINE('',#8465,#1858);
#1541=LINE('',#8474,#1859);
#1542=LINE('',#8484,#1860);
#1543=LINE('',#8494,#1861);
#1544=LINE('',#8504,#1862);
#1545=LINE('',#8514,#1863);
#1546=LINE('',#8524,#1864);
#1547=LINE('',#8534,#1865);
#1548=LINE('',#8544,#1866);
#1549=LINE('',#8578,#1867);
#1550=LINE('',#8610,#1868);
#1551=LINE('',#8628,#1869);
#1552=LINE('',#8669,#1870);
#1553=LINE('',#8700,#1871);
#1554=LINE('',#8703,#1872);
#1555=LINE('',#8709,#1873);
#1556=LINE('',#8712,#1874);
#1557=LINE('',#8718,#1875);
#1558=LINE('',#8721,#1876);
#1559=LINE('',#8727,#1877);
#1560=LINE('',#8730,#1878);
#1561=LINE('',#8732,#1879);
#1562=LINE('',#8734,#1880);
#1563=LINE('',#8736,#1881);
#1564=LINE('',#8737,#1882);
#1565=LINE('',#8740,#1883);
#1566=LINE('',#8741,#1884);
#1567=LINE('',#8744,#1885);
#1568=LINE('',#8746,#1886);
#1569=LINE('',#8750,#1887);
#1570=LINE('',#8751,#1888);
#1571=LINE('',#8755,#1889);
#1572=LINE('',#8757,#1890);
#1573=LINE('',#8759,#1891);
#1574=LINE('',#8760,#1892);
#1575=LINE('',#8761,#1893);
#1576=LINE('',#8764,#1894);
#1577=LINE('',#8766,#1895);
#1578=LINE('',#8770,#1896);
#1579=LINE('',#8771,#1897);
#1580=LINE('',#8775,#1898);
#1581=LINE('',#8777,#1899);
#1582=LINE('',#8778,#1900);
#1583=LINE('',#8780,#1901);
#1584=LINE('',#8781,#1902);
#1585=LINE('',#8783,#1903);
#1586=LINE('',#8785,#1904);
#1587=LINE('',#8790,#1905);
#1588=LINE('',#8791,#1906);
#1589=LINE('',#8795,#1907);
#1590=LINE('',#8797,#1908);
#1591=LINE('',#8798,#1909);
#1592=LINE('',#8800,#1910);
#1593=LINE('',#8801,#1911);
#1594=LINE('',#8804,#1912);
#1595=LINE('',#8807,#1913);
#1596=LINE('',#8815,#1914);
#1597=LINE('',#8817,#1915);
#1598=LINE('',#8819,#1916);
#1599=LINE('',#8822,#1917);
#1600=LINE('',#8823,#1918);
#1601=LINE('',#8825,#1919);
#1602=LINE('',#8830,#1920);
#1603=LINE('',#8832,#1921);
#1604=LINE('',#8835,#1922);
#1605=LINE('',#8922,#1923);
#1606=LINE('',#8948,#1924);
#1607=LINE('',#8949,#1925);
#1608=LINE('',#8953,#1926);
#1609=LINE('',#8954,#1927);
#1610=LINE('',#8958,#1928);
#1611=LINE('',#8959,#1929);
#1612=LINE('',#8963,#1930);
#1613=LINE('',#8965,#1931);
#1614=LINE('',#8973,#1932);
#1615=LINE('',#8982,#1933);
#1616=LINE('',#8989,#1934);
#1617=LINE('',#8998,#1935);
#1618=LINE('',#9005,#1936);
#1619=LINE('',#9015,#1937);
#1620=LINE('',#9025,#1938);
#1621=LINE('',#9031,#1939);
#1622=LINE('',#9045,#1940);
#1623=LINE('',#9054,#1941);
#1624=LINE('',#9061,#1942);
#1625=LINE('',#9070,#1943);
#1626=LINE('',#9077,#1944);
#1627=LINE('',#9087,#1945);
#1628=LINE('',#9097,#1946);
#1629=LINE('',#9104,#1947);
#1630=LINE('',#9119,#1948);
#1631=LINE('',#9128,#1949);
#1632=LINE('',#9135,#1950);
#1633=LINE('',#9144,#1951);
#1634=LINE('',#9151,#1952);
#1635=LINE('',#9161,#1953);
#1636=LINE('',#9171,#1954);
#1637=LINE('',#9177,#1955);
#1638=LINE('',#9191,#1956);
#1639=LINE('',#9200,#1957);
#1640=LINE('',#9207,#1958);
#1641=LINE('',#9216,#1959);
#1642=LINE('',#9223,#1960);
#1643=LINE('',#9233,#1961);
#1644=LINE('',#9243,#1962);
#1645=LINE('',#9250,#1963);
#1646=VECTOR('',#5881,0.393700787401575);
#1647=VECTOR('',#5882,0.393700787401575);
#1648=VECTOR('',#5883,0.393700787401575);
#1649=VECTOR('',#5884,0.393700787401575);
#1650=VECTOR('',#5891,0.393700787401575);
#1651=VECTOR('',#5894,0.393700787401575);
#1652=VECTOR('',#5895,0.393700787401575);
#1653=VECTOR('',#5896,0.393700787401575);
#1654=VECTOR('',#5903,0.393700787401575);
#1655=VECTOR('',#5906,0.393700787401575);
#1656=VECTOR('',#5907,0.393700787401575);
#1657=VECTOR('',#5908,0.393700787401575);
#1658=VECTOR('',#5915,0.393700787401575);
#1659=VECTOR('',#5918,0.393700787401575);
#1660=VECTOR('',#5919,0.393700787401575);
#1661=VECTOR('',#5920,0.393700787401575);
#1662=VECTOR('',#5931,0.1875);
#1663=VECTOR('',#5938,0.1875);
#1664=VECTOR('',#5947,0.12);
#1665=VECTOR('',#5958,0.12);
#1666=VECTOR('',#5965,0.0639999999999999);
#1667=VECTOR('',#5970,0.12);
#1668=VECTOR('',#5981,0.12);
#1669=VECTOR('',#5988,0.0639999999999999);
#1670=VECTOR('',#5995,0.12);
#1671=VECTOR('',#6006,0.12);
#1672=VECTOR('',#6013,0.0639999999999999);
#1673=VECTOR('',#6022,0.12);
#1674=VECTOR('',#6033,0.12);
#1675=VECTOR('',#6040,0.0639999999999999);
#1676=VECTOR('',#6045,0.145);
#1677=VECTOR('',#6056,0.145);
#1678=VECTOR('',#6067,0.145);
#1679=VECTOR('',#6078,0.145);
#1680=VECTOR('',#6089,39.3700787401575);
#1681=VECTOR('',#6092,39.3700787401575);
#1682=VECTOR('',#6097,39.3700787401575);
#1683=VECTOR('',#6100,39.3700787401575);
#1684=VECTOR('',#6103,39.3700787401575);
#1685=VECTOR('',#6106,39.3700787401575);
#1686=VECTOR('',#6109,39.3700787401575);
#1687=VECTOR('',#6112,39.3700787401575);
#1688=VECTOR('',#6117,39.3700787401575);
#1689=VECTOR('',#6120,39.3700787401575);
#1690=VECTOR('',#6123,39.3700787401575);
#1691=VECTOR('',#6126,39.3700787401575);
#1692=VECTOR('',#6129,39.3700787401575);
#1693=VECTOR('',#6132,39.3700787401575);
#1694=VECTOR('',#6135,39.3700787401575);
#1695=VECTOR('',#6138,39.3700787401575);
#1696=VECTOR('',#6143,39.3700787401575);
#1697=VECTOR('',#6146,39.3700787401575);
#1698=VECTOR('',#6149,39.3700787401575);
#1699=VECTOR('',#6152,39.3700787401575);
#1700=VECTOR('',#6153,39.3700787401575);
#1701=VECTOR('',#6156,39.3700787401575);
#1702=VECTOR('',#6157,39.3700787401575);
#1703=VECTOR('',#6160,39.3700787401575);
#1704=VECTOR('',#6163,39.3700787401575);
#1705=VECTOR('',#6166,39.3700787401575);
#1706=VECTOR('',#6169,39.3700787401575);
#1707=VECTOR('',#6172,39.3700787401575);
#1708=VECTOR('',#6173,39.3700787401575);
#1709=VECTOR('',#6176,39.3700787401575);
#1710=VECTOR('',#6181,39.3700787401575);
#1711=VECTOR('',#6184,39.3700787401575);
#1712=VECTOR('',#6187,39.3700787401575);
#1713=VECTOR('',#6188,39.3700787401575);
#1714=VECTOR('',#6191,39.3700787401575);
#1715=VECTOR('',#6196,39.3700787401575);
#1716=VECTOR('',#6197,39.3700787401575);
#1717=VECTOR('',#6200,39.3700787401575);
#1718=VECTOR('',#6205,39.3700787401575);
#1719=VECTOR('',#6206,39.3700787401575);
#1720=VECTOR('',#6209,39.3700787401575);
#1721=VECTOR('',#6214,39.3700787401575);
#1722=VECTOR('',#6249,39.3700787401575);
#1723=VECTOR('',#6252,39.3700787401575);
#1724=VECTOR('',#6255,39.3700787401575);
#1725=VECTOR('',#6258,39.3700787401575);
#1726=VECTOR('',#6263,39.3700787401575);
#1727=VECTOR('',#6266,39.3700787401575);
#1728=VECTOR('',#6269,39.3700787401575);
#1729=VECTOR('',#6270,39.3700787401575);
#1730=VECTOR('',#6273,39.3700787401575);
#1731=VECTOR('',#6278,39.3700787401575);
#1732=VECTOR('',#6283,39.3700787401575);
#1733=VECTOR('',#6286,39.3700787401575);
#1734=VECTOR('',#6289,39.3700787401575);
#1735=VECTOR('',#6290,39.3700787401575);
#1736=VECTOR('',#6293,39.3700787401575);
#1737=VECTOR('',#6298,39.3700787401575);
#1738=VECTOR('',#6303,39.3700787401575);
#1739=VECTOR('',#6306,39.3700787401575);
#1740=VECTOR('',#6309,39.3700787401575);
#1741=VECTOR('',#6312,39.3700787401575);
#1742=VECTOR('',#6317,39.3700787401575);
#1743=VECTOR('',#6320,39.3700787401575);
#1744=VECTOR('',#6323,39.3700787401575);
#1745=VECTOR('',#6324,39.3700787401575);
#1746=VECTOR('',#6327,39.3700787401575);
#1747=VECTOR('',#6332,39.3700787401575);
#1748=VECTOR('',#6347,39.3700787401575);
#1749=VECTOR('',#6350,39.3700787401575);
#1750=VECTOR('',#6353,39.3700787401575);
#1751=VECTOR('',#6356,39.3700787401575);
#1752=VECTOR('',#6359,39.3700787401575);
#1753=VECTOR('',#6362,39.3700787401575);
#1754=VECTOR('',#6365,39.3700787401575);
#1755=VECTOR('',#6368,39.3700787401575);
#1756=VECTOR('',#6369,39.3700787401575);
#1757=VECTOR('',#6372,39.3700787401575);
#1758=VECTOR('',#6375,39.3700787401575);
#1759=VECTOR('',#6378,39.3700787401575);
#1760=VECTOR('',#6381,39.3700787401575);
#1761=VECTOR('',#6384,39.3700787401575);
#1762=VECTOR('',#6387,39.3700787401575);
#1763=VECTOR('',#6390,39.3700787401575);
#1764=VECTOR('',#6395,39.3700787401575);
#1765=VECTOR('',#6396,39.3700787401575);
#1766=VECTOR('',#6399,39.3700787401575);
#1767=VECTOR('',#6402,39.3700787401575);
#1768=VECTOR('',#6405,39.3700787401575);
#1769=VECTOR('',#6408,39.3700787401575);
#1770=VECTOR('',#6411,39.3700787401575);
#1771=VECTOR('',#6414,39.3700787401575);
#1772=VECTOR('',#6417,39.3700787401575);
#1773=VECTOR('',#6420,39.3700787401575);
#1774=VECTOR('',#6423,39.3700787401575);
#1775=VECTOR('',#6426,39.3700787401575);
#1776=VECTOR('',#6429,39.3700787401575);
#1777=VECTOR('',#6432,39.3700787401575);
#1778=VECTOR('',#6435,39.3700787401575);
#1779=VECTOR('',#6438,39.3700787401575);
#1780=VECTOR('',#6445,39.3700787401575);
#1781=VECTOR('',#6446,39.3700787401575);
#1782=VECTOR('',#6449,39.3700787401575);
#1783=VECTOR('',#6450,39.3700787401575);
#1784=VECTOR('',#6455,39.3700787401575);
#1785=VECTOR('',#6458,39.3700787401575);
#1786=VECTOR('',#6459,39.3700787401575);
#1787=VECTOR('',#6464,39.3700787401575);
#1788=VECTOR('',#6467,39.3700787401575);
#1789=VECTOR('',#6468,39.3700787401575);
#1790=VECTOR('',#6473,39.3700787401575);
#1791=VECTOR('',#6476,39.3700787401575);
#1792=VECTOR('',#6477,39.3700787401575);
#1793=VECTOR('',#6482,39.3700787401575);
#1794=VECTOR('',#6485,39.3700787401575);
#1795=VECTOR('',#6486,39.3700787401575);
#1796=VECTOR('',#6491,39.3700787401575);
#1797=VECTOR('',#6494,39.3700787401575);
#1798=VECTOR('',#6495,39.3700787401575);
#1799=VECTOR('',#6500,39.3700787401575);
#1800=VECTOR('',#6503,39.3700787401575);
#1801=VECTOR('',#6504,39.3700787401575);
#1802=VECTOR('',#6509,39.3700787401575);
#1803=VECTOR('',#6512,39.3700787401575);
#1804=VECTOR('',#6523,0.25);
#1805=VECTOR('',#6534,0.25);
#1806=VECTOR('',#6543,0.393700787401575);
#1807=VECTOR('',#6546,0.393700787401575);
#1808=VECTOR('',#6549,0.393700787401575);
#1809=VECTOR('',#6550,0.393700787401575);
#1810=VECTOR('',#6551,0.393700787401575);
#1811=VECTOR('',#6554,0.393700787401575);
#1812=VECTOR('',#6555,0.393700787401575);
#1813=VECTOR('',#6556,0.393700787401575);
#1814=VECTOR('',#6557,0.393700787401575);
#1815=VECTOR('',#6564,0.393700787401575);
#1816=VECTOR('',#6567,0.393700787401575);
#1817=VECTOR('',#6568,0.393700787401575);
#1818=VECTOR('',#6571,0.393700787401575);
#1819=VECTOR('',#6572,0.393700787401575);
#1820=VECTOR('',#6573,0.393700787401575);
#1821=VECTOR('',#6574,0.393700787401575);
#1822=VECTOR('',#6581,0.393700787401575);
#1823=VECTOR('',#6584,0.393700787401575);
#1824=VECTOR('',#6585,0.393700787401575);
#1825=VECTOR('',#6586,0.393700787401575);
#1826=VECTOR('',#6593,0.393700787401575);
#1827=VECTOR('',#6596,0.393700787401575);
#1828=VECTOR('',#6597,0.393700787401575);
#1829=VECTOR('',#6598,0.393700787401575);
#1830=VECTOR('',#6605,0.393700787401575);
#1831=VECTOR('',#6608,0.393700787401575);
#1832=VECTOR('',#6609,0.393700787401575);
#1833=VECTOR('',#6610,0.393700787401575);
#1834=VECTOR('',#6619,39.3700787401575);
#1835=VECTOR('',#6622,39.3700787401575);
#1836=VECTOR('',#6625,39.3700787401575);
#1837=VECTOR('',#6628,39.3700787401575);
#1838=VECTOR('',#6631,39.3700787401575);
#1839=VECTOR('',#6632,39.3700787401575);
#1840=VECTOR('',#6635,39.3700787401575);
#1841=VECTOR('',#6638,39.3700787401575);
#1842=VECTOR('',#6641,39.3700787401575);
#1843=VECTOR('',#6644,39.3700787401575);
#1844=VECTOR('',#6647,39.3700787401575);
#1845=VECTOR('',#6648,39.3700787401575);
#1846=VECTOR('',#6649,39.3700787401575);
#1847=VECTOR('',#6680,0.0599999999999996);
#1848=VECTOR('',#6691,0.0929999999999998);
#1849=VECTOR('',#6702,0.1255);
#1850=VECTOR('',#6711,0.0599999999999996);
#1851=VECTOR('',#6722,0.0929999999999998);
#1852=VECTOR('',#6733,0.1255);
#1853=VECTOR('',#6744,0.0599999999999996);
#1854=VECTOR('',#6755,0.0929999999999998);
#1855=VECTOR('',#6766,0.1255);
#1856=VECTOR('',#6779,0.0599999999999996);
#1857=VECTOR('',#6790,0.0929999999999998);
#1858=VECTOR('',#6801,0.1255);
#1859=VECTOR('',#6810,0.0449999999999999);
#1860=VECTOR('',#6821,0.0449999999999999);
#1861=VECTOR('',#6832,0.0449999999999999);
#1862=VECTOR('',#6843,0.0449999999999999);
#1863=VECTOR('',#6854,0.125);
#1864=VECTOR('',#6865,0.125);
#1865=VECTOR('',#6876,0.125);
#1866=VECTOR('',#6887,0.125);
#1867=VECTOR('',#6908,0.1565);
#1868=VECTOR('',#6929,0.1565);
#1869=VECTOR('',#6938,0.1565);
#1870=VECTOR('',#6957,0.1565);
#1871=VECTOR('',#6978,39.3700787401575);
#1872=VECTOR('',#6981,39.3700787401575);
#1873=VECTOR('',#6986,39.3700787401575);
#1874=VECTOR('',#6989,39.3700787401575);
#1875=VECTOR('',#6994,39.3700787401575);
#1876=VECTOR('',#6997,39.3700787401575);
#1877=VECTOR('',#7004,39.3700787401575);
#1878=VECTOR('',#7007,39.3700787401575);
#1879=VECTOR('',#7008,39.3700787401575);
#1880=VECTOR('',#7009,39.3700787401575);
#1881=VECTOR('',#7010,39.3700787401575);
#1882=VECTOR('',#7011,39.3700787401575);
#1883=VECTOR('',#7014,39.3700787401575);
#1884=VECTOR('',#7015,39.3700787401575);
#1885=VECTOR('',#7020,39.3700787401575);
#1886=VECTOR('',#7021,39.3700787401575);
#1887=VECTOR('',#7026,39.3700787401575);
#1888=VECTOR('',#7027,39.3700787401575);
#1889=VECTOR('',#7030,39.3700787401575);
#1890=VECTOR('',#7031,39.3700787401575);
#1891=VECTOR('',#7032,39.3700787401575);
#1892=VECTOR('',#7033,39.3700787401575);
#1893=VECTOR('',#7034,39.3700787401575);
#1894=VECTOR('',#7039,39.3700787401575);
#1895=VECTOR('',#7040,39.3700787401575);
#1896=VECTOR('',#7045,39.3700787401575);
#1897=VECTOR('',#7046,39.3700787401575);
#1898=VECTOR('',#7049,39.3700787401575);
#1899=VECTOR('',#7050,39.3700787401575);
#1900=VECTOR('',#7051,39.3700787401575);
#1901=VECTOR('',#7052,39.3700787401575);
#1902=VECTOR('',#7053,39.3700787401575);
#1903=VECTOR('',#7056,39.3700787401575);
#1904=VECTOR('',#7057,39.3700787401575);
#1905=VECTOR('',#7064,39.3700787401575);
#1906=VECTOR('',#7065,39.3700787401575);
#1907=VECTOR('',#7068,39.3700787401575);
#1908=VECTOR('',#7069,39.3700787401575);
#1909=VECTOR('',#7070,39.3700787401575);
#1910=VECTOR('',#7071,39.3700787401575);
#1911=VECTOR('',#7072,39.3700787401575);
#1912=VECTOR('',#7075,39.3700787401575);
#1913=VECTOR('',#7080,39.3700787401575);
#1914=VECTOR('',#7095,39.3700787401575);
#1915=VECTOR('',#7098,39.3700787401575);
#1916=VECTOR('',#7101,39.3700787401575);
#1917=VECTOR('',#7106,39.3700787401575);
#1918=VECTOR('',#7107,39.3700787401575);
#1919=VECTOR('',#7110,39.3700787401575);
#1920=VECTOR('',#7119,39.3700787401575);
#1921=VECTOR('',#7122,39.3700787401575);
#1922=VECTOR('',#7127,39.3700787401575);
#1923=VECTOR('',#7164,39.3700787401575);
#1924=VECTOR('',#7215,39.3700787401575);
#1925=VECTOR('',#7216,39.3700787401575);
#1926=VECTOR('',#7223,39.3700787401575);
#1927=VECTOR('',#7224,39.3700787401575);
#1928=VECTOR('',#7231,39.3700787401575);
#1929=VECTOR('',#7232,39.3700787401575);
#1930=VECTOR('',#7239,39.3700787401575);
#1931=VECTOR('',#7242,39.3700787401575);
#1932=VECTOR('',#7251,0.0625);
#1933=VECTOR('',#7262,0.0445);
#1934=VECTOR('',#7269,0.0785);
#1935=VECTOR('',#7280,0.0884999999999999);
#1936=VECTOR('',#7287,0.0985);
#1937=VECTOR('',#7298,0.0884999999999999);
#1938=VECTOR('',#7309,0.125);
#1939=VECTOR('',#7316,0.125);
#1940=VECTOR('',#7335,0.0625);
#1941=VECTOR('',#7346,0.0445);
#1942=VECTOR('',#7353,0.0785);
#1943=VECTOR('',#7364,0.0884999999999999);
#1944=VECTOR('',#7371,0.0985);
#1945=VECTOR('',#7382,0.0884999999999999);
#1946=VECTOR('',#7393,0.125);
#1947=VECTOR('',#7402,0.125);
#1948=VECTOR('',#7423,0.0625);
#1949=VECTOR('',#7434,0.0445);
#1950=VECTOR('',#7441,0.0785);
#1951=VECTOR('',#7452,0.0884999999999999);
#1952=VECTOR('',#7459,0.0985);
#1953=VECTOR('',#7470,0.0884999999999999);
#1954=VECTOR('',#7481,0.125);
#1955=VECTOR('',#7488,0.125);
#1956=VECTOR('',#7507,0.0625);
#1957=VECTOR('',#7518,0.0445);
#1958=VECTOR('',#7525,0.0785);
#1959=VECTOR('',#7536,0.0884999999999999);
#1960=VECTOR('',#7543,0.0985);
#1961=VECTOR('',#7554,0.0884999999999999);
#1962=VECTOR('',#7565,0.125);
#1963=VECTOR('',#7574,0.125);
#1964=VERTEX_POINT('',#7596);
#1965=VERTEX_POINT('',#7597);
#1966=VERTEX_POINT('',#7599);
#1967=VERTEX_POINT('',#7601);
#1968=VERTEX_POINT('',#7605);
#1969=VERTEX_POINT('',#7607);
#1970=VERTEX_POINT('',#7611);
#1971=VERTEX_POINT('',#7613);
#1972=VERTEX_POINT('',#7617);
#1973=VERTEX_POINT('',#7619);
#1974=VERTEX_POINT('',#7623);
#1975=VERTEX_POINT('',#7625);
#1976=VERTEX_POINT('',#7629);
#1977=VERTEX_POINT('',#7631);
#1978=VERTEX_POINT('',#7635);
#1979=VERTEX_POINT('',#7637);
#1980=VERTEX_POINT('',#7644);
#1981=VERTEX_POINT('',#7646);
#1982=VERTEX_POINT('',#7650);
#1983=VERTEX_POINT('',#7652);
#1984=VERTEX_POINT('',#7656);
#1985=VERTEX_POINT('',#7657);
#1986=VERTEX_POINT('',#7660);
#1987=VERTEX_POINT('',#7662);
#1988=VERTEX_POINT('',#7666);
#1989=VERTEX_POINT('',#7667);
#1990=VERTEX_POINT('',#7672);
#1991=VERTEX_POINT('',#7673);
#1992=VERTEX_POINT('',#7678);
#1993=VERTEX_POINT('',#7679);
#1994=VERTEX_POINT('',#7681);
#1995=VERTEX_POINT('',#7683);
#1996=VERTEX_POINT('',#7688);
#1997=VERTEX_POINT('',#7689);
#1998=VERTEX_POINT('',#7694);
#1999=VERTEX_POINT('',#7695);
#2000=VERTEX_POINT('',#7700);
#2001=VERTEX_POINT('',#7701);
#2002=VERTEX_POINT('',#7703);
#2003=VERTEX_POINT('',#7705);
#2004=VERTEX_POINT('',#7710);
#2005=VERTEX_POINT('',#7711);
#2006=VERTEX_POINT('',#7716);
#2007=VERTEX_POINT('',#7717);
#2008=VERTEX_POINT('',#7722);
#2009=VERTEX_POINT('',#7723);
#2010=VERTEX_POINT('',#7726);
#2011=VERTEX_POINT('',#7728);
#2012=VERTEX_POINT('',#7732);
#2013=VERTEX_POINT('',#7733);
#2014=VERTEX_POINT('',#7738);
#2015=VERTEX_POINT('',#7739);
#2016=VERTEX_POINT('',#7744);
#2017=VERTEX_POINT('',#7745);
#2018=VERTEX_POINT('',#7747);
#2019=VERTEX_POINT('',#7749);
#2020=VERTEX_POINT('',#7754);
#2021=VERTEX_POINT('',#7755);
#2022=VERTEX_POINT('',#7757);
#2023=VERTEX_POINT('',#7759);
#2024=VERTEX_POINT('',#7764);
#2025=VERTEX_POINT('',#7765);
#2026=VERTEX_POINT('',#7767);
#2027=VERTEX_POINT('',#7769);
#2028=VERTEX_POINT('',#7774);
#2029=VERTEX_POINT('',#7775);
#2030=VERTEX_POINT('',#7777);
#2031=VERTEX_POINT('',#7779);
#2032=VERTEX_POINT('',#7784);
#2033=VERTEX_POINT('',#7785);
#2034=VERTEX_POINT('',#7787);
#2035=VERTEX_POINT('',#7789);
#2036=VERTEX_POINT('',#7793);
#2037=VERTEX_POINT('',#7794);
#2038=VERTEX_POINT('',#7796);
#2039=VERTEX_POINT('',#7798);
#2040=VERTEX_POINT('',#7802);
#2041=VERTEX_POINT('',#7803);
#2042=VERTEX_POINT('',#7805);
#2043=VERTEX_POINT('',#7807);
#2044=VERTEX_POINT('',#7809);
#2045=VERTEX_POINT('',#7811);
#2046=VERTEX_POINT('',#7813);
#2047=VERTEX_POINT('',#7815);
#2048=VERTEX_POINT('',#7818);
#2049=VERTEX_POINT('',#7819);
#2050=VERTEX_POINT('',#7821);
#2051=VERTEX_POINT('',#7823);
#2052=VERTEX_POINT('',#7825);
#2053=VERTEX_POINT('',#7827);
#2054=VERTEX_POINT('',#7829);
#2055=VERTEX_POINT('',#7831);
#2056=VERTEX_POINT('',#7833);
#2057=VERTEX_POINT('',#7835);
#2058=VERTEX_POINT('',#7837);
#2059=VERTEX_POINT('',#7839);
#2060=VERTEX_POINT('',#7841);
#2061=VERTEX_POINT('',#7843);
#2062=VERTEX_POINT('',#7845);
#2063=VERTEX_POINT('',#7847);
#2064=VERTEX_POINT('',#7851);
#2065=VERTEX_POINT('',#7852);
#2066=VERTEX_POINT('',#7854);
#2067=VERTEX_POINT('',#7856);
#2068=VERTEX_POINT('',#7858);
#2069=VERTEX_POINT('',#7860);
#2070=VERTEX_POINT('',#7862);
#2071=VERTEX_POINT('',#7864);
#2072=VERTEX_POINT('',#7867);
#2073=VERTEX_POINT('',#7869);
#2074=VERTEX_POINT('',#7872);
#2075=VERTEX_POINT('',#7873);
#2076=VERTEX_POINT('',#7875);
#2077=VERTEX_POINT('',#7877);
#2078=VERTEX_POINT('',#7880);
#2079=VERTEX_POINT('',#7881);
#2080=VERTEX_POINT('',#7883);
#2081=VERTEX_POINT('',#7885);
#2082=VERTEX_POINT('',#7888);
#2083=VERTEX_POINT('',#7890);
#2084=VERTEX_POINT('',#7893);
#2085=VERTEX_POINT('',#7894);
#2086=VERTEX_POINT('',#7896);
#2087=VERTEX_POINT('',#7898);
#2088=VERTEX_POINT('',#7902);
#2089=VERTEX_POINT('',#7904);
#2090=VERTEX_POINT('',#7908);
#2091=VERTEX_POINT('',#7912);
#2092=VERTEX_POINT('',#7916);
#2093=VERTEX_POINT('',#7920);
#2094=VERTEX_POINT('',#7924);
#2095=VERTEX_POINT('',#7928);
#2096=VERTEX_POINT('',#7950);
#2097=VERTEX_POINT('',#7952);
#2098=VERTEX_POINT('',#7961);
#2099=VERTEX_POINT('',#7963);
#2100=VERTEX_POINT('',#7967);
#2101=VERTEX_POINT('',#7971);
#2102=VERTEX_POINT('',#7978);
#2103=VERTEX_POINT('',#7980);
#2104=VERTEX_POINT('',#7984);
#2105=VERTEX_POINT('',#7988);
#2106=VERTEX_POINT('',#7995);
#2107=VERTEX_POINT('',#7997);
#2108=VERTEX_POINT('',#8006);
#2109=VERTEX_POINT('',#8008);
#2110=VERTEX_POINT('',#8012);
#2111=VERTEX_POINT('',#8016);
#2112=VERTEX_POINT('',#8027);
#2113=VERTEX_POINT('',#8028);
#2114=VERTEX_POINT('',#8030);
#2115=VERTEX_POINT('',#8032);
#2116=VERTEX_POINT('',#8034);
#2117=VERTEX_POINT('',#8036);
#2118=VERTEX_POINT('',#8038);
#2119=VERTEX_POINT('',#8040);
#2120=VERTEX_POINT('',#8042);
#2121=VERTEX_POINT('',#8044);
#2122=VERTEX_POINT('',#8046);
#2123=VERTEX_POINT('',#8048);
#2124=VERTEX_POINT('',#8050);
#2125=VERTEX_POINT('',#8052);
#2126=VERTEX_POINT('',#8054);
#2127=VERTEX_POINT('',#8056);
#2128=VERTEX_POINT('',#8059);
#2129=VERTEX_POINT('',#8060);
#2130=VERTEX_POINT('',#8062);
#2131=VERTEX_POINT('',#8064);
#2132=VERTEX_POINT('',#8066);
#2133=VERTEX_POINT('',#8068);
#2134=VERTEX_POINT('',#8070);
#2135=VERTEX_POINT('',#8072);
#2136=VERTEX_POINT('',#8074);
#2137=VERTEX_POINT('',#8076);
#2138=VERTEX_POINT('',#8078);
#2139=VERTEX_POINT('',#8080);
#2140=VERTEX_POINT('',#8082);
#2141=VERTEX_POINT('',#8084);
#2142=VERTEX_POINT('',#8086);
#2143=VERTEX_POINT('',#8088);
#2144=VERTEX_POINT('',#8124);
#2145=VERTEX_POINT('',#8125);
#2146=VERTEX_POINT('',#8130);
#2147=VERTEX_POINT('',#8134);
#2148=VERTEX_POINT('',#8138);
#2149=VERTEX_POINT('',#8142);
#2150=VERTEX_POINT('',#8146);
#2151=VERTEX_POINT('',#8150);
#2152=VERTEX_POINT('',#8154);
#2153=VERTEX_POINT('',#8158);
#2154=VERTEX_POINT('',#8162);
#2155=VERTEX_POINT('',#8166);
#2156=VERTEX_POINT('',#8170);
#2157=VERTEX_POINT('',#8174);
#2158=VERTEX_POINT('',#8178);
#2159=VERTEX_POINT('',#8182);
#2160=VERTEX_POINT('',#8190);
#2161=VERTEX_POINT('',#8191);
#2162=VERTEX_POINT('',#8194);
#2163=VERTEX_POINT('',#8196);
#2164=VERTEX_POINT('',#8200);
#2165=VERTEX_POINT('',#8201);
#2166=VERTEX_POINT('',#8204);
#2167=VERTEX_POINT('',#8206);
#2168=VERTEX_POINT('',#8210);
#2169=VERTEX_POINT('',#8211);
#2170=VERTEX_POINT('',#8213);
#2171=VERTEX_POINT('',#8215);
#2172=VERTEX_POINT('',#8219);
#2173=VERTEX_POINT('',#8221);
#2174=VERTEX_POINT('',#8225);
#2175=VERTEX_POINT('',#8226);
#2176=VERTEX_POINT('',#8228);
#2177=VERTEX_POINT('',#8230);
#2178=VERTEX_POINT('',#8234);
#2179=VERTEX_POINT('',#8236);
#2180=VERTEX_POINT('',#8243);
#2181=VERTEX_POINT('',#8244);
#2182=VERTEX_POINT('',#8246);
#2183=VERTEX_POINT('',#8248);
#2184=VERTEX_POINT('',#8252);
#2185=VERTEX_POINT('',#8254);
#2186=VERTEX_POINT('',#8258);
#2187=VERTEX_POINT('',#8260);
#2188=VERTEX_POINT('',#8264);
#2189=VERTEX_POINT('',#8266);
#2190=VERTEX_POINT('',#8270);
#2191=VERTEX_POINT('',#8272);
#2192=VERTEX_POINT('',#8276);
#2193=VERTEX_POINT('',#8278);
#2194=VERTEX_POINT('',#8282);
#2195=VERTEX_POINT('',#8284);
#2196=VERTEX_POINT('',#8291);
#2197=VERTEX_POINT('',#8293);
#2198=VERTEX_POINT('',#8295);
#2199=VERTEX_POINT('',#8297);
#2200=VERTEX_POINT('',#8299);
#2201=VERTEX_POINT('',#8301);
#2202=VERTEX_POINT('',#8303);
#2203=VERTEX_POINT('',#8305);
#2204=VERTEX_POINT('',#8308);
#2205=VERTEX_POINT('',#8310);
#2206=VERTEX_POINT('',#8312);
#2207=VERTEX_POINT('',#8314);
#2208=VERTEX_POINT('',#8316);
#2209=VERTEX_POINT('',#8318);
#2210=VERTEX_POINT('',#8320);
#2211=VERTEX_POINT('',#8322);
#2212=VERTEX_POINT('',#8326);
#2213=VERTEX_POINT('',#8328);
#2214=VERTEX_POINT('',#8332);
#2215=VERTEX_POINT('',#8335);
#2216=VERTEX_POINT('',#8338);
#2217=VERTEX_POINT('',#8341);
#2218=VERTEX_POINT('',#8344);
#2219=VERTEX_POINT('',#8347);
#2220=VERTEX_POINT('',#8350);
#2221=VERTEX_POINT('',#8351);
#2222=VERTEX_POINT('',#8354);
#2223=VERTEX_POINT('',#8356);
#2224=VERTEX_POINT('',#8360);
#2225=VERTEX_POINT('',#8361);
#2226=VERTEX_POINT('',#8364);
#2227=VERTEX_POINT('',#8366);
#2228=VERTEX_POINT('',#8370);
#2229=VERTEX_POINT('',#8371);
#2230=VERTEX_POINT('',#8374);
#2231=VERTEX_POINT('',#8376);
#2232=VERTEX_POINT('',#8380);
#2233=VERTEX_POINT('',#8381);
#2234=VERTEX_POINT('',#8383);
#2235=VERTEX_POINT('',#8385);
#2236=VERTEX_POINT('',#8390);
#2237=VERTEX_POINT('',#8391);
#2238=VERTEX_POINT('',#8393);
#2239=VERTEX_POINT('',#8395);
#2240=VERTEX_POINT('',#8400);
#2241=VERTEX_POINT('',#8401);
#2242=VERTEX_POINT('',#8403);
#2243=VERTEX_POINT('',#8405);
#2244=VERTEX_POINT('',#8410);
#2245=VERTEX_POINT('',#8411);
#2246=VERTEX_POINT('',#8413);
#2247=VERTEX_POINT('',#8415);
#2248=VERTEX_POINT('',#8420);
#2249=VERTEX_POINT('',#8421);
#2250=VERTEX_POINT('',#8423);
#2251=VERTEX_POINT('',#8425);
#2252=VERTEX_POINT('',#8430);
#2253=VERTEX_POINT('',#8431);
#2254=VERTEX_POINT('',#8433);
#2255=VERTEX_POINT('',#8435);
#2256=VERTEX_POINT('',#8440);
#2257=VERTEX_POINT('',#8441);
#2258=VERTEX_POINT('',#8444);
#2259=VERTEX_POINT('',#8446);
#2260=VERTEX_POINT('',#8450);
#2261=VERTEX_POINT('',#8451);
#2262=VERTEX_POINT('',#8454);
#2263=VERTEX_POINT('',#8456);
#2264=VERTEX_POINT('',#8460);
#2265=VERTEX_POINT('',#8461);
#2266=VERTEX_POINT('',#8464);
#2267=VERTEX_POINT('',#8466);
#2268=VERTEX_POINT('',#8470);
#2269=VERTEX_POINT('',#8471);
#2270=VERTEX_POINT('',#8473);
#2271=VERTEX_POINT('',#8475);
#2272=VERTEX_POINT('',#8480);
#2273=VERTEX_POINT('',#8481);
#2274=VERTEX_POINT('',#8483);
#2275=VERTEX_POINT('',#8485);
#2276=VERTEX_POINT('',#8490);
#2277=VERTEX_POINT('',#8491);
#2278=VERTEX_POINT('',#8493);
#2279=VERTEX_POINT('',#8495);
#2280=VERTEX_POINT('',#8500);
#2281=VERTEX_POINT('',#8501);
#2282=VERTEX_POINT('',#8503);
#2283=VERTEX_POINT('',#8505);
#2284=VERTEX_POINT('',#8510);
#2285=VERTEX_POINT('',#8511);
#2286=VERTEX_POINT('',#8513);
#2287=VERTEX_POINT('',#8515);
#2288=VERTEX_POINT('',#8520);
#2289=VERTEX_POINT('',#8521);
#2290=VERTEX_POINT('',#8523);
#2291=VERTEX_POINT('',#8525);
#2292=VERTEX_POINT('',#8530);
#2293=VERTEX_POINT('',#8531);
#2294=VERTEX_POINT('',#8533);
#2295=VERTEX_POINT('',#8535);
#2296=VERTEX_POINT('',#8540);
#2297=VERTEX_POINT('',#8541);
#2298=VERTEX_POINT('',#8543);
#2299=VERTEX_POINT('',#8545);
#2300=VERTEX_POINT('',#8550);
#2301=VERTEX_POINT('',#8551);
#2302=VERTEX_POINT('',#8558);
#2303=VERTEX_POINT('',#8560);
#2304=VERTEX_POINT('',#8562);
#2305=VERTEX_POINT('',#8564);
#2306=VERTEX_POINT('',#8566);
#2307=VERTEX_POINT('',#8568);
#2308=VERTEX_POINT('',#8575);
#2309=VERTEX_POINT('',#8577);
#2310=VERTEX_POINT('',#8579);
#2311=VERTEX_POINT('',#8584);
#2312=VERTEX_POINT('',#8585);
#2313=VERTEX_POINT('',#8587);
#2314=VERTEX_POINT('',#8594);
#2315=VERTEX_POINT('',#8596);
#2316=VERTEX_POINT('',#8598);
#2317=VERTEX_POINT('',#8600);
#2318=VERTEX_POINT('',#8602);
#2319=VERTEX_POINT('',#8604);
#2320=VERTEX_POINT('',#8609);
#2321=VERTEX_POINT('',#8611);
#2322=VERTEX_POINT('',#8619);
#2323=VERTEX_POINT('',#8620);
#2324=VERTEX_POINT('',#8622);
#2325=VERTEX_POINT('',#8627);
#2326=VERTEX_POINT('',#8629);
#2327=VERTEX_POINT('',#8632);
#2328=VERTEX_POINT('',#8637);
#2329=VERTEX_POINT('',#8639);
#2330=VERTEX_POINT('',#8641);
#2331=VERTEX_POINT('',#8643);
#2332=VERTEX_POINT('',#8645);
#2333=VERTEX_POINT('',#8658);
#2334=VERTEX_POINT('',#8659);
#2335=VERTEX_POINT('',#8666);
#2336=VERTEX_POINT('',#8668);
#2337=VERTEX_POINT('',#8670);
#2338=VERTEX_POINT('',#8673);
#2339=VERTEX_POINT('',#8675);
#2340=VERTEX_POINT('',#8686);
#2341=VERTEX_POINT('',#8688);
#2342=VERTEX_POINT('',#8690);
#2343=VERTEX_POINT('',#8692);
#2344=VERTEX_POINT('',#8696);
#2345=VERTEX_POINT('',#8697);
#2346=VERTEX_POINT('',#8699);
#2347=VERTEX_POINT('',#8701);
#2348=VERTEX_POINT('',#8705);
#2349=VERTEX_POINT('',#8706);
#2350=VERTEX_POINT('',#8708);
#2351=VERTEX_POINT('',#8710);
#2352=VERTEX_POINT('',#8714);
#2353=VERTEX_POINT('',#8715);
#2354=VERTEX_POINT('',#8717);
#2355=VERTEX_POINT('',#8719);
#2356=VERTEX_POINT('',#8723);
#2357=VERTEX_POINT('',#8725);
#2358=VERTEX_POINT('',#8729);
#2359=VERTEX_POINT('',#8731);
#2360=VERTEX_POINT('',#8733);
#2361=VERTEX_POINT('',#8735);
#2362=VERTEX_POINT('',#8739);
#2363=VERTEX_POINT('',#8745);
#2364=VERTEX_POINT('',#8749);
#2365=VERTEX_POINT('',#8753);
#2366=VERTEX_POINT('',#8754);
#2367=VERTEX_POINT('',#8756);
#2368=VERTEX_POINT('',#8758);
#2369=VERTEX_POINT('',#8765);
#2370=VERTEX_POINT('',#8769);
#2371=VERTEX_POINT('',#8773);
#2372=VERTEX_POINT('',#8774);
#2373=VERTEX_POINT('',#8776);
#2374=VERTEX_POINT('',#8779);
#2375=VERTEX_POINT('',#8784);
#2376=VERTEX_POINT('',#8789);
#2377=VERTEX_POINT('',#8793);
#2378=VERTEX_POINT('',#8794);
#2379=VERTEX_POINT('',#8796);
#2380=VERTEX_POINT('',#8799);
#2381=VERTEX_POINT('',#8803);
#2382=VERTEX_POINT('',#8898);
#2383=VERTEX_POINT('',#8900);
#2384=VERTEX_POINT('',#8904);
#2385=VERTEX_POINT('',#8906);
#2386=VERTEX_POINT('',#8910);
#2387=VERTEX_POINT('',#8912);
#2388=VERTEX_POINT('',#8916);
#2389=VERTEX_POINT('',#8918);
#2390=VERTEX_POINT('',#8968);
#2391=VERTEX_POINT('',#8969);
#2392=VERTEX_POINT('',#8972);
#2393=VERTEX_POINT('',#8974);
#2394=VERTEX_POINT('',#8978);
#2395=VERTEX_POINT('',#8979);
#2396=VERTEX_POINT('',#8984);
#2397=VERTEX_POINT('',#8985);
#2398=VERTEX_POINT('',#8988);
#2399=VERTEX_POINT('',#8990);
#2400=VERTEX_POINT('',#8994);
#2401=VERTEX_POINT('',#8995);
#2402=VERTEX_POINT('',#9000);
#2403=VERTEX_POINT('',#9001);
#2404=VERTEX_POINT('',#9004);
#2405=VERTEX_POINT('',#9006);
#2406=VERTEX_POINT('',#9010);
#2407=VERTEX_POINT('',#9011);
#2408=VERTEX_POINT('',#9014);
#2409=VERTEX_POINT('',#9016);
#2410=VERTEX_POINT('',#9020);
#2411=VERTEX_POINT('',#9021);
#2412=VERTEX_POINT('',#9024);
#2413=VERTEX_POINT('',#9026);
#2414=VERTEX_POINT('',#9030);
#2415=VERTEX_POINT('',#9032);
#2416=VERTEX_POINT('',#9041);
#2417=VERTEX_POINT('',#9042);
#2418=VERTEX_POINT('',#9044);
#2419=VERTEX_POINT('',#9046);
#2420=VERTEX_POINT('',#9051);
#2421=VERTEX_POINT('',#9052);
#2422=VERTEX_POINT('',#9057);
#2423=VERTEX_POINT('',#9058);
#2424=VERTEX_POINT('',#9060);
#2425=VERTEX_POINT('',#9062);
#2426=VERTEX_POINT('',#9067);
#2427=VERTEX_POINT('',#9068);
#2428=VERTEX_POINT('',#9073);
#2429=VERTEX_POINT('',#9074);
#2430=VERTEX_POINT('',#9076);
#2431=VERTEX_POINT('',#9078);
#2432=VERTEX_POINT('',#9083);
#2433=VERTEX_POINT('',#9084);
#2434=VERTEX_POINT('',#9086);
#2435=VERTEX_POINT('',#9088);
#2436=VERTEX_POINT('',#9093);
#2437=VERTEX_POINT('',#9094);
#2438=VERTEX_POINT('',#9096);
#2439=VERTEX_POINT('',#9098);
#2440=VERTEX_POINT('',#9103);
#2441=VERTEX_POINT('',#9105);
#2442=VERTEX_POINT('',#9114);
#2443=VERTEX_POINT('',#9115);
#2444=VERTEX_POINT('',#9118);
#2445=VERTEX_POINT('',#9120);
#2446=VERTEX_POINT('',#9124);
#2447=VERTEX_POINT('',#9125);
#2448=VERTEX_POINT('',#9130);
#2449=VERTEX_POINT('',#9131);
#2450=VERTEX_POINT('',#9134);
#2451=VERTEX_POINT('',#9136);
#2452=VERTEX_POINT('',#9140);
#2453=VERTEX_POINT('',#9141);
#2454=VERTEX_POINT('',#9146);
#2455=VERTEX_POINT('',#9147);
#2456=VERTEX_POINT('',#9150);
#2457=VERTEX_POINT('',#9152);
#2458=VERTEX_POINT('',#9156);
#2459=VERTEX_POINT('',#9157);
#2460=VERTEX_POINT('',#9160);
#2461=VERTEX_POINT('',#9162);
#2462=VERTEX_POINT('',#9166);
#2463=VERTEX_POINT('',#9167);
#2464=VERTEX_POINT('',#9170);
#2465=VERTEX_POINT('',#9172);
#2466=VERTEX_POINT('',#9176);
#2467=VERTEX_POINT('',#9178);
#2468=VERTEX_POINT('',#9187);
#2469=VERTEX_POINT('',#9188);
#2470=VERTEX_POINT('',#9190);
#2471=VERTEX_POINT('',#9192);
#2472=VERTEX_POINT('',#9197);
#2473=VERTEX_POINT('',#9198);
#2474=VERTEX_POINT('',#9203);
#2475=VERTEX_POINT('',#9204);
#2476=VERTEX_POINT('',#9206);
#2477=VERTEX_POINT('',#9208);
#2478=VERTEX_POINT('',#9213);
#2479=VERTEX_POINT('',#9214);
#2480=VERTEX_POINT('',#9219);
#2481=VERTEX_POINT('',#9220);
#2482=VERTEX_POINT('',#9222);
#2483=VERTEX_POINT('',#9224);
#2484=VERTEX_POINT('',#9229);
#2485=VERTEX_POINT('',#9230);
#2486=VERTEX_POINT('',#9232);
#2487=VERTEX_POINT('',#9234);
#2488=VERTEX_POINT('',#9239);
#2489=VERTEX_POINT('',#9240);
#2490=VERTEX_POINT('',#9242);
#2491=VERTEX_POINT('',#9244);
#2492=VERTEX_POINT('',#9249);
#2493=VERTEX_POINT('',#9251);
#2494=EDGE_CURVE('',#1964,#1965,#1328,.T.);
#2495=EDGE_CURVE('',#1966,#1964,#1329,.T.);
#2496=EDGE_CURVE('',#1967,#1966,#1330,.T.);
#2497=EDGE_CURVE('',#1967,#1965,#1331,.T.);
#2498=EDGE_CURVE('',#1965,#1968,#217,.T.);
#2499=EDGE_CURVE('',#1969,#1967,#218,.T.);
#2500=EDGE_CURVE('',#1969,#1968,#1332,.T.);
#2501=EDGE_CURVE('',#1968,#1970,#1333,.T.);
#2502=EDGE_CURVE('',#1971,#1969,#1334,.T.);
#2503=EDGE_CURVE('',#1971,#1970,#1335,.T.);
#2504=EDGE_CURVE('',#1970,#1972,#219,.T.);
#2505=EDGE_CURVE('',#1973,#1971,#220,.T.);
#2506=EDGE_CURVE('',#1973,#1972,#1336,.T.);
#2507=EDGE_CURVE('',#1972,#1974,#1337,.T.);
#2508=EDGE_CURVE('',#1975,#1973,#1338,.T.);
#2509=EDGE_CURVE('',#1975,#1974,#1339,.T.);
#2510=EDGE_CURVE('',#1974,#1976,#221,.T.);
#2511=EDGE_CURVE('',#1977,#1975,#222,.T.);
#2512=EDGE_CURVE('',#1977,#1976,#1340,.T.);
#2513=EDGE_CURVE('',#1976,#1978,#1341,.T.);
#2514=EDGE_CURVE('',#1979,#1977,#1342,.T.);
#2515=EDGE_CURVE('',#1979,#1978,#1343,.T.);
#2516=EDGE_CURVE('',#1978,#1964,#223,.T.);
#2517=EDGE_CURVE('',#1966,#1979,#224,.T.);
#2518=EDGE_CURVE('',#1980,#1980,#225,.T.);
#2519=EDGE_CURVE('',#1980,#1981,#1344,.T.);
#2520=EDGE_CURVE('',#1981,#1981,#226,.T.);
#2521=EDGE_CURVE('',#1982,#1982,#227,.T.);
#2522=EDGE_CURVE('',#1982,#1983,#1345,.T.);
#2523=EDGE_CURVE('',#1983,#1983,#228,.T.);
#2524=EDGE_CURVE('',#1984,#1985,#229,.T.);
#2525=EDGE_CURVE('',#1985,#1984,#230,.T.);
#2526=EDGE_CURVE('',#1985,#1986,#1346,.T.);
#2527=EDGE_CURVE('',#1986,#1987,#231,.T.);
#2528=EDGE_CURVE('',#1987,#1986,#232,.T.);
#2529=EDGE_CURVE('',#1988,#1989,#233,.T.);
#2530=EDGE_CURVE('',#1989,#1988,#234,.T.);
#2531=EDGE_CURVE('',#1989,#1985,#1347,.T.);
#2532=EDGE_CURVE('',#1990,#1991,#235,.T.);
#2533=EDGE_CURVE('',#1991,#1990,#236,.T.);
#2534=EDGE_CURVE('',#1991,#1989,#1348,.T.);
#2535=EDGE_CURVE('',#1992,#1993,#237,.T.);
#2536=EDGE_CURVE('',#1993,#1994,#1349,.T.);
#2537=EDGE_CURVE('',#1995,#1994,#238,.T.);
#2538=EDGE_CURVE('',#1994,#1995,#239,.T.);
#2539=EDGE_CURVE('',#1993,#1992,#240,.T.);
#2540=EDGE_CURVE('',#1996,#1997,#241,.T.);
#2541=EDGE_CURVE('',#1997,#1993,#1350,.T.);
#2542=EDGE_CURVE('',#1997,#1996,#242,.T.);
#2543=EDGE_CURVE('',#1998,#1999,#243,.T.);
#2544=EDGE_CURVE('',#1999,#1997,#1351,.T.);
#2545=EDGE_CURVE('',#1999,#1998,#244,.T.);
#2546=EDGE_CURVE('',#2000,#2001,#245,.T.);
#2547=EDGE_CURVE('',#2001,#2002,#1352,.T.);
#2548=EDGE_CURVE('',#2003,#2002,#246,.T.);
#2549=EDGE_CURVE('',#2002,#2003,#247,.T.);
#2550=EDGE_CURVE('',#2001,#2000,#248,.T.);
#2551=EDGE_CURVE('',#2004,#2005,#249,.T.);
#2552=EDGE_CURVE('',#2005,#2001,#1353,.T.);
#2553=EDGE_CURVE('',#2005,#2004,#250,.T.);
#2554=EDGE_CURVE('',#2006,#2007,#251,.T.);
#2555=EDGE_CURVE('',#2007,#2005,#1354,.T.);
#2556=EDGE_CURVE('',#2007,#2006,#252,.T.);
#2557=EDGE_CURVE('',#2008,#2009,#253,.T.);
#2558=EDGE_CURVE('',#2009,#2008,#254,.T.);
#2559=EDGE_CURVE('',#2009,#2010,#1355,.T.);
#2560=EDGE_CURVE('',#2010,#2011,#255,.T.);
#2561=EDGE_CURVE('',#2011,#2010,#256,.T.);
#2562=EDGE_CURVE('',#2012,#2013,#257,.T.);
#2563=EDGE_CURVE('',#2013,#2012,#258,.T.);
#2564=EDGE_CURVE('',#2013,#2009,#1356,.T.);
#2565=EDGE_CURVE('',#2014,#2015,#259,.T.);
#2566=EDGE_CURVE('',#2015,#2014,#260,.T.);
#2567=EDGE_CURVE('',#2015,#2013,#1357,.T.);
#2568=EDGE_CURVE('',#2016,#2017,#261,.T.);
#2569=EDGE_CURVE('',#2017,#2018,#1358,.T.);
#2570=EDGE_CURVE('',#2019,#2018,#262,.T.);
#2571=EDGE_CURVE('',#2018,#2019,#263,.T.);
#2572=EDGE_CURVE('',#2017,#2016,#264,.T.);
#2573=EDGE_CURVE('',#2020,#2021,#265,.T.);
#2574=EDGE_CURVE('',#2021,#2022,#1359,.T.);
#2575=EDGE_CURVE('',#2023,#2022,#266,.T.);
#2576=EDGE_CURVE('',#2022,#2023,#267,.T.);
#2577=EDGE_CURVE('',#2021,#2020,#268,.T.);
#2578=EDGE_CURVE('',#2024,#2025,#269,.T.);
#2579=EDGE_CURVE('',#2025,#2026,#1360,.T.);
#2580=EDGE_CURVE('',#2027,#2026,#270,.T.);
#2581=EDGE_CURVE('',#2026,#2027,#271,.T.);
#2582=EDGE_CURVE('',#2025,#2024,#272,.T.);
#2583=EDGE_CURVE('',#2028,#2029,#273,.T.);
#2584=EDGE_CURVE('',#2029,#2030,#1361,.T.);
#2585=EDGE_CURVE('',#2031,#2030,#274,.T.);
#2586=EDGE_CURVE('',#2030,#2031,#275,.T.);
#2587=EDGE_CURVE('',#2029,#2028,#276,.T.);
#2588=EDGE_CURVE('',#2032,#2033,#277,.T.);
#2589=EDGE_CURVE('',#2032,#2034,#1362,.T.);
#2590=EDGE_CURVE('',#2034,#2035,#278,.T.);
#2591=EDGE_CURVE('',#2033,#2035,#1363,.T.);
#2592=EDGE_CURVE('',#2036,#2037,#279,.T.);
#2593=EDGE_CURVE('',#2036,#2038,#1364,.T.);
#2594=EDGE_CURVE('',#2038,#2039,#280,.T.);
#2595=EDGE_CURVE('',#2037,#2039,#1365,.T.);
#2596=EDGE_CURVE('',#2040,#2041,#1366,.T.);
#2597=EDGE_CURVE('',#2041,#2042,#281,.T.);
#2598=EDGE_CURVE('',#2042,#2043,#1367,.T.);
#2599=EDGE_CURVE('',#2043,#2044,#282,.T.);
#2600=EDGE_CURVE('',#2044,#2045,#1368,.T.);
#2601=EDGE_CURVE('',#2045,#2046,#283,.T.);
#2602=EDGE_CURVE('',#2046,#2047,#1369,.T.);
#2603=EDGE_CURVE('',#2047,#2040,#284,.T.);
#2604=EDGE_CURVE('',#2048,#2049,#285,.T.);
#2605=EDGE_CURVE('',#2049,#2050,#1370,.T.);
#2606=EDGE_CURVE('',#2050,#2051,#286,.T.);
#2607=EDGE_CURVE('',#2051,#2052,#1371,.T.);
#2608=EDGE_CURVE('',#2052,#2053,#287,.T.);
#2609=EDGE_CURVE('',#2053,#2054,#1372,.T.);
#2610=EDGE_CURVE('',#2054,#2055,#288,.T.);
#2611=EDGE_CURVE('',#2055,#2056,#1373,.T.);
#2612=EDGE_CURVE('',#2056,#2057,#289,.T.);
#2613=EDGE_CURVE('',#2057,#2058,#1374,.T.);
#2614=EDGE_CURVE('',#2058,#2059,#290,.T.);
#2615=EDGE_CURVE('',#2059,#2060,#1375,.T.);
#2616=EDGE_CURVE('',#2060,#2061,#291,.T.);
#2617=EDGE_CURVE('',#2061,#2062,#1376,.T.);
#2618=EDGE_CURVE('',#2062,#2063,#292,.T.);
#2619=EDGE_CURVE('',#2063,#2048,#1377,.T.);
#2620=EDGE_CURVE('',#2064,#2065,#293,.T.);
#2621=EDGE_CURVE('',#2065,#2066,#1378,.T.);
#2622=EDGE_CURVE('',#2066,#2067,#294,.T.);
#2623=EDGE_CURVE('',#2067,#2068,#1379,.T.);
#2624=EDGE_CURVE('',#2068,#2069,#295,.T.);
#2625=EDGE_CURVE('',#2069,#2070,#1380,.T.);
#2626=EDGE_CURVE('',#2070,#2071,#296,.T.);
#2627=EDGE_CURVE('',#2071,#2064,#1381,.T.);
#2628=EDGE_CURVE('',#2072,#2038,#1382,.T.);
#2629=EDGE_CURVE('',#2073,#2072,#297,.T.);
#2630=EDGE_CURVE('',#2039,#2073,#1383,.T.);
#2631=EDGE_CURVE('',#2074,#2075,#1384,.T.);
#2632=EDGE_CURVE('',#2076,#2074,#298,.T.);
#2633=EDGE_CURVE('',#2077,#2076,#1385,.T.);
#2634=EDGE_CURVE('',#2075,#2077,#299,.T.);
#2635=EDGE_CURVE('',#2078,#2079,#1386,.T.);
#2636=EDGE_CURVE('',#2080,#2078,#300,.T.);
#2637=EDGE_CURVE('',#2081,#2080,#1387,.T.);
#2638=EDGE_CURVE('',#2079,#2081,#301,.T.);
#2639=EDGE_CURVE('',#2082,#2034,#1388,.T.);
#2640=EDGE_CURVE('',#2083,#2082,#302,.T.);
#2641=EDGE_CURVE('',#2035,#2083,#1389,.T.);
#2642=EDGE_CURVE('',#2084,#2085,#1390,.T.);
#2643=EDGE_CURVE('',#2086,#2084,#303,.T.);
#2644=EDGE_CURVE('',#2087,#2086,#1391,.T.);
#2645=EDGE_CURVE('',#2085,#2087,#304,.T.);
#2646=EDGE_CURVE('',#2088,#2064,#1392,.T.);
#2647=EDGE_CURVE('',#2088,#2089,#305,.T.);
#2648=EDGE_CURVE('',#2089,#2065,#1393,.T.);
#2649=EDGE_CURVE('',#2090,#2071,#1394,.T.);
#2650=EDGE_CURVE('',#2090,#2088,#1395,.T.);
#2651=EDGE_CURVE('',#2091,#2070,#1396,.T.);
#2652=EDGE_CURVE('',#2091,#2090,#306,.T.);
#2653=EDGE_CURVE('',#2092,#2069,#1397,.T.);
#2654=EDGE_CURVE('',#2092,#2091,#1398,.T.);
#2655=EDGE_CURVE('',#2093,#2068,#1399,.T.);
#2656=EDGE_CURVE('',#2093,#2092,#307,.T.);
#2657=EDGE_CURVE('',#2094,#2067,#1400,.T.);
#2658=EDGE_CURVE('',#2094,#2093,#1401,.T.);
#2659=EDGE_CURVE('',#2095,#2066,#1402,.T.);
#2660=EDGE_CURVE('',#2095,#2094,#308,.T.);
#2661=EDGE_CURVE('',#2089,#2095,#1403,.T.);
#2662=EDGE_CURVE('',#2046,#2093,#309,.T.);
#2663=EDGE_CURVE('',#2092,#2045,#310,.T.);
#2664=EDGE_CURVE('',#2091,#2044,#311,.T.);
#2665=EDGE_CURVE('',#2047,#2094,#312,.T.);
#2666=EDGE_CURVE('',#2090,#2043,#313,.T.);
#2667=EDGE_CURVE('',#2040,#2095,#314,.T.);
#2668=EDGE_CURVE('',#2088,#2042,#315,.T.);
#2669=EDGE_CURVE('',#2041,#2089,#316,.T.);
#2670=EDGE_CURVE('',#2096,#2072,#1404,.T.);
#2671=EDGE_CURVE('',#2097,#2096,#317,.T.);
#2672=EDGE_CURVE('',#2097,#2073,#1405,.T.);
#2673=EDGE_CURVE('',#2096,#2036,#1406,.T.);
#2674=EDGE_CURVE('',#2037,#2097,#1407,.T.);
#2675=EDGE_CURVE('',#2098,#2084,#1408,.T.);
#2676=EDGE_CURVE('',#2099,#2098,#318,.T.);
#2677=EDGE_CURVE('',#2099,#2086,#1409,.T.);
#2678=EDGE_CURVE('',#2100,#2085,#1410,.T.);
#2679=EDGE_CURVE('',#2098,#2100,#1411,.T.);
#2680=EDGE_CURVE('',#2101,#2087,#1412,.T.);
#2681=EDGE_CURVE('',#2100,#2101,#319,.T.);
#2682=EDGE_CURVE('',#2101,#2099,#1413,.T.);
#2683=EDGE_CURVE('',#2102,#2074,#1414,.T.);
#2684=EDGE_CURVE('',#2103,#2102,#320,.T.);
#2685=EDGE_CURVE('',#2103,#2076,#1415,.T.);
#2686=EDGE_CURVE('',#2104,#2075,#1416,.T.);
#2687=EDGE_CURVE('',#2102,#2104,#1417,.T.);
#2688=EDGE_CURVE('',#2105,#2077,#1418,.T.);
#2689=EDGE_CURVE('',#2104,#2105,#321,.T.);
#2690=EDGE_CURVE('',#2105,#2103,#1419,.T.);
#2691=EDGE_CURVE('',#2106,#2082,#1420,.T.);
#2692=EDGE_CURVE('',#2107,#2106,#322,.T.);
#2693=EDGE_CURVE('',#2107,#2083,#1421,.T.);
#2694=EDGE_CURVE('',#2106,#2032,#1422,.T.);
#2695=EDGE_CURVE('',#2033,#2107,#1423,.T.);
#2696=EDGE_CURVE('',#2108,#2078,#1424,.T.);
#2697=EDGE_CURVE('',#2109,#2108,#323,.T.);
#2698=EDGE_CURVE('',#2109,#2080,#1425,.T.);
#2699=EDGE_CURVE('',#2110,#2079,#1426,.T.);
#2700=EDGE_CURVE('',#2108,#2110,#1427,.T.);
#2701=EDGE_CURVE('',#2111,#2081,#1428,.T.);
#2702=EDGE_CURVE('',#2110,#2111,#324,.T.);
#2703=EDGE_CURVE('',#2111,#2109,#1429,.T.);
#2704=EDGE_CURVE('',#2112,#2113,#325,.T.);
#2705=EDGE_CURVE('',#2114,#2112,#1430,.T.);
#2706=EDGE_CURVE('',#2115,#2114,#326,.T.);
#2707=EDGE_CURVE('',#2116,#2115,#1431,.T.);
#2708=EDGE_CURVE('',#2117,#2116,#327,.T.);
#2709=EDGE_CURVE('',#2118,#2117,#1432,.T.);
#2710=EDGE_CURVE('',#2119,#2118,#328,.T.);
#2711=EDGE_CURVE('',#2120,#2119,#1433,.T.);
#2712=EDGE_CURVE('',#2121,#2120,#329,.T.);
#2713=EDGE_CURVE('',#2122,#2121,#1434,.T.);
#2714=EDGE_CURVE('',#2123,#2122,#330,.T.);
#2715=EDGE_CURVE('',#2124,#2123,#1435,.T.);
#2716=EDGE_CURVE('',#2125,#2124,#331,.T.);
#2717=EDGE_CURVE('',#2126,#2125,#1436,.T.);
#2718=EDGE_CURVE('',#2127,#2126,#332,.T.);
#2719=EDGE_CURVE('',#2113,#2127,#1437,.T.);
#2720=EDGE_CURVE('',#2128,#2129,#1438,.T.);
#2721=EDGE_CURVE('',#2129,#2130,#333,.T.);
#2722=EDGE_CURVE('',#2130,#2131,#1439,.T.);
#2723=EDGE_CURVE('',#2131,#2132,#334,.T.);
#2724=EDGE_CURVE('',#2132,#2133,#1440,.T.);
#2725=EDGE_CURVE('',#2133,#2134,#335,.T.);
#2726=EDGE_CURVE('',#2134,#2135,#1441,.T.);
#2727=EDGE_CURVE('',#2135,#2136,#336,.T.);
#2728=EDGE_CURVE('',#2136,#2137,#1442,.T.);
#2729=EDGE_CURVE('',#2137,#2138,#337,.T.);
#2730=EDGE_CURVE('',#2138,#2139,#1443,.T.);
#2731=EDGE_CURVE('',#2139,#2140,#338,.T.);
#2732=EDGE_CURVE('',#2140,#2141,#1444,.T.);
#2733=EDGE_CURVE('',#2141,#2142,#339,.T.);
#2734=EDGE_CURVE('',#2142,#2143,#1445,.T.);
#2735=EDGE_CURVE('',#2143,#2128,#340,.T.);
#2736=EDGE_CURVE('',#2112,#2048,#1446,.T.);
#2737=EDGE_CURVE('',#2113,#2049,#1447,.T.);
#2738=EDGE_CURVE('',#2127,#2050,#1448,.T.);
#2739=EDGE_CURVE('',#2126,#2051,#1449,.T.);
#2740=EDGE_CURVE('',#2125,#2052,#1450,.T.);
#2741=EDGE_CURVE('',#2124,#2053,#1451,.T.);
#2742=EDGE_CURVE('',#2123,#2054,#1452,.T.);
#2743=EDGE_CURVE('',#2122,#2055,#1453,.T.);
#2744=EDGE_CURVE('',#2121,#2056,#1454,.T.);
#2745=EDGE_CURVE('',#2120,#2057,#1455,.T.);
#2746=EDGE_CURVE('',#2119,#2058,#1456,.T.);
#2747=EDGE_CURVE('',#2118,#2059,#1457,.T.);
#2748=EDGE_CURVE('',#2117,#2060,#1458,.T.);
#2749=EDGE_CURVE('',#2116,#2061,#1459,.T.);
#2750=EDGE_CURVE('',#2115,#2062,#1460,.T.);
#2751=EDGE_CURVE('',#2114,#2063,#1461,.T.);
#2752=EDGE_CURVE('',#2144,#2145,#341,.T.);
#2753=EDGE_CURVE('',#2128,#2145,#1462,.T.);
#2754=EDGE_CURVE('',#2143,#2144,#1463,.T.);
#2755=EDGE_CURVE('',#2145,#2146,#1464,.T.);
#2756=EDGE_CURVE('',#2129,#2146,#1465,.T.);
#2757=EDGE_CURVE('',#2146,#2147,#342,.T.);
#2758=EDGE_CURVE('',#2130,#2147,#1466,.T.);
#2759=EDGE_CURVE('',#2147,#2148,#1467,.T.);
#2760=EDGE_CURVE('',#2131,#2148,#1468,.T.);
#2761=EDGE_CURVE('',#2148,#2149,#343,.T.);
#2762=EDGE_CURVE('',#2132,#2149,#1469,.T.);
#2763=EDGE_CURVE('',#2149,#2150,#1470,.T.);
#2764=EDGE_CURVE('',#2133,#2150,#1471,.T.);
#2765=EDGE_CURVE('',#2150,#2151,#344,.T.);
#2766=EDGE_CURVE('',#2134,#2151,#1472,.T.);
#2767=EDGE_CURVE('',#2151,#2152,#1473,.T.);
#2768=EDGE_CURVE('',#2135,#2152,#1474,.T.);
#2769=EDGE_CURVE('',#2152,#2153,#345,.T.);
#2770=EDGE_CURVE('',#2136,#2153,#1475,.T.);
#2771=EDGE_CURVE('',#2153,#2154,#1476,.T.);
#2772=EDGE_CURVE('',#2137,#2154,#1477,.T.);
#2773=EDGE_CURVE('',#2154,#2155,#346,.T.);
#2774=EDGE_CURVE('',#2138,#2155,#1478,.T.);
#2775=EDGE_CURVE('',#2155,#2156,#1479,.T.);
#2776=EDGE_CURVE('',#2139,#2156,#1480,.T.);
#2777=EDGE_CURVE('',#2156,#2157,#347,.T.);
#2778=EDGE_CURVE('',#2140,#2157,#1481,.T.);
#2779=EDGE_CURVE('',#2157,#2158,#1482,.T.);
#2780=EDGE_CURVE('',#2141,#2158,#1483,.T.);
#2781=EDGE_CURVE('',#2158,#2159,#348,.T.);
#2782=EDGE_CURVE('',#2142,#2159,#1484,.T.);
#2783=EDGE_CURVE('',#2159,#2144,#1485,.T.);
#2784=EDGE_CURVE('',#2160,#2161,#39,.T.);
#2785=EDGE_CURVE('',#2161,#2160,#40,.T.);
#2786=EDGE_CURVE('',#2161,#2162,#1486,.T.);
#2787=EDGE_CURVE('',#2163,#2162,#41,.T.);
#2788=EDGE_CURVE('',#2162,#2163,#42,.T.);
#2789=EDGE_CURVE('',#2164,#2165,#43,.T.);
#2790=EDGE_CURVE('',#2165,#2164,#44,.T.);
#2791=EDGE_CURVE('',#2165,#2166,#1487,.T.);
#2792=EDGE_CURVE('',#2167,#2166,#45,.T.);
#2793=EDGE_CURVE('',#2166,#2167,#46,.T.);
#2794=EDGE_CURVE('',#2168,#2169,#47,.T.);
#2795=EDGE_CURVE('',#2170,#2168,#1488,.T.);
#2796=EDGE_CURVE('',#2171,#2170,#48,.T.);
#2797=EDGE_CURVE('',#2171,#2169,#1489,.T.);
#2798=EDGE_CURVE('',#2169,#2172,#1490,.T.);
#2799=EDGE_CURVE('',#2173,#2171,#1491,.T.);
#2800=EDGE_CURVE('',#2172,#2173,#1492,.T.);
#2801=EDGE_CURVE('',#2174,#2175,#1493,.T.);
#2802=EDGE_CURVE('',#2176,#2174,#1494,.T.);
#2803=EDGE_CURVE('',#2177,#2176,#1495,.T.);
#2804=EDGE_CURVE('',#2177,#2175,#1496,.T.);
#2805=EDGE_CURVE('',#2175,#2178,#49,.T.);
#2806=EDGE_CURVE('',#2179,#2177,#50,.T.);
#2807=EDGE_CURVE('',#2179,#2178,#1497,.T.);
#2808=EDGE_CURVE('',#2178,#2168,#1498,.T.);
#2809=EDGE_CURVE('',#2170,#2179,#1499,.T.);
#2810=EDGE_CURVE('',#2180,#2181,#1500,.T.);
#2811=EDGE_CURVE('',#2182,#2180,#1501,.T.);
#2812=EDGE_CURVE('',#2183,#2182,#1502,.T.);
#2813=EDGE_CURVE('',#2183,#2181,#1503,.T.);
#2814=EDGE_CURVE('',#2181,#2184,#51,.T.);
#2815=EDGE_CURVE('',#2185,#2183,#52,.T.);
#2816=EDGE_CURVE('',#2185,#2184,#1504,.T.);
#2817=EDGE_CURVE('',#2184,#2186,#1505,.T.);
#2818=EDGE_CURVE('',#2187,#2185,#1506,.T.);
#2819=EDGE_CURVE('',#2187,#2186,#1507,.T.);
#2820=EDGE_CURVE('',#2186,#2188,#53,.T.);
#2821=EDGE_CURVE('',#2189,#2187,#54,.T.);
#2822=EDGE_CURVE('',#2189,#2188,#1508,.T.);
#2823=EDGE_CURVE('',#2188,#2190,#1509,.T.);
#2824=EDGE_CURVE('',#2191,#2189,#1510,.T.);
#2825=EDGE_CURVE('',#2191,#2190,#1511,.T.);
#2826=EDGE_CURVE('',#2190,#2192,#55,.T.);
#2827=EDGE_CURVE('',#2193,#2191,#56,.T.);
#2828=EDGE_CURVE('',#2193,#2192,#1512,.T.);
#2829=EDGE_CURVE('',#2192,#2194,#1513,.T.);
#2830=EDGE_CURVE('',#2195,#2193,#1514,.T.);
#2831=EDGE_CURVE('',#2195,#2194,#1515,.T.);
#2832=EDGE_CURVE('',#2194,#2180,#57,.T.);
#2833=EDGE_CURVE('',#2182,#2195,#58,.T.);
#2834=EDGE_CURVE('',#2173,#2196,#1516,.T.);
#2835=EDGE_CURVE('',#2196,#2197,#349,.T.);
#2836=EDGE_CURVE('',#2197,#2198,#1517,.T.);
#2837=EDGE_CURVE('',#2198,#2199,#350,.T.);
#2838=EDGE_CURVE('',#2199,#2200,#1518,.T.);
#2839=EDGE_CURVE('',#2200,#2201,#351,.T.);
#2840=EDGE_CURVE('',#2201,#2202,#1519,.T.);
#2841=EDGE_CURVE('',#2202,#2203,#352,.T.);
#2842=EDGE_CURVE('',#2203,#2176,#1520,.T.);
#2843=EDGE_CURVE('',#2204,#2174,#1521,.T.);
#2844=EDGE_CURVE('',#2205,#2204,#353,.T.);
#2845=EDGE_CURVE('',#2206,#2205,#1522,.T.);
#2846=EDGE_CURVE('',#2207,#2206,#354,.T.);
#2847=EDGE_CURVE('',#2208,#2207,#1523,.T.);
#2848=EDGE_CURVE('',#2209,#2208,#355,.T.);
#2849=EDGE_CURVE('',#2210,#2209,#1524,.T.);
#2850=EDGE_CURVE('',#2211,#2210,#356,.T.);
#2851=EDGE_CURVE('',#2172,#2211,#1525,.T.);
#2852=EDGE_CURVE('',#2212,#2203,#1526,.T.);
#2853=EDGE_CURVE('',#2212,#2213,#1527,.T.);
#2854=EDGE_CURVE('',#2213,#2196,#1528,.T.);
#2855=EDGE_CURVE('',#2214,#2214,#357,.T.);
#2856=EDGE_CURVE('',#2215,#2215,#358,.T.);
#2857=EDGE_CURVE('',#2216,#2216,#359,.T.);
#2858=EDGE_CURVE('',#2217,#2217,#360,.T.);
#2859=EDGE_CURVE('',#2218,#2218,#361,.T.);
#2860=EDGE_CURVE('',#2219,#2219,#362,.T.);
#2861=EDGE_CURVE('',#2220,#2221,#363,.T.);
#2862=EDGE_CURVE('',#2221,#2220,#364,.T.);
#2863=EDGE_CURVE('',#2221,#2222,#1529,.T.);
#2864=EDGE_CURVE('',#2222,#2223,#365,.T.);
#2865=EDGE_CURVE('',#2223,#2222,#366,.T.);
#2866=EDGE_CURVE('',#2224,#2225,#367,.T.);
#2867=EDGE_CURVE('',#2225,#2224,#368,.T.);
#2868=EDGE_CURVE('',#2225,#2226,#1530,.T.);
#2869=EDGE_CURVE('',#2226,#2227,#369,.T.);
#2870=EDGE_CURVE('',#2227,#2226,#370,.T.);
#2871=EDGE_CURVE('',#2228,#2229,#371,.T.);
#2872=EDGE_CURVE('',#2229,#2228,#372,.T.);
#2873=EDGE_CURVE('',#2229,#2230,#1531,.T.);
#2874=EDGE_CURVE('',#2230,#2231,#373,.T.);
#2875=EDGE_CURVE('',#2231,#2230,#374,.T.);
#2876=EDGE_CURVE('',#2232,#2233,#375,.T.);
#2877=EDGE_CURVE('',#2233,#2234,#1532,.T.);
#2878=EDGE_CURVE('',#2235,#2234,#376,.T.);
#2879=EDGE_CURVE('',#2234,#2235,#377,.T.);
#2880=EDGE_CURVE('',#2233,#2232,#378,.T.);
#2881=EDGE_CURVE('',#2236,#2237,#379,.T.);
#2882=EDGE_CURVE('',#2237,#2238,#1533,.T.);
#2883=EDGE_CURVE('',#2239,#2238,#380,.T.);
#2884=EDGE_CURVE('',#2238,#2239,#381,.T.);
#2885=EDGE_CURVE('',#2237,#2236,#382,.T.);
#2886=EDGE_CURVE('',#2240,#2241,#383,.T.);
#2887=EDGE_CURVE('',#2241,#2242,#1534,.T.);
#2888=EDGE_CURVE('',#2243,#2242,#384,.T.);
#2889=EDGE_CURVE('',#2242,#2243,#385,.T.);
#2890=EDGE_CURVE('',#2241,#2240,#386,.T.);
#2891=EDGE_CURVE('',#2244,#2245,#387,.T.);
#2892=EDGE_CURVE('',#2245,#2246,#1535,.T.);
#2893=EDGE_CURVE('',#2247,#2246,#388,.T.);
#2894=EDGE_CURVE('',#2246,#2247,#389,.T.);
#2895=EDGE_CURVE('',#2245,#2244,#390,.T.);
#2896=EDGE_CURVE('',#2248,#2249,#391,.T.);
#2897=EDGE_CURVE('',#2249,#2250,#1536,.T.);
#2898=EDGE_CURVE('',#2251,#2250,#392,.T.);
#2899=EDGE_CURVE('',#2250,#2251,#393,.T.);
#2900=EDGE_CURVE('',#2249,#2248,#394,.T.);
#2901=EDGE_CURVE('',#2252,#2253,#395,.T.);
#2902=EDGE_CURVE('',#2253,#2254,#1537,.T.);
#2903=EDGE_CURVE('',#2255,#2254,#396,.T.);
#2904=EDGE_CURVE('',#2254,#2255,#397,.T.);
#2905=EDGE_CURVE('',#2253,#2252,#398,.T.);
#2906=EDGE_CURVE('',#2256,#2257,#399,.T.);
#2907=EDGE_CURVE('',#2257,#2256,#400,.T.);
#2908=EDGE_CURVE('',#2257,#2258,#1538,.T.);
#2909=EDGE_CURVE('',#2258,#2259,#401,.T.);
#2910=EDGE_CURVE('',#2259,#2258,#402,.T.);
#2911=EDGE_CURVE('',#2260,#2261,#403,.T.);
#2912=EDGE_CURVE('',#2261,#2260,#404,.T.);
#2913=EDGE_CURVE('',#2261,#2262,#1539,.T.);
#2914=EDGE_CURVE('',#2262,#2263,#405,.T.);
#2915=EDGE_CURVE('',#2263,#2262,#406,.T.);
#2916=EDGE_CURVE('',#2264,#2265,#407,.T.);
#2917=EDGE_CURVE('',#2265,#2264,#408,.T.);
#2918=EDGE_CURVE('',#2265,#2266,#1540,.T.);
#2919=EDGE_CURVE('',#2266,#2267,#409,.T.);
#2920=EDGE_CURVE('',#2267,#2266,#410,.T.);
#2921=EDGE_CURVE('',#2268,#2269,#411,.T.);
#2922=EDGE_CURVE('',#2269,#2270,#1541,.T.);
#2923=EDGE_CURVE('',#2270,#2271,#412,.T.);
#2924=EDGE_CURVE('',#2271,#2270,#413,.T.);
#2925=EDGE_CURVE('',#2269,#2268,#414,.T.);
#2926=EDGE_CURVE('',#2272,#2273,#415,.T.);
#2927=EDGE_CURVE('',#2273,#2274,#1542,.T.);
#2928=EDGE_CURVE('',#2274,#2275,#416,.T.);
#2929=EDGE_CURVE('',#2275,#2274,#417,.T.);
#2930=EDGE_CURVE('',#2273,#2272,#418,.T.);
#2931=EDGE_CURVE('',#2276,#2277,#419,.T.);
#2932=EDGE_CURVE('',#2277,#2278,#1543,.T.);
#2933=EDGE_CURVE('',#2278,#2279,#420,.T.);
#2934=EDGE_CURVE('',#2279,#2278,#421,.T.);
#2935=EDGE_CURVE('',#2277,#2276,#422,.T.);
#2936=EDGE_CURVE('',#2280,#2281,#423,.T.);
#2937=EDGE_CURVE('',#2281,#2282,#1544,.T.);
#2938=EDGE_CURVE('',#2282,#2283,#424,.T.);
#2939=EDGE_CURVE('',#2283,#2282,#425,.T.);
#2940=EDGE_CURVE('',#2281,#2280,#426,.T.);
#2941=EDGE_CURVE('',#2284,#2285,#427,.T.);
#2942=EDGE_CURVE('',#2285,#2286,#1545,.T.);
#2943=EDGE_CURVE('',#2287,#2286,#428,.T.);
#2944=EDGE_CURVE('',#2286,#2287,#429,.T.);
#2945=EDGE_CURVE('',#2285,#2284,#430,.T.);
#2946=EDGE_CURVE('',#2288,#2289,#431,.T.);
#2947=EDGE_CURVE('',#2289,#2290,#1546,.T.);
#2948=EDGE_CURVE('',#2291,#2290,#432,.T.);
#2949=EDGE_CURVE('',#2290,#2291,#433,.T.);
#2950=EDGE_CURVE('',#2289,#2288,#434,.T.);
#2951=EDGE_CURVE('',#2292,#2293,#435,.T.);
#2952=EDGE_CURVE('',#2293,#2294,#1547,.T.);
#2953=EDGE_CURVE('',#2295,#2294,#436,.T.);
#2954=EDGE_CURVE('',#2294,#2295,#437,.T.);
#2955=EDGE_CURVE('',#2293,#2292,#438,.T.);
#2956=EDGE_CURVE('',#2296,#2297,#439,.T.);
#2957=EDGE_CURVE('',#2297,#2298,#1548,.T.);
#2958=EDGE_CURVE('',#2299,#2298,#440,.T.);
#2959=EDGE_CURVE('',#2298,#2299,#441,.T.);
#2960=EDGE_CURVE('',#2297,#2296,#442,.T.);
#2961=EDGE_CURVE('',#2300,#2301,#23,.F.);
#2962=EDGE_CURVE('',#2301,#2302,#443,.T.);
#2963=EDGE_CURVE('',#2302,#2303,#59,.T.);
#2964=EDGE_CURVE('',#2304,#2303,#444,.T.);
#2965=EDGE_CURVE('',#2305,#2304,#60,.T.);
#2966=EDGE_CURVE('',#2305,#2306,#445,.T.);
#2967=EDGE_CURVE('',#2306,#2307,#24,.T.);
#2968=EDGE_CURVE('',#2307,#2308,#446,.T.);
#2969=EDGE_CURVE('',#2308,#2309,#1549,.T.);
#2970=EDGE_CURVE('',#2310,#2309,#447,.T.);
#2971=EDGE_CURVE('',#2309,#2310,#448,.T.);
#2972=EDGE_CURVE('',#2308,#2300,#449,.T.);
#2973=EDGE_CURVE('',#2311,#2312,#450,.T.);
#2974=EDGE_CURVE('',#2312,#2313,#25,.T.);
#2975=EDGE_CURVE('',#2313,#2314,#451,.T.);
#2976=EDGE_CURVE('',#2314,#2315,#61,.T.);
#2977=EDGE_CURVE('',#2316,#2315,#452,.T.);
#2978=EDGE_CURVE('',#2316,#2317,#62,.T.);
#2979=EDGE_CURVE('',#2317,#2318,#453,.T.);
#2980=EDGE_CURVE('',#2318,#2319,#26,.T.);
#2981=EDGE_CURVE('',#2319,#2320,#1550,.T.);
#2982=EDGE_CURVE('',#2321,#2320,#454,.T.);
#2983=EDGE_CURVE('',#2320,#2321,#455,.T.);
#2984=EDGE_CURVE('',#2319,#2311,#27,.T.);
#2985=EDGE_CURVE('',#2322,#2323,#456,.T.);
#2986=EDGE_CURVE('',#2323,#2324,#28,.T.);
#2987=EDGE_CURVE('',#2324,#2325,#1551,.T.);
#2988=EDGE_CURVE('',#2326,#2325,#457,.T.);
#2989=EDGE_CURVE('',#2325,#2326,#458,.T.);
#2990=EDGE_CURVE('',#2324,#2327,#29,.T.);
#2991=EDGE_CURVE('',#2327,#2328,#459,.T.);
#2992=EDGE_CURVE('',#2328,#2329,#63,.T.);
#2993=EDGE_CURVE('',#2330,#2329,#460,.T.);
#2994=EDGE_CURVE('',#2331,#2330,#64,.T.);
#2995=EDGE_CURVE('',#2331,#2332,#461,.T.);
#2996=EDGE_CURVE('',#2332,#2322,#30,.T.);
#2997=EDGE_CURVE('',#2333,#2334,#31,.F.);
#2998=EDGE_CURVE('',#2334,#2335,#462,.T.);
#2999=EDGE_CURVE('',#2335,#2336,#1552,.T.);
#3000=EDGE_CURVE('',#2337,#2336,#463,.T.);
#3001=EDGE_CURVE('',#2336,#2337,#464,.T.);
#3002=EDGE_CURVE('',#2335,#2338,#465,.T.);
#3003=EDGE_CURVE('',#2338,#2339,#32,.T.);
#3004=EDGE_CURVE('',#2339,#2340,#466,.T.);
#3005=EDGE_CURVE('',#2340,#2341,#65,.T.);
#3006=EDGE_CURVE('',#2342,#2341,#467,.T.);
#3007=EDGE_CURVE('',#2342,#2343,#66,.T.);
#3008=EDGE_CURVE('',#2343,#2333,#468,.T.);
#3009=EDGE_CURVE('',#2344,#2345,#469,.T.);
#3010=EDGE_CURVE('',#2346,#2345,#1553,.T.);
#3011=EDGE_CURVE('',#2347,#2346,#470,.T.);
#3012=EDGE_CURVE('',#2344,#2347,#1554,.T.);
#3013=EDGE_CURVE('',#2348,#2349,#471,.T.);
#3014=EDGE_CURVE('',#2350,#2348,#1555,.T.);
#3015=EDGE_CURVE('',#2350,#2351,#472,.T.);
#3016=EDGE_CURVE('',#2349,#2351,#1556,.T.);
#3017=EDGE_CURVE('',#2352,#2353,#473,.T.);
#3018=EDGE_CURVE('',#2354,#2353,#1557,.T.);
#3019=EDGE_CURVE('',#2355,#2354,#474,.T.);
#3020=EDGE_CURVE('',#2352,#2355,#1558,.T.);
#3021=EDGE_CURVE('',#2213,#2356,#475,.T.);
#3022=EDGE_CURVE('',#2212,#2357,#476,.T.);
#3023=EDGE_CURVE('',#2356,#2357,#1559,.T.);
#3024=EDGE_CURVE('',#2358,#2211,#1560,.T.);
#3025=EDGE_CURVE('',#2359,#2358,#1561,.T.);
#3026=EDGE_CURVE('',#2359,#2360,#1562,.T.);
#3027=EDGE_CURVE('',#2360,#2361,#1563,.T.);
#3028=EDGE_CURVE('',#2361,#2204,#1564,.T.);
#3029=EDGE_CURVE('',#2301,#2362,#1565,.T.);
#3030=EDGE_CURVE('',#2362,#2302,#1566,.T.);
#3031=EDGE_CURVE('',#2362,#2359,#67,.T.);
#3032=EDGE_CURVE('',#2311,#2300,#1567,.T.);
#3033=EDGE_CURVE('',#2363,#2318,#1568,.T.);
#3034=EDGE_CURVE('',#2363,#2360,#68,.T.);
#3035=EDGE_CURVE('',#2313,#2364,#1569,.T.);
#3036=EDGE_CURVE('',#2364,#2314,#1570,.T.);
#3037=EDGE_CURVE('',#2365,#2366,#1571,.T.);
#3038=EDGE_CURVE('',#2365,#2367,#1572,.T.);
#3039=EDGE_CURVE('',#2367,#2368,#1573,.T.);
#3040=EDGE_CURVE('',#2368,#2206,#1574,.T.);
#3041=EDGE_CURVE('',#2366,#2205,#1575,.T.);
#3042=EDGE_CURVE('',#2364,#2365,#69,.T.);
#3043=EDGE_CURVE('',#2322,#2312,#1576,.T.);
#3044=EDGE_CURVE('',#2369,#2332,#1577,.T.);
#3045=EDGE_CURVE('',#2369,#2367,#70,.T.);
#3046=EDGE_CURVE('',#2327,#2370,#1578,.T.);
#3047=EDGE_CURVE('',#2370,#2328,#1579,.T.);
#3048=EDGE_CURVE('',#2371,#2372,#1580,.T.);
#3049=EDGE_CURVE('',#2372,#2373,#1581,.T.);
#3050=EDGE_CURVE('',#2373,#2208,#1582,.T.);
#3051=EDGE_CURVE('',#2374,#2207,#1583,.T.);
#3052=EDGE_CURVE('',#2371,#2374,#1584,.T.);
#3053=EDGE_CURVE('',#2334,#2323,#1585,.T.);
#3054=EDGE_CURVE('',#2375,#2333,#1586,.T.);
#3055=EDGE_CURVE('',#2375,#2372,#71,.T.);
#3056=EDGE_CURVE('',#2370,#2371,#72,.T.);
#3057=EDGE_CURVE('',#2339,#2376,#1587,.T.);
#3058=EDGE_CURVE('',#2376,#2340,#1588,.T.);
#3059=EDGE_CURVE('',#2377,#2378,#1589,.T.);
#3060=EDGE_CURVE('',#2378,#2379,#1590,.T.);
#3061=EDGE_CURVE('',#2379,#2210,#1591,.T.);
#3062=EDGE_CURVE('',#2380,#2209,#1592,.T.);
#3063=EDGE_CURVE('',#2377,#2380,#1593,.T.);
#3064=EDGE_CURVE('',#2381,#2306,#1594,.T.);
#3065=EDGE_CURVE('',#2381,#2378,#73,.T.);
#3066=EDGE_CURVE('',#2376,#2377,#74,.T.);
#3067=EDGE_CURVE('',#2307,#2338,#1595,.T.);
#3068=EDGE_CURVE('',#2347,#2349,#477,.T.);
#3069=EDGE_CURVE('',#2351,#2356,#478,.T.);
#3070=EDGE_CURVE('',#2357,#2352,#479,.T.);
#3071=EDGE_CURVE('',#2355,#2344,#480,.T.);
#3072=EDGE_CURVE('',#2375,#2343,#1596,.T.);
#3073=EDGE_CURVE('',#2369,#2331,#1597,.T.);
#3074=EDGE_CURVE('',#2363,#2317,#1598,.T.);
#3075=EDGE_CURVE('',#2348,#2346,#481,.T.);
#3076=EDGE_CURVE('',#2346,#2199,#1599,.T.);
#3077=EDGE_CURVE('',#2348,#2198,#1600,.T.);
#3078=EDGE_CURVE('',#2350,#2197,#1601,.T.);
#3079=EDGE_CURVE('',#2213,#2350,#482,.T.);
#3080=EDGE_CURVE('',#2353,#2212,#483,.T.);
#3081=EDGE_CURVE('',#2353,#2202,#1602,.T.);
#3082=EDGE_CURVE('',#2354,#2201,#1603,.T.);
#3083=EDGE_CURVE('',#2345,#2354,#484,.T.);
#3084=EDGE_CURVE('',#2345,#2200,#1604,.T.);
#3085=EDGE_CURVE('',#2373,#2382,#75,.T.);
#3086=EDGE_CURVE('',#2382,#2383,#485,.T.);
#3087=EDGE_CURVE('',#2380,#2383,#76,.T.);
#3088=EDGE_CURVE('',#2379,#2384,#77,.T.);
#3089=EDGE_CURVE('',#2384,#2385,#486,.T.);
#3090=EDGE_CURVE('',#2358,#2385,#78,.T.);
#3091=EDGE_CURVE('',#2361,#2386,#79,.T.);
#3092=EDGE_CURVE('',#2386,#2387,#487,.T.);
#3093=EDGE_CURVE('',#2366,#2387,#80,.T.);
#3094=EDGE_CURVE('',#2368,#2388,#81,.T.);
#3095=EDGE_CURVE('',#2388,#2389,#488,.T.);
#3096=EDGE_CURVE('',#2374,#2389,#82,.T.);
#3097=EDGE_CURVE('',#2381,#2305,#1605,.T.);
#3098=EDGE_CURVE('',#2382,#2342,#1606,.T.);
#3099=EDGE_CURVE('',#2341,#2383,#1607,.T.);
#3100=EDGE_CURVE('',#2388,#2330,#1608,.T.);
#3101=EDGE_CURVE('',#2329,#2389,#1609,.T.);
#3102=EDGE_CURVE('',#2386,#2316,#1610,.T.);
#3103=EDGE_CURVE('',#2315,#2387,#1611,.T.);
#3104=EDGE_CURVE('',#2304,#2384,#1612,.T.);
#3105=EDGE_CURVE('',#2303,#2385,#1613,.T.);
#3106=EDGE_CURVE('',#2390,#2391,#489,.T.);
#3107=EDGE_CURVE('',#2391,#2390,#490,.T.);
#3108=EDGE_CURVE('',#2391,#2392,#1614,.T.);
#3109=EDGE_CURVE('',#2392,#2393,#491,.T.);
#3110=EDGE_CURVE('',#2393,#2392,#492,.T.);
#3111=EDGE_CURVE('',#2394,#2395,#493,.T.);
#3112=EDGE_CURVE('',#2395,#2394,#494,.T.);
#3113=EDGE_CURVE('',#2395,#2391,#1615,.T.);
#3114=EDGE_CURVE('',#2396,#2397,#495,.T.);
#3115=EDGE_CURVE('',#2397,#2396,#496,.T.);
#3116=EDGE_CURVE('',#2397,#2398,#1616,.T.);
#3117=EDGE_CURVE('',#2398,#2399,#497,.T.);
#3118=EDGE_CURVE('',#2399,#2398,#498,.T.);
#3119=EDGE_CURVE('',#2400,#2401,#499,.T.);
#3120=EDGE_CURVE('',#2401,#2400,#500,.T.);
#3121=EDGE_CURVE('',#2401,#2397,#1617,.T.);
#3122=EDGE_CURVE('',#2402,#2403,#501,.T.);
#3123=EDGE_CURVE('',#2403,#2402,#502,.T.);
#3124=EDGE_CURVE('',#2403,#2404,#1618,.T.);
#3125=EDGE_CURVE('',#2404,#2405,#503,.T.);
#3126=EDGE_CURVE('',#2405,#2404,#504,.T.);
#3127=EDGE_CURVE('',#2406,#2407,#505,.T.);
#3128=EDGE_CURVE('',#2407,#2406,#506,.T.);
#3129=EDGE_CURVE('',#2407,#2408,#1619,.T.);
#3130=EDGE_CURVE('',#2408,#2409,#507,.T.);
#3131=EDGE_CURVE('',#2409,#2408,#508,.T.);
#3132=EDGE_CURVE('',#2410,#2411,#509,.T.);
#3133=EDGE_CURVE('',#2411,#2410,#510,.T.);
#3134=EDGE_CURVE('',#2411,#2412,#1620,.T.);
#3135=EDGE_CURVE('',#2412,#2413,#511,.T.);
#3136=EDGE_CURVE('',#2413,#2412,#512,.T.);
#3137=EDGE_CURVE('',#2410,#2414,#1621,.T.);
#3138=EDGE_CURVE('',#2415,#2414,#513,.T.);
#3139=EDGE_CURVE('',#2414,#2415,#514,.T.);
#3140=EDGE_CURVE('',#2416,#2417,#515,.T.);
#3141=EDGE_CURVE('',#2417,#2418,#1622,.T.);
#3142=EDGE_CURVE('',#2419,#2418,#516,.T.);
#3143=EDGE_CURVE('',#2418,#2419,#517,.T.);
#3144=EDGE_CURVE('',#2417,#2416,#518,.T.);
#3145=EDGE_CURVE('',#2420,#2421,#519,.T.);
#3146=EDGE_CURVE('',#2421,#2417,#1623,.T.);
#3147=EDGE_CURVE('',#2421,#2420,#520,.T.);
#3148=EDGE_CURVE('',#2422,#2423,#521,.T.);
#3149=EDGE_CURVE('',#2423,#2424,#1624,.T.);
#3150=EDGE_CURVE('',#2425,#2424,#522,.T.);
#3151=EDGE_CURVE('',#2424,#2425,#523,.T.);
#3152=EDGE_CURVE('',#2423,#2422,#524,.T.);
#3153=EDGE_CURVE('',#2426,#2427,#525,.T.);
#3154=EDGE_CURVE('',#2427,#2423,#1625,.T.);
#3155=EDGE_CURVE('',#2427,#2426,#526,.T.);
#3156=EDGE_CURVE('',#2428,#2429,#527,.T.);
#3157=EDGE_CURVE('',#2429,#2430,#1626,.T.);
#3158=EDGE_CURVE('',#2431,#2430,#528,.T.);
#3159=EDGE_CURVE('',#2430,#2431,#529,.T.);
#3160=EDGE_CURVE('',#2429,#2428,#530,.T.);
#3161=EDGE_CURVE('',#2432,#2433,#531,.T.);
#3162=EDGE_CURVE('',#2433,#2434,#1627,.T.);
#3163=EDGE_CURVE('',#2435,#2434,#532,.T.);
#3164=EDGE_CURVE('',#2434,#2435,#533,.T.);
#3165=EDGE_CURVE('',#2433,#2432,#534,.T.);
#3166=EDGE_CURVE('',#2436,#2437,#535,.T.);
#3167=EDGE_CURVE('',#2437,#2438,#1628,.T.);
#3168=EDGE_CURVE('',#2439,#2438,#536,.T.);
#3169=EDGE_CURVE('',#2438,#2439,#537,.T.);
#3170=EDGE_CURVE('',#2437,#2436,#538,.T.);
#3171=EDGE_CURVE('',#2436,#2440,#1629,.T.);
#3172=EDGE_CURVE('',#2440,#2441,#539,.T.);
#3173=EDGE_CURVE('',#2441,#2440,#540,.T.);
#3174=EDGE_CURVE('',#2442,#2443,#541,.T.);
#3175=EDGE_CURVE('',#2443,#2442,#542,.T.);
#3176=EDGE_CURVE('',#2443,#2444,#1630,.T.);
#3177=EDGE_CURVE('',#2444,#2445,#543,.T.);
#3178=EDGE_CURVE('',#2445,#2444,#544,.T.);
#3179=EDGE_CURVE('',#2446,#2447,#545,.T.);
#3180=EDGE_CURVE('',#2447,#2446,#546,.T.);
#3181=EDGE_CURVE('',#2447,#2443,#1631,.T.);
#3182=EDGE_CURVE('',#2448,#2449,#547,.T.);
#3183=EDGE_CURVE('',#2449,#2448,#548,.T.);
#3184=EDGE_CURVE('',#2449,#2450,#1632,.T.);
#3185=EDGE_CURVE('',#2450,#2451,#549,.T.);
#3186=EDGE_CURVE('',#2451,#2450,#550,.T.);
#3187=EDGE_CURVE('',#2452,#2453,#551,.T.);
#3188=EDGE_CURVE('',#2453,#2452,#552,.T.);
#3189=EDGE_CURVE('',#2453,#2449,#1633,.T.);
#3190=EDGE_CURVE('',#2454,#2455,#553,.T.);
#3191=EDGE_CURVE('',#2455,#2454,#554,.T.);
#3192=EDGE_CURVE('',#2455,#2456,#1634,.T.);
#3193=EDGE_CURVE('',#2456,#2457,#555,.T.);
#3194=EDGE_CURVE('',#2457,#2456,#556,.T.);
#3195=EDGE_CURVE('',#2458,#2459,#557,.T.);
#3196=EDGE_CURVE('',#2459,#2458,#558,.T.);
#3197=EDGE_CURVE('',#2459,#2460,#1635,.T.);
#3198=EDGE_CURVE('',#2460,#2461,#559,.T.);
#3199=EDGE_CURVE('',#2461,#2460,#560,.T.);
#3200=EDGE_CURVE('',#2462,#2463,#561,.T.);
#3201=EDGE_CURVE('',#2463,#2462,#562,.T.);
#3202=EDGE_CURVE('',#2463,#2464,#1636,.T.);
#3203=EDGE_CURVE('',#2464,#2465,#563,.T.);
#3204=EDGE_CURVE('',#2465,#2464,#564,.T.);
#3205=EDGE_CURVE('',#2462,#2466,#1637,.T.);
#3206=EDGE_CURVE('',#2467,#2466,#565,.T.);
#3207=EDGE_CURVE('',#2466,#2467,#566,.T.);
#3208=EDGE_CURVE('',#2468,#2469,#567,.T.);
#3209=EDGE_CURVE('',#2469,#2470,#1638,.T.);
#3210=EDGE_CURVE('',#2471,#2470,#568,.T.);
#3211=EDGE_CURVE('',#2470,#2471,#569,.T.);
#3212=EDGE_CURVE('',#2469,#2468,#570,.T.);
#3213=EDGE_CURVE('',#2472,#2473,#571,.T.);
#3214=EDGE_CURVE('',#2473,#2469,#1639,.T.);
#3215=EDGE_CURVE('',#2473,#2472,#572,.T.);
#3216=EDGE_CURVE('',#2474,#2475,#573,.T.);
#3217=EDGE_CURVE('',#2475,#2476,#1640,.T.);
#3218=EDGE_CURVE('',#2477,#2476,#574,.T.);
#3219=EDGE_CURVE('',#2476,#2477,#575,.T.);
#3220=EDGE_CURVE('',#2475,#2474,#576,.T.);
#3221=EDGE_CURVE('',#2478,#2479,#577,.T.);
#3222=EDGE_CURVE('',#2479,#2475,#1641,.T.);
#3223=EDGE_CURVE('',#2479,#2478,#578,.T.);
#3224=EDGE_CURVE('',#2480,#2481,#579,.T.);
#3225=EDGE_CURVE('',#2481,#2482,#1642,.T.);
#3226=EDGE_CURVE('',#2483,#2482,#580,.T.);
#3227=EDGE_CURVE('',#2482,#2483,#581,.T.);
#3228=EDGE_CURVE('',#2481,#2480,#582,.T.);
#3229=EDGE_CURVE('',#2484,#2485,#583,.T.);
#3230=EDGE_CURVE('',#2485,#2486,#1643,.T.);
#3231=EDGE_CURVE('',#2487,#2486,#584,.T.);
#3232=EDGE_CURVE('',#2486,#2487,#585,.T.);
#3233=EDGE_CURVE('',#2485,#2484,#586,.T.);
#3234=EDGE_CURVE('',#2488,#2489,#587,.T.);
#3235=EDGE_CURVE('',#2489,#2490,#1644,.T.);
#3236=EDGE_CURVE('',#2491,#2490,#588,.T.);
#3237=EDGE_CURVE('',#2490,#2491,#589,.T.);
#3238=EDGE_CURVE('',#2489,#2488,#590,.T.);
#3239=EDGE_CURVE('',#2488,#2492,#1645,.T.);
#3240=EDGE_CURVE('',#2492,#2493,#591,.T.);
#3241=EDGE_CURVE('',#2493,#2492,#592,.T.);
#3242=ORIENTED_EDGE('',*,*,#2494,.F.);
#3243=ORIENTED_EDGE('',*,*,#2495,.F.);
#3244=ORIENTED_EDGE('',*,*,#2496,.F.);
#3245=ORIENTED_EDGE('',*,*,#2497,.T.);
#3246=ORIENTED_EDGE('',*,*,#2498,.F.);
#3247=ORIENTED_EDGE('',*,*,#2497,.F.);
#3248=ORIENTED_EDGE('',*,*,#2499,.F.);
#3249=ORIENTED_EDGE('',*,*,#2500,.T.);
#3250=ORIENTED_EDGE('',*,*,#2501,.F.);
#3251=ORIENTED_EDGE('',*,*,#2500,.F.);
#3252=ORIENTED_EDGE('',*,*,#2502,.F.);
#3253=ORIENTED_EDGE('',*,*,#2503,.T.);
#3254=ORIENTED_EDGE('',*,*,#2504,.F.);
#3255=ORIENTED_EDGE('',*,*,#2503,.F.);
#3256=ORIENTED_EDGE('',*,*,#2505,.F.);
#3257=ORIENTED_EDGE('',*,*,#2506,.T.);
#3258=ORIENTED_EDGE('',*,*,#2507,.F.);
#3259=ORIENTED_EDGE('',*,*,#2506,.F.);
#3260=ORIENTED_EDGE('',*,*,#2508,.F.);
#3261=ORIENTED_EDGE('',*,*,#2509,.T.);
#3262=ORIENTED_EDGE('',*,*,#2510,.F.);
#3263=ORIENTED_EDGE('',*,*,#2509,.F.);
#3264=ORIENTED_EDGE('',*,*,#2511,.F.);
#3265=ORIENTED_EDGE('',*,*,#2512,.T.);
#3266=ORIENTED_EDGE('',*,*,#2513,.F.);
#3267=ORIENTED_EDGE('',*,*,#2512,.F.);
#3268=ORIENTED_EDGE('',*,*,#2514,.F.);
#3269=ORIENTED_EDGE('',*,*,#2515,.T.);
#3270=ORIENTED_EDGE('',*,*,#2516,.F.);
#3271=ORIENTED_EDGE('',*,*,#2515,.F.);
#3272=ORIENTED_EDGE('',*,*,#2517,.F.);
#3273=ORIENTED_EDGE('',*,*,#2495,.T.);
#3274=ORIENTED_EDGE('',*,*,#2518,.F.);
#3275=ORIENTED_EDGE('',*,*,#2519,.T.);
#3276=ORIENTED_EDGE('',*,*,#2520,.F.);
#3277=ORIENTED_EDGE('',*,*,#2519,.F.);
#3278=ORIENTED_EDGE('',*,*,#2521,.F.);
#3279=ORIENTED_EDGE('',*,*,#2522,.T.);
#3280=ORIENTED_EDGE('',*,*,#2523,.F.);
#3281=ORIENTED_EDGE('',*,*,#2522,.F.);
#3282=ORIENTED_EDGE('',*,*,#2524,.F.);
#3283=ORIENTED_EDGE('',*,*,#2525,.F.);
#3284=ORIENTED_EDGE('',*,*,#2526,.T.);
#3285=ORIENTED_EDGE('',*,*,#2527,.T.);
#3286=ORIENTED_EDGE('',*,*,#2528,.T.);
#3287=ORIENTED_EDGE('',*,*,#2526,.F.);
#3288=ORIENTED_EDGE('',*,*,#2529,.F.);
#3289=ORIENTED_EDGE('',*,*,#2530,.F.);
#3290=ORIENTED_EDGE('',*,*,#2531,.T.);
#3291=ORIENTED_EDGE('',*,*,#2525,.T.);
#3292=ORIENTED_EDGE('',*,*,#2524,.T.);
#3293=ORIENTED_EDGE('',*,*,#2531,.F.);
#3294=ORIENTED_EDGE('',*,*,#2532,.F.);
#3295=ORIENTED_EDGE('',*,*,#2533,.F.);
#3296=ORIENTED_EDGE('',*,*,#2534,.T.);
#3297=ORIENTED_EDGE('',*,*,#2530,.T.);
#3298=ORIENTED_EDGE('',*,*,#2529,.T.);
#3299=ORIENTED_EDGE('',*,*,#2534,.F.);
#3300=ORIENTED_EDGE('',*,*,#2535,.T.);
#3301=ORIENTED_EDGE('',*,*,#2536,.T.);
#3302=ORIENTED_EDGE('',*,*,#2537,.F.);
#3303=ORIENTED_EDGE('',*,*,#2538,.F.);
#3304=ORIENTED_EDGE('',*,*,#2536,.F.);
#3305=ORIENTED_EDGE('',*,*,#2539,.T.);
#3306=ORIENTED_EDGE('',*,*,#2540,.T.);
#3307=ORIENTED_EDGE('',*,*,#2541,.T.);
#3308=ORIENTED_EDGE('',*,*,#2535,.F.);
#3309=ORIENTED_EDGE('',*,*,#2539,.F.);
#3310=ORIENTED_EDGE('',*,*,#2541,.F.);
#3311=ORIENTED_EDGE('',*,*,#2542,.T.);
#3312=ORIENTED_EDGE('',*,*,#2543,.T.);
#3313=ORIENTED_EDGE('',*,*,#2544,.T.);
#3314=ORIENTED_EDGE('',*,*,#2540,.F.);
#3315=ORIENTED_EDGE('',*,*,#2542,.F.);
#3316=ORIENTED_EDGE('',*,*,#2544,.F.);
#3317=ORIENTED_EDGE('',*,*,#2545,.T.);
#3318=ORIENTED_EDGE('',*,*,#2546,.T.);
#3319=ORIENTED_EDGE('',*,*,#2547,.T.);
#3320=ORIENTED_EDGE('',*,*,#2548,.F.);
#3321=ORIENTED_EDGE('',*,*,#2549,.F.);
#3322=ORIENTED_EDGE('',*,*,#2547,.F.);
#3323=ORIENTED_EDGE('',*,*,#2550,.T.);
#3324=ORIENTED_EDGE('',*,*,#2551,.T.);
#3325=ORIENTED_EDGE('',*,*,#2552,.T.);
#3326=ORIENTED_EDGE('',*,*,#2546,.F.);
#3327=ORIENTED_EDGE('',*,*,#2550,.F.);
#3328=ORIENTED_EDGE('',*,*,#2552,.F.);
#3329=ORIENTED_EDGE('',*,*,#2553,.T.);
#3330=ORIENTED_EDGE('',*,*,#2554,.T.);
#3331=ORIENTED_EDGE('',*,*,#2555,.T.);
#3332=ORIENTED_EDGE('',*,*,#2551,.F.);
#3333=ORIENTED_EDGE('',*,*,#2553,.F.);
#3334=ORIENTED_EDGE('',*,*,#2555,.F.);
#3335=ORIENTED_EDGE('',*,*,#2556,.T.);
#3336=ORIENTED_EDGE('',*,*,#2557,.F.);
#3337=ORIENTED_EDGE('',*,*,#2558,.F.);
#3338=ORIENTED_EDGE('',*,*,#2559,.T.);
#3339=ORIENTED_EDGE('',*,*,#2560,.T.);
#3340=ORIENTED_EDGE('',*,*,#2561,.T.);
#3341=ORIENTED_EDGE('',*,*,#2559,.F.);
#3342=ORIENTED_EDGE('',*,*,#2562,.F.);
#3343=ORIENTED_EDGE('',*,*,#2563,.F.);
#3344=ORIENTED_EDGE('',*,*,#2564,.T.);
#3345=ORIENTED_EDGE('',*,*,#2558,.T.);
#3346=ORIENTED_EDGE('',*,*,#2557,.T.);
#3347=ORIENTED_EDGE('',*,*,#2564,.F.);
#3348=ORIENTED_EDGE('',*,*,#2565,.F.);
#3349=ORIENTED_EDGE('',*,*,#2566,.F.);
#3350=ORIENTED_EDGE('',*,*,#2567,.T.);
#3351=ORIENTED_EDGE('',*,*,#2563,.T.);
#3352=ORIENTED_EDGE('',*,*,#2562,.T.);
#3353=ORIENTED_EDGE('',*,*,#2567,.F.);
#3354=ORIENTED_EDGE('',*,*,#2568,.T.);
#3355=ORIENTED_EDGE('',*,*,#2569,.T.);
#3356=ORIENTED_EDGE('',*,*,#2570,.F.);
#3357=ORIENTED_EDGE('',*,*,#2571,.F.);
#3358=ORIENTED_EDGE('',*,*,#2569,.F.);
#3359=ORIENTED_EDGE('',*,*,#2572,.T.);
#3360=ORIENTED_EDGE('',*,*,#2573,.T.);
#3361=ORIENTED_EDGE('',*,*,#2574,.T.);
#3362=ORIENTED_EDGE('',*,*,#2575,.F.);
#3363=ORIENTED_EDGE('',*,*,#2576,.F.);
#3364=ORIENTED_EDGE('',*,*,#2574,.F.);
#3365=ORIENTED_EDGE('',*,*,#2577,.T.);
#3366=ORIENTED_EDGE('',*,*,#2578,.T.);
#3367=ORIENTED_EDGE('',*,*,#2579,.T.);
#3368=ORIENTED_EDGE('',*,*,#2580,.F.);
#3369=ORIENTED_EDGE('',*,*,#2581,.F.);
#3370=ORIENTED_EDGE('',*,*,#2579,.F.);
#3371=ORIENTED_EDGE('',*,*,#2582,.T.);
#3372=ORIENTED_EDGE('',*,*,#2583,.T.);
#3373=ORIENTED_EDGE('',*,*,#2584,.T.);
#3374=ORIENTED_EDGE('',*,*,#2585,.F.);
#3375=ORIENTED_EDGE('',*,*,#2586,.F.);
#3376=ORIENTED_EDGE('',*,*,#2584,.F.);
#3377=ORIENTED_EDGE('',*,*,#2587,.T.);
#3378=ORIENTED_EDGE('',*,*,#2588,.F.);
#3379=ORIENTED_EDGE('',*,*,#2589,.T.);
#3380=ORIENTED_EDGE('',*,*,#2590,.T.);
#3381=ORIENTED_EDGE('',*,*,#2591,.F.);
#3382=ORIENTED_EDGE('',*,*,#2592,.F.);
#3383=ORIENTED_EDGE('',*,*,#2593,.T.);
#3384=ORIENTED_EDGE('',*,*,#2594,.T.);
#3385=ORIENTED_EDGE('',*,*,#2595,.F.);
#3386=ORIENTED_EDGE('',*,*,#2596,.T.);
#3387=ORIENTED_EDGE('',*,*,#2597,.T.);
#3388=ORIENTED_EDGE('',*,*,#2598,.T.);
#3389=ORIENTED_EDGE('',*,*,#2599,.T.);
#3390=ORIENTED_EDGE('',*,*,#2600,.T.);
#3391=ORIENTED_EDGE('',*,*,#2601,.T.);
#3392=ORIENTED_EDGE('',*,*,#2602,.T.);
#3393=ORIENTED_EDGE('',*,*,#2603,.T.);
#3394=ORIENTED_EDGE('',*,*,#2604,.T.);
#3395=ORIENTED_EDGE('',*,*,#2605,.T.);
#3396=ORIENTED_EDGE('',*,*,#2606,.T.);
#3397=ORIENTED_EDGE('',*,*,#2607,.T.);
#3398=ORIENTED_EDGE('',*,*,#2608,.T.);
#3399=ORIENTED_EDGE('',*,*,#2609,.T.);
#3400=ORIENTED_EDGE('',*,*,#2610,.T.);
#3401=ORIENTED_EDGE('',*,*,#2611,.T.);
#3402=ORIENTED_EDGE('',*,*,#2612,.T.);
#3403=ORIENTED_EDGE('',*,*,#2613,.T.);
#3404=ORIENTED_EDGE('',*,*,#2614,.T.);
#3405=ORIENTED_EDGE('',*,*,#2615,.T.);
#3406=ORIENTED_EDGE('',*,*,#2616,.T.);
#3407=ORIENTED_EDGE('',*,*,#2617,.T.);
#3408=ORIENTED_EDGE('',*,*,#2618,.T.);
#3409=ORIENTED_EDGE('',*,*,#2619,.T.);
#3410=ORIENTED_EDGE('',*,*,#2528,.F.);
#3411=ORIENTED_EDGE('',*,*,#2527,.F.);
#3412=ORIENTED_EDGE('',*,*,#2537,.T.);
#3413=ORIENTED_EDGE('',*,*,#2538,.T.);
#3414=ORIENTED_EDGE('',*,*,#2548,.T.);
#3415=ORIENTED_EDGE('',*,*,#2549,.T.);
#3416=ORIENTED_EDGE('',*,*,#2561,.F.);
#3417=ORIENTED_EDGE('',*,*,#2560,.F.);
#3418=ORIENTED_EDGE('',*,*,#2620,.T.);
#3419=ORIENTED_EDGE('',*,*,#2621,.T.);
#3420=ORIENTED_EDGE('',*,*,#2622,.T.);
#3421=ORIENTED_EDGE('',*,*,#2623,.T.);
#3422=ORIENTED_EDGE('',*,*,#2624,.T.);
#3423=ORIENTED_EDGE('',*,*,#2625,.T.);
#3424=ORIENTED_EDGE('',*,*,#2626,.T.);
#3425=ORIENTED_EDGE('',*,*,#2627,.T.);
#3426=ORIENTED_EDGE('',*,*,#2507,.T.);
#3427=ORIENTED_EDGE('',*,*,#2510,.T.);
#3428=ORIENTED_EDGE('',*,*,#2513,.T.);
#3429=ORIENTED_EDGE('',*,*,#2516,.T.);
#3430=ORIENTED_EDGE('',*,*,#2494,.T.);
#3431=ORIENTED_EDGE('',*,*,#2498,.T.);
#3432=ORIENTED_EDGE('',*,*,#2501,.T.);
#3433=ORIENTED_EDGE('',*,*,#2504,.T.);
#3434=ORIENTED_EDGE('',*,*,#2520,.T.);
#3435=ORIENTED_EDGE('',*,*,#2523,.T.);
#3436=ORIENTED_EDGE('',*,*,#2628,.F.);
#3437=ORIENTED_EDGE('',*,*,#2629,.F.);
#3438=ORIENTED_EDGE('',*,*,#2630,.F.);
#3439=ORIENTED_EDGE('',*,*,#2594,.F.);
#3440=ORIENTED_EDGE('',*,*,#2631,.F.);
#3441=ORIENTED_EDGE('',*,*,#2632,.F.);
#3442=ORIENTED_EDGE('',*,*,#2633,.F.);
#3443=ORIENTED_EDGE('',*,*,#2634,.F.);
#3444=ORIENTED_EDGE('',*,*,#2635,.F.);
#3445=ORIENTED_EDGE('',*,*,#2636,.F.);
#3446=ORIENTED_EDGE('',*,*,#2637,.F.);
#3447=ORIENTED_EDGE('',*,*,#2638,.F.);
#3448=ORIENTED_EDGE('',*,*,#2578,.F.);
#3449=ORIENTED_EDGE('',*,*,#2582,.F.);
#3450=ORIENTED_EDGE('',*,*,#2568,.F.);
#3451=ORIENTED_EDGE('',*,*,#2572,.F.);
#3452=ORIENTED_EDGE('',*,*,#2573,.F.);
#3453=ORIENTED_EDGE('',*,*,#2577,.F.);
#3454=ORIENTED_EDGE('',*,*,#2583,.F.);
#3455=ORIENTED_EDGE('',*,*,#2587,.F.);
#3456=ORIENTED_EDGE('',*,*,#2639,.F.);
#3457=ORIENTED_EDGE('',*,*,#2640,.F.);
#3458=ORIENTED_EDGE('',*,*,#2641,.F.);
#3459=ORIENTED_EDGE('',*,*,#2590,.F.);
#3460=ORIENTED_EDGE('',*,*,#2642,.F.);
#3461=ORIENTED_EDGE('',*,*,#2643,.F.);
#3462=ORIENTED_EDGE('',*,*,#2644,.F.);
#3463=ORIENTED_EDGE('',*,*,#2645,.F.);
#3464=ORIENTED_EDGE('',*,*,#2646,.F.);
#3465=ORIENTED_EDGE('',*,*,#2647,.T.);
#3466=ORIENTED_EDGE('',*,*,#2648,.T.);
#3467=ORIENTED_EDGE('',*,*,#2620,.F.);
#3468=ORIENTED_EDGE('',*,*,#2649,.F.);
#3469=ORIENTED_EDGE('',*,*,#2650,.T.);
#3470=ORIENTED_EDGE('',*,*,#2646,.T.);
#3471=ORIENTED_EDGE('',*,*,#2627,.F.);
#3472=ORIENTED_EDGE('',*,*,#2651,.F.);
#3473=ORIENTED_EDGE('',*,*,#2652,.T.);
#3474=ORIENTED_EDGE('',*,*,#2649,.T.);
#3475=ORIENTED_EDGE('',*,*,#2626,.F.);
#3476=ORIENTED_EDGE('',*,*,#2653,.F.);
#3477=ORIENTED_EDGE('',*,*,#2654,.T.);
#3478=ORIENTED_EDGE('',*,*,#2651,.T.);
#3479=ORIENTED_EDGE('',*,*,#2625,.F.);
#3480=ORIENTED_EDGE('',*,*,#2655,.F.);
#3481=ORIENTED_EDGE('',*,*,#2656,.T.);
#3482=ORIENTED_EDGE('',*,*,#2653,.T.);
#3483=ORIENTED_EDGE('',*,*,#2624,.F.);
#3484=ORIENTED_EDGE('',*,*,#2657,.F.);
#3485=ORIENTED_EDGE('',*,*,#2658,.T.);
#3486=ORIENTED_EDGE('',*,*,#2655,.T.);
#3487=ORIENTED_EDGE('',*,*,#2623,.F.);
#3488=ORIENTED_EDGE('',*,*,#2659,.F.);
#3489=ORIENTED_EDGE('',*,*,#2660,.T.);
#3490=ORIENTED_EDGE('',*,*,#2657,.T.);
#3491=ORIENTED_EDGE('',*,*,#2622,.F.);
#3492=ORIENTED_EDGE('',*,*,#2648,.F.);
#3493=ORIENTED_EDGE('',*,*,#2661,.T.);
#3494=ORIENTED_EDGE('',*,*,#2659,.T.);
#3495=ORIENTED_EDGE('',*,*,#2621,.F.);
#3496=ORIENTED_EDGE('',*,*,#2662,.F.);
#3497=ORIENTED_EDGE('',*,*,#2601,.F.);
#3498=ORIENTED_EDGE('',*,*,#2663,.F.);
#3499=ORIENTED_EDGE('',*,*,#2656,.F.);
#3500=ORIENTED_EDGE('',*,*,#2663,.T.);
#3501=ORIENTED_EDGE('',*,*,#2600,.F.);
#3502=ORIENTED_EDGE('',*,*,#2664,.F.);
#3503=ORIENTED_EDGE('',*,*,#2654,.F.);
#3504=ORIENTED_EDGE('',*,*,#2662,.T.);
#3505=ORIENTED_EDGE('',*,*,#2658,.F.);
#3506=ORIENTED_EDGE('',*,*,#2665,.F.);
#3507=ORIENTED_EDGE('',*,*,#2602,.F.);
#3508=ORIENTED_EDGE('',*,*,#2664,.T.);
#3509=ORIENTED_EDGE('',*,*,#2599,.F.);
#3510=ORIENTED_EDGE('',*,*,#2666,.F.);
#3511=ORIENTED_EDGE('',*,*,#2652,.F.);
#3512=ORIENTED_EDGE('',*,*,#2665,.T.);
#3513=ORIENTED_EDGE('',*,*,#2660,.F.);
#3514=ORIENTED_EDGE('',*,*,#2667,.F.);
#3515=ORIENTED_EDGE('',*,*,#2603,.F.);
#3516=ORIENTED_EDGE('',*,*,#2666,.T.);
#3517=ORIENTED_EDGE('',*,*,#2598,.F.);
#3518=ORIENTED_EDGE('',*,*,#2668,.F.);
#3519=ORIENTED_EDGE('',*,*,#2650,.F.);
#3520=ORIENTED_EDGE('',*,*,#2667,.T.);
#3521=ORIENTED_EDGE('',*,*,#2661,.F.);
#3522=ORIENTED_EDGE('',*,*,#2669,.F.);
#3523=ORIENTED_EDGE('',*,*,#2596,.F.);
#3524=ORIENTED_EDGE('',*,*,#2668,.T.);
#3525=ORIENTED_EDGE('',*,*,#2597,.F.);
#3526=ORIENTED_EDGE('',*,*,#2669,.T.);
#3527=ORIENTED_EDGE('',*,*,#2647,.F.);
#3528=ORIENTED_EDGE('',*,*,#2629,.T.);
#3529=ORIENTED_EDGE('',*,*,#2670,.F.);
#3530=ORIENTED_EDGE('',*,*,#2671,.F.);
#3531=ORIENTED_EDGE('',*,*,#2672,.T.);
#3532=ORIENTED_EDGE('',*,*,#2628,.T.);
#3533=ORIENTED_EDGE('',*,*,#2593,.F.);
#3534=ORIENTED_EDGE('',*,*,#2673,.F.);
#3535=ORIENTED_EDGE('',*,*,#2670,.T.);
#3536=ORIENTED_EDGE('',*,*,#2630,.T.);
#3537=ORIENTED_EDGE('',*,*,#2672,.F.);
#3538=ORIENTED_EDGE('',*,*,#2674,.F.);
#3539=ORIENTED_EDGE('',*,*,#2595,.T.);
#3540=ORIENTED_EDGE('',*,*,#2671,.T.);
#3541=ORIENTED_EDGE('',*,*,#2673,.T.);
#3542=ORIENTED_EDGE('',*,*,#2592,.T.);
#3543=ORIENTED_EDGE('',*,*,#2674,.T.);
#3544=ORIENTED_EDGE('',*,*,#2643,.T.);
#3545=ORIENTED_EDGE('',*,*,#2675,.F.);
#3546=ORIENTED_EDGE('',*,*,#2676,.F.);
#3547=ORIENTED_EDGE('',*,*,#2677,.T.);
#3548=ORIENTED_EDGE('',*,*,#2642,.T.);
#3549=ORIENTED_EDGE('',*,*,#2678,.F.);
#3550=ORIENTED_EDGE('',*,*,#2679,.F.);
#3551=ORIENTED_EDGE('',*,*,#2675,.T.);
#3552=ORIENTED_EDGE('',*,*,#2645,.T.);
#3553=ORIENTED_EDGE('',*,*,#2680,.F.);
#3554=ORIENTED_EDGE('',*,*,#2681,.F.);
#3555=ORIENTED_EDGE('',*,*,#2678,.T.);
#3556=ORIENTED_EDGE('',*,*,#2644,.T.);
#3557=ORIENTED_EDGE('',*,*,#2677,.F.);
#3558=ORIENTED_EDGE('',*,*,#2682,.F.);
#3559=ORIENTED_EDGE('',*,*,#2680,.T.);
#3560=ORIENTED_EDGE('',*,*,#2676,.T.);
#3561=ORIENTED_EDGE('',*,*,#2679,.T.);
#3562=ORIENTED_EDGE('',*,*,#2681,.T.);
#3563=ORIENTED_EDGE('',*,*,#2682,.T.);
#3564=ORIENTED_EDGE('',*,*,#2632,.T.);
#3565=ORIENTED_EDGE('',*,*,#2683,.F.);
#3566=ORIENTED_EDGE('',*,*,#2684,.F.);
#3567=ORIENTED_EDGE('',*,*,#2685,.T.);
#3568=ORIENTED_EDGE('',*,*,#2631,.T.);
#3569=ORIENTED_EDGE('',*,*,#2686,.F.);
#3570=ORIENTED_EDGE('',*,*,#2687,.F.);
#3571=ORIENTED_EDGE('',*,*,#2683,.T.);
#3572=ORIENTED_EDGE('',*,*,#2634,.T.);
#3573=ORIENTED_EDGE('',*,*,#2688,.F.);
#3574=ORIENTED_EDGE('',*,*,#2689,.F.);
#3575=ORIENTED_EDGE('',*,*,#2686,.T.);
#3576=ORIENTED_EDGE('',*,*,#2633,.T.);
#3577=ORIENTED_EDGE('',*,*,#2685,.F.);
#3578=ORIENTED_EDGE('',*,*,#2690,.F.);
#3579=ORIENTED_EDGE('',*,*,#2688,.T.);
#3580=ORIENTED_EDGE('',*,*,#2684,.T.);
#3581=ORIENTED_EDGE('',*,*,#2687,.T.);
#3582=ORIENTED_EDGE('',*,*,#2689,.T.);
#3583=ORIENTED_EDGE('',*,*,#2690,.T.);
#3584=ORIENTED_EDGE('',*,*,#2640,.T.);
#3585=ORIENTED_EDGE('',*,*,#2691,.F.);
#3586=ORIENTED_EDGE('',*,*,#2692,.F.);
#3587=ORIENTED_EDGE('',*,*,#2693,.T.);
#3588=ORIENTED_EDGE('',*,*,#2639,.T.);
#3589=ORIENTED_EDGE('',*,*,#2589,.F.);
#3590=ORIENTED_EDGE('',*,*,#2694,.F.);
#3591=ORIENTED_EDGE('',*,*,#2691,.T.);
#3592=ORIENTED_EDGE('',*,*,#2641,.T.);
#3593=ORIENTED_EDGE('',*,*,#2693,.F.);
#3594=ORIENTED_EDGE('',*,*,#2695,.F.);
#3595=ORIENTED_EDGE('',*,*,#2591,.T.);
#3596=ORIENTED_EDGE('',*,*,#2692,.T.);
#3597=ORIENTED_EDGE('',*,*,#2694,.T.);
#3598=ORIENTED_EDGE('',*,*,#2588,.T.);
#3599=ORIENTED_EDGE('',*,*,#2695,.T.);
#3600=ORIENTED_EDGE('',*,*,#2636,.T.);
#3601=ORIENTED_EDGE('',*,*,#2696,.F.);
#3602=ORIENTED_EDGE('',*,*,#2697,.F.);
#3603=ORIENTED_EDGE('',*,*,#2698,.T.);
#3604=ORIENTED_EDGE('',*,*,#2635,.T.);
#3605=ORIENTED_EDGE('',*,*,#2699,.F.);
#3606=ORIENTED_EDGE('',*,*,#2700,.F.);
#3607=ORIENTED_EDGE('',*,*,#2696,.T.);
#3608=ORIENTED_EDGE('',*,*,#2638,.T.);
#3609=ORIENTED_EDGE('',*,*,#2701,.F.);
#3610=ORIENTED_EDGE('',*,*,#2702,.F.);
#3611=ORIENTED_EDGE('',*,*,#2699,.T.);
#3612=ORIENTED_EDGE('',*,*,#2637,.T.);
#3613=ORIENTED_EDGE('',*,*,#2698,.F.);
#3614=ORIENTED_EDGE('',*,*,#2703,.F.);
#3615=ORIENTED_EDGE('',*,*,#2701,.T.);
#3616=ORIENTED_EDGE('',*,*,#2697,.T.);
#3617=ORIENTED_EDGE('',*,*,#2700,.T.);
#3618=ORIENTED_EDGE('',*,*,#2702,.T.);
#3619=ORIENTED_EDGE('',*,*,#2703,.T.);
#3620=ORIENTED_EDGE('',*,*,#2585,.T.);
#3621=ORIENTED_EDGE('',*,*,#2586,.T.);
#3622=ORIENTED_EDGE('',*,*,#2554,.F.);
#3623=ORIENTED_EDGE('',*,*,#2556,.F.);
#3624=ORIENTED_EDGE('',*,*,#2580,.T.);
#3625=ORIENTED_EDGE('',*,*,#2581,.T.);
#3626=ORIENTED_EDGE('',*,*,#2565,.T.);
#3627=ORIENTED_EDGE('',*,*,#2566,.T.);
#3628=ORIENTED_EDGE('',*,*,#2575,.T.);
#3629=ORIENTED_EDGE('',*,*,#2576,.T.);
#3630=ORIENTED_EDGE('',*,*,#2543,.F.);
#3631=ORIENTED_EDGE('',*,*,#2545,.F.);
#3632=ORIENTED_EDGE('',*,*,#2570,.T.);
#3633=ORIENTED_EDGE('',*,*,#2571,.T.);
#3634=ORIENTED_EDGE('',*,*,#2532,.T.);
#3635=ORIENTED_EDGE('',*,*,#2533,.T.);
#3636=ORIENTED_EDGE('',*,*,#2704,.F.);
#3637=ORIENTED_EDGE('',*,*,#2705,.F.);
#3638=ORIENTED_EDGE('',*,*,#2706,.F.);
#3639=ORIENTED_EDGE('',*,*,#2707,.F.);
#3640=ORIENTED_EDGE('',*,*,#2708,.F.);
#3641=ORIENTED_EDGE('',*,*,#2709,.F.);
#3642=ORIENTED_EDGE('',*,*,#2710,.F.);
#3643=ORIENTED_EDGE('',*,*,#2711,.F.);
#3644=ORIENTED_EDGE('',*,*,#2712,.F.);
#3645=ORIENTED_EDGE('',*,*,#2713,.F.);
#3646=ORIENTED_EDGE('',*,*,#2714,.F.);
#3647=ORIENTED_EDGE('',*,*,#2715,.F.);
#3648=ORIENTED_EDGE('',*,*,#2716,.F.);
#3649=ORIENTED_EDGE('',*,*,#2717,.F.);
#3650=ORIENTED_EDGE('',*,*,#2718,.F.);
#3651=ORIENTED_EDGE('',*,*,#2719,.F.);
#3652=ORIENTED_EDGE('',*,*,#2720,.T.);
#3653=ORIENTED_EDGE('',*,*,#2721,.T.);
#3654=ORIENTED_EDGE('',*,*,#2722,.T.);
#3655=ORIENTED_EDGE('',*,*,#2723,.T.);
#3656=ORIENTED_EDGE('',*,*,#2724,.T.);
#3657=ORIENTED_EDGE('',*,*,#2725,.T.);
#3658=ORIENTED_EDGE('',*,*,#2726,.T.);
#3659=ORIENTED_EDGE('',*,*,#2727,.T.);
#3660=ORIENTED_EDGE('',*,*,#2728,.T.);
#3661=ORIENTED_EDGE('',*,*,#2729,.T.);
#3662=ORIENTED_EDGE('',*,*,#2730,.T.);
#3663=ORIENTED_EDGE('',*,*,#2731,.T.);
#3664=ORIENTED_EDGE('',*,*,#2732,.T.);
#3665=ORIENTED_EDGE('',*,*,#2733,.T.);
#3666=ORIENTED_EDGE('',*,*,#2734,.T.);
#3667=ORIENTED_EDGE('',*,*,#2735,.T.);
#3668=ORIENTED_EDGE('',*,*,#2604,.F.);
#3669=ORIENTED_EDGE('',*,*,#2736,.F.);
#3670=ORIENTED_EDGE('',*,*,#2704,.T.);
#3671=ORIENTED_EDGE('',*,*,#2737,.T.);
#3672=ORIENTED_EDGE('',*,*,#2605,.F.);
#3673=ORIENTED_EDGE('',*,*,#2737,.F.);
#3674=ORIENTED_EDGE('',*,*,#2719,.T.);
#3675=ORIENTED_EDGE('',*,*,#2738,.T.);
#3676=ORIENTED_EDGE('',*,*,#2606,.F.);
#3677=ORIENTED_EDGE('',*,*,#2738,.F.);
#3678=ORIENTED_EDGE('',*,*,#2718,.T.);
#3679=ORIENTED_EDGE('',*,*,#2739,.T.);
#3680=ORIENTED_EDGE('',*,*,#2607,.F.);
#3681=ORIENTED_EDGE('',*,*,#2739,.F.);
#3682=ORIENTED_EDGE('',*,*,#2717,.T.);
#3683=ORIENTED_EDGE('',*,*,#2740,.T.);
#3684=ORIENTED_EDGE('',*,*,#2608,.F.);
#3685=ORIENTED_EDGE('',*,*,#2740,.F.);
#3686=ORIENTED_EDGE('',*,*,#2716,.T.);
#3687=ORIENTED_EDGE('',*,*,#2741,.T.);
#3688=ORIENTED_EDGE('',*,*,#2609,.F.);
#3689=ORIENTED_EDGE('',*,*,#2741,.F.);
#3690=ORIENTED_EDGE('',*,*,#2715,.T.);
#3691=ORIENTED_EDGE('',*,*,#2742,.T.);
#3692=ORIENTED_EDGE('',*,*,#2610,.F.);
#3693=ORIENTED_EDGE('',*,*,#2742,.F.);
#3694=ORIENTED_EDGE('',*,*,#2714,.T.);
#3695=ORIENTED_EDGE('',*,*,#2743,.T.);
#3696=ORIENTED_EDGE('',*,*,#2611,.F.);
#3697=ORIENTED_EDGE('',*,*,#2743,.F.);
#3698=ORIENTED_EDGE('',*,*,#2713,.T.);
#3699=ORIENTED_EDGE('',*,*,#2744,.T.);
#3700=ORIENTED_EDGE('',*,*,#2612,.F.);
#3701=ORIENTED_EDGE('',*,*,#2744,.F.);
#3702=ORIENTED_EDGE('',*,*,#2712,.T.);
#3703=ORIENTED_EDGE('',*,*,#2745,.T.);
#3704=ORIENTED_EDGE('',*,*,#2613,.F.);
#3705=ORIENTED_EDGE('',*,*,#2745,.F.);
#3706=ORIENTED_EDGE('',*,*,#2711,.T.);
#3707=ORIENTED_EDGE('',*,*,#2746,.T.);
#3708=ORIENTED_EDGE('',*,*,#2614,.F.);
#3709=ORIENTED_EDGE('',*,*,#2746,.F.);
#3710=ORIENTED_EDGE('',*,*,#2710,.T.);
#3711=ORIENTED_EDGE('',*,*,#2747,.T.);
#3712=ORIENTED_EDGE('',*,*,#2615,.F.);
#3713=ORIENTED_EDGE('',*,*,#2747,.F.);
#3714=ORIENTED_EDGE('',*,*,#2709,.T.);
#3715=ORIENTED_EDGE('',*,*,#2748,.T.);
#3716=ORIENTED_EDGE('',*,*,#2616,.F.);
#3717=ORIENTED_EDGE('',*,*,#2748,.F.);
#3718=ORIENTED_EDGE('',*,*,#2708,.T.);
#3719=ORIENTED_EDGE('',*,*,#2749,.T.);
#3720=ORIENTED_EDGE('',*,*,#2617,.F.);
#3721=ORIENTED_EDGE('',*,*,#2749,.F.);
#3722=ORIENTED_EDGE('',*,*,#2707,.T.);
#3723=ORIENTED_EDGE('',*,*,#2750,.T.);
#3724=ORIENTED_EDGE('',*,*,#2618,.F.);
#3725=ORIENTED_EDGE('',*,*,#2750,.F.);
#3726=ORIENTED_EDGE('',*,*,#2706,.T.);
#3727=ORIENTED_EDGE('',*,*,#2751,.T.);
#3728=ORIENTED_EDGE('',*,*,#2619,.F.);
#3729=ORIENTED_EDGE('',*,*,#2751,.F.);
#3730=ORIENTED_EDGE('',*,*,#2705,.T.);
#3731=ORIENTED_EDGE('',*,*,#2736,.T.);
#3732=ORIENTED_EDGE('',*,*,#2752,.T.);
#3733=ORIENTED_EDGE('',*,*,#2753,.F.);
#3734=ORIENTED_EDGE('',*,*,#2735,.F.);
#3735=ORIENTED_EDGE('',*,*,#2754,.T.);
#3736=ORIENTED_EDGE('',*,*,#2755,.T.);
#3737=ORIENTED_EDGE('',*,*,#2756,.F.);
#3738=ORIENTED_EDGE('',*,*,#2720,.F.);
#3739=ORIENTED_EDGE('',*,*,#2753,.T.);
#3740=ORIENTED_EDGE('',*,*,#2757,.T.);
#3741=ORIENTED_EDGE('',*,*,#2758,.F.);
#3742=ORIENTED_EDGE('',*,*,#2721,.F.);
#3743=ORIENTED_EDGE('',*,*,#2756,.T.);
#3744=ORIENTED_EDGE('',*,*,#2759,.T.);
#3745=ORIENTED_EDGE('',*,*,#2760,.F.);
#3746=ORIENTED_EDGE('',*,*,#2722,.F.);
#3747=ORIENTED_EDGE('',*,*,#2758,.T.);
#3748=ORIENTED_EDGE('',*,*,#2761,.T.);
#3749=ORIENTED_EDGE('',*,*,#2762,.F.);
#3750=ORIENTED_EDGE('',*,*,#2723,.F.);
#3751=ORIENTED_EDGE('',*,*,#2760,.T.);
#3752=ORIENTED_EDGE('',*,*,#2763,.T.);
#3753=ORIENTED_EDGE('',*,*,#2764,.F.);
#3754=ORIENTED_EDGE('',*,*,#2724,.F.);
#3755=ORIENTED_EDGE('',*,*,#2762,.T.);
#3756=ORIENTED_EDGE('',*,*,#2765,.T.);
#3757=ORIENTED_EDGE('',*,*,#2766,.F.);
#3758=ORIENTED_EDGE('',*,*,#2725,.F.);
#3759=ORIENTED_EDGE('',*,*,#2764,.T.);
#3760=ORIENTED_EDGE('',*,*,#2767,.T.);
#3761=ORIENTED_EDGE('',*,*,#2768,.F.);
#3762=ORIENTED_EDGE('',*,*,#2726,.F.);
#3763=ORIENTED_EDGE('',*,*,#2766,.T.);
#3764=ORIENTED_EDGE('',*,*,#2769,.T.);
#3765=ORIENTED_EDGE('',*,*,#2770,.F.);
#3766=ORIENTED_EDGE('',*,*,#2727,.F.);
#3767=ORIENTED_EDGE('',*,*,#2768,.T.);
#3768=ORIENTED_EDGE('',*,*,#2771,.T.);
#3769=ORIENTED_EDGE('',*,*,#2772,.F.);
#3770=ORIENTED_EDGE('',*,*,#2728,.F.);
#3771=ORIENTED_EDGE('',*,*,#2770,.T.);
#3772=ORIENTED_EDGE('',*,*,#2773,.T.);
#3773=ORIENTED_EDGE('',*,*,#2774,.F.);
#3774=ORIENTED_EDGE('',*,*,#2729,.F.);
#3775=ORIENTED_EDGE('',*,*,#2772,.T.);
#3776=ORIENTED_EDGE('',*,*,#2775,.T.);
#3777=ORIENTED_EDGE('',*,*,#2776,.F.);
#3778=ORIENTED_EDGE('',*,*,#2730,.F.);
#3779=ORIENTED_EDGE('',*,*,#2774,.T.);
#3780=ORIENTED_EDGE('',*,*,#2777,.T.);
#3781=ORIENTED_EDGE('',*,*,#2778,.F.);
#3782=ORIENTED_EDGE('',*,*,#2731,.F.);
#3783=ORIENTED_EDGE('',*,*,#2776,.T.);
#3784=ORIENTED_EDGE('',*,*,#2779,.T.);
#3785=ORIENTED_EDGE('',*,*,#2780,.F.);
#3786=ORIENTED_EDGE('',*,*,#2732,.F.);
#3787=ORIENTED_EDGE('',*,*,#2778,.T.);
#3788=ORIENTED_EDGE('',*,*,#2781,.T.);
#3789=ORIENTED_EDGE('',*,*,#2782,.F.);
#3790=ORIENTED_EDGE('',*,*,#2733,.F.);
#3791=ORIENTED_EDGE('',*,*,#2780,.T.);
#3792=ORIENTED_EDGE('',*,*,#2783,.T.);
#3793=ORIENTED_EDGE('',*,*,#2754,.F.);
#3794=ORIENTED_EDGE('',*,*,#2734,.F.);
#3795=ORIENTED_EDGE('',*,*,#2782,.T.);
#3796=ORIENTED_EDGE('',*,*,#2755,.F.);
#3797=ORIENTED_EDGE('',*,*,#2752,.F.);
#3798=ORIENTED_EDGE('',*,*,#2783,.F.);
#3799=ORIENTED_EDGE('',*,*,#2781,.F.);
#3800=ORIENTED_EDGE('',*,*,#2779,.F.);
#3801=ORIENTED_EDGE('',*,*,#2777,.F.);
#3802=ORIENTED_EDGE('',*,*,#2775,.F.);
#3803=ORIENTED_EDGE('',*,*,#2773,.F.);
#3804=ORIENTED_EDGE('',*,*,#2771,.F.);
#3805=ORIENTED_EDGE('',*,*,#2769,.F.);
#3806=ORIENTED_EDGE('',*,*,#2767,.F.);
#3807=ORIENTED_EDGE('',*,*,#2765,.F.);
#3808=ORIENTED_EDGE('',*,*,#2763,.F.);
#3809=ORIENTED_EDGE('',*,*,#2761,.F.);
#3810=ORIENTED_EDGE('',*,*,#2759,.F.);
#3811=ORIENTED_EDGE('',*,*,#2757,.F.);
#3812=ORIENTED_EDGE('',*,*,#2508,.T.);
#3813=ORIENTED_EDGE('',*,*,#2505,.T.);
#3814=ORIENTED_EDGE('',*,*,#2502,.T.);
#3815=ORIENTED_EDGE('',*,*,#2499,.T.);
#3816=ORIENTED_EDGE('',*,*,#2496,.T.);
#3817=ORIENTED_EDGE('',*,*,#2517,.T.);
#3818=ORIENTED_EDGE('',*,*,#2514,.T.);
#3819=ORIENTED_EDGE('',*,*,#2511,.T.);
#3820=ORIENTED_EDGE('',*,*,#2518,.T.);
#3821=ORIENTED_EDGE('',*,*,#2521,.T.);
#3822=ORIENTED_EDGE('',*,*,#2784,.F.);
#3823=ORIENTED_EDGE('',*,*,#2785,.F.);
#3824=ORIENTED_EDGE('',*,*,#2786,.T.);
#3825=ORIENTED_EDGE('',*,*,#2787,.F.);
#3826=ORIENTED_EDGE('',*,*,#2788,.F.);
#3827=ORIENTED_EDGE('',*,*,#2786,.F.);
#3828=ORIENTED_EDGE('',*,*,#2789,.F.);
#3829=ORIENTED_EDGE('',*,*,#2790,.F.);
#3830=ORIENTED_EDGE('',*,*,#2791,.T.);
#3831=ORIENTED_EDGE('',*,*,#2792,.F.);
#3832=ORIENTED_EDGE('',*,*,#2793,.F.);
#3833=ORIENTED_EDGE('',*,*,#2791,.F.);
#3834=ORIENTED_EDGE('',*,*,#2794,.F.);
#3835=ORIENTED_EDGE('',*,*,#2795,.F.);
#3836=ORIENTED_EDGE('',*,*,#2796,.F.);
#3837=ORIENTED_EDGE('',*,*,#2797,.T.);
#3838=ORIENTED_EDGE('',*,*,#2798,.F.);
#3839=ORIENTED_EDGE('',*,*,#2797,.F.);
#3840=ORIENTED_EDGE('',*,*,#2799,.F.);
#3841=ORIENTED_EDGE('',*,*,#2800,.F.);
#3842=ORIENTED_EDGE('',*,*,#2801,.F.);
#3843=ORIENTED_EDGE('',*,*,#2802,.F.);
#3844=ORIENTED_EDGE('',*,*,#2803,.F.);
#3845=ORIENTED_EDGE('',*,*,#2804,.T.);
#3846=ORIENTED_EDGE('',*,*,#2805,.F.);
#3847=ORIENTED_EDGE('',*,*,#2804,.F.);
#3848=ORIENTED_EDGE('',*,*,#2806,.F.);
#3849=ORIENTED_EDGE('',*,*,#2807,.T.);
#3850=ORIENTED_EDGE('',*,*,#2808,.F.);
#3851=ORIENTED_EDGE('',*,*,#2807,.F.);
#3852=ORIENTED_EDGE('',*,*,#2809,.F.);
#3853=ORIENTED_EDGE('',*,*,#2795,.T.);
#3854=ORIENTED_EDGE('',*,*,#2810,.F.);
#3855=ORIENTED_EDGE('',*,*,#2811,.F.);
#3856=ORIENTED_EDGE('',*,*,#2812,.F.);
#3857=ORIENTED_EDGE('',*,*,#2813,.T.);
#3858=ORIENTED_EDGE('',*,*,#2814,.F.);
#3859=ORIENTED_EDGE('',*,*,#2813,.F.);
#3860=ORIENTED_EDGE('',*,*,#2815,.F.);
#3861=ORIENTED_EDGE('',*,*,#2816,.T.);
#3862=ORIENTED_EDGE('',*,*,#2817,.F.);
#3863=ORIENTED_EDGE('',*,*,#2816,.F.);
#3864=ORIENTED_EDGE('',*,*,#2818,.F.);
#3865=ORIENTED_EDGE('',*,*,#2819,.T.);
#3866=ORIENTED_EDGE('',*,*,#2820,.F.);
#3867=ORIENTED_EDGE('',*,*,#2819,.F.);
#3868=ORIENTED_EDGE('',*,*,#2821,.F.);
#3869=ORIENTED_EDGE('',*,*,#2822,.T.);
#3870=ORIENTED_EDGE('',*,*,#2823,.F.);
#3871=ORIENTED_EDGE('',*,*,#2822,.F.);
#3872=ORIENTED_EDGE('',*,*,#2824,.F.);
#3873=ORIENTED_EDGE('',*,*,#2825,.T.);
#3874=ORIENTED_EDGE('',*,*,#2826,.F.);
#3875=ORIENTED_EDGE('',*,*,#2825,.F.);
#3876=ORIENTED_EDGE('',*,*,#2827,.F.);
#3877=ORIENTED_EDGE('',*,*,#2828,.T.);
#3878=ORIENTED_EDGE('',*,*,#2829,.F.);
#3879=ORIENTED_EDGE('',*,*,#2828,.F.);
#3880=ORIENTED_EDGE('',*,*,#2830,.F.);
#3881=ORIENTED_EDGE('',*,*,#2831,.T.);
#3882=ORIENTED_EDGE('',*,*,#2832,.F.);
#3883=ORIENTED_EDGE('',*,*,#2831,.F.);
#3884=ORIENTED_EDGE('',*,*,#2833,.F.);
#3885=ORIENTED_EDGE('',*,*,#2811,.T.);
#3886=ORIENTED_EDGE('',*,*,#2800,.T.);
#3887=ORIENTED_EDGE('',*,*,#2834,.T.);
#3888=ORIENTED_EDGE('',*,*,#2835,.T.);
#3889=ORIENTED_EDGE('',*,*,#2836,.T.);
#3890=ORIENTED_EDGE('',*,*,#2837,.T.);
#3891=ORIENTED_EDGE('',*,*,#2838,.T.);
#3892=ORIENTED_EDGE('',*,*,#2839,.T.);
#3893=ORIENTED_EDGE('',*,*,#2840,.T.);
#3894=ORIENTED_EDGE('',*,*,#2841,.T.);
#3895=ORIENTED_EDGE('',*,*,#2842,.T.);
#3896=ORIENTED_EDGE('',*,*,#2802,.T.);
#3897=ORIENTED_EDGE('',*,*,#2843,.F.);
#3898=ORIENTED_EDGE('',*,*,#2844,.F.);
#3899=ORIENTED_EDGE('',*,*,#2845,.F.);
#3900=ORIENTED_EDGE('',*,*,#2846,.F.);
#3901=ORIENTED_EDGE('',*,*,#2847,.F.);
#3902=ORIENTED_EDGE('',*,*,#2848,.F.);
#3903=ORIENTED_EDGE('',*,*,#2849,.F.);
#3904=ORIENTED_EDGE('',*,*,#2850,.F.);
#3905=ORIENTED_EDGE('',*,*,#2851,.F.);
#3906=ORIENTED_EDGE('',*,*,#2799,.T.);
#3907=ORIENTED_EDGE('',*,*,#2796,.T.);
#3908=ORIENTED_EDGE('',*,*,#2809,.T.);
#3909=ORIENTED_EDGE('',*,*,#2806,.T.);
#3910=ORIENTED_EDGE('',*,*,#2803,.T.);
#3911=ORIENTED_EDGE('',*,*,#2842,.F.);
#3912=ORIENTED_EDGE('',*,*,#2852,.F.);
#3913=ORIENTED_EDGE('',*,*,#2853,.T.);
#3914=ORIENTED_EDGE('',*,*,#2854,.T.);
#3915=ORIENTED_EDGE('',*,*,#2834,.F.);
#3916=ORIENTED_EDGE('',*,*,#2824,.T.);
#3917=ORIENTED_EDGE('',*,*,#2821,.T.);
#3918=ORIENTED_EDGE('',*,*,#2818,.T.);
#3919=ORIENTED_EDGE('',*,*,#2815,.T.);
#3920=ORIENTED_EDGE('',*,*,#2812,.T.);
#3921=ORIENTED_EDGE('',*,*,#2833,.T.);
#3922=ORIENTED_EDGE('',*,*,#2830,.T.);
#3923=ORIENTED_EDGE('',*,*,#2827,.T.);
#3924=ORIENTED_EDGE('',*,*,#2789,.T.);
#3925=ORIENTED_EDGE('',*,*,#2790,.T.);
#3926=ORIENTED_EDGE('',*,*,#2784,.T.);
#3927=ORIENTED_EDGE('',*,*,#2785,.T.);
#3928=ORIENTED_EDGE('',*,*,#2855,.T.);
#3929=ORIENTED_EDGE('',*,*,#2856,.F.);
#3930=ORIENTED_EDGE('',*,*,#2857,.F.);
#3931=ORIENTED_EDGE('',*,*,#2858,.T.);
#3932=ORIENTED_EDGE('',*,*,#2859,.F.);
#3933=ORIENTED_EDGE('',*,*,#2860,.T.);
#3934=ORIENTED_EDGE('',*,*,#2861,.F.);
#3935=ORIENTED_EDGE('',*,*,#2862,.F.);
#3936=ORIENTED_EDGE('',*,*,#2863,.T.);
#3937=ORIENTED_EDGE('',*,*,#2864,.T.);
#3938=ORIENTED_EDGE('',*,*,#2865,.T.);
#3939=ORIENTED_EDGE('',*,*,#2863,.F.);
#3940=ORIENTED_EDGE('',*,*,#2866,.F.);
#3941=ORIENTED_EDGE('',*,*,#2867,.F.);
#3942=ORIENTED_EDGE('',*,*,#2868,.T.);
#3943=ORIENTED_EDGE('',*,*,#2869,.T.);
#3944=ORIENTED_EDGE('',*,*,#2870,.T.);
#3945=ORIENTED_EDGE('',*,*,#2868,.F.);
#3946=ORIENTED_EDGE('',*,*,#2871,.F.);
#3947=ORIENTED_EDGE('',*,*,#2872,.F.);
#3948=ORIENTED_EDGE('',*,*,#2873,.T.);
#3949=ORIENTED_EDGE('',*,*,#2874,.T.);
#3950=ORIENTED_EDGE('',*,*,#2875,.T.);
#3951=ORIENTED_EDGE('',*,*,#2873,.F.);
#3952=ORIENTED_EDGE('',*,*,#2876,.T.);
#3953=ORIENTED_EDGE('',*,*,#2877,.T.);
#3954=ORIENTED_EDGE('',*,*,#2878,.F.);
#3955=ORIENTED_EDGE('',*,*,#2879,.F.);
#3956=ORIENTED_EDGE('',*,*,#2877,.F.);
#3957=ORIENTED_EDGE('',*,*,#2880,.T.);
#3958=ORIENTED_EDGE('',*,*,#2881,.T.);
#3959=ORIENTED_EDGE('',*,*,#2882,.T.);
#3960=ORIENTED_EDGE('',*,*,#2883,.F.);
#3961=ORIENTED_EDGE('',*,*,#2884,.F.);
#3962=ORIENTED_EDGE('',*,*,#2882,.F.);
#3963=ORIENTED_EDGE('',*,*,#2885,.T.);
#3964=ORIENTED_EDGE('',*,*,#2886,.T.);
#3965=ORIENTED_EDGE('',*,*,#2887,.T.);
#3966=ORIENTED_EDGE('',*,*,#2888,.F.);
#3967=ORIENTED_EDGE('',*,*,#2889,.F.);
#3968=ORIENTED_EDGE('',*,*,#2887,.F.);
#3969=ORIENTED_EDGE('',*,*,#2890,.T.);
#3970=ORIENTED_EDGE('',*,*,#2891,.T.);
#3971=ORIENTED_EDGE('',*,*,#2892,.T.);
#3972=ORIENTED_EDGE('',*,*,#2893,.F.);
#3973=ORIENTED_EDGE('',*,*,#2894,.F.);
#3974=ORIENTED_EDGE('',*,*,#2892,.F.);
#3975=ORIENTED_EDGE('',*,*,#2895,.T.);
#3976=ORIENTED_EDGE('',*,*,#2896,.T.);
#3977=ORIENTED_EDGE('',*,*,#2897,.T.);
#3978=ORIENTED_EDGE('',*,*,#2898,.F.);
#3979=ORIENTED_EDGE('',*,*,#2899,.F.);
#3980=ORIENTED_EDGE('',*,*,#2897,.F.);
#3981=ORIENTED_EDGE('',*,*,#2900,.T.);
#3982=ORIENTED_EDGE('',*,*,#2901,.T.);
#3983=ORIENTED_EDGE('',*,*,#2902,.T.);
#3984=ORIENTED_EDGE('',*,*,#2903,.F.);
#3985=ORIENTED_EDGE('',*,*,#2904,.F.);
#3986=ORIENTED_EDGE('',*,*,#2902,.F.);
#3987=ORIENTED_EDGE('',*,*,#2905,.T.);
#3988=ORIENTED_EDGE('',*,*,#2906,.F.);
#3989=ORIENTED_EDGE('',*,*,#2907,.F.);
#3990=ORIENTED_EDGE('',*,*,#2908,.T.);
#3991=ORIENTED_EDGE('',*,*,#2909,.T.);
#3992=ORIENTED_EDGE('',*,*,#2910,.T.);
#3993=ORIENTED_EDGE('',*,*,#2908,.F.);
#3994=ORIENTED_EDGE('',*,*,#2911,.F.);
#3995=ORIENTED_EDGE('',*,*,#2912,.F.);
#3996=ORIENTED_EDGE('',*,*,#2913,.T.);
#3997=ORIENTED_EDGE('',*,*,#2914,.T.);
#3998=ORIENTED_EDGE('',*,*,#2915,.T.);
#3999=ORIENTED_EDGE('',*,*,#2913,.F.);
#4000=ORIENTED_EDGE('',*,*,#2916,.F.);
#4001=ORIENTED_EDGE('',*,*,#2917,.F.);
#4002=ORIENTED_EDGE('',*,*,#2918,.T.);
#4003=ORIENTED_EDGE('',*,*,#2919,.T.);
#4004=ORIENTED_EDGE('',*,*,#2920,.T.);
#4005=ORIENTED_EDGE('',*,*,#2918,.F.);
#4006=ORIENTED_EDGE('',*,*,#2921,.T.);
#4007=ORIENTED_EDGE('',*,*,#2922,.T.);
#4008=ORIENTED_EDGE('',*,*,#2923,.T.);
#4009=ORIENTED_EDGE('',*,*,#2924,.T.);
#4010=ORIENTED_EDGE('',*,*,#2922,.F.);
#4011=ORIENTED_EDGE('',*,*,#2925,.T.);
#4012=ORIENTED_EDGE('',*,*,#2926,.T.);
#4013=ORIENTED_EDGE('',*,*,#2927,.T.);
#4014=ORIENTED_EDGE('',*,*,#2928,.T.);
#4015=ORIENTED_EDGE('',*,*,#2929,.T.);
#4016=ORIENTED_EDGE('',*,*,#2927,.F.);
#4017=ORIENTED_EDGE('',*,*,#2930,.T.);
#4018=ORIENTED_EDGE('',*,*,#2931,.T.);
#4019=ORIENTED_EDGE('',*,*,#2932,.T.);
#4020=ORIENTED_EDGE('',*,*,#2933,.T.);
#4021=ORIENTED_EDGE('',*,*,#2934,.T.);
#4022=ORIENTED_EDGE('',*,*,#2932,.F.);
#4023=ORIENTED_EDGE('',*,*,#2935,.T.);
#4024=ORIENTED_EDGE('',*,*,#2936,.T.);
#4025=ORIENTED_EDGE('',*,*,#2937,.T.);
#4026=ORIENTED_EDGE('',*,*,#2938,.T.);
#4027=ORIENTED_EDGE('',*,*,#2939,.T.);
#4028=ORIENTED_EDGE('',*,*,#2937,.F.);
#4029=ORIENTED_EDGE('',*,*,#2940,.T.);
#4030=ORIENTED_EDGE('',*,*,#2941,.T.);
#4031=ORIENTED_EDGE('',*,*,#2942,.T.);
#4032=ORIENTED_EDGE('',*,*,#2943,.F.);
#4033=ORIENTED_EDGE('',*,*,#2944,.F.);
#4034=ORIENTED_EDGE('',*,*,#2942,.F.);
#4035=ORIENTED_EDGE('',*,*,#2945,.T.);
#4036=ORIENTED_EDGE('',*,*,#2946,.T.);
#4037=ORIENTED_EDGE('',*,*,#2947,.T.);
#4038=ORIENTED_EDGE('',*,*,#2948,.F.);
#4039=ORIENTED_EDGE('',*,*,#2949,.F.);
#4040=ORIENTED_EDGE('',*,*,#2947,.F.);
#4041=ORIENTED_EDGE('',*,*,#2950,.T.);
#4042=ORIENTED_EDGE('',*,*,#2951,.T.);
#4043=ORIENTED_EDGE('',*,*,#2952,.T.);
#4044=ORIENTED_EDGE('',*,*,#2953,.F.);
#4045=ORIENTED_EDGE('',*,*,#2954,.F.);
#4046=ORIENTED_EDGE('',*,*,#2952,.F.);
#4047=ORIENTED_EDGE('',*,*,#2955,.T.);
#4048=ORIENTED_EDGE('',*,*,#2956,.T.);
#4049=ORIENTED_EDGE('',*,*,#2957,.T.);
#4050=ORIENTED_EDGE('',*,*,#2958,.F.);
#4051=ORIENTED_EDGE('',*,*,#2959,.F.);
#4052=ORIENTED_EDGE('',*,*,#2957,.F.);
#4053=ORIENTED_EDGE('',*,*,#2960,.T.);
#4054=ORIENTED_EDGE('',*,*,#2961,.T.);
#4055=ORIENTED_EDGE('',*,*,#2962,.T.);
#4056=ORIENTED_EDGE('',*,*,#2963,.T.);
#4057=ORIENTED_EDGE('',*,*,#2964,.F.);
#4058=ORIENTED_EDGE('',*,*,#2965,.F.);
#4059=ORIENTED_EDGE('',*,*,#2966,.T.);
#4060=ORIENTED_EDGE('',*,*,#2967,.T.);
#4061=ORIENTED_EDGE('',*,*,#2968,.T.);
#4062=ORIENTED_EDGE('',*,*,#2969,.T.);
#4063=ORIENTED_EDGE('',*,*,#2970,.F.);
#4064=ORIENTED_EDGE('',*,*,#2971,.F.);
#4065=ORIENTED_EDGE('',*,*,#2969,.F.);
#4066=ORIENTED_EDGE('',*,*,#2972,.T.);
#4067=ORIENTED_EDGE('',*,*,#2973,.T.);
#4068=ORIENTED_EDGE('',*,*,#2974,.T.);
#4069=ORIENTED_EDGE('',*,*,#2975,.T.);
#4070=ORIENTED_EDGE('',*,*,#2976,.T.);
#4071=ORIENTED_EDGE('',*,*,#2977,.F.);
#4072=ORIENTED_EDGE('',*,*,#2978,.T.);
#4073=ORIENTED_EDGE('',*,*,#2979,.T.);
#4074=ORIENTED_EDGE('',*,*,#2980,.T.);
#4075=ORIENTED_EDGE('',*,*,#2981,.T.);
#4076=ORIENTED_EDGE('',*,*,#2982,.F.);
#4077=ORIENTED_EDGE('',*,*,#2983,.F.);
#4078=ORIENTED_EDGE('',*,*,#2981,.F.);
#4079=ORIENTED_EDGE('',*,*,#2984,.T.);
#4080=ORIENTED_EDGE('',*,*,#2985,.T.);
#4081=ORIENTED_EDGE('',*,*,#2986,.T.);
#4082=ORIENTED_EDGE('',*,*,#2987,.T.);
#4083=ORIENTED_EDGE('',*,*,#2988,.F.);
#4084=ORIENTED_EDGE('',*,*,#2989,.F.);
#4085=ORIENTED_EDGE('',*,*,#2987,.F.);
#4086=ORIENTED_EDGE('',*,*,#2990,.T.);
#4087=ORIENTED_EDGE('',*,*,#2991,.T.);
#4088=ORIENTED_EDGE('',*,*,#2992,.T.);
#4089=ORIENTED_EDGE('',*,*,#2993,.F.);
#4090=ORIENTED_EDGE('',*,*,#2994,.F.);
#4091=ORIENTED_EDGE('',*,*,#2995,.T.);
#4092=ORIENTED_EDGE('',*,*,#2996,.T.);
#4093=ORIENTED_EDGE('',*,*,#2997,.T.);
#4094=ORIENTED_EDGE('',*,*,#2998,.T.);
#4095=ORIENTED_EDGE('',*,*,#2999,.T.);
#4096=ORIENTED_EDGE('',*,*,#3000,.F.);
#4097=ORIENTED_EDGE('',*,*,#3001,.F.);
#4098=ORIENTED_EDGE('',*,*,#2999,.F.);
#4099=ORIENTED_EDGE('',*,*,#3002,.T.);
#4100=ORIENTED_EDGE('',*,*,#3003,.T.);
#4101=ORIENTED_EDGE('',*,*,#3004,.T.);
#4102=ORIENTED_EDGE('',*,*,#3005,.T.);
#4103=ORIENTED_EDGE('',*,*,#3006,.F.);
#4104=ORIENTED_EDGE('',*,*,#3007,.T.);
#4105=ORIENTED_EDGE('',*,*,#3008,.T.);
#4106=ORIENTED_EDGE('',*,*,#3009,.T.);
#4107=ORIENTED_EDGE('',*,*,#3010,.F.);
#4108=ORIENTED_EDGE('',*,*,#3011,.F.);
#4109=ORIENTED_EDGE('',*,*,#3012,.F.);
#4110=ORIENTED_EDGE('',*,*,#3013,.F.);
#4111=ORIENTED_EDGE('',*,*,#3014,.F.);
#4112=ORIENTED_EDGE('',*,*,#3015,.T.);
#4113=ORIENTED_EDGE('',*,*,#3016,.F.);
#4114=ORIENTED_EDGE('',*,*,#3017,.T.);
#4115=ORIENTED_EDGE('',*,*,#3018,.F.);
#4116=ORIENTED_EDGE('',*,*,#3019,.F.);
#4117=ORIENTED_EDGE('',*,*,#3020,.F.);
#4118=ORIENTED_EDGE('',*,*,#3021,.F.);
#4119=ORIENTED_EDGE('',*,*,#2853,.F.);
#4120=ORIENTED_EDGE('',*,*,#3022,.T.);
#4121=ORIENTED_EDGE('',*,*,#3023,.F.);
#4122=ORIENTED_EDGE('',*,*,#2798,.T.);
#4123=ORIENTED_EDGE('',*,*,#2851,.T.);
#4124=ORIENTED_EDGE('',*,*,#3024,.F.);
#4125=ORIENTED_EDGE('',*,*,#3025,.F.);
#4126=ORIENTED_EDGE('',*,*,#3026,.T.);
#4127=ORIENTED_EDGE('',*,*,#3027,.T.);
#4128=ORIENTED_EDGE('',*,*,#3028,.T.);
#4129=ORIENTED_EDGE('',*,*,#2843,.T.);
#4130=ORIENTED_EDGE('',*,*,#2801,.T.);
#4131=ORIENTED_EDGE('',*,*,#2805,.T.);
#4132=ORIENTED_EDGE('',*,*,#2808,.T.);
#4133=ORIENTED_EDGE('',*,*,#2794,.T.);
#4134=ORIENTED_EDGE('',*,*,#2787,.T.);
#4135=ORIENTED_EDGE('',*,*,#2788,.T.);
#4136=ORIENTED_EDGE('',*,*,#2792,.T.);
#4137=ORIENTED_EDGE('',*,*,#2793,.T.);
#4138=ORIENTED_EDGE('',*,*,#2823,.T.);
#4139=ORIENTED_EDGE('',*,*,#2826,.T.);
#4140=ORIENTED_EDGE('',*,*,#2829,.T.);
#4141=ORIENTED_EDGE('',*,*,#2832,.T.);
#4142=ORIENTED_EDGE('',*,*,#2810,.T.);
#4143=ORIENTED_EDGE('',*,*,#2814,.T.);
#4144=ORIENTED_EDGE('',*,*,#2817,.T.);
#4145=ORIENTED_EDGE('',*,*,#2820,.T.);
#4146=ORIENTED_EDGE('',*,*,#3029,.T.);
#4147=ORIENTED_EDGE('',*,*,#3030,.T.);
#4148=ORIENTED_EDGE('',*,*,#2962,.F.);
#4149=ORIENTED_EDGE('',*,*,#3031,.F.);
#4150=ORIENTED_EDGE('',*,*,#3029,.F.);
#4151=ORIENTED_EDGE('',*,*,#2961,.F.);
#4152=ORIENTED_EDGE('',*,*,#3032,.F.);
#4153=ORIENTED_EDGE('',*,*,#2984,.F.);
#4154=ORIENTED_EDGE('',*,*,#2980,.F.);
#4155=ORIENTED_EDGE('',*,*,#3033,.F.);
#4156=ORIENTED_EDGE('',*,*,#3034,.T.);
#4157=ORIENTED_EDGE('',*,*,#3026,.F.);
#4158=ORIENTED_EDGE('',*,*,#3035,.T.);
#4159=ORIENTED_EDGE('',*,*,#3036,.T.);
#4160=ORIENTED_EDGE('',*,*,#2975,.F.);
#4161=ORIENTED_EDGE('',*,*,#3037,.F.);
#4162=ORIENTED_EDGE('',*,*,#3038,.T.);
#4163=ORIENTED_EDGE('',*,*,#3039,.T.);
#4164=ORIENTED_EDGE('',*,*,#3040,.T.);
#4165=ORIENTED_EDGE('',*,*,#2845,.T.);
#4166=ORIENTED_EDGE('',*,*,#3041,.F.);
#4167=ORIENTED_EDGE('',*,*,#3042,.F.);
#4168=ORIENTED_EDGE('',*,*,#3035,.F.);
#4169=ORIENTED_EDGE('',*,*,#2974,.F.);
#4170=ORIENTED_EDGE('',*,*,#3043,.F.);
#4171=ORIENTED_EDGE('',*,*,#2996,.F.);
#4172=ORIENTED_EDGE('',*,*,#3044,.F.);
#4173=ORIENTED_EDGE('',*,*,#3045,.T.);
#4174=ORIENTED_EDGE('',*,*,#3038,.F.);
#4175=ORIENTED_EDGE('',*,*,#3046,.T.);
#4176=ORIENTED_EDGE('',*,*,#3047,.T.);
#4177=ORIENTED_EDGE('',*,*,#2991,.F.);
#4178=ORIENTED_EDGE('',*,*,#3048,.T.);
#4179=ORIENTED_EDGE('',*,*,#3049,.T.);
#4180=ORIENTED_EDGE('',*,*,#3050,.T.);
#4181=ORIENTED_EDGE('',*,*,#2847,.T.);
#4182=ORIENTED_EDGE('',*,*,#3051,.F.);
#4183=ORIENTED_EDGE('',*,*,#3052,.F.);
#4184=ORIENTED_EDGE('',*,*,#2986,.F.);
#4185=ORIENTED_EDGE('',*,*,#3053,.F.);
#4186=ORIENTED_EDGE('',*,*,#2997,.F.);
#4187=ORIENTED_EDGE('',*,*,#3054,.F.);
#4188=ORIENTED_EDGE('',*,*,#3055,.T.);
#4189=ORIENTED_EDGE('',*,*,#3048,.F.);
#4190=ORIENTED_EDGE('',*,*,#3056,.F.);
#4191=ORIENTED_EDGE('',*,*,#3046,.F.);
#4192=ORIENTED_EDGE('',*,*,#2990,.F.);
#4193=ORIENTED_EDGE('',*,*,#3057,.T.);
#4194=ORIENTED_EDGE('',*,*,#3058,.T.);
#4195=ORIENTED_EDGE('',*,*,#3004,.F.);
#4196=ORIENTED_EDGE('',*,*,#3059,.T.);
#4197=ORIENTED_EDGE('',*,*,#3060,.T.);
#4198=ORIENTED_EDGE('',*,*,#3061,.T.);
#4199=ORIENTED_EDGE('',*,*,#2849,.T.);
#4200=ORIENTED_EDGE('',*,*,#3062,.F.);
#4201=ORIENTED_EDGE('',*,*,#3063,.F.);
#4202=ORIENTED_EDGE('',*,*,#3064,.F.);
#4203=ORIENTED_EDGE('',*,*,#3065,.T.);
#4204=ORIENTED_EDGE('',*,*,#3059,.F.);
#4205=ORIENTED_EDGE('',*,*,#3066,.F.);
#4206=ORIENTED_EDGE('',*,*,#3057,.F.);
#4207=ORIENTED_EDGE('',*,*,#3003,.F.);
#4208=ORIENTED_EDGE('',*,*,#3067,.F.);
#4209=ORIENTED_EDGE('',*,*,#2967,.F.);
#4210=ORIENTED_EDGE('',*,*,#3012,.T.);
#4211=ORIENTED_EDGE('',*,*,#3068,.T.);
#4212=ORIENTED_EDGE('',*,*,#3016,.T.);
#4213=ORIENTED_EDGE('',*,*,#3069,.T.);
#4214=ORIENTED_EDGE('',*,*,#3023,.T.);
#4215=ORIENTED_EDGE('',*,*,#3070,.T.);
#4216=ORIENTED_EDGE('',*,*,#3020,.T.);
#4217=ORIENTED_EDGE('',*,*,#3071,.T.);
#4218=ORIENTED_EDGE('',*,*,#2859,.T.);
#4219=ORIENTED_EDGE('',*,*,#2855,.F.);
#4220=ORIENTED_EDGE('',*,*,#2856,.T.);
#4221=ORIENTED_EDGE('',*,*,#2857,.T.);
#4222=ORIENTED_EDGE('',*,*,#2858,.F.);
#4223=ORIENTED_EDGE('',*,*,#3032,.T.);
#4224=ORIENTED_EDGE('',*,*,#2972,.F.);
#4225=ORIENTED_EDGE('',*,*,#2968,.F.);
#4226=ORIENTED_EDGE('',*,*,#3067,.T.);
#4227=ORIENTED_EDGE('',*,*,#3002,.F.);
#4228=ORIENTED_EDGE('',*,*,#2998,.F.);
#4229=ORIENTED_EDGE('',*,*,#3053,.T.);
#4230=ORIENTED_EDGE('',*,*,#2985,.F.);
#4231=ORIENTED_EDGE('',*,*,#3043,.T.);
#4232=ORIENTED_EDGE('',*,*,#2973,.F.);
#4233=ORIENTED_EDGE('',*,*,#2946,.F.);
#4234=ORIENTED_EDGE('',*,*,#2950,.F.);
#4235=ORIENTED_EDGE('',*,*,#2951,.F.);
#4236=ORIENTED_EDGE('',*,*,#2955,.F.);
#4237=ORIENTED_EDGE('',*,*,#2860,.F.);
#4238=ORIENTED_EDGE('',*,*,#2956,.F.);
#4239=ORIENTED_EDGE('',*,*,#2960,.F.);
#4240=ORIENTED_EDGE('',*,*,#2941,.F.);
#4241=ORIENTED_EDGE('',*,*,#2945,.F.);
#4242=ORIENTED_EDGE('',*,*,#3072,.F.);
#4243=ORIENTED_EDGE('',*,*,#3054,.T.);
#4244=ORIENTED_EDGE('',*,*,#3008,.F.);
#4245=ORIENTED_EDGE('',*,*,#3073,.F.);
#4246=ORIENTED_EDGE('',*,*,#3044,.T.);
#4247=ORIENTED_EDGE('',*,*,#2995,.F.);
#4248=ORIENTED_EDGE('',*,*,#3074,.F.);
#4249=ORIENTED_EDGE('',*,*,#3033,.T.);
#4250=ORIENTED_EDGE('',*,*,#2979,.F.);
#4251=ORIENTED_EDGE('',*,*,#3075,.T.);
#4252=ORIENTED_EDGE('',*,*,#3076,.T.);
#4253=ORIENTED_EDGE('',*,*,#2837,.F.);
#4254=ORIENTED_EDGE('',*,*,#3077,.F.);
#4255=ORIENTED_EDGE('',*,*,#3078,.F.);
#4256=ORIENTED_EDGE('',*,*,#3014,.T.);
#4257=ORIENTED_EDGE('',*,*,#3077,.T.);
#4258=ORIENTED_EDGE('',*,*,#2836,.F.);
#4259=ORIENTED_EDGE('',*,*,#3079,.T.);
#4260=ORIENTED_EDGE('',*,*,#3078,.T.);
#4261=ORIENTED_EDGE('',*,*,#2835,.F.);
#4262=ORIENTED_EDGE('',*,*,#2854,.F.);
#4263=ORIENTED_EDGE('',*,*,#3080,.T.);
#4264=ORIENTED_EDGE('',*,*,#2852,.T.);
#4265=ORIENTED_EDGE('',*,*,#2841,.F.);
#4266=ORIENTED_EDGE('',*,*,#3081,.F.);
#4267=ORIENTED_EDGE('',*,*,#3082,.F.);
#4268=ORIENTED_EDGE('',*,*,#3018,.T.);
#4269=ORIENTED_EDGE('',*,*,#3081,.T.);
#4270=ORIENTED_EDGE('',*,*,#2840,.F.);
#4271=ORIENTED_EDGE('',*,*,#3083,.T.);
#4272=ORIENTED_EDGE('',*,*,#3082,.T.);
#4273=ORIENTED_EDGE('',*,*,#2839,.F.);
#4274=ORIENTED_EDGE('',*,*,#3084,.F.);
#4275=ORIENTED_EDGE('',*,*,#3010,.T.);
#4276=ORIENTED_EDGE('',*,*,#3084,.T.);
#4277=ORIENTED_EDGE('',*,*,#2838,.F.);
#4278=ORIENTED_EDGE('',*,*,#3076,.F.);
#4279=ORIENTED_EDGE('',*,*,#3022,.F.);
#4280=ORIENTED_EDGE('',*,*,#3080,.F.);
#4281=ORIENTED_EDGE('',*,*,#3017,.F.);
#4282=ORIENTED_EDGE('',*,*,#3070,.F.);
#4283=ORIENTED_EDGE('',*,*,#3015,.F.);
#4284=ORIENTED_EDGE('',*,*,#3079,.F.);
#4285=ORIENTED_EDGE('',*,*,#3021,.T.);
#4286=ORIENTED_EDGE('',*,*,#3069,.F.);
#4287=ORIENTED_EDGE('',*,*,#3019,.T.);
#4288=ORIENTED_EDGE('',*,*,#3083,.F.);
#4289=ORIENTED_EDGE('',*,*,#3009,.F.);
#4290=ORIENTED_EDGE('',*,*,#3071,.F.);
#4291=ORIENTED_EDGE('',*,*,#3011,.T.);
#4292=ORIENTED_EDGE('',*,*,#3075,.F.);
#4293=ORIENTED_EDGE('',*,*,#3013,.T.);
#4294=ORIENTED_EDGE('',*,*,#3068,.F.);
#4295=ORIENTED_EDGE('',*,*,#3050,.F.);
#4296=ORIENTED_EDGE('',*,*,#3085,.T.);
#4297=ORIENTED_EDGE('',*,*,#3086,.T.);
#4298=ORIENTED_EDGE('',*,*,#3087,.F.);
#4299=ORIENTED_EDGE('',*,*,#3062,.T.);
#4300=ORIENTED_EDGE('',*,*,#2848,.T.);
#4301=ORIENTED_EDGE('',*,*,#3061,.F.);
#4302=ORIENTED_EDGE('',*,*,#3088,.T.);
#4303=ORIENTED_EDGE('',*,*,#3089,.T.);
#4304=ORIENTED_EDGE('',*,*,#3090,.F.);
#4305=ORIENTED_EDGE('',*,*,#3024,.T.);
#4306=ORIENTED_EDGE('',*,*,#2850,.T.);
#4307=ORIENTED_EDGE('',*,*,#3028,.F.);
#4308=ORIENTED_EDGE('',*,*,#3091,.T.);
#4309=ORIENTED_EDGE('',*,*,#3092,.T.);
#4310=ORIENTED_EDGE('',*,*,#3093,.F.);
#4311=ORIENTED_EDGE('',*,*,#3041,.T.);
#4312=ORIENTED_EDGE('',*,*,#2844,.T.);
#4313=ORIENTED_EDGE('',*,*,#3040,.F.);
#4314=ORIENTED_EDGE('',*,*,#3094,.T.);
#4315=ORIENTED_EDGE('',*,*,#3095,.T.);
#4316=ORIENTED_EDGE('',*,*,#3096,.F.);
#4317=ORIENTED_EDGE('',*,*,#3051,.T.);
#4318=ORIENTED_EDGE('',*,*,#2846,.T.);
#4319=ORIENTED_EDGE('',*,*,#3097,.F.);
#4320=ORIENTED_EDGE('',*,*,#3064,.T.);
#4321=ORIENTED_EDGE('',*,*,#2966,.F.);
#4322=ORIENTED_EDGE('',*,*,#3000,.T.);
#4323=ORIENTED_EDGE('',*,*,#3001,.T.);
#4324=ORIENTED_EDGE('',*,*,#2903,.T.);
#4325=ORIENTED_EDGE('',*,*,#2904,.T.);
#4326=ORIENTED_EDGE('',*,*,#2988,.T.);
#4327=ORIENTED_EDGE('',*,*,#2989,.T.);
#4328=ORIENTED_EDGE('',*,*,#2875,.F.);
#4329=ORIENTED_EDGE('',*,*,#2874,.F.);
#4330=ORIENTED_EDGE('',*,*,#2982,.T.);
#4331=ORIENTED_EDGE('',*,*,#2983,.T.);
#4332=ORIENTED_EDGE('',*,*,#2888,.T.);
#4333=ORIENTED_EDGE('',*,*,#2889,.T.);
#4334=ORIENTED_EDGE('',*,*,#2970,.T.);
#4335=ORIENTED_EDGE('',*,*,#2971,.T.);
#4336=ORIENTED_EDGE('',*,*,#2920,.F.);
#4337=ORIENTED_EDGE('',*,*,#2919,.F.);
#4338=ORIENTED_EDGE('',*,*,#2958,.T.);
#4339=ORIENTED_EDGE('',*,*,#2959,.T.);
#4340=ORIENTED_EDGE('',*,*,#2939,.F.);
#4341=ORIENTED_EDGE('',*,*,#2938,.F.);
#4342=ORIENTED_EDGE('',*,*,#2953,.T.);
#4343=ORIENTED_EDGE('',*,*,#2954,.T.);
#4344=ORIENTED_EDGE('',*,*,#2934,.F.);
#4345=ORIENTED_EDGE('',*,*,#2933,.F.);
#4346=ORIENTED_EDGE('',*,*,#2948,.T.);
#4347=ORIENTED_EDGE('',*,*,#2949,.T.);
#4348=ORIENTED_EDGE('',*,*,#2929,.F.);
#4349=ORIENTED_EDGE('',*,*,#2928,.F.);
#4350=ORIENTED_EDGE('',*,*,#2943,.T.);
#4351=ORIENTED_EDGE('',*,*,#2944,.T.);
#4352=ORIENTED_EDGE('',*,*,#2924,.F.);
#4353=ORIENTED_EDGE('',*,*,#2923,.F.);
#4354=ORIENTED_EDGE('',*,*,#2936,.F.);
#4355=ORIENTED_EDGE('',*,*,#2940,.F.);
#4356=ORIENTED_EDGE('',*,*,#2931,.F.);
#4357=ORIENTED_EDGE('',*,*,#2935,.F.);
#4358=ORIENTED_EDGE('',*,*,#2926,.F.);
#4359=ORIENTED_EDGE('',*,*,#2930,.F.);
#4360=ORIENTED_EDGE('',*,*,#2921,.F.);
#4361=ORIENTED_EDGE('',*,*,#2925,.F.);
#4362=ORIENTED_EDGE('',*,*,#2916,.T.);
#4363=ORIENTED_EDGE('',*,*,#2917,.T.);
#4364=ORIENTED_EDGE('',*,*,#2915,.F.);
#4365=ORIENTED_EDGE('',*,*,#2914,.F.);
#4366=ORIENTED_EDGE('',*,*,#2911,.T.);
#4367=ORIENTED_EDGE('',*,*,#2912,.T.);
#4368=ORIENTED_EDGE('',*,*,#2910,.F.);
#4369=ORIENTED_EDGE('',*,*,#2909,.F.);
#4370=ORIENTED_EDGE('',*,*,#2906,.T.);
#4371=ORIENTED_EDGE('',*,*,#2907,.T.);
#4372=ORIENTED_EDGE('',*,*,#2901,.F.);
#4373=ORIENTED_EDGE('',*,*,#2905,.F.);
#4374=ORIENTED_EDGE('',*,*,#2898,.T.);
#4375=ORIENTED_EDGE('',*,*,#2899,.T.);
#4376=ORIENTED_EDGE('',*,*,#2896,.F.);
#4377=ORIENTED_EDGE('',*,*,#2900,.F.);
#4378=ORIENTED_EDGE('',*,*,#2893,.T.);
#4379=ORIENTED_EDGE('',*,*,#2894,.T.);
#4380=ORIENTED_EDGE('',*,*,#2891,.F.);
#4381=ORIENTED_EDGE('',*,*,#2895,.F.);
#4382=ORIENTED_EDGE('',*,*,#2886,.F.);
#4383=ORIENTED_EDGE('',*,*,#2890,.F.);
#4384=ORIENTED_EDGE('',*,*,#2883,.T.);
#4385=ORIENTED_EDGE('',*,*,#2884,.T.);
#4386=ORIENTED_EDGE('',*,*,#2881,.F.);
#4387=ORIENTED_EDGE('',*,*,#2885,.F.);
#4388=ORIENTED_EDGE('',*,*,#2878,.T.);
#4389=ORIENTED_EDGE('',*,*,#2879,.T.);
#4390=ORIENTED_EDGE('',*,*,#2876,.F.);
#4391=ORIENTED_EDGE('',*,*,#2880,.F.);
#4392=ORIENTED_EDGE('',*,*,#2871,.T.);
#4393=ORIENTED_EDGE('',*,*,#2872,.T.);
#4394=ORIENTED_EDGE('',*,*,#2870,.F.);
#4395=ORIENTED_EDGE('',*,*,#2869,.F.);
#4396=ORIENTED_EDGE('',*,*,#2866,.T.);
#4397=ORIENTED_EDGE('',*,*,#2867,.T.);
#4398=ORIENTED_EDGE('',*,*,#2865,.F.);
#4399=ORIENTED_EDGE('',*,*,#2864,.F.);
#4400=ORIENTED_EDGE('',*,*,#2861,.T.);
#4401=ORIENTED_EDGE('',*,*,#2862,.T.);
#4402=ORIENTED_EDGE('',*,*,#3086,.F.);
#4403=ORIENTED_EDGE('',*,*,#3098,.T.);
#4404=ORIENTED_EDGE('',*,*,#3006,.T.);
#4405=ORIENTED_EDGE('',*,*,#3099,.T.);
#4406=ORIENTED_EDGE('',*,*,#3007,.F.);
#4407=ORIENTED_EDGE('',*,*,#3098,.F.);
#4408=ORIENTED_EDGE('',*,*,#3085,.F.);
#4409=ORIENTED_EDGE('',*,*,#3049,.F.);
#4410=ORIENTED_EDGE('',*,*,#3055,.F.);
#4411=ORIENTED_EDGE('',*,*,#3072,.T.);
#4412=ORIENTED_EDGE('',*,*,#3099,.F.);
#4413=ORIENTED_EDGE('',*,*,#3005,.F.);
#4414=ORIENTED_EDGE('',*,*,#3058,.F.);
#4415=ORIENTED_EDGE('',*,*,#3066,.T.);
#4416=ORIENTED_EDGE('',*,*,#3063,.T.);
#4417=ORIENTED_EDGE('',*,*,#3087,.T.);
#4418=ORIENTED_EDGE('',*,*,#3095,.F.);
#4419=ORIENTED_EDGE('',*,*,#3100,.T.);
#4420=ORIENTED_EDGE('',*,*,#2993,.T.);
#4421=ORIENTED_EDGE('',*,*,#3101,.T.);
#4422=ORIENTED_EDGE('',*,*,#3094,.F.);
#4423=ORIENTED_EDGE('',*,*,#3039,.F.);
#4424=ORIENTED_EDGE('',*,*,#3045,.F.);
#4425=ORIENTED_EDGE('',*,*,#3073,.T.);
#4426=ORIENTED_EDGE('',*,*,#2994,.T.);
#4427=ORIENTED_EDGE('',*,*,#3100,.F.);
#4428=ORIENTED_EDGE('',*,*,#3101,.F.);
#4429=ORIENTED_EDGE('',*,*,#2992,.F.);
#4430=ORIENTED_EDGE('',*,*,#3047,.F.);
#4431=ORIENTED_EDGE('',*,*,#3056,.T.);
#4432=ORIENTED_EDGE('',*,*,#3052,.T.);
#4433=ORIENTED_EDGE('',*,*,#3096,.T.);
#4434=ORIENTED_EDGE('',*,*,#3092,.F.);
#4435=ORIENTED_EDGE('',*,*,#3102,.T.);
#4436=ORIENTED_EDGE('',*,*,#2977,.T.);
#4437=ORIENTED_EDGE('',*,*,#3103,.T.);
#4438=ORIENTED_EDGE('',*,*,#3091,.F.);
#4439=ORIENTED_EDGE('',*,*,#3027,.F.);
#4440=ORIENTED_EDGE('',*,*,#3034,.F.);
#4441=ORIENTED_EDGE('',*,*,#3074,.T.);
#4442=ORIENTED_EDGE('',*,*,#2978,.F.);
#4443=ORIENTED_EDGE('',*,*,#3102,.F.);
#4444=ORIENTED_EDGE('',*,*,#3103,.F.);
#4445=ORIENTED_EDGE('',*,*,#2976,.F.);
#4446=ORIENTED_EDGE('',*,*,#3036,.F.);
#4447=ORIENTED_EDGE('',*,*,#3042,.T.);
#4448=ORIENTED_EDGE('',*,*,#3037,.T.);
#4449=ORIENTED_EDGE('',*,*,#3093,.T.);
#4450=ORIENTED_EDGE('',*,*,#3088,.F.);
#4451=ORIENTED_EDGE('',*,*,#3060,.F.);
#4452=ORIENTED_EDGE('',*,*,#3065,.F.);
#4453=ORIENTED_EDGE('',*,*,#3097,.T.);
#4454=ORIENTED_EDGE('',*,*,#2965,.T.);
#4455=ORIENTED_EDGE('',*,*,#3104,.T.);
#4456=ORIENTED_EDGE('',*,*,#3089,.F.);
#4457=ORIENTED_EDGE('',*,*,#3104,.F.);
#4458=ORIENTED_EDGE('',*,*,#2964,.T.);
#4459=ORIENTED_EDGE('',*,*,#3105,.T.);
#4460=ORIENTED_EDGE('',*,*,#3105,.F.);
#4461=ORIENTED_EDGE('',*,*,#2963,.F.);
#4462=ORIENTED_EDGE('',*,*,#3030,.F.);
#4463=ORIENTED_EDGE('',*,*,#3031,.T.);
#4464=ORIENTED_EDGE('',*,*,#3025,.T.);
#4465=ORIENTED_EDGE('',*,*,#3090,.T.);
#4466=ORIENTED_EDGE('',*,*,#3106,.F.);
#4467=ORIENTED_EDGE('',*,*,#3107,.F.);
#4468=ORIENTED_EDGE('',*,*,#3108,.T.);
#4469=ORIENTED_EDGE('',*,*,#3109,.T.);
#4470=ORIENTED_EDGE('',*,*,#3110,.T.);
#4471=ORIENTED_EDGE('',*,*,#3108,.F.);
#4472=ORIENTED_EDGE('',*,*,#3111,.F.);
#4473=ORIENTED_EDGE('',*,*,#3112,.F.);
#4474=ORIENTED_EDGE('',*,*,#3113,.T.);
#4475=ORIENTED_EDGE('',*,*,#3107,.T.);
#4476=ORIENTED_EDGE('',*,*,#3106,.T.);
#4477=ORIENTED_EDGE('',*,*,#3113,.F.);
#4478=ORIENTED_EDGE('',*,*,#3114,.F.);
#4479=ORIENTED_EDGE('',*,*,#3115,.F.);
#4480=ORIENTED_EDGE('',*,*,#3116,.T.);
#4481=ORIENTED_EDGE('',*,*,#3117,.T.);
#4482=ORIENTED_EDGE('',*,*,#3118,.T.);
#4483=ORIENTED_EDGE('',*,*,#3116,.F.);
#4484=ORIENTED_EDGE('',*,*,#3119,.F.);
#4485=ORIENTED_EDGE('',*,*,#3120,.F.);
#4486=ORIENTED_EDGE('',*,*,#3121,.T.);
#4487=ORIENTED_EDGE('',*,*,#3115,.T.);
#4488=ORIENTED_EDGE('',*,*,#3114,.T.);
#4489=ORIENTED_EDGE('',*,*,#3121,.F.);
#4490=ORIENTED_EDGE('',*,*,#3122,.F.);
#4491=ORIENTED_EDGE('',*,*,#3123,.F.);
#4492=ORIENTED_EDGE('',*,*,#3124,.T.);
#4493=ORIENTED_EDGE('',*,*,#3125,.T.);
#4494=ORIENTED_EDGE('',*,*,#3126,.T.);
#4495=ORIENTED_EDGE('',*,*,#3124,.F.);
#4496=ORIENTED_EDGE('',*,*,#3127,.F.);
#4497=ORIENTED_EDGE('',*,*,#3128,.F.);
#4498=ORIENTED_EDGE('',*,*,#3129,.T.);
#4499=ORIENTED_EDGE('',*,*,#3130,.T.);
#4500=ORIENTED_EDGE('',*,*,#3131,.T.);
#4501=ORIENTED_EDGE('',*,*,#3129,.F.);
#4502=ORIENTED_EDGE('',*,*,#3132,.F.);
#4503=ORIENTED_EDGE('',*,*,#3133,.F.);
#4504=ORIENTED_EDGE('',*,*,#3134,.T.);
#4505=ORIENTED_EDGE('',*,*,#3135,.T.);
#4506=ORIENTED_EDGE('',*,*,#3136,.T.);
#4507=ORIENTED_EDGE('',*,*,#3134,.F.);
#4508=ORIENTED_EDGE('',*,*,#3132,.T.);
#4509=ORIENTED_EDGE('',*,*,#3133,.T.);
#4510=ORIENTED_EDGE('',*,*,#3137,.T.);
#4511=ORIENTED_EDGE('',*,*,#3138,.F.);
#4512=ORIENTED_EDGE('',*,*,#3139,.F.);
#4513=ORIENTED_EDGE('',*,*,#3137,.F.);
#4514=ORIENTED_EDGE('',*,*,#3138,.T.);
#4515=ORIENTED_EDGE('',*,*,#3139,.T.);
#4516=ORIENTED_EDGE('',*,*,#3110,.F.);
#4517=ORIENTED_EDGE('',*,*,#3109,.F.);
#4518=ORIENTED_EDGE('',*,*,#3136,.F.);
#4519=ORIENTED_EDGE('',*,*,#3135,.F.);
#4520=ORIENTED_EDGE('',*,*,#3127,.T.);
#4521=ORIENTED_EDGE('',*,*,#3128,.T.);
#4522=ORIENTED_EDGE('',*,*,#3122,.T.);
#4523=ORIENTED_EDGE('',*,*,#3123,.T.);
#4524=ORIENTED_EDGE('',*,*,#3131,.F.);
#4525=ORIENTED_EDGE('',*,*,#3130,.F.);
#4526=ORIENTED_EDGE('',*,*,#3126,.F.);
#4527=ORIENTED_EDGE('',*,*,#3125,.F.);
#4528=ORIENTED_EDGE('',*,*,#3119,.T.);
#4529=ORIENTED_EDGE('',*,*,#3120,.T.);
#4530=ORIENTED_EDGE('',*,*,#3118,.F.);
#4531=ORIENTED_EDGE('',*,*,#3117,.F.);
#4532=ORIENTED_EDGE('',*,*,#3111,.T.);
#4533=ORIENTED_EDGE('',*,*,#3112,.T.);
#4534=ORIENTED_EDGE('',*,*,#3140,.T.);
#4535=ORIENTED_EDGE('',*,*,#3141,.T.);
#4536=ORIENTED_EDGE('',*,*,#3142,.F.);
#4537=ORIENTED_EDGE('',*,*,#3143,.F.);
#4538=ORIENTED_EDGE('',*,*,#3141,.F.);
#4539=ORIENTED_EDGE('',*,*,#3144,.T.);
#4540=ORIENTED_EDGE('',*,*,#3145,.T.);
#4541=ORIENTED_EDGE('',*,*,#3146,.T.);
#4542=ORIENTED_EDGE('',*,*,#3140,.F.);
#4543=ORIENTED_EDGE('',*,*,#3144,.F.);
#4544=ORIENTED_EDGE('',*,*,#3146,.F.);
#4545=ORIENTED_EDGE('',*,*,#3147,.T.);
#4546=ORIENTED_EDGE('',*,*,#3148,.T.);
#4547=ORIENTED_EDGE('',*,*,#3149,.T.);
#4548=ORIENTED_EDGE('',*,*,#3150,.F.);
#4549=ORIENTED_EDGE('',*,*,#3151,.F.);
#4550=ORIENTED_EDGE('',*,*,#3149,.F.);
#4551=ORIENTED_EDGE('',*,*,#3152,.T.);
#4552=ORIENTED_EDGE('',*,*,#3153,.T.);
#4553=ORIENTED_EDGE('',*,*,#3154,.T.);
#4554=ORIENTED_EDGE('',*,*,#3148,.F.);
#4555=ORIENTED_EDGE('',*,*,#3152,.F.);
#4556=ORIENTED_EDGE('',*,*,#3154,.F.);
#4557=ORIENTED_EDGE('',*,*,#3155,.T.);
#4558=ORIENTED_EDGE('',*,*,#3156,.T.);
#4559=ORIENTED_EDGE('',*,*,#3157,.T.);
#4560=ORIENTED_EDGE('',*,*,#3158,.F.);
#4561=ORIENTED_EDGE('',*,*,#3159,.F.);
#4562=ORIENTED_EDGE('',*,*,#3157,.F.);
#4563=ORIENTED_EDGE('',*,*,#3160,.T.);
#4564=ORIENTED_EDGE('',*,*,#3161,.T.);
#4565=ORIENTED_EDGE('',*,*,#3162,.T.);
#4566=ORIENTED_EDGE('',*,*,#3163,.F.);
#4567=ORIENTED_EDGE('',*,*,#3164,.F.);
#4568=ORIENTED_EDGE('',*,*,#3162,.F.);
#4569=ORIENTED_EDGE('',*,*,#3165,.T.);
#4570=ORIENTED_EDGE('',*,*,#3166,.T.);
#4571=ORIENTED_EDGE('',*,*,#3167,.T.);
#4572=ORIENTED_EDGE('',*,*,#3168,.F.);
#4573=ORIENTED_EDGE('',*,*,#3169,.F.);
#4574=ORIENTED_EDGE('',*,*,#3167,.F.);
#4575=ORIENTED_EDGE('',*,*,#3170,.T.);
#4576=ORIENTED_EDGE('',*,*,#3166,.F.);
#4577=ORIENTED_EDGE('',*,*,#3171,.T.);
#4578=ORIENTED_EDGE('',*,*,#3172,.T.);
#4579=ORIENTED_EDGE('',*,*,#3173,.T.);
#4580=ORIENTED_EDGE('',*,*,#3171,.F.);
#4581=ORIENTED_EDGE('',*,*,#3170,.F.);
#4582=ORIENTED_EDGE('',*,*,#3173,.F.);
#4583=ORIENTED_EDGE('',*,*,#3172,.F.);
#4584=ORIENTED_EDGE('',*,*,#3142,.T.);
#4585=ORIENTED_EDGE('',*,*,#3143,.T.);
#4586=ORIENTED_EDGE('',*,*,#3168,.T.);
#4587=ORIENTED_EDGE('',*,*,#3169,.T.);
#4588=ORIENTED_EDGE('',*,*,#3161,.F.);
#4589=ORIENTED_EDGE('',*,*,#3165,.F.);
#4590=ORIENTED_EDGE('',*,*,#3156,.F.);
#4591=ORIENTED_EDGE('',*,*,#3160,.F.);
#4592=ORIENTED_EDGE('',*,*,#3163,.T.);
#4593=ORIENTED_EDGE('',*,*,#3164,.T.);
#4594=ORIENTED_EDGE('',*,*,#3158,.T.);
#4595=ORIENTED_EDGE('',*,*,#3159,.T.);
#4596=ORIENTED_EDGE('',*,*,#3153,.F.);
#4597=ORIENTED_EDGE('',*,*,#3155,.F.);
#4598=ORIENTED_EDGE('',*,*,#3150,.T.);
#4599=ORIENTED_EDGE('',*,*,#3151,.T.);
#4600=ORIENTED_EDGE('',*,*,#3145,.F.);
#4601=ORIENTED_EDGE('',*,*,#3147,.F.);
#4602=ORIENTED_EDGE('',*,*,#3174,.F.);
#4603=ORIENTED_EDGE('',*,*,#3175,.F.);
#4604=ORIENTED_EDGE('',*,*,#3176,.T.);
#4605=ORIENTED_EDGE('',*,*,#3177,.T.);
#4606=ORIENTED_EDGE('',*,*,#3178,.T.);
#4607=ORIENTED_EDGE('',*,*,#3176,.F.);
#4608=ORIENTED_EDGE('',*,*,#3179,.F.);
#4609=ORIENTED_EDGE('',*,*,#3180,.F.);
#4610=ORIENTED_EDGE('',*,*,#3181,.T.);
#4611=ORIENTED_EDGE('',*,*,#3175,.T.);
#4612=ORIENTED_EDGE('',*,*,#3174,.T.);
#4613=ORIENTED_EDGE('',*,*,#3181,.F.);
#4614=ORIENTED_EDGE('',*,*,#3182,.F.);
#4615=ORIENTED_EDGE('',*,*,#3183,.F.);
#4616=ORIENTED_EDGE('',*,*,#3184,.T.);
#4617=ORIENTED_EDGE('',*,*,#3185,.T.);
#4618=ORIENTED_EDGE('',*,*,#3186,.T.);
#4619=ORIENTED_EDGE('',*,*,#3184,.F.);
#4620=ORIENTED_EDGE('',*,*,#3187,.F.);
#4621=ORIENTED_EDGE('',*,*,#3188,.F.);
#4622=ORIENTED_EDGE('',*,*,#3189,.T.);
#4623=ORIENTED_EDGE('',*,*,#3183,.T.);
#4624=ORIENTED_EDGE('',*,*,#3182,.T.);
#4625=ORIENTED_EDGE('',*,*,#3189,.F.);
#4626=ORIENTED_EDGE('',*,*,#3190,.F.);
#4627=ORIENTED_EDGE('',*,*,#3191,.F.);
#4628=ORIENTED_EDGE('',*,*,#3192,.T.);
#4629=ORIENTED_EDGE('',*,*,#3193,.T.);
#4630=ORIENTED_EDGE('',*,*,#3194,.T.);
#4631=ORIENTED_EDGE('',*,*,#3192,.F.);
#4632=ORIENTED_EDGE('',*,*,#3195,.F.);
#4633=ORIENTED_EDGE('',*,*,#3196,.F.);
#4634=ORIENTED_EDGE('',*,*,#3197,.T.);
#4635=ORIENTED_EDGE('',*,*,#3198,.T.);
#4636=ORIENTED_EDGE('',*,*,#3199,.T.);
#4637=ORIENTED_EDGE('',*,*,#3197,.F.);
#4638=ORIENTED_EDGE('',*,*,#3200,.F.);
#4639=ORIENTED_EDGE('',*,*,#3201,.F.);
#4640=ORIENTED_EDGE('',*,*,#3202,.T.);
#4641=ORIENTED_EDGE('',*,*,#3203,.T.);
#4642=ORIENTED_EDGE('',*,*,#3204,.T.);
#4643=ORIENTED_EDGE('',*,*,#3202,.F.);
#4644=ORIENTED_EDGE('',*,*,#3200,.T.);
#4645=ORIENTED_EDGE('',*,*,#3201,.T.);
#4646=ORIENTED_EDGE('',*,*,#3205,.T.);
#4647=ORIENTED_EDGE('',*,*,#3206,.F.);
#4648=ORIENTED_EDGE('',*,*,#3207,.F.);
#4649=ORIENTED_EDGE('',*,*,#3205,.F.);
#4650=ORIENTED_EDGE('',*,*,#3206,.T.);
#4651=ORIENTED_EDGE('',*,*,#3207,.T.);
#4652=ORIENTED_EDGE('',*,*,#3178,.F.);
#4653=ORIENTED_EDGE('',*,*,#3177,.F.);
#4654=ORIENTED_EDGE('',*,*,#3204,.F.);
#4655=ORIENTED_EDGE('',*,*,#3203,.F.);
#4656=ORIENTED_EDGE('',*,*,#3195,.T.);
#4657=ORIENTED_EDGE('',*,*,#3196,.T.);
#4658=ORIENTED_EDGE('',*,*,#3190,.T.);
#4659=ORIENTED_EDGE('',*,*,#3191,.T.);
#4660=ORIENTED_EDGE('',*,*,#3199,.F.);
#4661=ORIENTED_EDGE('',*,*,#3198,.F.);
#4662=ORIENTED_EDGE('',*,*,#3194,.F.);
#4663=ORIENTED_EDGE('',*,*,#3193,.F.);
#4664=ORIENTED_EDGE('',*,*,#3187,.T.);
#4665=ORIENTED_EDGE('',*,*,#3188,.T.);
#4666=ORIENTED_EDGE('',*,*,#3186,.F.);
#4667=ORIENTED_EDGE('',*,*,#3185,.F.);
#4668=ORIENTED_EDGE('',*,*,#3179,.T.);
#4669=ORIENTED_EDGE('',*,*,#3180,.T.);
#4670=ORIENTED_EDGE('',*,*,#3208,.T.);
#4671=ORIENTED_EDGE('',*,*,#3209,.T.);
#4672=ORIENTED_EDGE('',*,*,#3210,.F.);
#4673=ORIENTED_EDGE('',*,*,#3211,.F.);
#4674=ORIENTED_EDGE('',*,*,#3209,.F.);
#4675=ORIENTED_EDGE('',*,*,#3212,.T.);
#4676=ORIENTED_EDGE('',*,*,#3213,.T.);
#4677=ORIENTED_EDGE('',*,*,#3214,.T.);
#4678=ORIENTED_EDGE('',*,*,#3208,.F.);
#4679=ORIENTED_EDGE('',*,*,#3212,.F.);
#4680=ORIENTED_EDGE('',*,*,#3214,.F.);
#4681=ORIENTED_EDGE('',*,*,#3215,.T.);
#4682=ORIENTED_EDGE('',*,*,#3216,.T.);
#4683=ORIENTED_EDGE('',*,*,#3217,.T.);
#4684=ORIENTED_EDGE('',*,*,#3218,.F.);
#4685=ORIENTED_EDGE('',*,*,#3219,.F.);
#4686=ORIENTED_EDGE('',*,*,#3217,.F.);
#4687=ORIENTED_EDGE('',*,*,#3220,.T.);
#4688=ORIENTED_EDGE('',*,*,#3221,.T.);
#4689=ORIENTED_EDGE('',*,*,#3222,.T.);
#4690=ORIENTED_EDGE('',*,*,#3216,.F.);
#4691=ORIENTED_EDGE('',*,*,#3220,.F.);
#4692=ORIENTED_EDGE('',*,*,#3222,.F.);
#4693=ORIENTED_EDGE('',*,*,#3223,.T.);
#4694=ORIENTED_EDGE('',*,*,#3224,.T.);
#4695=ORIENTED_EDGE('',*,*,#3225,.T.);
#4696=ORIENTED_EDGE('',*,*,#3226,.F.);
#4697=ORIENTED_EDGE('',*,*,#3227,.F.);
#4698=ORIENTED_EDGE('',*,*,#3225,.F.);
#4699=ORIENTED_EDGE('',*,*,#3228,.T.);
#4700=ORIENTED_EDGE('',*,*,#3229,.T.);
#4701=ORIENTED_EDGE('',*,*,#3230,.T.);
#4702=ORIENTED_EDGE('',*,*,#3231,.F.);
#4703=ORIENTED_EDGE('',*,*,#3232,.F.);
#4704=ORIENTED_EDGE('',*,*,#3230,.F.);
#4705=ORIENTED_EDGE('',*,*,#3233,.T.);
#4706=ORIENTED_EDGE('',*,*,#3234,.T.);
#4707=ORIENTED_EDGE('',*,*,#3235,.T.);
#4708=ORIENTED_EDGE('',*,*,#3236,.F.);
#4709=ORIENTED_EDGE('',*,*,#3237,.F.);
#4710=ORIENTED_EDGE('',*,*,#3235,.F.);
#4711=ORIENTED_EDGE('',*,*,#3238,.T.);
#4712=ORIENTED_EDGE('',*,*,#3234,.F.);
#4713=ORIENTED_EDGE('',*,*,#3239,.T.);
#4714=ORIENTED_EDGE('',*,*,#3240,.T.);
#4715=ORIENTED_EDGE('',*,*,#3241,.T.);
#4716=ORIENTED_EDGE('',*,*,#3239,.F.);
#4717=ORIENTED_EDGE('',*,*,#3238,.F.);
#4718=ORIENTED_EDGE('',*,*,#3241,.F.);
#4719=ORIENTED_EDGE('',*,*,#3240,.F.);
#4720=ORIENTED_EDGE('',*,*,#3210,.T.);
#4721=ORIENTED_EDGE('',*,*,#3211,.T.);
#4722=ORIENTED_EDGE('',*,*,#3236,.T.);
#4723=ORIENTED_EDGE('',*,*,#3237,.T.);
#4724=ORIENTED_EDGE('',*,*,#3229,.F.);
#4725=ORIENTED_EDGE('',*,*,#3233,.F.);
#4726=ORIENTED_EDGE('',*,*,#3224,.F.);
#4727=ORIENTED_EDGE('',*,*,#3228,.F.);
#4728=ORIENTED_EDGE('',*,*,#3231,.T.);
#4729=ORIENTED_EDGE('',*,*,#3232,.T.);
#4730=ORIENTED_EDGE('',*,*,#3226,.T.);
#4731=ORIENTED_EDGE('',*,*,#3227,.T.);
#4732=ORIENTED_EDGE('',*,*,#3221,.F.);
#4733=ORIENTED_EDGE('',*,*,#3223,.F.);
#4734=ORIENTED_EDGE('',*,*,#3218,.T.);
#4735=ORIENTED_EDGE('',*,*,#3219,.T.);
#4736=ORIENTED_EDGE('',*,*,#3213,.F.);
#4737=ORIENTED_EDGE('',*,*,#3215,.F.);
#4738=PLANE('',#5177);
#4739=PLANE('',#5181);
#4740=PLANE('',#5185);
#4741=PLANE('',#5189);
#4742=PLANE('',#5269);
#4743=PLANE('',#5282);
#4744=PLANE('',#5297);
#4745=PLANE('',#5300);
#4746=PLANE('',#5303);
#4747=PLANE('',#5306);
#4748=PLANE('',#5325);
#4749=PLANE('',#5326);
#4750=PLANE('',#5327);
#4751=PLANE('',#5330);
#4752=PLANE('',#5333);
#4753=PLANE('',#5334);
#4754=PLANE('',#5337);
#4755=PLANE('',#5340);
#4756=PLANE('',#5341);
#4757=PLANE('',#5344);
#4758=PLANE('',#5345);
#4759=PLANE('',#5346);
#4760=PLANE('',#5349);
#4761=PLANE('',#5352);
#4762=PLANE('',#5353);
#4763=PLANE('',#5354);
#4764=PLANE('',#5355);
#4765=PLANE('',#5356);
#4766=PLANE('',#5357);
#4767=PLANE('',#5358);
#4768=PLANE('',#5376);
#4769=PLANE('',#5378);
#4770=PLANE('',#5380);
#4771=PLANE('',#5382);
#4772=PLANE('',#5384);
#4773=PLANE('',#5386);
#4774=PLANE('',#5388);
#4775=PLANE('',#5390);
#4776=PLANE('',#5393);
#4777=PLANE('',#5396);
#4778=PLANE('',#5399);
#4779=PLANE('',#5402);
#4780=PLANE('',#5405);
#4781=PLANE('',#5408);
#4782=PLANE('',#5411);
#4783=PLANE('',#5414);
#4784=PLANE('',#5415);
#4785=PLANE('',#5430);
#4786=PLANE('',#5431);
#4787=PLANE('',#5435);
#4788=PLANE('',#5436);
#4789=PLANE('',#5440);
#4790=PLANE('',#5444);
#4791=PLANE('',#5448);
#4792=PLANE('',#5452);
#4793=PLANE('',#5461);
#4794=PLANE('',#5624);
#4795=PLANE('',#5625);
#4796=PLANE('',#5629);
#4797=PLANE('',#5630);
#4798=PLANE('',#5634);
#4799=PLANE('',#5635);
#4800=PLANE('',#5639);
#4801=PLANE('',#5640);
#4802=PLANE('',#5644);
#4803=PLANE('',#5649);
#4804=PLANE('',#5650);
#4805=PLANE('',#5651);
#4806=PLANE('',#5652);
#4807=PLANE('',#5655);
#4808=PLANE('',#5660);
#4809=PLANE('',#5663);
#4810=PLANE('',#5680);
#4811=PLANE('',#5681);
#4812=PLANE('',#5682);
#4813=PLANE('',#5683);
#4814=PLANE('',#5684);
#4815=PLANE('',#5685);
#4816=PLANE('',#5686);
#4817=PLANE('',#5687);
#4818=PLANE('',#5688);
#4819=PLANE('',#5689);
#4820=PLANE('',#5690);
#4821=PLANE('',#5691);
#4822=PLANE('',#5692);
#4823=PLANE('',#5693);
#4824=PLANE('',#5694);
#4825=PLANE('',#5695);
#4826=PLANE('',#5696);
#4827=PLANE('',#5697);
#4828=PLANE('',#5698);
#4829=PLANE('',#5699);
#4830=PLANE('',#5700);
#4831=PLANE('',#5701);
#4832=PLANE('',#5702);
#4833=PLANE('',#5703);
#4834=PLANE('',#5704);
#4835=PLANE('',#5705);
#4836=PLANE('',#5706);
#4837=PLANE('',#5707);
#4838=PLANE('',#5708);
#4839=PLANE('',#5709);
#4840=PLANE('',#5710);
#4841=PLANE('',#5711);
#4842=PLANE('',#5712);
#4843=PLANE('',#5713);
#4844=PLANE('',#5714);
#4845=PLANE('',#5715);
#4846=PLANE('',#5716);
#4847=PLANE('',#5751);
#4848=PLANE('',#5752);
#4849=PLANE('',#5753);
#4850=PLANE('',#5754);
#4851=PLANE('',#5755);
#4852=PLANE('',#5790);
#4853=PLANE('',#5791);
#4854=PLANE('',#5792);
#4855=PLANE('',#5793);
#4856=PLANE('',#5794);
#4857=PLANE('',#5829);
#4858=PLANE('',#5830);
#4859=PLANE('',#5831);
#4860=PLANE('',#5832);
#4861=PLANE('',#5833);
#4862=PLANE('',#5868);
#4863=PLANE('',#5869);
#4864=PLANE('',#5870);
#4865=PLANE('',#5871);
#4866=PLANE('',#5872);
#4867=ADVANCED_FACE('',(#693),#4738,.F.);
#4868=ADVANCED_FACE('',(#694),#593,.F.);
#4869=ADVANCED_FACE('',(#695),#4739,.F.);
#4870=ADVANCED_FACE('',(#696),#594,.F.);
#4871=ADVANCED_FACE('',(#697),#4740,.F.);
#4872=ADVANCED_FACE('',(#698),#595,.F.);
#4873=ADVANCED_FACE('',(#699),#4741,.F.);
#4874=ADVANCED_FACE('',(#700),#596,.F.);
#4875=ADVANCED_FACE('',(#701),#597,.F.);
#4876=ADVANCED_FACE('',(#702),#598,.F.);
#4877=ADVANCED_FACE('',(#703),#599,.F.);
#4878=ADVANCED_FACE('',(#704),#181,.F.);
#4879=ADVANCED_FACE('',(#705),#600,.F.);
#4880=ADVANCED_FACE('',(#706),#601,.F.);
#4881=ADVANCED_FACE('',(#707),#182,.F.);
#4882=ADVANCED_FACE('',(#708),#602,.F.);
#4883=ADVANCED_FACE('',(#709),#603,.F.);
#4884=ADVANCED_FACE('',(#710),#183,.F.);
#4885=ADVANCED_FACE('',(#711),#604,.F.);
#4886=ADVANCED_FACE('',(#712),#605,.F.);
#4887=ADVANCED_FACE('',(#713),#184,.F.);
#4888=ADVANCED_FACE('',(#714),#606,.F.);
#4889=ADVANCED_FACE('',(#715),#607,.T.);
#4890=ADVANCED_FACE('',(#716),#608,.T.);
#4891=ADVANCED_FACE('',(#717),#609,.T.);
#4892=ADVANCED_FACE('',(#718),#610,.T.);
#4893=ADVANCED_FACE('',(#719),#611,.T.);
#4894=ADVANCED_FACE('',(#720),#612,.T.);
#4895=ADVANCED_FACE('',(#721,#104,#105,#106,#107,#108),#4742,.F.);
#4896=ADVANCED_FACE('',(#722,#109,#110,#111,#112,#113,#114,#115,#116,#117,
#118,#119,#120),#4743,.T.);
#4897=ADVANCED_FACE('',(#723),#613,.T.);
#4898=ADVANCED_FACE('',(#724),#4744,.T.);
#4899=ADVANCED_FACE('',(#725),#614,.T.);
#4900=ADVANCED_FACE('',(#726),#4745,.T.);
#4901=ADVANCED_FACE('',(#727),#615,.T.);
#4902=ADVANCED_FACE('',(#728),#4746,.T.);
#4903=ADVANCED_FACE('',(#729),#616,.T.);
#4904=ADVANCED_FACE('',(#730),#4747,.T.);
#4905=ADVANCED_FACE('',(#731),#100,.T.);
#4906=ADVANCED_FACE('',(#732),#617,.T.);
#4907=ADVANCED_FACE('',(#733),#618,.T.);
#4908=ADVANCED_FACE('',(#734),#101,.T.);
#4909=ADVANCED_FACE('',(#735),#102,.T.);
#4910=ADVANCED_FACE('',(#736),#619,.T.);
#4911=ADVANCED_FACE('',(#737),#620,.T.);
#4912=ADVANCED_FACE('',(#738),#103,.T.);
#4913=ADVANCED_FACE('',(#739),#621,.T.);
#4914=ADVANCED_FACE('',(#740),#4748,.F.);
#4915=ADVANCED_FACE('',(#741),#4749,.F.);
#4916=ADVANCED_FACE('',(#742),#4750,.T.);
#4917=ADVANCED_FACE('',(#743),#622,.T.);
#4918=ADVANCED_FACE('',(#744),#4751,.F.);
#4919=ADVANCED_FACE('',(#745),#623,.T.);
#4920=ADVANCED_FACE('',(#746),#4752,.F.);
#4921=ADVANCED_FACE('',(#747),#4753,.T.);
#4922=ADVANCED_FACE('',(#748),#624,.T.);
#4923=ADVANCED_FACE('',(#749),#4754,.F.);
#4924=ADVANCED_FACE('',(#750),#625,.T.);
#4925=ADVANCED_FACE('',(#751),#4755,.F.);
#4926=ADVANCED_FACE('',(#752),#4756,.T.);
#4927=ADVANCED_FACE('',(#753),#626,.T.);
#4928=ADVANCED_FACE('',(#754),#4757,.F.);
#4929=ADVANCED_FACE('',(#755),#4758,.F.);
#4930=ADVANCED_FACE('',(#756),#4759,.T.);
#4931=ADVANCED_FACE('',(#757),#627,.T.);
#4932=ADVANCED_FACE('',(#758),#4760,.F.);
#4933=ADVANCED_FACE('',(#759),#628,.T.);
#4934=ADVANCED_FACE('',(#760),#4761,.F.);
#4935=ADVANCED_FACE('',(#761),#4762,.T.);
#4936=ADVANCED_FACE('',(#762,#121),#4763,.T.);
#4937=ADVANCED_FACE('',(#763,#122),#4764,.F.);
#4938=ADVANCED_FACE('',(#764,#123),#4765,.T.);
#4939=ADVANCED_FACE('',(#765,#124),#4766,.F.);
#4940=ADVANCED_FACE('',(#766,#125),#4767,.F.);
#4941=ADVANCED_FACE('',(#767),#629,.F.);
#4942=ADVANCED_FACE('',(#768),#4768,.T.);
#4943=ADVANCED_FACE('',(#769),#630,.F.);
#4944=ADVANCED_FACE('',(#770),#4769,.T.);
#4945=ADVANCED_FACE('',(#771),#631,.F.);
#4946=ADVANCED_FACE('',(#772),#4770,.T.);
#4947=ADVANCED_FACE('',(#773),#632,.F.);
#4948=ADVANCED_FACE('',(#774),#4771,.T.);
#4949=ADVANCED_FACE('',(#775),#633,.F.);
#4950=ADVANCED_FACE('',(#776),#4772,.T.);
#4951=ADVANCED_FACE('',(#777),#634,.F.);
#4952=ADVANCED_FACE('',(#778),#4773,.T.);
#4953=ADVANCED_FACE('',(#779),#635,.F.);
#4954=ADVANCED_FACE('',(#780),#4774,.T.);
#4955=ADVANCED_FACE('',(#781),#636,.F.);
#4956=ADVANCED_FACE('',(#782),#4775,.T.);
#4957=ADVANCED_FACE('',(#783),#637,.T.);
#4958=ADVANCED_FACE('',(#784),#4776,.F.);
#4959=ADVANCED_FACE('',(#785),#638,.T.);
#4960=ADVANCED_FACE('',(#786),#4777,.F.);
#4961=ADVANCED_FACE('',(#787),#639,.T.);
#4962=ADVANCED_FACE('',(#788),#4778,.F.);
#4963=ADVANCED_FACE('',(#789),#640,.T.);
#4964=ADVANCED_FACE('',(#790),#4779,.F.);
#4965=ADVANCED_FACE('',(#791),#641,.T.);
#4966=ADVANCED_FACE('',(#792),#4780,.F.);
#4967=ADVANCED_FACE('',(#793),#642,.T.);
#4968=ADVANCED_FACE('',(#794),#4781,.F.);
#4969=ADVANCED_FACE('',(#795),#643,.T.);
#4970=ADVANCED_FACE('',(#796),#4782,.F.);
#4971=ADVANCED_FACE('',(#797),#644,.T.);
#4972=ADVANCED_FACE('',(#798),#4783,.F.);
#4973=ADVANCED_FACE('',(#799,#126,#127,#128),#4784,.F.);
#4974=ADVANCED_FACE('',(#800),#645,.F.);
#4975=ADVANCED_FACE('',(#801),#646,.F.);
#4976=ADVANCED_FACE('',(#802),#647,.F.);
#4977=ADVANCED_FACE('',(#803),#4785,.F.);
#4978=ADVANCED_FACE('',(#804),#4786,.F.);
#4979=ADVANCED_FACE('',(#805),#648,.F.);
#4980=ADVANCED_FACE('',(#806),#4787,.F.);
#4981=ADVANCED_FACE('',(#807),#4788,.F.);
#4982=ADVANCED_FACE('',(#808),#649,.F.);
#4983=ADVANCED_FACE('',(#809),#4789,.F.);
#4984=ADVANCED_FACE('',(#810),#650,.F.);
#4985=ADVANCED_FACE('',(#811),#4790,.F.);
#4986=ADVANCED_FACE('',(#812),#651,.F.);
#4987=ADVANCED_FACE('',(#813),#4791,.F.);
#4988=ADVANCED_FACE('',(#814),#652,.F.);
#4989=ADVANCED_FACE('',(#815),#4792,.T.);
#4990=ADVANCED_FACE('',(#816,#129,#130,#131),#4793,.T.);
#4991=ADVANCED_FACE('',(#817),#33,.F.);
#4992=ADVANCED_FACE('',(#818),#34,.F.);
#4993=ADVANCED_FACE('',(#819),#35,.F.);
#4994=ADVANCED_FACE('',(#820),#36,.F.);
#4995=ADVANCED_FACE('',(#821),#37,.F.);
#4996=ADVANCED_FACE('',(#822),#38,.T.);
#4997=ADVANCED_FACE('',(#823),#653,.F.);
#4998=ADVANCED_FACE('',(#824),#654,.F.);
#4999=ADVANCED_FACE('',(#825),#655,.F.);
#5000=ADVANCED_FACE('',(#826),#656,.F.);
#5001=ADVANCED_FACE('',(#827),#657,.F.);
#5002=ADVANCED_FACE('',(#828),#658,.F.);
#5003=ADVANCED_FACE('',(#829),#659,.F.);
#5004=ADVANCED_FACE('',(#830),#660,.F.);
#5005=ADVANCED_FACE('',(#831),#661,.F.);
#5006=ADVANCED_FACE('',(#832),#662,.F.);
#5007=ADVANCED_FACE('',(#833),#663,.F.);
#5008=ADVANCED_FACE('',(#834),#664,.F.);
#5009=ADVANCED_FACE('',(#835),#185,.F.);
#5010=ADVANCED_FACE('',(#836),#186,.F.);
#5011=ADVANCED_FACE('',(#837),#187,.F.);
#5012=ADVANCED_FACE('',(#838),#188,.F.);
#5013=ADVANCED_FACE('',(#839),#189,.T.);
#5014=ADVANCED_FACE('',(#840),#190,.T.);
#5015=ADVANCED_FACE('',(#841),#191,.T.);
#5016=ADVANCED_FACE('',(#842),#192,.T.);
#5017=ADVANCED_FACE('',(#843),#193,.T.);
#5018=ADVANCED_FACE('',(#844),#194,.T.);
#5019=ADVANCED_FACE('',(#845),#195,.T.);
#5020=ADVANCED_FACE('',(#846),#196,.T.);
#5021=ADVANCED_FACE('',(#847),#665,.T.);
#5022=ADVANCED_FACE('',(#848),#666,.T.);
#5023=ADVANCED_FACE('',(#849),#667,.T.);
#5024=ADVANCED_FACE('',(#850),#668,.T.);
#5025=ADVANCED_FACE('',(#851,#132,#133,#134),#4794,.F.);
#5026=ADVANCED_FACE('',(#852),#4795,.T.);
#5027=ADVANCED_FACE('',(#853),#669,.F.);
#5028=ADVANCED_FACE('',(#854),#4796,.T.);
#5029=ADVANCED_FACE('',(#855),#4797,.F.);
#5030=ADVANCED_FACE('',(#856),#670,.F.);
#5031=ADVANCED_FACE('',(#857),#4798,.T.);
#5032=ADVANCED_FACE('',(#858),#4799,.F.);
#5033=ADVANCED_FACE('',(#859),#671,.F.);
#5034=ADVANCED_FACE('',(#860),#4800,.T.);
#5035=ADVANCED_FACE('',(#861),#4801,.F.);
#5036=ADVANCED_FACE('',(#862),#672,.F.);
#5037=ADVANCED_FACE('',(#863,#135,#136,#137,#138,#139),#4802,.F.);
#5038=ADVANCED_FACE('',(#864,#140,#141,#142,#143,#144),#4803,.T.);
#5039=ADVANCED_FACE('',(#865),#4804,.T.);
#5040=ADVANCED_FACE('',(#866),#4805,.T.);
#5041=ADVANCED_FACE('',(#867),#4806,.T.);
#5042=ADVANCED_FACE('',(#868),#197,.T.);
#5043=ADVANCED_FACE('',(#869),#4807,.T.);
#5044=ADVANCED_FACE('',(#870),#198,.T.);
#5045=ADVANCED_FACE('',(#871),#199,.T.);
#5046=ADVANCED_FACE('',(#872),#4808,.T.);
#5047=ADVANCED_FACE('',(#873),#200,.T.);
#5048=ADVANCED_FACE('',(#874),#4809,.T.);
#5049=ADVANCED_FACE('',(#875),#19,.F.);
#5050=ADVANCED_FACE('',(#876),#20,.F.);
#5051=ADVANCED_FACE('',(#877),#21,.F.);
#5052=ADVANCED_FACE('',(#878),#22,.F.);
#5053=ADVANCED_FACE('',(#879),#201,.F.);
#5054=ADVANCED_FACE('',(#880),#202,.F.);
#5055=ADVANCED_FACE('',(#881),#203,.F.);
#5056=ADVANCED_FACE('',(#882),#204,.F.);
#5057=ADVANCED_FACE('',(#883),#4810,.T.);
#5058=ADVANCED_FACE('',(#884,#145),#4811,.T.);
#5059=ADVANCED_FACE('',(#885,#146),#4812,.F.);
#5060=ADVANCED_FACE('',(#886,#147),#4813,.T.);
#5061=ADVANCED_FACE('',(#887,#148),#4814,.F.);
#5062=ADVANCED_FACE('',(#888,#149),#4815,.T.);
#5063=ADVANCED_FACE('',(#889,#150),#4816,.F.);
#5064=ADVANCED_FACE('',(#890,#151),#4817,.T.);
#5065=ADVANCED_FACE('',(#891,#152),#4818,.F.);
#5066=ADVANCED_FACE('',(#892),#4819,.T.);
#5067=ADVANCED_FACE('',(#893),#4820,.T.);
#5068=ADVANCED_FACE('',(#894),#4821,.T.);
#5069=ADVANCED_FACE('',(#895),#4822,.T.);
#5070=ADVANCED_FACE('',(#896,#153),#4823,.F.);
#5071=ADVANCED_FACE('',(#897,#154),#4824,.F.);
#5072=ADVANCED_FACE('',(#898),#4825,.F.);
#5073=ADVANCED_FACE('',(#899,#155),#4826,.F.);
#5074=ADVANCED_FACE('',(#900,#156),#4827,.F.);
#5075=ADVANCED_FACE('',(#901),#4828,.F.);
#5076=ADVANCED_FACE('',(#902,#157),#4829,.F.);
#5077=ADVANCED_FACE('',(#903,#158),#4830,.F.);
#5078=ADVANCED_FACE('',(#904),#4831,.F.);
#5079=ADVANCED_FACE('',(#905,#159),#4832,.F.);
#5080=ADVANCED_FACE('',(#906,#160),#4833,.F.);
#5081=ADVANCED_FACE('',(#907),#4834,.F.);
#5082=ADVANCED_FACE('',(#908),#4835,.T.);
#5083=ADVANCED_FACE('',(#909),#4836,.F.);
#5084=ADVANCED_FACE('',(#910),#4837,.F.);
#5085=ADVANCED_FACE('',(#911),#4838,.T.);
#5086=ADVANCED_FACE('',(#912),#4839,.F.);
#5087=ADVANCED_FACE('',(#913),#4840,.F.);
#5088=ADVANCED_FACE('',(#914),#4841,.T.);
#5089=ADVANCED_FACE('',(#915),#4842,.F.);
#5090=ADVANCED_FACE('',(#916),#4843,.F.);
#5091=ADVANCED_FACE('',(#917),#4844,.F.);
#5092=ADVANCED_FACE('',(#918),#4845,.T.);
#5093=ADVANCED_FACE('',(#919),#4846,.F.);
#5094=ADVANCED_FACE('',(#920),#205,.F.);
#5095=ADVANCED_FACE('',(#921),#673,.F.);
#5096=ADVANCED_FACE('',(#922),#206,.T.);
#5097=ADVANCED_FACE('',(#923),#674,.T.);
#5098=ADVANCED_FACE('',(#924),#675,.T.);
#5099=ADVANCED_FACE('',(#925),#676,.T.);
#5100=ADVANCED_FACE('',(#926),#677,.T.);
#5101=ADVANCED_FACE('',(#927),#207,.T.);
#5102=ADVANCED_FACE('',(#928,#161),#4847,.F.);
#5103=ADVANCED_FACE('',(#929,#162),#4848,.F.);
#5104=ADVANCED_FACE('',(#930,#163),#4849,.F.);
#5105=ADVANCED_FACE('',(#931,#164),#4850,.F.);
#5106=ADVANCED_FACE('',(#932,#165),#4851,.F.);
#5107=ADVANCED_FACE('',(#933),#208,.F.);
#5108=ADVANCED_FACE('',(#934),#678,.F.);
#5109=ADVANCED_FACE('',(#935),#209,.T.);
#5110=ADVANCED_FACE('',(#936),#679,.T.);
#5111=ADVANCED_FACE('',(#937),#680,.T.);
#5112=ADVANCED_FACE('',(#938),#681,.T.);
#5113=ADVANCED_FACE('',(#939),#682,.T.);
#5114=ADVANCED_FACE('',(#940),#210,.T.);
#5115=ADVANCED_FACE('',(#941,#166),#4852,.F.);
#5116=ADVANCED_FACE('',(#942,#167),#4853,.F.);
#5117=ADVANCED_FACE('',(#943,#168),#4854,.F.);
#5118=ADVANCED_FACE('',(#944,#169),#4855,.F.);
#5119=ADVANCED_FACE('',(#945,#170),#4856,.F.);
#5120=ADVANCED_FACE('',(#946),#211,.F.);
#5121=ADVANCED_FACE('',(#947),#683,.F.);
#5122=ADVANCED_FACE('',(#948),#212,.T.);
#5123=ADVANCED_FACE('',(#949),#684,.T.);
#5124=ADVANCED_FACE('',(#950),#685,.T.);
#5125=ADVANCED_FACE('',(#951),#686,.T.);
#5126=ADVANCED_FACE('',(#952),#687,.T.);
#5127=ADVANCED_FACE('',(#953),#213,.T.);
#5128=ADVANCED_FACE('',(#954,#171),#4857,.F.);
#5129=ADVANCED_FACE('',(#955,#172),#4858,.F.);
#5130=ADVANCED_FACE('',(#956,#173),#4859,.F.);
#5131=ADVANCED_FACE('',(#957,#174),#4860,.F.);
#5132=ADVANCED_FACE('',(#958,#175),#4861,.F.);
#5133=ADVANCED_FACE('',(#959),#214,.F.);
#5134=ADVANCED_FACE('',(#960),#688,.F.);
#5135=ADVANCED_FACE('',(#961),#215,.T.);
#5136=ADVANCED_FACE('',(#962),#689,.T.);
#5137=ADVANCED_FACE('',(#963),#690,.T.);
#5138=ADVANCED_FACE('',(#964),#691,.T.);
#5139=ADVANCED_FACE('',(#965),#692,.T.);
#5140=ADVANCED_FACE('',(#966),#216,.T.);
#5141=ADVANCED_FACE('',(#967,#176),#4862,.F.);
#5142=ADVANCED_FACE('',(#968,#177),#4863,.F.);
#5143=ADVANCED_FACE('',(#969,#178),#4864,.F.);
#5144=ADVANCED_FACE('',(#970,#179),#4865,.F.);
#5145=ADVANCED_FACE('',(#971,#180),#4866,.F.);
#5146=CLOSED_SHELL('',(#4867,#4868,#4869,#4870,#4871,#4872,#4873,#4874,
#4875,#4876,#4877,#4878,#4879,#4880,#4881,#4882,#4883,#4884,#4885,#4886,
#4887,#4888,#4889,#4890,#4891,#4892,#4893,#4894,#4895,#4896,#4897,#4898,
#4899,#4900,#4901,#4902,#4903,#4904,#4905,#4906,#4907,#4908,#4909,#4910,
#4911,#4912,#4913,#4914,#4915,#4916,#4917,#4918,#4919,#4920,#4921,#4922,
#4923,#4924,#4925,#4926,#4927,#4928,#4929,#4930,#4931,#4932,#4933,#4934,
#4935,#4936,#4937,#4938,#4939,#4940,#4941,#4942,#4943,#4944,#4945,#4946,
#4947,#4948,#4949,#4950,#4951,#4952,#4953,#4954,#4955,#4956,#4957,#4958,
#4959,#4960,#4961,#4962,#4963,#4964,#4965,#4966,#4967,#4968,#4969,#4970,
#4971,#4972,#4973));
#5147=CLOSED_SHELL('',(#4974,#4975,#4976,#4977,#4978,#4979,#4980,#4981,
#4982,#4983,#4984,#4985,#4986,#4987,#4988,#4989,#4990,#4991,#4992,#4993,
#4994,#4995,#4996,#4997,#4998,#4999,#5000,#5001,#5002,#5003,#5004,#5005,
#5006,#5007,#5008,#5009,#5010,#5011,#5012,#5013,#5014,#5015,#5016,#5017,
#5018,#5019,#5020,#5021,#5022,#5023,#5024,#5025,#5026,#5027,#5028,#5029,
#5030,#5031,#5032,#5033,#5034,#5035,#5036,#5037,#5038,#5039,#5040,#5041,
#5042,#5043,#5044,#5045,#5046,#5047,#5048,#5049,#5050,#5051,#5052,#5053,
#5054,#5055,#5056,#5057,#5058,#5059,#5060,#5061,#5062,#5063,#5064,#5065,
#5066,#5067,#5068,#5069,#5070,#5071,#5072,#5073,#5074,#5075,#5076,#5077,
#5078,#5079,#5080,#5081,#5082,#5083,#5084,#5085,#5086,#5087,#5088,#5089,
#5090,#5091,#5092,#5093));
#5148=CLOSED_SHELL('',(#5094,#5095,#5096,#5097,#5098,#5099,#5100,#5101,
#5102,#5103,#5104,#5105,#5106));
#5149=CLOSED_SHELL('',(#5107,#5108,#5109,#5110,#5111,#5112,#5113,#5114,
#5115,#5116,#5117,#5118,#5119));
#5150=CLOSED_SHELL('',(#5120,#5121,#5122,#5123,#5124,#5125,#5126,#5127,
#5128,#5129,#5130,#5131,#5132));
#5151=CLOSED_SHELL('',(#5133,#5134,#5135,#5136,#5137,#5138,#5139,#5140,
#5141,#5142,#5143,#5144,#5145));
#5152=DERIVED_UNIT_ELEMENT(#5156,1.);
#5153=DERIVED_UNIT_ELEMENT(#9272,3.);
#5154=DERIVED_UNIT_ELEMENT(#5156,1.);
#5155=DERIVED_UNIT_ELEMENT(#9272,3.);
#5156=(
MASS_UNIT()
NAMED_UNIT(*)
SI_UNIT(.KILO.,.GRAM.)
);
#5157=DERIVED_UNIT((#5152,#5153));
#5158=DERIVED_UNIT((#5154,#5155));
#5159=MEASURE_REPRESENTATION_ITEM('density measure',
POSITIVE_RATIO_MEASURE(7850.),#5157);
#5160=MEASURE_REPRESENTATION_ITEM('density measure',
POSITIVE_RATIO_MEASURE(7850.),#5158);
#5161=PROPERTY_DEFINITION_REPRESENTATION(#5171,#5165);
#5162=PROPERTY_DEFINITION_REPRESENTATION(#5172,#5166);
#5163=PROPERTY_DEFINITION_REPRESENTATION(#5173,#5167);
#5164=PROPERTY_DEFINITION_REPRESENTATION(#5174,#5168);
#5165=REPRESENTATION('material name',(#5169),#9266);
#5166=REPRESENTATION('density',(#5159),#9266);
#5167=REPRESENTATION('material name',(#5170),#9267);
#5168=REPRESENTATION('density',(#5160),#9267);
#5169=DESCRIPTIVE_REPRESENTATION_ITEM('Steel','Steel');
#5170=DESCRIPTIVE_REPRESENTATION_ITEM('Steel','Steel');
#5171=PROPERTY_DEFINITION('material property','material name',#9289);
#5172=PROPERTY_DEFINITION('material property','density of part',#9289);
#5173=PROPERTY_DEFINITION('material property','material name',#9290);
#5174=PROPERTY_DEFINITION('material property','density of part',#9290);
#5175=AXIS2_PLACEMENT_3D('placement',#7593,#5875,#5876);
#5176=AXIS2_PLACEMENT_3D('placement',#7594,#5877,#5878);
#5177=AXIS2_PLACEMENT_3D('',#7595,#5879,#5880);
#5178=AXIS2_PLACEMENT_3D('',#7604,#5885,#5886);
#5179=AXIS2_PLACEMENT_3D('',#7606,#5887,#5888);
#5180=AXIS2_PLACEMENT_3D('',#7608,#5889,#5890);
#5181=AXIS2_PLACEMENT_3D('',#7610,#5892,#5893);
#5182=AXIS2_PLACEMENT_3D('',#7616,#5897,#5898);
#5183=AXIS2_PLACEMENT_3D('',#7618,#5899,#5900);
#5184=AXIS2_PLACEMENT_3D('',#7620,#5901,#5902);
#5185=AXIS2_PLACEMENT_3D('',#7622,#5904,#5905);
#5186=AXIS2_PLACEMENT_3D('',#7628,#5909,#5910);
#5187=AXIS2_PLACEMENT_3D('',#7630,#5911,#5912);
#5188=AXIS2_PLACEMENT_3D('',#7632,#5913,#5914);
#5189=AXIS2_PLACEMENT_3D('',#7634,#5916,#5917);
#5190=AXIS2_PLACEMENT_3D('',#7640,#5921,#5922);
#5191=AXIS2_PLACEMENT_3D('',#7641,#5923,#5924);
#5192=AXIS2_PLACEMENT_3D('',#7642,#5925,#5926);
#5193=AXIS2_PLACEMENT_3D('',#7643,#5927,#5928);
#5194=AXIS2_PLACEMENT_3D('',#7645,#5929,#5930);
#5195=AXIS2_PLACEMENT_3D('',#7648,#5932,#5933);
#5196=AXIS2_PLACEMENT_3D('',#7649,#5934,#5935);
#5197=AXIS2_PLACEMENT_3D('',#7651,#5936,#5937);
#5198=AXIS2_PLACEMENT_3D('',#7654,#5939,#5940);
#5199=AXIS2_PLACEMENT_3D('',#7655,#5941,#5942);
#5200=AXIS2_PLACEMENT_3D('',#7658,#5943,#5944);
#5201=AXIS2_PLACEMENT_3D('',#7659,#5945,#5946);
#5202=AXIS2_PLACEMENT_3D('',#7663,#5948,#5949);
#5203=AXIS2_PLACEMENT_3D('',#7664,#5950,#5951);
#5204=AXIS2_PLACEMENT_3D('',#7665,#5952,#5953);
#5205=AXIS2_PLACEMENT_3D('',#7668,#5954,#5955);
#5206=AXIS2_PLACEMENT_3D('',#7669,#5956,#5957);
#5207=AXIS2_PLACEMENT_3D('',#7671,#5959,#5960);
#5208=AXIS2_PLACEMENT_3D('',#7674,#5961,#5962);
#5209=AXIS2_PLACEMENT_3D('',#7675,#5963,#5964);
#5210=AXIS2_PLACEMENT_3D('',#7677,#5966,#5967);
#5211=AXIS2_PLACEMENT_3D('',#7680,#5968,#5969);
#5212=AXIS2_PLACEMENT_3D('',#7684,#5971,#5972);
#5213=AXIS2_PLACEMENT_3D('',#7685,#5973,#5974);
#5214=AXIS2_PLACEMENT_3D('',#7686,#5975,#5976);
#5215=AXIS2_PLACEMENT_3D('',#7687,#5977,#5978);
#5216=AXIS2_PLACEMENT_3D('',#7690,#5979,#5980);
#5217=AXIS2_PLACEMENT_3D('',#7692,#5982,#5983);
#5218=AXIS2_PLACEMENT_3D('',#7693,#5984,#5985);
#5219=AXIS2_PLACEMENT_3D('',#7696,#5986,#5987);
#5220=AXIS2_PLACEMENT_3D('',#7698,#5989,#5990);
#5221=AXIS2_PLACEMENT_3D('',#7699,#5991,#5992);
#5222=AXIS2_PLACEMENT_3D('',#7702,#5993,#5994);
#5223=AXIS2_PLACEMENT_3D('',#7706,#5996,#5997);
#5224=AXIS2_PLACEMENT_3D('',#7707,#5998,#5999);
#5225=AXIS2_PLACEMENT_3D('',#7708,#6000,#6001);
#5226=AXIS2_PLACEMENT_3D('',#7709,#6002,#6003);
#5227=AXIS2_PLACEMENT_3D('',#7712,#6004,#6005);
#5228=AXIS2_PLACEMENT_3D('',#7714,#6007,#6008);
#5229=AXIS2_PLACEMENT_3D('',#7715,#6009,#6010);
#5230=AXIS2_PLACEMENT_3D('',#7718,#6011,#6012);
#5231=AXIS2_PLACEMENT_3D('',#7720,#6014,#6015);
#5232=AXIS2_PLACEMENT_3D('',#7721,#6016,#6017);
#5233=AXIS2_PLACEMENT_3D('',#7724,#6018,#6019);
#5234=AXIS2_PLACEMENT_3D('',#7725,#6020,#6021);
#5235=AXIS2_PLACEMENT_3D('',#7729,#6023,#6024);
#5236=AXIS2_PLACEMENT_3D('',#7730,#6025,#6026);
#5237=AXIS2_PLACEMENT_3D('',#7731,#6027,#6028);
#5238=AXIS2_PLACEMENT_3D('',#7734,#6029,#6030);
#5239=AXIS2_PLACEMENT_3D('',#7735,#6031,#6032);
#5240=AXIS2_PLACEMENT_3D('',#7737,#6034,#6035);
#5241=AXIS2_PLACEMENT_3D('',#7740,#6036,#6037);
#5242=AXIS2_PLACEMENT_3D('',#7741,#6038,#6039);
#5243=AXIS2_PLACEMENT_3D('',#7743,#6041,#6042);
#5244=AXIS2_PLACEMENT_3D('',#7746,#6043,#6044);
#5245=AXIS2_PLACEMENT_3D('',#7750,#6046,#6047);
#5246=AXIS2_PLACEMENT_3D('',#7751,#6048,#6049);
#5247=AXIS2_PLACEMENT_3D('',#7752,#6050,#6051);
#5248=AXIS2_PLACEMENT_3D('',#7753,#6052,#6053);
#5249=AXIS2_PLACEMENT_3D('',#7756,#6054,#6055);
#5250=AXIS2_PLACEMENT_3D('',#7760,#6057,#6058);
#5251=AXIS2_PLACEMENT_3D('',#7761,#6059,#6060);
#5252=AXIS2_PLACEMENT_3D('',#7762,#6061,#6062);
#5253=AXIS2_PLACEMENT_3D('',#7763,#6063,#6064);
#5254=AXIS2_PLACEMENT_3D('',#7766,#6065,#6066);
#5255=AXIS2_PLACEMENT_3D('',#7770,#6068,#6069);
#5256=AXIS2_PLACEMENT_3D('',#7771,#6070,#6071);
#5257=AXIS2_PLACEMENT_3D('',#7772,#6072,#6073);
#5258=AXIS2_PLACEMENT_3D('',#7773,#6074,#6075);
#5259=AXIS2_PLACEMENT_3D('',#7776,#6076,#6077);
#5260=AXIS2_PLACEMENT_3D('',#7780,#6079,#6080);
#5261=AXIS2_PLACEMENT_3D('',#7781,#6081,#6082);
#5262=AXIS2_PLACEMENT_3D('',#7782,#6083,#6084);
#5263=AXIS2_PLACEMENT_3D('',#7783,#6085,#6086);
#5264=AXIS2_PLACEMENT_3D('',#7786,#6087,#6088);
#5265=AXIS2_PLACEMENT_3D('',#7790,#6090,#6091);
#5266=AXIS2_PLACEMENT_3D('',#7792,#6093,#6094);
#5267=AXIS2_PLACEMENT_3D('',#7795,#6095,#6096);
#5268=AXIS2_PLACEMENT_3D('',#7799,#6098,#6099);
#5269=AXIS2_PLACEMENT_3D('',#7801,#6101,#6102);
#5270=AXIS2_PLACEMENT_3D('',#7806,#6104,#6105);
#5271=AXIS2_PLACEMENT_3D('',#7810,#6107,#6108);
#5272=AXIS2_PLACEMENT_3D('',#7814,#6110,#6111);
#5273=AXIS2_PLACEMENT_3D('',#7817,#6113,#6114);
#5274=AXIS2_PLACEMENT_3D('',#7820,#6115,#6116);
#5275=AXIS2_PLACEMENT_3D('',#7824,#6118,#6119);
#5276=AXIS2_PLACEMENT_3D('',#7828,#6121,#6122);
#5277=AXIS2_PLACEMENT_3D('',#7832,#6124,#6125);
#5278=AXIS2_PLACEMENT_3D('',#7836,#6127,#6128);
#5279=AXIS2_PLACEMENT_3D('',#7840,#6130,#6131);
#5280=AXIS2_PLACEMENT_3D('',#7844,#6133,#6134);
#5281=AXIS2_PLACEMENT_3D('',#7848,#6136,#6137);
#5282=AXIS2_PLACEMENT_3D('',#7850,#6139,#6140);
#5283=AXIS2_PLACEMENT_3D('',#7853,#6141,#6142);
#5284=AXIS2_PLACEMENT_3D('',#7857,#6144,#6145);
#5285=AXIS2_PLACEMENT_3D('',#7861,#6147,#6148);
#5286=AXIS2_PLACEMENT_3D('',#7865,#6150,#6151);
#5287=AXIS2_PLACEMENT_3D('',#7870,#6154,#6155);
#5288=AXIS2_PLACEMENT_3D('',#7876,#6158,#6159);
#5289=AXIS2_PLACEMENT_3D('',#7879,#6161,#6162);
#5290=AXIS2_PLACEMENT_3D('',#7884,#6164,#6165);
#5291=AXIS2_PLACEMENT_3D('',#7887,#6167,#6168);
#5292=AXIS2_PLACEMENT_3D('',#7891,#6170,#6171);
#5293=AXIS2_PLACEMENT_3D('',#7897,#6174,#6175);
#5294=AXIS2_PLACEMENT_3D('',#7900,#6177,#6178);
#5295=AXIS2_PLACEMENT_3D('',#7901,#6179,#6180);
#5296=AXIS2_PLACEMENT_3D('',#7905,#6182,#6183);
#5297=AXIS2_PLACEMENT_3D('',#7907,#6185,#6186);
#5298=AXIS2_PLACEMENT_3D('',#7911,#6189,#6190);
#5299=AXIS2_PLACEMENT_3D('',#7914,#6192,#6193);
#5300=AXIS2_PLACEMENT_3D('',#7915,#6194,#6195);
#5301=AXIS2_PLACEMENT_3D('',#7919,#6198,#6199);
#5302=AXIS2_PLACEMENT_3D('',#7922,#6201,#6202);
#5303=AXIS2_PLACEMENT_3D('',#7923,#6203,#6204);
#5304=AXIS2_PLACEMENT_3D('',#7927,#6207,#6208);
#5305=AXIS2_PLACEMENT_3D('',#7930,#6210,#6211);
#5306=AXIS2_PLACEMENT_3D('',#7931,#6212,#6213);
#5307=AXIS2_PLACEMENT_3D('',#7933,#6215,#6216);
#5308=AXIS2_PLACEMENT_3D('',#7934,#6217,#6218);
#5309=AXIS2_PLACEMENT_3D('',#7935,#6219,#6220);
#5310=AXIS2_PLACEMENT_3D('',#7936,#6221,#6222);
#5311=AXIS2_PLACEMENT_3D('',#7937,#6223,#6224);
#5312=AXIS2_PLACEMENT_3D('',#7938,#6225,#6226);
#5313=AXIS2_PLACEMENT_3D('',#7939,#6227,#6228);
#5314=AXIS2_PLACEMENT_3D('',#7940,#6229,#6230);
#5315=AXIS2_PLACEMENT_3D('',#7941,#6231,#6232);
#5316=AXIS2_PLACEMENT_3D('',#7942,#6233,#6234);
#5317=AXIS2_PLACEMENT_3D('',#7943,#6235,#6236);
#5318=AXIS2_PLACEMENT_3D('',#7944,#6237,#6238);
#5319=AXIS2_PLACEMENT_3D('',#7945,#6239,#6240);
#5320=AXIS2_PLACEMENT_3D('',#7946,#6241,#6242);
#5321=AXIS2_PLACEMENT_3D('',#7947,#6243,#6244);
#5322=AXIS2_PLACEMENT_3D('',#7948,#6245,#6246);
#5323=AXIS2_PLACEMENT_3D('',#7949,#6247,#6248);
#5324=AXIS2_PLACEMENT_3D('',#7953,#6250,#6251);
#5325=AXIS2_PLACEMENT_3D('',#7955,#6253,#6254);
#5326=AXIS2_PLACEMENT_3D('',#7957,#6256,#6257);
#5327=AXIS2_PLACEMENT_3D('',#7959,#6259,#6260);
#5328=AXIS2_PLACEMENT_3D('',#7960,#6261,#6262);
#5329=AXIS2_PLACEMENT_3D('',#7964,#6264,#6265);
#5330=AXIS2_PLACEMENT_3D('',#7966,#6267,#6268);
#5331=AXIS2_PLACEMENT_3D('',#7970,#6271,#6272);
#5332=AXIS2_PLACEMENT_3D('',#7973,#6274,#6275);
#5333=AXIS2_PLACEMENT_3D('',#7974,#6276,#6277);
#5334=AXIS2_PLACEMENT_3D('',#7976,#6279,#6280);
#5335=AXIS2_PLACEMENT_3D('',#7977,#6281,#6282);
#5336=AXIS2_PLACEMENT_3D('',#7981,#6284,#6285);
#5337=AXIS2_PLACEMENT_3D('',#7983,#6287,#6288);
#5338=AXIS2_PLACEMENT_3D('',#7987,#6291,#6292);
#5339=AXIS2_PLACEMENT_3D('',#7990,#6294,#6295);
#5340=AXIS2_PLACEMENT_3D('',#7991,#6296,#6297);
#5341=AXIS2_PLACEMENT_3D('',#7993,#6299,#6300);
#5342=AXIS2_PLACEMENT_3D('',#7994,#6301,#6302);
#5343=AXIS2_PLACEMENT_3D('',#7998,#6304,#6305);
#5344=AXIS2_PLACEMENT_3D('',#8000,#6307,#6308);
#5345=AXIS2_PLACEMENT_3D('',#8002,#6310,#6311);
#5346=AXIS2_PLACEMENT_3D('',#8004,#6313,#6314);
#5347=AXIS2_PLACEMENT_3D('',#8005,#6315,#6316);
#5348=AXIS2_PLACEMENT_3D('',#8009,#6318,#6319);
#5349=AXIS2_PLACEMENT_3D('',#8011,#6321,#6322);
#5350=AXIS2_PLACEMENT_3D('',#8015,#6325,#6326);
#5351=AXIS2_PLACEMENT_3D('',#8018,#6328,#6329);
#5352=AXIS2_PLACEMENT_3D('',#8019,#6330,#6331);
#5353=AXIS2_PLACEMENT_3D('',#8021,#6333,#6334);
#5354=AXIS2_PLACEMENT_3D('',#8022,#6335,#6336);
#5355=AXIS2_PLACEMENT_3D('',#8023,#6337,#6338);
#5356=AXIS2_PLACEMENT_3D('',#8024,#6339,#6340);
#5357=AXIS2_PLACEMENT_3D('',#8025,#6341,#6342);
#5358=AXIS2_PLACEMENT_3D('',#8026,#6343,#6344);
#5359=AXIS2_PLACEMENT_3D('',#8029,#6345,#6346);
#5360=AXIS2_PLACEMENT_3D('',#8033,#6348,#6349);
#5361=AXIS2_PLACEMENT_3D('',#8037,#6351,#6352);
#5362=AXIS2_PLACEMENT_3D('',#8041,#6354,#6355);
#5363=AXIS2_PLACEMENT_3D('',#8045,#6357,#6358);
#5364=AXIS2_PLACEMENT_3D('',#8049,#6360,#6361);
#5365=AXIS2_PLACEMENT_3D('',#8053,#6363,#6364);
#5366=AXIS2_PLACEMENT_3D('',#8057,#6366,#6367);
#5367=AXIS2_PLACEMENT_3D('',#8063,#6370,#6371);
#5368=AXIS2_PLACEMENT_3D('',#8067,#6373,#6374);
#5369=AXIS2_PLACEMENT_3D('',#8071,#6376,#6377);
#5370=AXIS2_PLACEMENT_3D('',#8075,#6379,#6380);
#5371=AXIS2_PLACEMENT_3D('',#8079,#6382,#6383);
#5372=AXIS2_PLACEMENT_3D('',#8083,#6385,#6386);
#5373=AXIS2_PLACEMENT_3D('',#8087,#6388,#6389);
#5374=AXIS2_PLACEMENT_3D('',#8090,#6391,#6392);
#5375=AXIS2_PLACEMENT_3D('',#8091,#6393,#6394);
#5376=AXIS2_PLACEMENT_3D('',#8094,#6397,#6398);
#5377=AXIS2_PLACEMENT_3D('',#8096,#6400,#6401);
#5378=AXIS2_PLACEMENT_3D('',#8098,#6403,#6404);
#5379=AXIS2_PLACEMENT_3D('',#8100,#6406,#6407);
#5380=AXIS2_PLACEMENT_3D('',#8102,#6409,#6410);
#5381=AXIS2_PLACEMENT_3D('',#8104,#6412,#6413);
#5382=AXIS2_PLACEMENT_3D('',#8106,#6415,#6416);
#5383=AXIS2_PLACEMENT_3D('',#8108,#6418,#6419);
#5384=AXIS2_PLACEMENT_3D('',#8110,#6421,#6422);
#5385=AXIS2_PLACEMENT_3D('',#8112,#6424,#6425);
#5386=AXIS2_PLACEMENT_3D('',#8114,#6427,#6428);
#5387=AXIS2_PLACEMENT_3D('',#8116,#6430,#6431);
#5388=AXIS2_PLACEMENT_3D('',#8118,#6433,#6434);
#5389=AXIS2_PLACEMENT_3D('',#8120,#6436,#6437);
#5390=AXIS2_PLACEMENT_3D('',#8122,#6439,#6440);
#5391=AXIS2_PLACEMENT_3D('',#8123,#6441,#6442);
#5392=AXIS2_PLACEMENT_3D('',#8126,#6443,#6444);
#5393=AXIS2_PLACEMENT_3D('',#8129,#6447,#6448);
#5394=AXIS2_PLACEMENT_3D('',#8133,#6451,#6452);
#5395=AXIS2_PLACEMENT_3D('',#8135,#6453,#6454);
#5396=AXIS2_PLACEMENT_3D('',#8137,#6456,#6457);
#5397=AXIS2_PLACEMENT_3D('',#8141,#6460,#6461);
#5398=AXIS2_PLACEMENT_3D('',#8143,#6462,#6463);
#5399=AXIS2_PLACEMENT_3D('',#8145,#6465,#6466);
#5400=AXIS2_PLACEMENT_3D('',#8149,#6469,#6470);
#5401=AXIS2_PLACEMENT_3D('',#8151,#6471,#6472);
#5402=AXIS2_PLACEMENT_3D('',#8153,#6474,#6475);
#5403=AXIS2_PLACEMENT_3D('',#8157,#6478,#6479);
#5404=AXIS2_PLACEMENT_3D('',#8159,#6480,#6481);
#5405=AXIS2_PLACEMENT_3D('',#8161,#6483,#6484);
#5406=AXIS2_PLACEMENT_3D('',#8165,#6487,#6488);
#5407=AXIS2_PLACEMENT_3D('',#8167,#6489,#6490);
#5408=AXIS2_PLACEMENT_3D('',#8169,#6492,#6493);
#5409=AXIS2_PLACEMENT_3D('',#8173,#6496,#6497);
#5410=AXIS2_PLACEMENT_3D('',#8175,#6498,#6499);
#5411=AXIS2_PLACEMENT_3D('',#8177,#6501,#6502);
#5412=AXIS2_PLACEMENT_3D('',#8181,#6505,#6506);
#5413=AXIS2_PLACEMENT_3D('',#8183,#6507,#6508);
#5414=AXIS2_PLACEMENT_3D('',#8185,#6510,#6511);
#5415=AXIS2_PLACEMENT_3D('',#8187,#6513,#6514);
#5416=AXIS2_PLACEMENT_3D('placement',#8188,#6515,#6516);
#5417=AXIS2_PLACEMENT_3D('',#8189,#6517,#6518);
#5418=AXIS2_PLACEMENT_3D('',#8192,#6519,#6520);
#5419=AXIS2_PLACEMENT_3D('',#8193,#6521,#6522);
#5420=AXIS2_PLACEMENT_3D('',#8197,#6524,#6525);
#5421=AXIS2_PLACEMENT_3D('',#8198,#6526,#6527);
#5422=AXIS2_PLACEMENT_3D('',#8199,#6528,#6529);
#5423=AXIS2_PLACEMENT_3D('',#8202,#6530,#6531);
#5424=AXIS2_PLACEMENT_3D('',#8203,#6532,#6533);
#5425=AXIS2_PLACEMENT_3D('',#8207,#6535,#6536);
#5426=AXIS2_PLACEMENT_3D('',#8208,#6537,#6538);
#5427=AXIS2_PLACEMENT_3D('',#8209,#6539,#6540);
#5428=AXIS2_PLACEMENT_3D('',#8212,#6541,#6542);
#5429=AXIS2_PLACEMENT_3D('',#8216,#6544,#6545);
#5430=AXIS2_PLACEMENT_3D('',#8218,#6547,#6548);
#5431=AXIS2_PLACEMENT_3D('',#8224,#6552,#6553);
#5432=AXIS2_PLACEMENT_3D('',#8233,#6558,#6559);
#5433=AXIS2_PLACEMENT_3D('',#8235,#6560,#6561);
#5434=AXIS2_PLACEMENT_3D('',#8237,#6562,#6563);
#5435=AXIS2_PLACEMENT_3D('',#8239,#6565,#6566);
#5436=AXIS2_PLACEMENT_3D('',#8242,#6569,#6570);
#5437=AXIS2_PLACEMENT_3D('',#8251,#6575,#6576);
#5438=AXIS2_PLACEMENT_3D('',#8253,#6577,#6578);
#5439=AXIS2_PLACEMENT_3D('',#8255,#6579,#6580);
#5440=AXIS2_PLACEMENT_3D('',#8257,#6582,#6583);
#5441=AXIS2_PLACEMENT_3D('',#8263,#6587,#6588);
#5442=AXIS2_PLACEMENT_3D('',#8265,#6589,#6590);
#5443=AXIS2_PLACEMENT_3D('',#8267,#6591,#6592);
#5444=AXIS2_PLACEMENT_3D('',#8269,#6594,#6595);
#5445=AXIS2_PLACEMENT_3D('',#8275,#6599,#6600);
#5446=AXIS2_PLACEMENT_3D('',#8277,#6601,#6602);
#5447=AXIS2_PLACEMENT_3D('',#8279,#6603,#6604);
#5448=AXIS2_PLACEMENT_3D('',#8281,#6606,#6607);
#5449=AXIS2_PLACEMENT_3D('',#8287,#6611,#6612);
#5450=AXIS2_PLACEMENT_3D('',#8288,#6613,#6614);
#5451=AXIS2_PLACEMENT_3D('',#8289,#6615,#6616);
#5452=AXIS2_PLACEMENT_3D('',#8290,#6617,#6618);
#5453=AXIS2_PLACEMENT_3D('',#8294,#6620,#6621);
#5454=AXIS2_PLACEMENT_3D('',#8298,#6623,#6624);
#5455=AXIS2_PLACEMENT_3D('',#8302,#6626,#6627);
#5456=AXIS2_PLACEMENT_3D('',#8306,#6629,#6630);
#5457=AXIS2_PLACEMENT_3D('',#8311,#6633,#6634);
#5458=AXIS2_PLACEMENT_3D('',#8315,#6636,#6637);
#5459=AXIS2_PLACEMENT_3D('',#8319,#6639,#6640);
#5460=AXIS2_PLACEMENT_3D('',#8323,#6642,#6643);
#5461=AXIS2_PLACEMENT_3D('',#8325,#6645,#6646);
#5462=AXIS2_PLACEMENT_3D('',#8331,#6650,#6651);
#5463=AXIS2_PLACEMENT_3D('',#8333,#6652,#6653);
#5464=AXIS2_PLACEMENT_3D('',#8334,#6654,#6655);
#5465=AXIS2_PLACEMENT_3D('',#8336,#6656,#6657);
#5466=AXIS2_PLACEMENT_3D('',#8337,#6658,#6659);
#5467=AXIS2_PLACEMENT_3D('',#8339,#6660,#6661);
#5468=AXIS2_PLACEMENT_3D('',#8340,#6662,#6663);
#5469=AXIS2_PLACEMENT_3D('',#8342,#6664,#6665);
#5470=AXIS2_PLACEMENT_3D('',#8343,#6666,#6667);
#5471=AXIS2_PLACEMENT_3D('',#8345,#6668,#6669);
#5472=AXIS2_PLACEMENT_3D('',#8346,#6670,#6671);
#5473=AXIS2_PLACEMENT_3D('',#8348,#6672,#6673);
#5474=AXIS2_PLACEMENT_3D('',#8349,#6674,#6675);
#5475=AXIS2_PLACEMENT_3D('',#8352,#6676,#6677);
#5476=AXIS2_PLACEMENT_3D('',#8353,#6678,#6679);
#5477=AXIS2_PLACEMENT_3D('',#8357,#6681,#6682);
#5478=AXIS2_PLACEMENT_3D('',#8358,#6683,#6684);
#5479=AXIS2_PLACEMENT_3D('',#8359,#6685,#6686);
#5480=AXIS2_PLACEMENT_3D('',#8362,#6687,#6688);
#5481=AXIS2_PLACEMENT_3D('',#8363,#6689,#6690);
#5482=AXIS2_PLACEMENT_3D('',#8367,#6692,#6693);
#5483=AXIS2_PLACEMENT_3D('',#8368,#6694,#6695);
#5484=AXIS2_PLACEMENT_3D('',#8369,#6696,#6697);
#5485=AXIS2_PLACEMENT_3D('',#8372,#6698,#6699);
#5486=AXIS2_PLACEMENT_3D('',#8373,#6700,#6701);
#5487=AXIS2_PLACEMENT_3D('',#8377,#6703,#6704);
#5488=AXIS2_PLACEMENT_3D('',#8378,#6705,#6706);
#5489=AXIS2_PLACEMENT_3D('',#8379,#6707,#6708);
#5490=AXIS2_PLACEMENT_3D('',#8382,#6709,#6710);
#5491=AXIS2_PLACEMENT_3D('',#8386,#6712,#6713);
#5492=AXIS2_PLACEMENT_3D('',#8387,#6714,#6715);
#5493=AXIS2_PLACEMENT_3D('',#8388,#6716,#6717);
#5494=AXIS2_PLACEMENT_3D('',#8389,#6718,#6719);
#5495=AXIS2_PLACEMENT_3D('',#8392,#6720,#6721);
#5496=AXIS2_PLACEMENT_3D('',#8396,#6723,#6724);
#5497=AXIS2_PLACEMENT_3D('',#8397,#6725,#6726);
#5498=AXIS2_PLACEMENT_3D('',#8398,#6727,#6728);
#5499=AXIS2_PLACEMENT_3D('',#8399,#6729,#6730);
#5500=AXIS2_PLACEMENT_3D('',#8402,#6731,#6732);
#5501=AXIS2_PLACEMENT_3D('',#8406,#6734,#6735);
#5502=AXIS2_PLACEMENT_3D('',#8407,#6736,#6737);
#5503=AXIS2_PLACEMENT_3D('',#8408,#6738,#6739);
#5504=AXIS2_PLACEMENT_3D('',#8409,#6740,#6741);
#5505=AXIS2_PLACEMENT_3D('',#8412,#6742,#6743);
#5506=AXIS2_PLACEMENT_3D('',#8416,#6745,#6746);
#5507=AXIS2_PLACEMENT_3D('',#8417,#6747,#6748);
#5508=AXIS2_PLACEMENT_3D('',#8418,#6749,#6750);
#5509=AXIS2_PLACEMENT_3D('',#8419,#6751,#6752);
#5510=AXIS2_PLACEMENT_3D('',#8422,#6753,#6754);
#5511=AXIS2_PLACEMENT_3D('',#8426,#6756,#6757);
#5512=AXIS2_PLACEMENT_3D('',#8427,#6758,#6759);
#5513=AXIS2_PLACEMENT_3D('',#8428,#6760,#6761);
#5514=AXIS2_PLACEMENT_3D('',#8429,#6762,#6763);
#5515=AXIS2_PLACEMENT_3D('',#8432,#6764,#6765);
#5516=AXIS2_PLACEMENT_3D('',#8436,#6767,#6768);
#5517=AXIS2_PLACEMENT_3D('',#8437,#6769,#6770);
#5518=AXIS2_PLACEMENT_3D('',#8438,#6771,#6772);
#5519=AXIS2_PLACEMENT_3D('',#8439,#6773,#6774);
#5520=AXIS2_PLACEMENT_3D('',#8442,#6775,#6776);
#5521=AXIS2_PLACEMENT_3D('',#8443,#6777,#6778);
#5522=AXIS2_PLACEMENT_3D('',#8447,#6780,#6781);
#5523=AXIS2_PLACEMENT_3D('',#8448,#6782,#6783);
#5524=AXIS2_PLACEMENT_3D('',#8449,#6784,#6785);
#5525=AXIS2_PLACEMENT_3D('',#8452,#6786,#6787);
#5526=AXIS2_PLACEMENT_3D('',#8453,#6788,#6789);
#5527=AXIS2_PLACEMENT_3D('',#8457,#6791,#6792);
#5528=AXIS2_PLACEMENT_3D('',#8458,#6793,#6794);
#5529=AXIS2_PLACEMENT_3D('',#8459,#6795,#6796);
#5530=AXIS2_PLACEMENT_3D('',#8462,#6797,#6798);
#5531=AXIS2_PLACEMENT_3D('',#8463,#6799,#6800);
#5532=AXIS2_PLACEMENT_3D('',#8467,#6802,#6803);
#5533=AXIS2_PLACEMENT_3D('',#8468,#6804,#6805);
#5534=AXIS2_PLACEMENT_3D('',#8469,#6806,#6807);
#5535=AXIS2_PLACEMENT_3D('',#8472,#6808,#6809);
#5536=AXIS2_PLACEMENT_3D('',#8476,#6811,#6812);
#5537=AXIS2_PLACEMENT_3D('',#8477,#6813,#6814);
#5538=AXIS2_PLACEMENT_3D('',#8478,#6815,#6816);
#5539=AXIS2_PLACEMENT_3D('',#8479,#6817,#6818);
#5540=AXIS2_PLACEMENT_3D('',#8482,#6819,#6820);
#5541=AXIS2_PLACEMENT_3D('',#8486,#6822,#6823);
#5542=AXIS2_PLACEMENT_3D('',#8487,#6824,#6825);
#5543=AXIS2_PLACEMENT_3D('',#8488,#6826,#6827);
#5544=AXIS2_PLACEMENT_3D('',#8489,#6828,#6829);
#5545=AXIS2_PLACEMENT_3D('',#8492,#6830,#6831);
#5546=AXIS2_PLACEMENT_3D('',#8496,#6833,#6834);
#5547=AXIS2_PLACEMENT_3D('',#8497,#6835,#6836);
#5548=AXIS2_PLACEMENT_3D('',#8498,#6837,#6838);
#5549=AXIS2_PLACEMENT_3D('',#8499,#6839,#6840);
#5550=AXIS2_PLACEMENT_3D('',#8502,#6841,#6842);
#5551=AXIS2_PLACEMENT_3D('',#8506,#6844,#6845);
#5552=AXIS2_PLACEMENT_3D('',#8507,#6846,#6847);
#5553=AXIS2_PLACEMENT_3D('',#8508,#6848,#6849);
#5554=AXIS2_PLACEMENT_3D('',#8509,#6850,#6851);
#5555=AXIS2_PLACEMENT_3D('',#8512,#6852,#6853);
#5556=AXIS2_PLACEMENT_3D('',#8516,#6855,#6856);
#5557=AXIS2_PLACEMENT_3D('',#8517,#6857,#6858);
#5558=AXIS2_PLACEMENT_3D('',#8518,#6859,#6860);
#5559=AXIS2_PLACEMENT_3D('',#8519,#6861,#6862);
#5560=AXIS2_PLACEMENT_3D('',#8522,#6863,#6864);
#5561=AXIS2_PLACEMENT_3D('',#8526,#6866,#6867);
#5562=AXIS2_PLACEMENT_3D('',#8527,#6868,#6869);
#5563=AXIS2_PLACEMENT_3D('',#8528,#6870,#6871);
#5564=AXIS2_PLACEMENT_3D('',#8529,#6872,#6873);
#5565=AXIS2_PLACEMENT_3D('',#8532,#6874,#6875);
#5566=AXIS2_PLACEMENT_3D('',#8536,#6877,#6878);
#5567=AXIS2_PLACEMENT_3D('',#8537,#6879,#6880);
#5568=AXIS2_PLACEMENT_3D('',#8538,#6881,#6882);
#5569=AXIS2_PLACEMENT_3D('',#8539,#6883,#6884);
#5570=AXIS2_PLACEMENT_3D('',#8542,#6885,#6886);
#5571=AXIS2_PLACEMENT_3D('',#8546,#6888,#6889);
#5572=AXIS2_PLACEMENT_3D('',#8547,#6890,#6891);
#5573=AXIS2_PLACEMENT_3D('',#8548,#6892,#6893);
#5574=AXIS2_PLACEMENT_3D('',#8549,#6894,#6895);
#5575=AXIS2_PLACEMENT_3D('',#8559,#6896,#6897);
#5576=AXIS2_PLACEMENT_3D('',#8561,#6898,#6899);
#5577=AXIS2_PLACEMENT_3D('',#8563,#6900,#6901);
#5578=AXIS2_PLACEMENT_3D('',#8565,#6902,#6903);
#5579=AXIS2_PLACEMENT_3D('',#8567,#6904,#6905);
#5580=AXIS2_PLACEMENT_3D('',#8576,#6906,#6907);
#5581=AXIS2_PLACEMENT_3D('',#8580,#6909,#6910);
#5582=AXIS2_PLACEMENT_3D('',#8581,#6911,#6912);
#5583=AXIS2_PLACEMENT_3D('',#8582,#6913,#6914);
#5584=AXIS2_PLACEMENT_3D('',#8583,#6915,#6916);
#5585=AXIS2_PLACEMENT_3D('',#8586,#6917,#6918);
#5586=AXIS2_PLACEMENT_3D('',#8595,#6919,#6920);
#5587=AXIS2_PLACEMENT_3D('',#8597,#6921,#6922);
#5588=AXIS2_PLACEMENT_3D('',#8599,#6923,#6924);
#5589=AXIS2_PLACEMENT_3D('',#8601,#6925,#6926);
#5590=AXIS2_PLACEMENT_3D('',#8603,#6927,#6928);
#5591=AXIS2_PLACEMENT_3D('',#8612,#6930,#6931);
#5592=AXIS2_PLACEMENT_3D('',#8613,#6932,#6933);
#5593=AXIS2_PLACEMENT_3D('',#8618,#6934,#6935);
#5594=AXIS2_PLACEMENT_3D('',#8621,#6936,#6937);
#5595=AXIS2_PLACEMENT_3D('',#8630,#6939,#6940);
#5596=AXIS2_PLACEMENT_3D('',#8631,#6941,#6942);
#5597=AXIS2_PLACEMENT_3D('',#8638,#6943,#6944);
#5598=AXIS2_PLACEMENT_3D('',#8640,#6945,#6946);
#5599=AXIS2_PLACEMENT_3D('',#8642,#6947,#6948);
#5600=AXIS2_PLACEMENT_3D('',#8644,#6949,#6950);
#5601=AXIS2_PLACEMENT_3D('',#8646,#6951,#6952);
#5602=AXIS2_PLACEMENT_3D('',#8657,#6953,#6954);
#5603=AXIS2_PLACEMENT_3D('',#8667,#6955,#6956);
#5604=AXIS2_PLACEMENT_3D('',#8671,#6958,#6959);
#5605=AXIS2_PLACEMENT_3D('',#8672,#6960,#6961);
#5606=AXIS2_PLACEMENT_3D('',#8674,#6962,#6963);
#5607=AXIS2_PLACEMENT_3D('',#8687,#6964,#6965);
#5608=AXIS2_PLACEMENT_3D('',#8689,#6966,#6967);
#5609=AXIS2_PLACEMENT_3D('',#8691,#6968,#6969);
#5610=AXIS2_PLACEMENT_3D('',#8693,#6970,#6971);
#5611=AXIS2_PLACEMENT_3D('',#8694,#6972,#6973);
#5612=AXIS2_PLACEMENT_3D('',#8695,#6974,#6975);
#5613=AXIS2_PLACEMENT_3D('',#8698,#6976,#6977);
#5614=AXIS2_PLACEMENT_3D('',#8702,#6979,#6980);
#5615=AXIS2_PLACEMENT_3D('',#8704,#6982,#6983);
#5616=AXIS2_PLACEMENT_3D('',#8707,#6984,#6985);
#5617=AXIS2_PLACEMENT_3D('',#8711,#6987,#6988);
#5618=AXIS2_PLACEMENT_3D('',#8713,#6990,#6991);
#5619=AXIS2_PLACEMENT_3D('',#8716,#6992,#6993);
#5620=AXIS2_PLACEMENT_3D('',#8720,#6995,#6996);
#5621=AXIS2_PLACEMENT_3D('',#8722,#6998,#6999);
#5622=AXIS2_PLACEMENT_3D('',#8724,#7000,#7001);
#5623=AXIS2_PLACEMENT_3D('',#8726,#7002,#7003);
#5624=AXIS2_PLACEMENT_3D('',#8728,#7005,#7006);
#5625=AXIS2_PLACEMENT_3D('',#8738,#7012,#7013);
#5626=AXIS2_PLACEMENT_3D('',#8742,#7016,#7017);
#5627=AXIS2_PLACEMENT_3D('',#8743,#7018,#7019);
#5628=AXIS2_PLACEMENT_3D('',#8747,#7022,#7023);
#5629=AXIS2_PLACEMENT_3D('',#8748,#7024,#7025);
#5630=AXIS2_PLACEMENT_3D('',#8752,#7028,#7029);
#5631=AXIS2_PLACEMENT_3D('',#8762,#7035,#7036);
#5632=AXIS2_PLACEMENT_3D('',#8763,#7037,#7038);
#5633=AXIS2_PLACEMENT_3D('',#8767,#7041,#7042);
#5634=AXIS2_PLACEMENT_3D('',#8768,#7043,#7044);
#5635=AXIS2_PLACEMENT_3D('',#8772,#7047,#7048);
#5636=AXIS2_PLACEMENT_3D('',#8782,#7054,#7055);
#5637=AXIS2_PLACEMENT_3D('',#8786,#7058,#7059);
#5638=AXIS2_PLACEMENT_3D('',#8787,#7060,#7061);
#5639=AXIS2_PLACEMENT_3D('',#8788,#7062,#7063);
#5640=AXIS2_PLACEMENT_3D('',#8792,#7066,#7067);
#5641=AXIS2_PLACEMENT_3D('',#8802,#7073,#7074);
#5642=AXIS2_PLACEMENT_3D('',#8805,#7076,#7077);
#5643=AXIS2_PLACEMENT_3D('',#8806,#7078,#7079);
#5644=AXIS2_PLACEMENT_3D('',#8808,#7081,#7082);
#5645=AXIS2_PLACEMENT_3D('',#8809,#7083,#7084);
#5646=AXIS2_PLACEMENT_3D('',#8810,#7085,#7086);
#5647=AXIS2_PLACEMENT_3D('',#8811,#7087,#7088);
#5648=AXIS2_PLACEMENT_3D('',#8812,#7089,#7090);
#5649=AXIS2_PLACEMENT_3D('',#8813,#7091,#7092);
#5650=AXIS2_PLACEMENT_3D('',#8814,#7093,#7094);
#5651=AXIS2_PLACEMENT_3D('',#8816,#7096,#7097);
#5652=AXIS2_PLACEMENT_3D('',#8818,#7099,#7100);
#5653=AXIS2_PLACEMENT_3D('',#8820,#7102,#7103);
#5654=AXIS2_PLACEMENT_3D('',#8821,#7104,#7105);
#5655=AXIS2_PLACEMENT_3D('',#8824,#7108,#7109);
#5656=AXIS2_PLACEMENT_3D('',#8826,#7111,#7112);
#5657=AXIS2_PLACEMENT_3D('',#8827,#7113,#7114);
#5658=AXIS2_PLACEMENT_3D('',#8828,#7115,#7116);
#5659=AXIS2_PLACEMENT_3D('',#8829,#7117,#7118);
#5660=AXIS2_PLACEMENT_3D('',#8831,#7120,#7121);
#5661=AXIS2_PLACEMENT_3D('',#8833,#7123,#7124);
#5662=AXIS2_PLACEMENT_3D('',#8834,#7125,#7126);
#5663=AXIS2_PLACEMENT_3D('',#8836,#7128,#7129);
#5664=AXIS2_PLACEMENT_3D('',#8897,#7130,#7131);
#5665=AXIS2_PLACEMENT_3D('',#8899,#7132,#7133);
#5666=AXIS2_PLACEMENT_3D('',#8901,#7134,#7135);
#5667=AXIS2_PLACEMENT_3D('',#8902,#7136,#7137);
#5668=AXIS2_PLACEMENT_3D('',#8903,#7138,#7139);
#5669=AXIS2_PLACEMENT_3D('',#8905,#7140,#7141);
#5670=AXIS2_PLACEMENT_3D('',#8907,#7142,#7143);
#5671=AXIS2_PLACEMENT_3D('',#8908,#7144,#7145);
#5672=AXIS2_PLACEMENT_3D('',#8909,#7146,#7147);
#5673=AXIS2_PLACEMENT_3D('',#8911,#7148,#7149);
#5674=AXIS2_PLACEMENT_3D('',#8913,#7150,#7151);
#5675=AXIS2_PLACEMENT_3D('',#8914,#7152,#7153);
#5676=AXIS2_PLACEMENT_3D('',#8915,#7154,#7155);
#5677=AXIS2_PLACEMENT_3D('',#8917,#7156,#7157);
#5678=AXIS2_PLACEMENT_3D('',#8919,#7158,#7159);
#5679=AXIS2_PLACEMENT_3D('',#8920,#7160,#7161);
#5680=AXIS2_PLACEMENT_3D('',#8921,#7162,#7163);
#5681=AXIS2_PLACEMENT_3D('',#8923,#7165,#7166);
#5682=AXIS2_PLACEMENT_3D('',#8924,#7167,#7168);
#5683=AXIS2_PLACEMENT_3D('',#8925,#7169,#7170);
#5684=AXIS2_PLACEMENT_3D('',#8926,#7171,#7172);
#5685=AXIS2_PLACEMENT_3D('',#8927,#7173,#7174);
#5686=AXIS2_PLACEMENT_3D('',#8928,#7175,#7176);
#5687=AXIS2_PLACEMENT_3D('',#8929,#7177,#7178);
#5688=AXIS2_PLACEMENT_3D('',#8930,#7179,#7180);
#5689=AXIS2_PLACEMENT_3D('',#8931,#7181,#7182);
#5690=AXIS2_PLACEMENT_3D('',#8932,#7183,#7184);
#5691=AXIS2_PLACEMENT_3D('',#8933,#7185,#7186);
#5692=AXIS2_PLACEMENT_3D('',#8934,#7187,#7188);
#5693=AXIS2_PLACEMENT_3D('',#8935,#7189,#7190);
#5694=AXIS2_PLACEMENT_3D('',#8936,#7191,#7192);
#5695=AXIS2_PLACEMENT_3D('',#8937,#7193,#7194);
#5696=AXIS2_PLACEMENT_3D('',#8938,#7195,#7196);
#5697=AXIS2_PLACEMENT_3D('',#8939,#7197,#7198);
#5698=AXIS2_PLACEMENT_3D('',#8940,#7199,#7200);
#5699=AXIS2_PLACEMENT_3D('',#8941,#7201,#7202);
#5700=AXIS2_PLACEMENT_3D('',#8942,#7203,#7204);
#5701=AXIS2_PLACEMENT_3D('',#8943,#7205,#7206);
#5702=AXIS2_PLACEMENT_3D('',#8944,#7207,#7208);
#5703=AXIS2_PLACEMENT_3D('',#8945,#7209,#7210);
#5704=AXIS2_PLACEMENT_3D('',#8946,#7211,#7212);
#5705=AXIS2_PLACEMENT_3D('',#8947,#7213,#7214);
#5706=AXIS2_PLACEMENT_3D('',#8950,#7217,#7218);
#5707=AXIS2_PLACEMENT_3D('',#8951,#7219,#7220);
#5708=AXIS2_PLACEMENT_3D('',#8952,#7221,#7222);
#5709=AXIS2_PLACEMENT_3D('',#8955,#7225,#7226);
#5710=AXIS2_PLACEMENT_3D('',#8956,#7227,#7228);
#5711=AXIS2_PLACEMENT_3D('',#8957,#7229,#7230);
#5712=AXIS2_PLACEMENT_3D('',#8960,#7233,#7234);
#5713=AXIS2_PLACEMENT_3D('',#8961,#7235,#7236);
#5714=AXIS2_PLACEMENT_3D('',#8962,#7237,#7238);
#5715=AXIS2_PLACEMENT_3D('',#8964,#7240,#7241);
#5716=AXIS2_PLACEMENT_3D('',#8966,#7243,#7244);
#5717=AXIS2_PLACEMENT_3D('',#8967,#7245,#7246);
#5718=AXIS2_PLACEMENT_3D('',#8970,#7247,#7248);
#5719=AXIS2_PLACEMENT_3D('',#8971,#7249,#7250);
#5720=AXIS2_PLACEMENT_3D('',#8975,#7252,#7253);
#5721=AXIS2_PLACEMENT_3D('',#8976,#7254,#7255);
#5722=AXIS2_PLACEMENT_3D('',#8977,#7256,#7257);
#5723=AXIS2_PLACEMENT_3D('',#8980,#7258,#7259);
#5724=AXIS2_PLACEMENT_3D('',#8981,#7260,#7261);
#5725=AXIS2_PLACEMENT_3D('',#8983,#7263,#7264);
#5726=AXIS2_PLACEMENT_3D('',#8986,#7265,#7266);
#5727=AXIS2_PLACEMENT_3D('',#8987,#7267,#7268);
#5728=AXIS2_PLACEMENT_3D('',#8991,#7270,#7271);
#5729=AXIS2_PLACEMENT_3D('',#8992,#7272,#7273);
#5730=AXIS2_PLACEMENT_3D('',#8993,#7274,#7275);
#5731=AXIS2_PLACEMENT_3D('',#8996,#7276,#7277);
#5732=AXIS2_PLACEMENT_3D('',#8997,#7278,#7279);
#5733=AXIS2_PLACEMENT_3D('',#8999,#7281,#7282);
#5734=AXIS2_PLACEMENT_3D('',#9002,#7283,#7284);
#5735=AXIS2_PLACEMENT_3D('',#9003,#7285,#7286);
#5736=AXIS2_PLACEMENT_3D('',#9007,#7288,#7289);
#5737=AXIS2_PLACEMENT_3D('',#9008,#7290,#7291);
#5738=AXIS2_PLACEMENT_3D('',#9009,#7292,#7293);
#5739=AXIS2_PLACEMENT_3D('',#9012,#7294,#7295);
#5740=AXIS2_PLACEMENT_3D('',#9013,#7296,#7297);
#5741=AXIS2_PLACEMENT_3D('',#9017,#7299,#7300);
#5742=AXIS2_PLACEMENT_3D('',#9018,#7301,#7302);
#5743=AXIS2_PLACEMENT_3D('',#9019,#7303,#7304);
#5744=AXIS2_PLACEMENT_3D('',#9022,#7305,#7306);
#5745=AXIS2_PLACEMENT_3D('',#9023,#7307,#7308);
#5746=AXIS2_PLACEMENT_3D('',#9027,#7310,#7311);
#5747=AXIS2_PLACEMENT_3D('',#9028,#7312,#7313);
#5748=AXIS2_PLACEMENT_3D('',#9029,#7314,#7315);
#5749=AXIS2_PLACEMENT_3D('',#9033,#7317,#7318);
#5750=AXIS2_PLACEMENT_3D('',#9034,#7319,#7320);
#5751=AXIS2_PLACEMENT_3D('',#9035,#7321,#7322);
#5752=AXIS2_PLACEMENT_3D('',#9036,#7323,#7324);
#5753=AXIS2_PLACEMENT_3D('',#9037,#7325,#7326);
#5754=AXIS2_PLACEMENT_3D('',#9038,#7327,#7328);
#5755=AXIS2_PLACEMENT_3D('',#9039,#7329,#7330);
#5756=AXIS2_PLACEMENT_3D('',#9040,#7331,#7332);
#5757=AXIS2_PLACEMENT_3D('',#9043,#7333,#7334);
#5758=AXIS2_PLACEMENT_3D('',#9047,#7336,#7337);
#5759=AXIS2_PLACEMENT_3D('',#9048,#7338,#7339);
#5760=AXIS2_PLACEMENT_3D('',#9049,#7340,#7341);
#5761=AXIS2_PLACEMENT_3D('',#9050,#7342,#7343);
#5762=AXIS2_PLACEMENT_3D('',#9053,#7344,#7345);
#5763=AXIS2_PLACEMENT_3D('',#9055,#7347,#7348);
#5764=AXIS2_PLACEMENT_3D('',#9056,#7349,#7350);
#5765=AXIS2_PLACEMENT_3D('',#9059,#7351,#7352);
#5766=AXIS2_PLACEMENT_3D('',#9063,#7354,#7355);
#5767=AXIS2_PLACEMENT_3D('',#9064,#7356,#7357);
#5768=AXIS2_PLACEMENT_3D('',#9065,#7358,#7359);
#5769=AXIS2_PLACEMENT_3D('',#9066,#7360,#7361);
#5770=AXIS2_PLACEMENT_3D('',#9069,#7362,#7363);
#5771=AXIS2_PLACEMENT_3D('',#9071,#7365,#7366);
#5772=AXIS2_PLACEMENT_3D('',#9072,#7367,#7368);
#5773=AXIS2_PLACEMENT_3D('',#9075,#7369,#7370);
#5774=AXIS2_PLACEMENT_3D('',#9079,#7372,#7373);
#5775=AXIS2_PLACEMENT_3D('',#9080,#7374,#7375);
#5776=AXIS2_PLACEMENT_3D('',#9081,#7376,#7377);
#5777=AXIS2_PLACEMENT_3D('',#9082,#7378,#7379);
#5778=AXIS2_PLACEMENT_3D('',#9085,#7380,#7381);
#5779=AXIS2_PLACEMENT_3D('',#9089,#7383,#7384);
#5780=AXIS2_PLACEMENT_3D('',#9090,#7385,#7386);
#5781=AXIS2_PLACEMENT_3D('',#9091,#7387,#7388);
#5782=AXIS2_PLACEMENT_3D('',#9092,#7389,#7390);
#5783=AXIS2_PLACEMENT_3D('',#9095,#7391,#7392);
#5784=AXIS2_PLACEMENT_3D('',#9099,#7394,#7395);
#5785=AXIS2_PLACEMENT_3D('',#9100,#7396,#7397);
#5786=AXIS2_PLACEMENT_3D('',#9101,#7398,#7399);
#5787=AXIS2_PLACEMENT_3D('',#9102,#7400,#7401);
#5788=AXIS2_PLACEMENT_3D('',#9106,#7403,#7404);
#5789=AXIS2_PLACEMENT_3D('',#9107,#7405,#7406);
#5790=AXIS2_PLACEMENT_3D('',#9108,#7407,#7408);
#5791=AXIS2_PLACEMENT_3D('',#9109,#7409,#7410);
#5792=AXIS2_PLACEMENT_3D('',#9110,#7411,#7412);
#5793=AXIS2_PLACEMENT_3D('',#9111,#7413,#7414);
#5794=AXIS2_PLACEMENT_3D('',#9112,#7415,#7416);
#5795=AXIS2_PLACEMENT_3D('',#9113,#7417,#7418);
#5796=AXIS2_PLACEMENT_3D('',#9116,#7419,#7420);
#5797=AXIS2_PLACEMENT_3D('',#9117,#7421,#7422);
#5798=AXIS2_PLACEMENT_3D('',#9121,#7424,#7425);
#5799=AXIS2_PLACEMENT_3D('',#9122,#7426,#7427);
#5800=AXIS2_PLACEMENT_3D('',#9123,#7428,#7429);
#5801=AXIS2_PLACEMENT_3D('',#9126,#7430,#7431);
#5802=AXIS2_PLACEMENT_3D('',#9127,#7432,#7433);
#5803=AXIS2_PLACEMENT_3D('',#9129,#7435,#7436);
#5804=AXIS2_PLACEMENT_3D('',#9132,#7437,#7438);
#5805=AXIS2_PLACEMENT_3D('',#9133,#7439,#7440);
#5806=AXIS2_PLACEMENT_3D('',#9137,#7442,#7443);
#5807=AXIS2_PLACEMENT_3D('',#9138,#7444,#7445);
#5808=AXIS2_PLACEMENT_3D('',#9139,#7446,#7447);
#5809=AXIS2_PLACEMENT_3D('',#9142,#7448,#7449);
#5810=AXIS2_PLACEMENT_3D('',#9143,#7450,#7451);
#5811=AXIS2_PLACEMENT_3D('',#9145,#7453,#7454);
#5812=AXIS2_PLACEMENT_3D('',#9148,#7455,#7456);
#5813=AXIS2_PLACEMENT_3D('',#9149,#7457,#7458);
#5814=AXIS2_PLACEMENT_3D('',#9153,#7460,#7461);
#5815=AXIS2_PLACEMENT_3D('',#9154,#7462,#7463);
#5816=AXIS2_PLACEMENT_3D('',#9155,#7464,#7465);
#5817=AXIS2_PLACEMENT_3D('',#9158,#7466,#7467);
#5818=AXIS2_PLACEMENT_3D('',#9159,#7468,#7469);
#5819=AXIS2_PLACEMENT_3D('',#9163,#7471,#7472);
#5820=AXIS2_PLACEMENT_3D('',#9164,#7473,#7474);
#5821=AXIS2_PLACEMENT_3D('',#9165,#7475,#7476);
#5822=AXIS2_PLACEMENT_3D('',#9168,#7477,#7478);
#5823=AXIS2_PLACEMENT_3D('',#9169,#7479,#7480);
#5824=AXIS2_PLACEMENT_3D('',#9173,#7482,#7483);
#5825=AXIS2_PLACEMENT_3D('',#9174,#7484,#7485);
#5826=AXIS2_PLACEMENT_3D('',#9175,#7486,#7487);
#5827=AXIS2_PLACEMENT_3D('',#9179,#7489,#7490);
#5828=AXIS2_PLACEMENT_3D('',#9180,#7491,#7492);
#5829=AXIS2_PLACEMENT_3D('',#9181,#7493,#7494);
#5830=AXIS2_PLACEMENT_3D('',#9182,#7495,#7496);
#5831=AXIS2_PLACEMENT_3D('',#9183,#7497,#7498);
#5832=AXIS2_PLACEMENT_3D('',#9184,#7499,#7500);
#5833=AXIS2_PLACEMENT_3D('',#9185,#7501,#7502);
#5834=AXIS2_PLACEMENT_3D('',#9186,#7503,#7504);
#5835=AXIS2_PLACEMENT_3D('',#9189,#7505,#7506);
#5836=AXIS2_PLACEMENT_3D('',#9193,#7508,#7509);
#5837=AXIS2_PLACEMENT_3D('',#9194,#7510,#7511);
#5838=AXIS2_PLACEMENT_3D('',#9195,#7512,#7513);
#5839=AXIS2_PLACEMENT_3D('',#9196,#7514,#7515);
#5840=AXIS2_PLACEMENT_3D('',#9199,#7516,#7517);
#5841=AXIS2_PLACEMENT_3D('',#9201,#7519,#7520);
#5842=AXIS2_PLACEMENT_3D('',#9202,#7521,#7522);
#5843=AXIS2_PLACEMENT_3D('',#9205,#7523,#7524);
#5844=AXIS2_PLACEMENT_3D('',#9209,#7526,#7527);
#5845=AXIS2_PLACEMENT_3D('',#9210,#7528,#7529);
#5846=AXIS2_PLACEMENT_3D('',#9211,#7530,#7531);
#5847=AXIS2_PLACEMENT_3D('',#9212,#7532,#7533);
#5848=AXIS2_PLACEMENT_3D('',#9215,#7534,#7535);
#5849=AXIS2_PLACEMENT_3D('',#9217,#7537,#7538);
#5850=AXIS2_PLACEMENT_3D('',#9218,#7539,#7540);
#5851=AXIS2_PLACEMENT_3D('',#9221,#7541,#7542);
#5852=AXIS2_PLACEMENT_3D('',#9225,#7544,#7545);
#5853=AXIS2_PLACEMENT_3D('',#9226,#7546,#7547);
#5854=AXIS2_PLACEMENT_3D('',#9227,#7548,#7549);
#5855=AXIS2_PLACEMENT_3D('',#9228,#7550,#7551);
#5856=AXIS2_PLACEMENT_3D('',#9231,#7552,#7553);
#5857=AXIS2_PLACEMENT_3D('',#9235,#7555,#7556);
#5858=AXIS2_PLACEMENT_3D('',#9236,#7557,#7558);
#5859=AXIS2_PLACEMENT_3D('',#9237,#7559,#7560);
#5860=AXIS2_PLACEMENT_3D('',#9238,#7561,#7562);
#5861=AXIS2_PLACEMENT_3D('',#9241,#7563,#7564);
#5862=AXIS2_PLACEMENT_3D('',#9245,#7566,#7567);
#5863=AXIS2_PLACEMENT_3D('',#9246,#7568,#7569);
#5864=AXIS2_PLACEMENT_3D('',#9247,#7570,#7571);
#5865=AXIS2_PLACEMENT_3D('',#9248,#7572,#7573);
#5866=AXIS2_PLACEMENT_3D('',#9252,#7575,#7576);
#5867=AXIS2_PLACEMENT_3D('',#9253,#7577,#7578);
#5868=AXIS2_PLACEMENT_3D('',#9254,#7579,#7580);
#5869=AXIS2_PLACEMENT_3D('',#9255,#7581,#7582);
#5870=AXIS2_PLACEMENT_3D('',#9256,#7583,#7584);
#5871=AXIS2_PLACEMENT_3D('',#9257,#7585,#7586);
#5872=AXIS2_PLACEMENT_3D('',#9258,#7587,#7588);
#5873=AXIS2_PLACEMENT_3D('',#9259,#7589,#7590);
#5874=AXIS2_PLACEMENT_3D('',#9260,#7591,#7592);
#5875=DIRECTION('axis',(0.,0.,1.));
#5876=DIRECTION('refdir',(1.,0.,0.));
#5877=DIRECTION('axis',(0.,0.,1.));
#5878=DIRECTION('refdir',(1.,0.,0.));
#5879=DIRECTION('center_axis',(0.,-1.66533453693773E-16,-1.));
#5880=DIRECTION('ref_axis',(-1.,0.,0.));
#5881=DIRECTION('',(1.,0.,0.));
#5882=DIRECTION('',(0.,1.,-1.66533453693773E-16));
#5883=DIRECTION('',(-1.,0.,0.));
#5884=DIRECTION('',(0.,1.,-1.66533453693773E-16));
#5885=DIRECTION('center_axis',(0.,1.,-1.66533453693773E-16));
#5886=DIRECTION('ref_axis',(0.,-1.66533453693773E-16,-1.));
#5887=DIRECTION('center_axis',(0.,-1.,0.));
#5888=DIRECTION('ref_axis',(0.,-1.66533453693773E-16,-1.));
#5889=DIRECTION('center_axis',(0.,1.,0.));
#5890=DIRECTION('ref_axis',(0.,-1.66533453693773E-16,-1.));
#5891=DIRECTION('',(0.,1.,-1.66533453693773E-16));
#5892=DIRECTION('center_axis',(1.,0.,0.));
#5893=DIRECTION('ref_axis',(0.,-1.66533453693773E-16,-1.));
#5894=DIRECTION('',(0.,0.,1.));
#5895=DIRECTION('',(0.,0.,-1.));
#5896=DIRECTION('',(0.,1.,-1.66533453693773E-16));
#5897=DIRECTION('center_axis',(0.,1.,-1.66533453693773E-16));
#5898=DIRECTION('ref_axis',(1.,0.,0.));
#5899=DIRECTION('center_axis',(0.,-1.,0.));
#5900=DIRECTION('ref_axis',(1.,0.,0.));
#5901=DIRECTION('center_axis',(0.,1.,0.));
#5902=DIRECTION('ref_axis',(1.,0.,0.));
#5903=DIRECTION('',(0.,1.,-1.66533453693773E-16));
#5904=DIRECTION('center_axis',(0.,1.66533453693773E-16,1.));
#5905=DIRECTION('ref_axis',(1.,0.,0.));
#5906=DIRECTION('',(-1.,0.,0.));
#5907=DIRECTION('',(1.,0.,0.));
#5908=DIRECTION('',(0.,1.,-1.66533453693773E-16));
#5909=DIRECTION('center_axis',(0.,1.,-1.66533453693773E-16));
#5910=DIRECTION('ref_axis',(0.,1.66533453693773E-16,1.));
#5911=DIRECTION('center_axis',(0.,-1.,0.));
#5912=DIRECTION('ref_axis',(0.,1.66533453693773E-16,1.));
#5913=DIRECTION('center_axis',(0.,1.,0.));
#5914=DIRECTION('ref_axis',(0.,1.66533453693773E-16,1.));
#5915=DIRECTION('',(0.,1.,-1.66533453693773E-16));
#5916=DIRECTION('center_axis',(-1.,1.07838597061053E-32,6.47549154053751E-17));
#5917=DIRECTION('ref_axis',(6.47549154053751E-17,1.66533453693773E-16,1.));
#5918=DIRECTION('',(-6.47549154053751E-17,0.,-1.));
#5919=DIRECTION('',(6.47549154053751E-17,0.,1.));
#5920=DIRECTION('',(0.,1.,-1.66533453693773E-16));
#5921=DIRECTION('center_axis',(0.,1.,-1.66533453693773E-16));
#5922=DIRECTION('ref_axis',(-1.,0.,0.));
#5923=DIRECTION('center_axis',(0.,-1.,0.));
#5924=DIRECTION('ref_axis',(-1.,0.,0.));
#5925=DIRECTION('center_axis',(0.,1.,0.));
#5926=DIRECTION('ref_axis',(-1.,0.,0.));
#5927=DIRECTION('center_axis',(0.,1.,-1.66533453693773E-16));
#5928=DIRECTION('ref_axis',(-1.,0.,0.));
#5929=DIRECTION('center_axis',(0.,1.,0.));
#5930=DIRECTION('ref_axis',(-1.,0.,0.));
#5931=DIRECTION('',(0.,1.,-1.66533453693773E-16));
#5932=DIRECTION('center_axis',(0.,-1.,0.));
#5933=DIRECTION('ref_axis',(-1.,0.,0.));
#5934=DIRECTION('center_axis',(0.,1.,-1.66533453693773E-16));
#5935=DIRECTION('ref_axis',(-1.,0.,0.));
#5936=DIRECTION('center_axis',(0.,1.,0.));
#5937=DIRECTION('ref_axis',(-1.,0.,0.));
#5938=DIRECTION('',(0.,1.,-1.66533453693773E-16));
#5939=DIRECTION('center_axis',(0.,-1.,0.));
#5940=DIRECTION('ref_axis',(-1.,0.,0.));
#5941=DIRECTION('center_axis',(0.,-1.,0.));
#5942=DIRECTION('ref_axis',(0.,0.,1.));
#5943=DIRECTION('center_axis',(0.,-1.,0.));
#5944=DIRECTION('ref_axis',(0.,0.,1.));
#5945=DIRECTION('center_axis',(0.,-1.,0.));
#5946=DIRECTION('ref_axis',(0.,0.,1.));
#5947=DIRECTION('',(0.,-1.,0.));
#5948=DIRECTION('center_axis',(0.,-1.,0.));
#5949=DIRECTION('ref_axis',(0.,0.,1.));
#5950=DIRECTION('center_axis',(0.,-1.,0.));
#5951=DIRECTION('ref_axis',(0.,0.,1.));
#5952=DIRECTION('center_axis',(0.,-1.,0.));
#5953=DIRECTION('ref_axis',(0.,0.,1.));
#5954=DIRECTION('center_axis',(0.,-1.,0.));
#5955=DIRECTION('ref_axis',(0.,0.,1.));
#5956=DIRECTION('center_axis',(0.,-1.,0.));
#5957=DIRECTION('ref_axis',(0.,0.,1.));
#5958=DIRECTION('',(8.0344058990494E-17,-0.754709580222776,-0.656059028990503));
#5959=DIRECTION('center_axis',(0.,-1.,0.));
#5960=DIRECTION('ref_axis',(0.,0.,1.));
#5961=DIRECTION('center_axis',(0.,-1.,0.));
#5962=DIRECTION('ref_axis',(0.,0.,1.));
#5963=DIRECTION('center_axis',(0.,-1.,0.));
#5964=DIRECTION('ref_axis',(0.,0.,1.));
#5965=DIRECTION('',(0.,-1.,0.));
#5966=DIRECTION('center_axis',(0.,-1.,0.));
#5967=DIRECTION('ref_axis',(0.,0.,1.));
#5968=DIRECTION('center_axis',(0.,1.,0.));
#5969=DIRECTION('ref_axis',(0.,0.,1.));
#5970=DIRECTION('',(0.,-1.,0.));
#5971=DIRECTION('center_axis',(0.,1.,0.));
#5972=DIRECTION('ref_axis',(0.,0.,1.));
#5973=DIRECTION('center_axis',(0.,1.,0.));
#5974=DIRECTION('ref_axis',(0.,0.,1.));
#5975=DIRECTION('center_axis',(0.,1.,0.));
#5976=DIRECTION('ref_axis',(0.,0.,1.));
#5977=DIRECTION('center_axis',(0.,-1.,0.));
#5978=DIRECTION('ref_axis',(0.,0.,1.));
#5979=DIRECTION('center_axis',(0.,1.,0.));
#5980=DIRECTION('ref_axis',(0.,0.,1.));
#5981=DIRECTION('',(8.0344058990494E-17,-0.754709580222776,-0.656059028990503));
#5982=DIRECTION('center_axis',(0.,1.,0.));
#5983=DIRECTION('ref_axis',(0.,0.,1.));
#5984=DIRECTION('center_axis',(0.,-1.,0.));
#5985=DIRECTION('ref_axis',(0.,0.,1.));
#5986=DIRECTION('center_axis',(0.,1.,0.));
#5987=DIRECTION('ref_axis',(0.,0.,1.));
#5988=DIRECTION('',(0.,-1.,0.));
#5989=DIRECTION('center_axis',(0.,1.,0.));
#5990=DIRECTION('ref_axis',(0.,0.,1.));
#5991=DIRECTION('center_axis',(0.,-1.,0.));
#5992=DIRECTION('ref_axis',(0.,0.,-1.));
#5993=DIRECTION('center_axis',(0.,1.,0.));
#5994=DIRECTION('ref_axis',(0.,0.,-1.));
#5995=DIRECTION('',(0.,-1.,0.));
#5996=DIRECTION('center_axis',(0.,1.,0.));
#5997=DIRECTION('ref_axis',(0.,0.,-1.));
#5998=DIRECTION('center_axis',(0.,1.,0.));
#5999=DIRECTION('ref_axis',(0.,0.,-1.));
#6000=DIRECTION('center_axis',(0.,1.,0.));
#6001=DIRECTION('ref_axis',(0.,0.,-1.));
#6002=DIRECTION('center_axis',(0.,-1.,0.));
#6003=DIRECTION('ref_axis',(0.,0.,-1.));
#6004=DIRECTION('center_axis',(0.,1.,0.));
#6005=DIRECTION('ref_axis',(0.,0.,-1.));
#6006=DIRECTION('',(-8.0344058990494E-17,-0.754709580222776,0.656059028990503));
#6007=DIRECTION('center_axis',(0.,1.,0.));
#6008=DIRECTION('ref_axis',(0.,0.,-1.));
#6009=DIRECTION('center_axis',(0.,-1.,0.));
#6010=DIRECTION('ref_axis',(0.,0.,-1.));
#6011=DIRECTION('center_axis',(0.,1.,0.));
#6012=DIRECTION('ref_axis',(0.,0.,-1.));
#6013=DIRECTION('',(0.,-1.,0.));
#6014=DIRECTION('center_axis',(0.,1.,0.));
#6015=DIRECTION('ref_axis',(0.,0.,-1.));
#6016=DIRECTION('center_axis',(0.,-1.,0.));
#6017=DIRECTION('ref_axis',(0.,0.,-1.));
#6018=DIRECTION('center_axis',(0.,-1.,0.));
#6019=DIRECTION('ref_axis',(0.,0.,-1.));
#6020=DIRECTION('center_axis',(0.,-1.,0.));
#6021=DIRECTION('ref_axis',(0.,0.,-1.));
#6022=DIRECTION('',(0.,-1.,0.));
#6023=DIRECTION('center_axis',(0.,-1.,0.));
#6024=DIRECTION('ref_axis',(0.,0.,-1.));
#6025=DIRECTION('center_axis',(0.,-1.,0.));
#6026=DIRECTION('ref_axis',(0.,0.,-1.));
#6027=DIRECTION('center_axis',(0.,-1.,0.));
#6028=DIRECTION('ref_axis',(0.,0.,-1.));
#6029=DIRECTION('center_axis',(0.,-1.,0.));
#6030=DIRECTION('ref_axis',(0.,0.,-1.));
#6031=DIRECTION('center_axis',(0.,-1.,0.));
#6032=DIRECTION('ref_axis',(0.,0.,-1.));
#6033=DIRECTION('',(-8.0344058990494E-17,-0.754709580222776,0.656059028990503));
#6034=DIRECTION('center_axis',(0.,-1.,0.));
#6035=DIRECTION('ref_axis',(0.,0.,-1.));
#6036=DIRECTION('center_axis',(0.,-1.,0.));
#6037=DIRECTION('ref_axis',(0.,0.,-1.));
#6038=DIRECTION('center_axis',(0.,-1.,0.));
#6039=DIRECTION('ref_axis',(0.,0.,-1.));
#6040=DIRECTION('',(0.,-1.,0.));
#6041=DIRECTION('center_axis',(0.,-1.,0.));
#6042=DIRECTION('ref_axis',(0.,0.,-1.));
#6043=DIRECTION('center_axis',(0.,1.,0.));
#6044=DIRECTION('ref_axis',(0.,0.,-1.));
#6045=DIRECTION('',(0.,1.,0.));
#6046=DIRECTION('center_axis',(0.,1.,0.));
#6047=DIRECTION('ref_axis',(0.,0.,-1.));
#6048=DIRECTION('center_axis',(0.,1.,0.));
#6049=DIRECTION('ref_axis',(0.,0.,-1.));
#6050=DIRECTION('center_axis',(0.,1.,0.));
#6051=DIRECTION('ref_axis',(0.,0.,-1.));
#6052=DIRECTION('center_axis',(0.,-1.,0.));
#6053=DIRECTION('ref_axis',(0.,0.,-1.));
#6054=DIRECTION('center_axis',(0.,1.,0.));
#6055=DIRECTION('ref_axis',(0.,0.,1.));
#6056=DIRECTION('',(0.,1.,0.));
#6057=DIRECTION('center_axis',(0.,1.,0.));
#6058=DIRECTION('ref_axis',(0.,0.,1.));
#6059=DIRECTION('center_axis',(0.,1.,0.));
#6060=DIRECTION('ref_axis',(0.,0.,1.));
#6061=DIRECTION('center_axis',(0.,1.,0.));
#6062=DIRECTION('ref_axis',(0.,0.,1.));
#6063=DIRECTION('center_axis',(0.,-1.,0.));
#6064=DIRECTION('ref_axis',(0.,0.,-1.));
#6065=DIRECTION('center_axis',(0.,1.,0.));
#6066=DIRECTION('ref_axis',(0.,0.,-1.));
#6067=DIRECTION('',(0.,1.,0.));
#6068=DIRECTION('center_axis',(0.,1.,0.));
#6069=DIRECTION('ref_axis',(0.,0.,-1.));
#6070=DIRECTION('center_axis',(0.,1.,0.));
#6071=DIRECTION('ref_axis',(0.,0.,-1.));
#6072=DIRECTION('center_axis',(0.,1.,0.));
#6073=DIRECTION('ref_axis',(0.,0.,-1.));
#6074=DIRECTION('center_axis',(0.,-1.,0.));
#6075=DIRECTION('ref_axis',(0.,0.,-1.));
#6076=DIRECTION('center_axis',(0.,1.,0.));
#6077=DIRECTION('ref_axis',(0.,0.,1.));
#6078=DIRECTION('',(0.,1.,0.));
#6079=DIRECTION('center_axis',(0.,1.,0.));
#6080=DIRECTION('ref_axis',(0.,0.,1.));
#6081=DIRECTION('center_axis',(0.,1.,0.));
#6082=DIRECTION('ref_axis',(0.,0.,1.));
#6083=DIRECTION('center_axis',(0.,1.,0.));
#6084=DIRECTION('ref_axis',(0.,0.,1.));
#6085=DIRECTION('center_axis',(0.,-1.,0.));
#6086=DIRECTION('ref_axis',(0.,0.,-1.));
#6087=DIRECTION('center_axis',(0.,1.,0.));
#6088=DIRECTION('ref_axis',(0.,0.,1.));
#6089=DIRECTION('',(0.,-1.,0.));
#6090=DIRECTION('center_axis',(0.,1.,0.));
#6091=DIRECTION('ref_axis',(0.,0.,1.));
#6092=DIRECTION('',(0.,-1.,0.));
#6093=DIRECTION('center_axis',(0.,-1.,0.));
#6094=DIRECTION('ref_axis',(0.,0.,-1.));
#6095=DIRECTION('center_axis',(0.,1.,0.));
#6096=DIRECTION('ref_axis',(0.,0.,1.));
#6097=DIRECTION('',(0.,-1.,0.));
#6098=DIRECTION('center_axis',(0.,1.,0.));
#6099=DIRECTION('ref_axis',(0.,0.,1.));
#6100=DIRECTION('',(0.,-1.,0.));
#6101=DIRECTION('center_axis',(0.,1.,0.));
#6102=DIRECTION('ref_axis',(0.,0.,1.));
#6103=DIRECTION('',(-1.,0.,3.34083437380326E-16));
#6104=DIRECTION('center_axis',(0.,-1.,0.));
#6105=DIRECTION('ref_axis',(0.,0.,1.));
#6106=DIRECTION('',(0.,0.,-1.));
#6107=DIRECTION('center_axis',(0.,-1.,0.));
#6108=DIRECTION('ref_axis',(0.,0.,1.));
#6109=DIRECTION('',(1.,0.,-3.34083437380326E-16));
#6110=DIRECTION('center_axis',(0.,-1.,0.));
#6111=DIRECTION('ref_axis',(0.,0.,1.));
#6112=DIRECTION('',(1.29502156608877E-16,0.,1.));
#6113=DIRECTION('center_axis',(0.,-1.,0.));
#6114=DIRECTION('ref_axis',(0.,0.,1.));
#6115=DIRECTION('center_axis',(0.,1.,0.));
#6116=DIRECTION('ref_axis',(0.,0.,1.));
#6117=DIRECTION('',(-0.707106781186543,0.,-0.707106781186552));
#6118=DIRECTION('center_axis',(0.,1.,0.));
#6119=DIRECTION('ref_axis',(0.,0.,1.));
#6120=DIRECTION('',(-1.,0.,0.));
#6121=DIRECTION('center_axis',(0.,1.,0.));
#6122=DIRECTION('ref_axis',(0.,0.,1.));
#6123=DIRECTION('',(-0.707106781186543,0.,0.707106781186552));
#6124=DIRECTION('center_axis',(0.,1.,0.));
#6125=DIRECTION('ref_axis',(0.,0.,1.));
#6126=DIRECTION('',(0.,0.,1.));
#6127=DIRECTION('center_axis',(0.,1.,0.));
#6128=DIRECTION('ref_axis',(0.,0.,-1.));
#6129=DIRECTION('',(0.707106781186543,0.,0.707106781186552));
#6130=DIRECTION('center_axis',(0.,1.,0.));
#6131=DIRECTION('ref_axis',(0.,0.,-1.));
#6132=DIRECTION('',(1.,0.,0.));
#6133=DIRECTION('center_axis',(0.,1.,0.));
#6134=DIRECTION('ref_axis',(0.,0.,-1.));
#6135=DIRECTION('',(0.707106781186529,0.,-0.707106781186566));
#6136=DIRECTION('center_axis',(0.,1.,0.));
#6137=DIRECTION('ref_axis',(0.,0.,-1.));
#6138=DIRECTION('',(0.,0.,-1.));
#6139=DIRECTION('center_axis',(0.,1.,0.));
#6140=DIRECTION('ref_axis',(0.,0.,1.));
#6141=DIRECTION('center_axis',(0.,1.,0.));
#6142=DIRECTION('ref_axis',(0.,0.,1.));
#6143=DIRECTION('',(1.,0.,-3.34083437380326E-16));
#6144=DIRECTION('center_axis',(0.,1.,0.));
#6145=DIRECTION('ref_axis',(0.,0.,1.));
#6146=DIRECTION('',(-1.29502156608877E-16,0.,-1.));
#6147=DIRECTION('center_axis',(0.,1.,0.));
#6148=DIRECTION('ref_axis',(0.,0.,1.));
#6149=DIRECTION('',(-1.,0.,3.34083437380326E-16));
#6150=DIRECTION('center_axis',(0.,1.,0.));
#6151=DIRECTION('ref_axis',(0.,0.,1.));
#6152=DIRECTION('',(0.,0.,1.));
#6153=DIRECTION('',(0.,0.,-1.));
#6154=DIRECTION('center_axis',(0.,1.,0.));
#6155=DIRECTION('ref_axis',(0.,0.,1.));
#6156=DIRECTION('',(0.,0.,1.));
#6157=DIRECTION('',(1.,0.,0.));
#6158=DIRECTION('center_axis',(0.,1.,0.));
#6159=DIRECTION('ref_axis',(0.,0.,1.));
#6160=DIRECTION('',(-1.,0.,0.));
#6161=DIRECTION('center_axis',(0.,1.,0.));
#6162=DIRECTION('ref_axis',(0.,0.,1.));
#6163=DIRECTION('',(1.,0.,0.));
#6164=DIRECTION('center_axis',(0.,1.,0.));
#6165=DIRECTION('ref_axis',(0.,0.,1.));
#6166=DIRECTION('',(-1.,0.,0.));
#6167=DIRECTION('center_axis',(0.,1.,0.));
#6168=DIRECTION('ref_axis',(0.,0.,1.));
#6169=DIRECTION('',(0.,0.,-1.));
#6170=DIRECTION('center_axis',(0.,1.,0.));
#6171=DIRECTION('ref_axis',(0.,0.,1.));
#6172=DIRECTION('',(0.,0.,1.));
#6173=DIRECTION('',(1.,0.,0.));
#6174=DIRECTION('center_axis',(0.,1.,0.));
#6175=DIRECTION('ref_axis',(0.,0.,1.));
#6176=DIRECTION('',(-1.,0.,0.));
#6177=DIRECTION('center_axis',(0.,1.,0.));
#6178=DIRECTION('ref_axis',(0.,0.,1.));
#6179=DIRECTION('center_axis',(0.,1.,0.));
#6180=DIRECTION('ref_axis',(0.,0.,1.));
#6181=DIRECTION('',(0.,1.,0.));
#6182=DIRECTION('center_axis',(0.,1.,0.));
#6183=DIRECTION('ref_axis',(0.,0.,1.));
#6184=DIRECTION('',(0.,1.,0.));
#6185=DIRECTION('center_axis',(-1.,0.,0.));
#6186=DIRECTION('ref_axis',(0.,0.,1.));
#6187=DIRECTION('',(0.,1.,0.));
#6188=DIRECTION('',(0.,0.,1.));
#6189=DIRECTION('center_axis',(0.,1.,0.));
#6190=DIRECTION('ref_axis',(0.,0.,1.));
#6191=DIRECTION('',(0.,1.,0.));
#6192=DIRECTION('center_axis',(0.,1.,0.));
#6193=DIRECTION('ref_axis',(0.,0.,1.));
#6194=DIRECTION('center_axis',(-3.34083437380326E-16,0.,-1.));
#6195=DIRECTION('ref_axis',(-1.,0.,3.34083437380326E-16));
#6196=DIRECTION('',(0.,1.,0.));
#6197=DIRECTION('',(-1.,0.,3.34083437380326E-16));
#6198=DIRECTION('center_axis',(0.,1.,0.));
#6199=DIRECTION('ref_axis',(0.,0.,1.));
#6200=DIRECTION('',(0.,1.,0.));
#6201=DIRECTION('center_axis',(0.,1.,0.));
#6202=DIRECTION('ref_axis',(0.,0.,1.));
#6203=DIRECTION('center_axis',(1.,0.,-1.29502156608877E-16));
#6204=DIRECTION('ref_axis',(-1.29502156608877E-16,0.,-1.));
#6205=DIRECTION('',(0.,1.,0.));
#6206=DIRECTION('',(-1.29502156608877E-16,0.,-1.));
#6207=DIRECTION('center_axis',(0.,1.,0.));
#6208=DIRECTION('ref_axis',(0.,0.,1.));
#6209=DIRECTION('',(0.,1.,0.));
#6210=DIRECTION('center_axis',(0.,1.,0.));
#6211=DIRECTION('ref_axis',(0.,0.,1.));
#6212=DIRECTION('center_axis',(3.34083437380326E-16,0.,1.));
#6213=DIRECTION('ref_axis',(1.,0.,-3.34083437380326E-16));
#6214=DIRECTION('',(1.,0.,-3.34083437380326E-16));
#6215=DIRECTION('center_axis',(0.,1.,0.));
#6216=DIRECTION('ref_axis',(0.,0.,1.));
#6217=DIRECTION('center_axis',(0.,0.,1.));
#6218=DIRECTION('ref_axis',(1.,0.,0.));
#6219=DIRECTION('center_axis',(-1.,0.,0.));
#6220=DIRECTION('ref_axis',(0.,0.,1.));
#6221=DIRECTION('center_axis',(1.,0.,-3.34083437380326E-16));
#6222=DIRECTION('ref_axis',(-3.34083437380326E-16,0.,-1.));
#6223=DIRECTION('center_axis',(-1.,0.,0.));
#6224=DIRECTION('ref_axis',(0.,0.,1.));
#6225=DIRECTION('center_axis',(1.29502156608877E-16,0.,1.));
#6226=DIRECTION('ref_axis',(1.,0.,-1.29502156608877E-16));
#6227=DIRECTION('center_axis',(0.,0.,1.));
#6228=DIRECTION('ref_axis',(1.,0.,0.));
#6229=DIRECTION('center_axis',(0.,1.,0.));
#6230=DIRECTION('ref_axis',(0.,0.,1.));
#6231=DIRECTION('center_axis',(0.,0.,1.));
#6232=DIRECTION('ref_axis',(1.,0.,0.));
#6233=DIRECTION('center_axis',(0.,1.,0.));
#6234=DIRECTION('ref_axis',(0.,0.,1.));
#6235=DIRECTION('center_axis',(-1.,0.,0.));
#6236=DIRECTION('ref_axis',(0.,0.,1.));
#6237=DIRECTION('center_axis',(0.,0.,-1.));
#6238=DIRECTION('ref_axis',(-1.,0.,0.));
#6239=DIRECTION('center_axis',(0.,0.,1.));
#6240=DIRECTION('ref_axis',(1.,0.,0.));
#6241=DIRECTION('center_axis',(-1.,0.,3.34083437380326E-16));
#6242=DIRECTION('ref_axis',(3.34083437380326E-16,0.,1.));
#6243=DIRECTION('center_axis',(-1.,0.,0.));
#6244=DIRECTION('ref_axis',(0.,0.,1.));
#6245=DIRECTION('center_axis',(0.,1.,0.));
#6246=DIRECTION('ref_axis',(0.,0.,1.));
#6247=DIRECTION('center_axis',(0.,-1.,0.));
#6248=DIRECTION('ref_axis',(1.22464679914735E-16,0.,1.));
#6249=DIRECTION('',(0.,-1.,0.));
#6250=DIRECTION('center_axis',(0.,1.,0.));
#6251=DIRECTION('ref_axis',(0.,0.,1.));
#6252=DIRECTION('',(0.,-1.,0.));
#6253=DIRECTION('center_axis',(-1.,0.,0.));
#6254=DIRECTION('ref_axis',(0.,0.,1.));
#6255=DIRECTION('',(0.,0.,-1.));
#6256=DIRECTION('center_axis',(1.,0.,0.));
#6257=DIRECTION('ref_axis',(0.,0.,-1.));
#6258=DIRECTION('',(0.,0.,1.));
#6259=DIRECTION('center_axis',(0.,1.,0.));
#6260=DIRECTION('ref_axis',(0.,0.,1.));
#6261=DIRECTION('center_axis',(0.,-1.,0.));
#6262=DIRECTION('ref_axis',(0.,0.,-1.));
#6263=DIRECTION('',(0.,-1.,0.));
#6264=DIRECTION('center_axis',(0.,1.,0.));
#6265=DIRECTION('ref_axis',(0.,0.,1.));
#6266=DIRECTION('',(0.,-1.,0.));
#6267=DIRECTION('center_axis',(0.,0.,-1.));
#6268=DIRECTION('ref_axis',(-1.,0.,0.));
#6269=DIRECTION('',(0.,-1.,0.));
#6270=DIRECTION('',(1.,0.,0.));
#6271=DIRECTION('center_axis',(0.,-1.,0.));
#6272=DIRECTION('ref_axis',(0.,0.,-1.));
#6273=DIRECTION('',(0.,-1.,0.));
#6274=DIRECTION('center_axis',(0.,1.,0.));
#6275=DIRECTION('ref_axis',(0.,0.,1.));
#6276=DIRECTION('center_axis',(0.,0.,1.));
#6277=DIRECTION('ref_axis',(1.,0.,0.));
#6278=DIRECTION('',(-1.,0.,0.));
#6279=DIRECTION('center_axis',(0.,1.,0.));
#6280=DIRECTION('ref_axis',(0.,0.,1.));
#6281=DIRECTION('center_axis',(0.,-1.,0.));
#6282=DIRECTION('ref_axis',(0.,0.,-1.));
#6283=DIRECTION('',(0.,-1.,0.));
#6284=DIRECTION('center_axis',(0.,1.,0.));
#6285=DIRECTION('ref_axis',(0.,0.,1.));
#6286=DIRECTION('',(0.,-1.,0.));
#6287=DIRECTION('center_axis',(0.,0.,-1.));
#6288=DIRECTION('ref_axis',(-1.,0.,0.));
#6289=DIRECTION('',(0.,-1.,0.));
#6290=DIRECTION('',(1.,0.,0.));
#6291=DIRECTION('center_axis',(0.,-1.,0.));
#6292=DIRECTION('ref_axis',(0.,0.,-1.));
#6293=DIRECTION('',(0.,-1.,0.));
#6294=DIRECTION('center_axis',(0.,1.,0.));
#6295=DIRECTION('ref_axis',(0.,0.,1.));
#6296=DIRECTION('center_axis',(0.,0.,1.));
#6297=DIRECTION('ref_axis',(1.,0.,0.));
#6298=DIRECTION('',(-1.,0.,0.));
#6299=DIRECTION('center_axis',(0.,1.,0.));
#6300=DIRECTION('ref_axis',(0.,0.,1.));
#6301=DIRECTION('center_axis',(0.,-1.,0.));
#6302=DIRECTION('ref_axis',(1.22464679914735E-16,0.,1.));
#6303=DIRECTION('',(0.,-1.,0.));
#6304=DIRECTION('center_axis',(0.,1.,0.));
#6305=DIRECTION('ref_axis',(0.,0.,1.));
#6306=DIRECTION('',(0.,-1.,0.));
#6307=DIRECTION('center_axis',(-1.,0.,0.));
#6308=DIRECTION('ref_axis',(0.,0.,1.));
#6309=DIRECTION('',(0.,0.,-1.));
#6310=DIRECTION('center_axis',(1.,0.,0.));
#6311=DIRECTION('ref_axis',(0.,0.,-1.));
#6312=DIRECTION('',(0.,0.,1.));
#6313=DIRECTION('center_axis',(0.,1.,0.));
#6314=DIRECTION('ref_axis',(0.,0.,1.));
#6315=DIRECTION('center_axis',(0.,-1.,0.));
#6316=DIRECTION('ref_axis',(0.,0.,-1.));
#6317=DIRECTION('',(0.,-1.,0.));
#6318=DIRECTION('center_axis',(0.,1.,0.));
#6319=DIRECTION('ref_axis',(0.,0.,1.));
#6320=DIRECTION('',(0.,-1.,0.));
#6321=DIRECTION('center_axis',(0.,0.,-1.));
#6322=DIRECTION('ref_axis',(-1.,0.,0.));
#6323=DIRECTION('',(0.,-1.,0.));
#6324=DIRECTION('',(1.,0.,0.));
#6325=DIRECTION('center_axis',(0.,-1.,0.));
#6326=DIRECTION('ref_axis',(0.,0.,-1.));
#6327=DIRECTION('',(0.,-1.,0.));
#6328=DIRECTION('center_axis',(0.,1.,0.));
#6329=DIRECTION('ref_axis',(0.,0.,1.));
#6330=DIRECTION('center_axis',(0.,0.,1.));
#6331=DIRECTION('ref_axis',(1.,0.,0.));
#6332=DIRECTION('',(-1.,0.,0.));
#6333=DIRECTION('center_axis',(0.,1.,0.));
#6334=DIRECTION('ref_axis',(0.,0.,1.));
#6335=DIRECTION('center_axis',(0.,1.,0.));
#6336=DIRECTION('ref_axis',(0.,0.,1.));
#6337=DIRECTION('center_axis',(0.,-1.,0.));
#6338=DIRECTION('ref_axis',(0.,0.,-1.));
#6339=DIRECTION('center_axis',(0.,1.,0.));
#6340=DIRECTION('ref_axis',(0.,0.,1.));
#6341=DIRECTION('center_axis',(0.,-1.,0.));
#6342=DIRECTION('ref_axis',(0.,0.,-1.));
#6343=DIRECTION('center_axis',(0.,1.,0.));
#6344=DIRECTION('ref_axis',(0.,0.,1.));
#6345=DIRECTION('center_axis',(0.,1.,0.));
#6346=DIRECTION('ref_axis',(0.,0.,1.));
#6347=DIRECTION('',(0.,0.,-1.));
#6348=DIRECTION('center_axis',(0.,1.,0.));
#6349=DIRECTION('ref_axis',(0.,0.,-1.));
#6350=DIRECTION('',(0.707106781186529,0.,-0.707106781186566));
#6351=DIRECTION('center_axis',(0.,1.,0.));
#6352=DIRECTION('ref_axis',(0.,0.,-1.));
#6353=DIRECTION('',(1.,0.,0.));
#6354=DIRECTION('center_axis',(0.,1.,0.));
#6355=DIRECTION('ref_axis',(0.,0.,-1.));
#6356=DIRECTION('',(0.707106781186543,0.,0.707106781186552));
#6357=DIRECTION('center_axis',(0.,1.,0.));
#6358=DIRECTION('ref_axis',(0.,0.,-1.));
#6359=DIRECTION('',(0.,0.,1.));
#6360=DIRECTION('center_axis',(0.,1.,0.));
#6361=DIRECTION('ref_axis',(0.,0.,1.));
#6362=DIRECTION('',(-0.707106781186543,0.,0.707106781186552));
#6363=DIRECTION('center_axis',(0.,1.,0.));
#6364=DIRECTION('ref_axis',(0.,0.,1.));
#6365=DIRECTION('',(-1.,0.,0.));
#6366=DIRECTION('center_axis',(0.,1.,0.));
#6367=DIRECTION('ref_axis',(0.,0.,1.));
#6368=DIRECTION('',(-0.707106781186543,0.,-0.707106781186552));
#6369=DIRECTION('',(0.707106781186544,0.,0.707106781186551));
#6370=DIRECTION('center_axis',(0.,1.,0.));
#6371=DIRECTION('ref_axis',(0.,0.,-1.));
#6372=DIRECTION('',(1.,0.,0.));
#6373=DIRECTION('center_axis',(0.,1.,0.));
#6374=DIRECTION('ref_axis',(0.,0.,-1.));
#6375=DIRECTION('',(0.707106781186543,0.,-0.707106781186552));
#6376=DIRECTION('center_axis',(0.,1.,0.));
#6377=DIRECTION('ref_axis',(0.,0.,-1.));
#6378=DIRECTION('',(3.4222532322253E-15,0.,-1.));
#6379=DIRECTION('center_axis',(0.,1.,0.));
#6380=DIRECTION('ref_axis',(0.,0.,1.));
#6381=DIRECTION('',(-0.707106781186549,0.,-0.707106781186546));
#6382=DIRECTION('center_axis',(0.,1.,0.));
#6383=DIRECTION('ref_axis',(0.,0.,1.));
#6384=DIRECTION('',(-1.,0.,1.29499574362426E-16));
#6385=DIRECTION('center_axis',(0.,1.,0.));
#6386=DIRECTION('ref_axis',(0.,0.,1.));
#6387=DIRECTION('',(-0.707106781186542,0.,0.707106781186553));
#6388=DIRECTION('center_axis',(0.,1.,0.));
#6389=DIRECTION('ref_axis',(0.,0.,1.));
#6390=DIRECTION('',(0.,0.,1.));
#6391=DIRECTION('center_axis',(0.,1.,0.));
#6392=DIRECTION('ref_axis',(0.,0.,-1.));
#6393=DIRECTION('center_axis',(0.,-1.,0.));
#6394=DIRECTION('ref_axis',(0.,0.,-1.));
#6395=DIRECTION('',(0.,-1.,0.));
#6396=DIRECTION('',(0.,-1.,0.));
#6397=DIRECTION('center_axis',(-0.707106781186552,0.,0.707106781186543));
#6398=DIRECTION('ref_axis',(0.707106781186543,0.,0.707106781186552));
#6399=DIRECTION('',(0.,-1.,0.));
#6400=DIRECTION('center_axis',(0.,-1.,0.));
#6401=DIRECTION('ref_axis',(0.,0.,-1.));
#6402=DIRECTION('',(0.,-1.,0.));
#6403=DIRECTION('center_axis',(0.,0.,1.));
#6404=DIRECTION('ref_axis',(1.,0.,0.));
#6405=DIRECTION('',(0.,-1.,0.));
#6406=DIRECTION('center_axis',(0.,-1.,0.));
#6407=DIRECTION('ref_axis',(0.,0.,-1.));
#6408=DIRECTION('',(0.,-1.,0.));
#6409=DIRECTION('center_axis',(0.707106781186552,0.,0.707106781186543));
#6410=DIRECTION('ref_axis',(0.707106781186543,0.,-0.707106781186552));
#6411=DIRECTION('',(0.,-1.,0.));
#6412=DIRECTION('center_axis',(0.,-1.,0.));
#6413=DIRECTION('ref_axis',(0.,0.,-1.));
#6414=DIRECTION('',(0.,-1.,0.));
#6415=DIRECTION('center_axis',(1.,0.,0.));
#6416=DIRECTION('ref_axis',(0.,0.,-1.));
#6417=DIRECTION('',(0.,-1.,0.));
#6418=DIRECTION('center_axis',(0.,-1.,0.));
#6419=DIRECTION('ref_axis',(0.,0.,-1.));
#6420=DIRECTION('',(0.,-1.,0.));
#6421=DIRECTION('center_axis',(0.707106781186552,0.,-0.707106781186543));
#6422=DIRECTION('ref_axis',(-0.707106781186543,0.,-0.707106781186552));
#6423=DIRECTION('',(0.,-1.,0.));
#6424=DIRECTION('center_axis',(0.,-1.,0.));
#6425=DIRECTION('ref_axis',(0.,0.,-1.));
#6426=DIRECTION('',(0.,-1.,0.));
#6427=DIRECTION('center_axis',(0.,0.,-1.));
#6428=DIRECTION('ref_axis',(-1.,0.,0.));
#6429=DIRECTION('',(0.,-1.,0.));
#6430=DIRECTION('center_axis',(0.,-1.,0.));
#6431=DIRECTION('ref_axis',(0.,0.,-1.));
#6432=DIRECTION('',(0.,-1.,0.));
#6433=DIRECTION('center_axis',(-0.707106781186566,0.,-0.707106781186529));
#6434=DIRECTION('ref_axis',(-0.707106781186529,0.,0.707106781186566));
#6435=DIRECTION('',(0.,-1.,0.));
#6436=DIRECTION('center_axis',(0.,-1.,0.));
#6437=DIRECTION('ref_axis',(0.,0.,-1.));
#6438=DIRECTION('',(0.,-1.,0.));
#6439=DIRECTION('center_axis',(-1.,0.,0.));
#6440=DIRECTION('ref_axis',(0.,0.,1.));
#6441=DIRECTION('center_axis',(0.,-1.,0.));
#6442=DIRECTION('ref_axis',(0.,0.,-1.));
#6443=DIRECTION('center_axis',(0.,1.,0.));
#6444=DIRECTION('ref_axis',(0.,0.,-1.));
#6445=DIRECTION('',(0.,-1.,0.));
#6446=DIRECTION('',(0.,-1.,0.));
#6447=DIRECTION('center_axis',(0.707106781186551,0.,-0.707106781186544));
#6448=DIRECTION('ref_axis',(-0.707106781186544,0.,-0.707106781186551));
#6449=DIRECTION('',(0.707106781186544,0.,0.707106781186551));
#6450=DIRECTION('',(0.,-1.,0.));
#6451=DIRECTION('center_axis',(0.,-1.,0.));
#6452=DIRECTION('ref_axis',(0.,0.,-1.));
#6453=DIRECTION('center_axis',(0.,1.,0.));
#6454=DIRECTION('ref_axis',(0.,0.,-1.));
#6455=DIRECTION('',(0.,-1.,0.));
#6456=DIRECTION('center_axis',(0.,0.,-1.));
#6457=DIRECTION('ref_axis',(-1.,0.,0.));
#6458=DIRECTION('',(1.,0.,0.));
#6459=DIRECTION('',(0.,-1.,0.));
#6460=DIRECTION('center_axis',(0.,-1.,0.));
#6461=DIRECTION('ref_axis',(0.,0.,-1.));
#6462=DIRECTION('center_axis',(0.,1.,0.));
#6463=DIRECTION('ref_axis',(0.,0.,-1.));
#6464=DIRECTION('',(0.,-1.,0.));
#6465=DIRECTION('center_axis',(-0.707106781186552,0.,-0.707106781186543));
#6466=DIRECTION('ref_axis',(-0.707106781186543,0.,0.707106781186552));
#6467=DIRECTION('',(0.707106781186543,0.,-0.707106781186552));
#6468=DIRECTION('',(0.,-1.,0.));
#6469=DIRECTION('center_axis',(0.,-1.,0.));
#6470=DIRECTION('ref_axis',(0.,0.,-1.));
#6471=DIRECTION('center_axis',(0.,1.,0.));
#6472=DIRECTION('ref_axis',(0.,0.,-1.));
#6473=DIRECTION('',(0.,-1.,0.));
#6474=DIRECTION('center_axis',(-1.,0.,-3.4222532322253E-15));
#6475=DIRECTION('ref_axis',(-3.4222532322253E-15,0.,1.));
#6476=DIRECTION('',(3.4222532322253E-15,0.,-1.));
#6477=DIRECTION('',(0.,-1.,0.));
#6478=DIRECTION('center_axis',(0.,-1.,0.));
#6479=DIRECTION('ref_axis',(0.,0.,-1.));
#6480=DIRECTION('center_axis',(0.,1.,0.));
#6481=DIRECTION('ref_axis',(0.,0.,1.));
#6482=DIRECTION('',(0.,-1.,0.));
#6483=DIRECTION('center_axis',(-0.707106781186546,0.,0.707106781186549));
#6484=DIRECTION('ref_axis',(0.707106781186549,0.,0.707106781186546));
#6485=DIRECTION('',(-0.707106781186549,0.,-0.707106781186546));
#6486=DIRECTION('',(0.,-1.,0.));
#6487=DIRECTION('center_axis',(0.,-1.,0.));
#6488=DIRECTION('ref_axis',(0.,0.,-1.));
#6489=DIRECTION('center_axis',(0.,1.,0.));
#6490=DIRECTION('ref_axis',(0.,0.,1.));
#6491=DIRECTION('',(0.,-1.,0.));
#6492=DIRECTION('center_axis',(1.29499574362426E-16,0.,1.));
#6493=DIRECTION('ref_axis',(1.,0.,-1.29499574362426E-16));
#6494=DIRECTION('',(-1.,0.,1.29499574362426E-16));
#6495=DIRECTION('',(0.,-1.,0.));
#6496=DIRECTION('center_axis',(0.,-1.,0.));
#6497=DIRECTION('ref_axis',(0.,0.,-1.));
#6498=DIRECTION('center_axis',(0.,1.,0.));
#6499=DIRECTION('ref_axis',(0.,0.,1.));
#6500=DIRECTION('',(0.,-1.,0.));
#6501=DIRECTION('center_axis',(0.707106781186553,0.,0.707106781186542));
#6502=DIRECTION('ref_axis',(0.707106781186542,0.,-0.707106781186553));
#6503=DIRECTION('',(-0.707106781186542,0.,0.707106781186553));
#6504=DIRECTION('',(0.,-1.,0.));
#6505=DIRECTION('center_axis',(0.,-1.,0.));
#6506=DIRECTION('ref_axis',(0.,0.,-1.));
#6507=DIRECTION('center_axis',(0.,1.,0.));
#6508=DIRECTION('ref_axis',(0.,0.,1.));
#6509=DIRECTION('',(0.,-1.,0.));
#6510=DIRECTION('center_axis',(1.,0.,0.));
#6511=DIRECTION('ref_axis',(0.,0.,-1.));
#6512=DIRECTION('',(0.,0.,1.));
#6513=DIRECTION('center_axis',(0.,1.,0.));
#6514=DIRECTION('ref_axis',(0.,0.,1.));
#6515=DIRECTION('axis',(0.,0.,1.));
#6516=DIRECTION('refdir',(1.,0.,0.));
#6517=DIRECTION('center_axis',(0.,0.,1.));
#6518=DIRECTION('ref_axis',(1.,0.,0.));
#6519=DIRECTION('center_axis',(1.42663558395699E-16,-0.044400537253948,
0.999013809860285));
#6520=DIRECTION('ref_axis',(0.,0.999013809860284,0.044400537253948));
#6521=DIRECTION('center_axis',(1.42663558395699E-16,-0.044400537253948,
0.999013809860285));
#6522=DIRECTION('ref_axis',(0.,0.999013809860284,0.044400537253948));
#6523=DIRECTION('',(0.,0.,1.));
#6524=DIRECTION('center_axis',(-9.51993020827154E-17,-0.00872653549837396,
-0.999961923064171));
#6525=DIRECTION('ref_axis',(0.,0.999961923064171,-0.00872653549837395));
#6526=DIRECTION('center_axis',(-9.51993020827154E-17,-0.00872653549837396,
-0.999961923064171));
#6527=DIRECTION('ref_axis',(0.,0.999961923064171,-0.00872653549837395));
#6528=DIRECTION('center_axis',(0.,0.,1.));
#6529=DIRECTION('ref_axis',(1.,0.,0.));
#6530=DIRECTION('center_axis',(1.42663558395699E-16,-0.044400537253948,
0.999013809860285));
#6531=DIRECTION('ref_axis',(0.,0.999013809860285,0.044400537253948));
#6532=DIRECTION('center_axis',(1.42663558395699E-16,-0.044400537253948,
0.999013809860285));
#6533=DIRECTION('ref_axis',(0.,0.999013809860285,0.044400537253948));
#6534=DIRECTION('',(0.,0.,1.));
#6535=DIRECTION('center_axis',(-9.51993020827154E-17,-0.00872653549837396,
-0.999961923064171));
#6536=DIRECTION('ref_axis',(0.,0.999961923064171,-0.00872653549837396));
#6537=DIRECTION('center_axis',(-9.51993020827154E-17,-0.00872653549837396,
-0.999961923064171));
#6538=DIRECTION('ref_axis',(0.,0.999961923064171,-0.00872653549837396));
#6539=DIRECTION('center_axis',(0.,0.,1.));
#6540=DIRECTION('ref_axis',(-1.,8.74191357972566E-16,0.));
#6541=DIRECTION('center_axis',(-9.51993020827154E-17,-0.00872653549837396,
-0.999961923064171));
#6542=DIRECTION('ref_axis',(-8.74158071444326E-16,-0.999961923064171,0.00872653549837396));
#6543=DIRECTION('',(0.,0.,1.));
#6544=DIRECTION('center_axis',(1.42663558395699E-16,-0.044400537253948,
0.999013809860285));
#6545=DIRECTION('ref_axis',(-8.73329239075109E-16,-0.999013809860285,-0.044400537253948));
#6546=DIRECTION('',(0.,0.,1.));
#6547=DIRECTION('center_axis',(-1.,0.,0.));
#6548=DIRECTION('ref_axis',(0.,-1.,0.));
#6549=DIRECTION('',(0.,0.999961923064171,-0.00872653549837396));
#6550=DIRECTION('',(0.,-0.999013809860285,-0.044400537253948));
#6551=DIRECTION('',(0.,0.,-1.));
#6552=DIRECTION('center_axis',(1.,7.77058984864502E-16,0.));
#6553=DIRECTION('ref_axis',(-7.77058984864502E-16,1.,0.));
#6554=DIRECTION('',(7.770293968394E-16,-0.999961923064171,0.00872653549837396));
#6555=DIRECTION('',(0.,0.,1.));
#6556=DIRECTION('',(-7.76292656955651E-16,0.999013809860285,0.044400537253948));
#6557=DIRECTION('',(0.,0.,1.));
#6558=DIRECTION('center_axis',(0.,0.,1.));
#6559=DIRECTION('ref_axis',(0.,-1.,0.));
#6560=DIRECTION('center_axis',(-9.51993020827154E-17,-0.00872653549837396,
-0.999961923064171));
#6561=DIRECTION('ref_axis',(0.,-0.999961923064171,0.00872653549837395));
#6562=DIRECTION('center_axis',(1.42663558395699E-16,-0.044400537253948,
0.999013809860285));
#6563=DIRECTION('ref_axis',(0.,-0.999013809860285,-0.044400537253948));
#6564=DIRECTION('',(0.,0.,1.));
#6565=DIRECTION('center_axis',(-8.74191357972564E-17,-1.,0.));
#6566=DIRECTION('ref_axis',(1.,-8.74191357972564E-17,0.));
#6567=DIRECTION('',(-1.,8.74191357972564E-17,9.4440031877977E-17));
#6568=DIRECTION('',(1.,-8.74191357972564E-17,-1.46689678906308E-16));
#6569=DIRECTION('center_axis',(1.,0.,0.));
#6570=DIRECTION('ref_axis',(0.,1.,0.));
#6571=DIRECTION('',(0.,-0.999961923064171,0.00872653549837396));
#6572=DIRECTION('',(0.,0.,1.));
#6573=DIRECTION('',(0.,0.999013809860285,0.044400537253948));
#6574=DIRECTION('',(0.,0.,1.));
#6575=DIRECTION('center_axis',(0.,0.,1.));
#6576=DIRECTION('ref_axis',(0.,-1.,0.));
#6577=DIRECTION('center_axis',(-9.51993020827154E-17,-0.00872653549837396,
-0.999961923064171));
#6578=DIRECTION('ref_axis',(0.,-0.999961923064171,0.00872653549837395));
#6579=DIRECTION('center_axis',(1.42663558395699E-16,-0.044400537253948,
0.999013809860285));
#6580=DIRECTION('ref_axis',(0.,-0.999013809860284,-0.044400537253948));
#6581=DIRECTION('',(0.,0.,1.));
#6582=DIRECTION('center_axis',(0.,-1.,0.));
#6583=DIRECTION('ref_axis',(1.,0.,0.));
#6584=DIRECTION('',(-1.,0.,9.5202927118462E-17));
#6585=DIRECTION('',(1.,0.,-1.42804390677693E-16));
#6586=DIRECTION('',(0.,0.,1.));
#6587=DIRECTION('center_axis',(0.,0.,1.));
#6588=DIRECTION('ref_axis',(-1.,-4.37095678986277E-16,0.));
#6589=DIRECTION('center_axis',(-9.51993020827154E-17,-0.00872653549837396,
-0.999961923064171));
#6590=DIRECTION('ref_axis',(4.37079035722157E-16,-0.999961923064171,0.00872653549837396));
#6591=DIRECTION('center_axis',(1.42663558395699E-16,-0.044400537253948,
0.999013809860285));
#6592=DIRECTION('ref_axis',(4.36664619537548E-16,-0.999013809860285,-0.044400537253948));
#6593=DIRECTION('',(0.,0.,1.));
#6594=DIRECTION('center_axis',(-1.,2.33117685539634E-15,0.));
#6595=DIRECTION('ref_axis',(-2.33117685539634E-15,-1.,0.));
#6596=DIRECTION('',(2.33108809132481E-15,0.999961923064171,-0.00872653549837396));
#6597=DIRECTION('',(-2.32887787176762E-15,-0.999013809860285,-0.044400537253948));
#6598=DIRECTION('',(0.,0.,1.));
#6599=DIRECTION('center_axis',(0.,0.,1.));
#6600=DIRECTION('ref_axis',(-2.09805925913415E-14,1.,0.));
#6601=DIRECTION('center_axis',(-9.51993020827154E-17,-0.00872653549837396,
-0.999961923064171));
#6602=DIRECTION('ref_axis',(-2.09797937146638E-14,0.999961923064171,-0.00872653549837395));
#6603=DIRECTION('center_axis',(1.42663558395699E-16,-0.044400537253948,
0.999013809860285));
#6604=DIRECTION('ref_axis',(-2.09599017378026E-14,0.999013809860285,0.044400537253948));
#6605=DIRECTION('',(0.,0.,1.));
#6606=DIRECTION('center_axis',(1.45698559662093E-16,1.,0.));
#6607=DIRECTION('ref_axis',(-1.,1.45698559662093E-16,0.));
#6608=DIRECTION('',(1.,-1.45698559662093E-16,-9.39314350509869E-17));
#6609=DIRECTION('',(-1.,1.45698559662093E-16,1.49279871058718E-16));
#6610=DIRECTION('',(0.,0.,1.));
#6611=DIRECTION('center_axis',(0.,0.,1.));
#6612=DIRECTION('ref_axis',(1.,-8.74191357972572E-16,0.));
#6613=DIRECTION('center_axis',(-9.51993020827154E-17,-0.00872653549837396,
-0.999961923064171));
#6614=DIRECTION('ref_axis',(8.74158071444332E-16,0.999961923064171,-0.00872653549837396));
#6615=DIRECTION('center_axis',(1.42663558395699E-16,-0.044400537253948,
0.999013809860285));
#6616=DIRECTION('ref_axis',(8.73329239075115E-16,0.999013809860285,0.044400537253948));
#6617=DIRECTION('center_axis',(0.,1.,0.));
#6618=DIRECTION('ref_axis',(0.,0.,1.));
#6619=DIRECTION('',(-1.,0.,1.42804390677693E-16));
#6620=DIRECTION('center_axis',(0.,1.,0.));
#6621=DIRECTION('ref_axis',(0.,0.,1.));
#6622=DIRECTION('',(0.,0.,1.));
#6623=DIRECTION('center_axis',(0.,1.,0.));
#6624=DIRECTION('ref_axis',(0.,0.,1.));
#6625=DIRECTION('',(1.,0.,1.42804390677693E-16));
#6626=DIRECTION('center_axis',(0.,1.,0.));
#6627=DIRECTION('ref_axis',(0.,0.,1.));
#6628=DIRECTION('',(0.,0.,-1.));
#6629=DIRECTION('center_axis',(0.,1.,0.));
#6630=DIRECTION('ref_axis',(0.,0.,1.));
#6631=DIRECTION('',(-1.,0.,1.42804390677693E-16));
#6632=DIRECTION('',(-1.,0.,9.52029271184621E-17));
#6633=DIRECTION('center_axis',(0.,1.,0.));
#6634=DIRECTION('ref_axis',(0.,0.,1.));
#6635=DIRECTION('',(0.,0.,-1.));
#6636=DIRECTION('center_axis',(0.,1.,0.));
#6637=DIRECTION('ref_axis',(0.,0.,1.));
#6638=DIRECTION('',(1.,0.,1.42804390677693E-16));
#6639=DIRECTION('center_axis',(0.,1.,0.));
#6640=DIRECTION('ref_axis',(0.,0.,1.));
#6641=DIRECTION('',(0.,0.,1.));
#6642=DIRECTION('center_axis',(0.,1.,0.));
#6643=DIRECTION('ref_axis',(0.,0.,1.));
#6644=DIRECTION('',(-1.,0.,9.52029271184621E-17));
#6645=DIRECTION('center_axis',(-1.42663558395699E-16,0.044400537253948,
-0.999013809860285));
#6646=DIRECTION('ref_axis',(-7.70371977754895E-34,0.999013809860285,0.044400537253948));
#6647=DIRECTION('',(0.,0.999013809860284,0.044400537253948));
#6648=DIRECTION('',(-1.,1.86568946132979E-33,1.42804390677693E-16));
#6649=DIRECTION('',(6.34059166831225E-18,0.999013809860284,0.044400537253948));
#6650=DIRECTION('center_axis',(-1.,0.,0.));
#6651=DIRECTION('ref_axis',(0.,0.,1.));
#6652=DIRECTION('center_axis',(0.,-1.,0.));
#6653=DIRECTION('ref_axis',(0.,0.,1.));
#6654=DIRECTION('center_axis',(1.,0.,0.));
#6655=DIRECTION('ref_axis',(0.,0.,-1.));
#6656=DIRECTION('center_axis',(0.,1.,0.));
#6657=DIRECTION('ref_axis',(0.,0.,-1.));
#6658=DIRECTION('center_axis',(-1.,0.,0.));
#6659=DIRECTION('ref_axis',(0.,0.,1.));
#6660=DIRECTION('center_axis',(0.,1.,0.));
#6661=DIRECTION('ref_axis',(0.,0.,1.));
#6662=DIRECTION('center_axis',(1.,0.,0.));
#6663=DIRECTION('ref_axis',(0.,0.,-1.));
#6664=DIRECTION('center_axis',(0.,-1.,0.));
#6665=DIRECTION('ref_axis',(0.,0.,-1.));
#6666=DIRECTION('center_axis',(6.12323399573678E-17,0.,-1.));
#6667=DIRECTION('ref_axis',(1.,0.,0.));
#6668=DIRECTION('center_axis',(-6.12303176911189E-17,1.,0.));
#6669=DIRECTION('ref_axis',(-1.,-6.12303176911189E-17,0.));
#6670=DIRECTION('center_axis',(6.12323399573677E-17,0.,1.));
#6671=DIRECTION('ref_axis',(1.,0.,0.));
#6672=DIRECTION('center_axis',(0.,1.,0.));
#6673=DIRECTION('ref_axis',(0.,0.,1.));
#6674=DIRECTION('center_axis',(0.,1.,-1.22402088464924E-16));
#6675=DIRECTION('ref_axis',(0.,-1.22402088464924E-16,-1.));
#6676=DIRECTION('center_axis',(0.,1.,-1.22402088464924E-16));
#6677=DIRECTION('ref_axis',(0.,-1.22402088464924E-16,-1.));
#6678=DIRECTION('center_axis',(0.,1.,-1.22402088464924E-16));
#6679=DIRECTION('ref_axis',(0.,-1.22402088464924E-16,-1.));
#6680=DIRECTION('',(0.,1.,-1.22402088464924E-16));
#6681=DIRECTION('center_axis',(0.,1.,-1.22402088464924E-16));
#6682=DIRECTION('ref_axis',(0.,-1.22402088464924E-16,-1.));
#6683=DIRECTION('center_axis',(0.,1.,-1.22402088464924E-16));
#6684=DIRECTION('ref_axis',(0.,-1.22402088464924E-16,-1.));
#6685=DIRECTION('center_axis',(0.,1.,-1.22402088464924E-16));
#6686=DIRECTION('ref_axis',(0.,-1.22402088464924E-16,-1.));
#6687=DIRECTION('center_axis',(0.,1.,-1.22402088464924E-16));
#6688=DIRECTION('ref_axis',(0.,-1.22402088464924E-16,-1.));
#6689=DIRECTION('center_axis',(0.,1.,-1.22402088464924E-16));
#6690=DIRECTION('ref_axis',(0.,-1.22402088464924E-16,-1.));
#6691=DIRECTION('',(0.,1.,-1.22402088464924E-16));
#6692=DIRECTION('center_axis',(0.,1.,-1.22402088464924E-16));
#6693=DIRECTION('ref_axis',(0.,-1.22402088464924E-16,-1.));
#6694=DIRECTION('center_axis',(0.,1.,-1.22402088464924E-16));
#6695=DIRECTION('ref_axis',(0.,-1.22402088464924E-16,-1.));
#6696=DIRECTION('center_axis',(0.,1.,-1.22402088464924E-16));
#6697=DIRECTION('ref_axis',(0.,-1.22402088464923E-16,-1.));
#6698=DIRECTION('center_axis',(0.,1.,-1.22402088464924E-16));
#6699=DIRECTION('ref_axis',(0.,-1.22402088464923E-16,-1.));
#6700=DIRECTION('center_axis',(0.,1.,-1.22402088464924E-16));
#6701=DIRECTION('ref_axis',(0.,-1.22402088464923E-16,-1.));
#6702=DIRECTION('',(0.,1.,-1.22402088464924E-16));
#6703=DIRECTION('center_axis',(0.,1.,-1.22402088464924E-16));
#6704=DIRECTION('ref_axis',(0.,-1.22402088464924E-16,-1.));
#6705=DIRECTION('center_axis',(0.,1.,-1.22402088464924E-16));
#6706=DIRECTION('ref_axis',(0.,-1.22402088464924E-16,-1.));
#6707=DIRECTION('center_axis',(0.,1.,1.22402088464924E-16));
#6708=DIRECTION('ref_axis',(0.,-1.22402088464924E-16,1.));
#6709=DIRECTION('center_axis',(0.,-1.,-1.22402088464924E-16));
#6710=DIRECTION('ref_axis',(0.,-1.22402088464924E-16,1.));
#6711=DIRECTION('',(0.,1.,1.22402088464924E-16));
#6712=DIRECTION('center_axis',(0.,-1.,-1.22402088464924E-16));
#6713=DIRECTION('ref_axis',(0.,-1.22402088464924E-16,1.));
#6714=DIRECTION('center_axis',(0.,-1.,-1.22402088464924E-16));
#6715=DIRECTION('ref_axis',(0.,-1.22402088464924E-16,1.));
#6716=DIRECTION('center_axis',(0.,-1.,-1.22402088464924E-16));
#6717=DIRECTION('ref_axis',(0.,-1.22402088464924E-16,1.));
#6718=DIRECTION('center_axis',(0.,1.,1.22402088464924E-16));
#6719=DIRECTION('ref_axis',(0.,-1.22402088464924E-16,1.));
#6720=DIRECTION('center_axis',(0.,-1.,-1.22402088464924E-16));
#6721=DIRECTION('ref_axis',(0.,-1.22402088464924E-16,1.));
#6722=DIRECTION('',(0.,1.,1.22402088464924E-16));
#6723=DIRECTION('center_axis',(0.,-1.,-1.22402088464924E-16));
#6724=DIRECTION('ref_axis',(0.,-1.22402088464924E-16,1.));
#6725=DIRECTION('center_axis',(0.,-1.,-1.22402088464924E-16));
#6726=DIRECTION('ref_axis',(0.,-1.22402088464924E-16,1.));
#6727=DIRECTION('center_axis',(0.,-1.,-1.22402088464924E-16));
#6728=DIRECTION('ref_axis',(0.,-1.22402088464924E-16,1.));
#6729=DIRECTION('center_axis',(0.,1.,1.22402088464924E-16));
#6730=DIRECTION('ref_axis',(0.,-1.22402088464923E-16,1.));
#6731=DIRECTION('center_axis',(0.,-1.,-1.22402088464924E-16));
#6732=DIRECTION('ref_axis',(0.,-1.22402088464923E-16,1.));
#6733=DIRECTION('',(0.,1.,1.22402088464924E-16));
#6734=DIRECTION('center_axis',(0.,-1.,-1.22402088464924E-16));
#6735=DIRECTION('ref_axis',(0.,-1.22402088464924E-16,1.));
#6736=DIRECTION('center_axis',(0.,-1.,-1.22402088464924E-16));
#6737=DIRECTION('ref_axis',(0.,-1.22402088464924E-16,1.));
#6738=DIRECTION('center_axis',(0.,-1.,-1.22402088464924E-16));
#6739=DIRECTION('ref_axis',(0.,-1.22402088464923E-16,1.));
#6740=DIRECTION('center_axis',(0.,1.,-1.22402088464924E-16));
#6741=DIRECTION('ref_axis',(0.,-1.22402088464924E-16,-1.));
#6742=DIRECTION('center_axis',(0.,-1.,1.22402088464924E-16));
#6743=DIRECTION('ref_axis',(0.,-1.22402088464924E-16,-1.));
#6744=DIRECTION('',(0.,1.,-1.22402088464924E-16));
#6745=DIRECTION('center_axis',(0.,-1.,1.22402088464924E-16));
#6746=DIRECTION('ref_axis',(0.,-1.22402088464924E-16,-1.));
#6747=DIRECTION('center_axis',(0.,-1.,1.22402088464924E-16));
#6748=DIRECTION('ref_axis',(0.,-1.22402088464924E-16,-1.));
#6749=DIRECTION('center_axis',(0.,-1.,1.22402088464924E-16));
#6750=DIRECTION('ref_axis',(0.,-1.22402088464924E-16,-1.));
#6751=DIRECTION('center_axis',(0.,1.,-1.22402088464924E-16));
#6752=DIRECTION('ref_axis',(0.,-1.22402088464924E-16,-1.));
#6753=DIRECTION('center_axis',(0.,-1.,1.22402088464924E-16));
#6754=DIRECTION('ref_axis',(0.,-1.22402088464924E-16,-1.));
#6755=DIRECTION('',(0.,1.,-1.22402088464924E-16));
#6756=DIRECTION('center_axis',(0.,-1.,1.22402088464924E-16));
#6757=DIRECTION('ref_axis',(0.,-1.22402088464924E-16,-1.));
#6758=DIRECTION('center_axis',(0.,-1.,1.22402088464924E-16));
#6759=DIRECTION('ref_axis',(0.,-1.22402088464924E-16,-1.));
#6760=DIRECTION('center_axis',(0.,-1.,1.22402088464924E-16));
#6761=DIRECTION('ref_axis',(0.,-1.22402088464924E-16,-1.));
#6762=DIRECTION('center_axis',(0.,1.,-1.22402088464924E-16));
#6763=DIRECTION('ref_axis',(0.,-1.22402088464923E-16,-1.));
#6764=DIRECTION('center_axis',(0.,-1.,1.22402088464924E-16));
#6765=DIRECTION('ref_axis',(0.,-1.22402088464923E-16,-1.));
#6766=DIRECTION('',(0.,1.,-1.22402088464924E-16));
#6767=DIRECTION('center_axis',(0.,-1.,1.22402088464924E-16));
#6768=DIRECTION('ref_axis',(0.,-1.22402088464924E-16,-1.));
#6769=DIRECTION('center_axis',(0.,-1.,1.22402088464924E-16));
#6770=DIRECTION('ref_axis',(0.,-1.22402088464924E-16,-1.));
#6771=DIRECTION('center_axis',(0.,-1.,1.22402088464924E-16));
#6772=DIRECTION('ref_axis',(0.,-1.22402088464923E-16,-1.));
#6773=DIRECTION('center_axis',(0.,1.,1.22402088464924E-16));
#6774=DIRECTION('ref_axis',(0.,-1.22402088464924E-16,1.));
#6775=DIRECTION('center_axis',(0.,1.,1.22402088464924E-16));
#6776=DIRECTION('ref_axis',(0.,-1.22402088464924E-16,1.));
#6777=DIRECTION('center_axis',(0.,1.,1.22402088464924E-16));
#6778=DIRECTION('ref_axis',(0.,-1.22402088464924E-16,1.));
#6779=DIRECTION('',(0.,1.,1.22402088464924E-16));
#6780=DIRECTION('center_axis',(0.,1.,1.22402088464924E-16));
#6781=DIRECTION('ref_axis',(0.,-1.22402088464924E-16,1.));
#6782=DIRECTION('center_axis',(0.,1.,1.22402088464924E-16));
#6783=DIRECTION('ref_axis',(0.,-1.22402088464924E-16,1.));
#6784=DIRECTION('center_axis',(0.,1.,1.22402088464924E-16));
#6785=DIRECTION('ref_axis',(0.,-1.22402088464924E-16,1.));
#6786=DIRECTION('center_axis',(0.,1.,1.22402088464924E-16));
#6787=DIRECTION('ref_axis',(0.,-1.22402088464924E-16,1.));
#6788=DIRECTION('center_axis',(0.,1.,1.22402088464924E-16));
#6789=DIRECTION('ref_axis',(0.,-1.22402088464924E-16,1.));
#6790=DIRECTION('',(0.,1.,1.22402088464924E-16));
#6791=DIRECTION('center_axis',(0.,1.,1.22402088464924E-16));
#6792=DIRECTION('ref_axis',(0.,-1.22402088464924E-16,1.));
#6793=DIRECTION('center_axis',(0.,1.,1.22402088464924E-16));
#6794=DIRECTION('ref_axis',(0.,-1.22402088464924E-16,1.));
#6795=DIRECTION('center_axis',(0.,1.,1.22402088464924E-16));
#6796=DIRECTION('ref_axis',(0.,-1.22402088464923E-16,1.));
#6797=DIRECTION('center_axis',(0.,1.,1.22402088464924E-16));
#6798=DIRECTION('ref_axis',(0.,-1.22402088464923E-16,1.));
#6799=DIRECTION('center_axis',(0.,1.,1.22402088464924E-16));
#6800=DIRECTION('ref_axis',(0.,-1.22402088464923E-16,1.));
#6801=DIRECTION('',(0.,1.,1.22402088464924E-16));
#6802=DIRECTION('center_axis',(0.,1.,1.22402088464924E-16));
#6803=DIRECTION('ref_axis',(0.,-1.22402088464924E-16,1.));
#6804=DIRECTION('center_axis',(0.,1.,1.22402088464924E-16));
#6805=DIRECTION('ref_axis',(0.,-1.22402088464924E-16,1.));
#6806=DIRECTION('center_axis',(0.,1.,0.));
#6807=DIRECTION('ref_axis',(0.,0.,-1.));
#6808=DIRECTION('center_axis',(0.,-1.,0.));
#6809=DIRECTION('ref_axis',(0.,0.,1.));
#6810=DIRECTION('',(2.1373033680838E-18,0.999847695156391,0.0174524064372835));
#6811=DIRECTION('center_axis',(0.,1.,0.));
#6812=DIRECTION('ref_axis',(0.,0.,-1.));
#6813=DIRECTION('center_axis',(0.,1.,0.));
#6814=DIRECTION('ref_axis',(0.,0.,-1.));
#6815=DIRECTION('center_axis',(0.,-1.,0.));
#6816=DIRECTION('ref_axis',(0.,0.,1.));
#6817=DIRECTION('center_axis',(0.,1.,0.));
#6818=DIRECTION('ref_axis',(0.,0.,1.));
#6819=DIRECTION('center_axis',(0.,-1.,0.));
#6820=DIRECTION('ref_axis',(0.,0.,1.));
#6821=DIRECTION('',(-2.1373033680838E-18,0.999847695156391,-0.0174524064372835));
#6822=DIRECTION('center_axis',(0.,1.,0.));
#6823=DIRECTION('ref_axis',(0.,0.,1.));
#6824=DIRECTION('center_axis',(0.,1.,0.));
#6825=DIRECTION('ref_axis',(0.,0.,1.));
#6826=DIRECTION('center_axis',(0.,-1.,0.));
#6827=DIRECTION('ref_axis',(0.,0.,1.));
#6828=DIRECTION('center_axis',(0.,1.,0.));
#6829=DIRECTION('ref_axis',(0.,0.,-1.));
#6830=DIRECTION('center_axis',(0.,-1.,0.));
#6831=DIRECTION('ref_axis',(0.,0.,1.));
#6832=DIRECTION('',(2.1373033680838E-18,0.999847695156391,0.0174524064372835));
#6833=DIRECTION('center_axis',(0.,1.,0.));
#6834=DIRECTION('ref_axis',(0.,0.,-1.));
#6835=DIRECTION('center_axis',(0.,1.,0.));
#6836=DIRECTION('ref_axis',(0.,0.,-1.));
#6837=DIRECTION('center_axis',(0.,-1.,0.));
#6838=DIRECTION('ref_axis',(0.,0.,1.));
#6839=DIRECTION('center_axis',(0.,1.,0.));
#6840=DIRECTION('ref_axis',(0.,0.,1.));
#6841=DIRECTION('center_axis',(0.,-1.,0.));
#6842=DIRECTION('ref_axis',(0.,0.,1.));
#6843=DIRECTION('',(-2.1373033680838E-18,0.999847695156391,-0.0174524064372835));
#6844=DIRECTION('center_axis',(0.,1.,0.));
#6845=DIRECTION('ref_axis',(0.,0.,1.));
#6846=DIRECTION('center_axis',(0.,1.,0.));
#6847=DIRECTION('ref_axis',(0.,0.,1.));
#6848=DIRECTION('center_axis',(0.,-1.,0.));
#6849=DIRECTION('ref_axis',(0.,0.,1.));
#6850=DIRECTION('center_axis',(0.,-1.,0.));
#6851=DIRECTION('ref_axis',(0.,0.,-1.));
#6852=DIRECTION('center_axis',(0.,1.,0.));
#6853=DIRECTION('ref_axis',(0.,0.,1.));
#6854=DIRECTION('',(2.1373033680838E-18,0.999847695156391,-0.0174524064372835));
#6855=DIRECTION('center_axis',(0.,1.,0.));
#6856=DIRECTION('ref_axis',(0.,0.,-1.));
#6857=DIRECTION('center_axis',(0.,1.,0.));
#6858=DIRECTION('ref_axis',(0.,0.,-1.));
#6859=DIRECTION('center_axis',(0.,1.,0.));
#6860=DIRECTION('ref_axis',(0.,0.,1.));
#6861=DIRECTION('center_axis',(0.,-1.,0.));
#6862=DIRECTION('ref_axis',(0.,0.,1.));
#6863=DIRECTION('center_axis',(0.,1.,0.));
#6864=DIRECTION('ref_axis',(0.,0.,1.));
#6865=DIRECTION('',(-2.1373033680838E-18,0.999847695156391,0.0174524064372835));
#6866=DIRECTION('center_axis',(0.,1.,0.));
#6867=DIRECTION('ref_axis',(0.,0.,1.));
#6868=DIRECTION('center_axis',(0.,1.,0.));
#6869=DIRECTION('ref_axis',(0.,0.,1.));
#6870=DIRECTION('center_axis',(0.,1.,0.));
#6871=DIRECTION('ref_axis',(0.,0.,1.));
#6872=DIRECTION('center_axis',(0.,-1.,0.));
#6873=DIRECTION('ref_axis',(0.,0.,-1.));
#6874=DIRECTION('center_axis',(0.,1.,0.));
#6875=DIRECTION('ref_axis',(0.,0.,1.));
#6876=DIRECTION('',(2.1373033680838E-18,0.999847695156391,-0.0174524064372835));
#6877=DIRECTION('center_axis',(0.,1.,0.));
#6878=DIRECTION('ref_axis',(0.,0.,-1.));
#6879=DIRECTION('center_axis',(0.,1.,0.));
#6880=DIRECTION('ref_axis',(0.,0.,-1.));
#6881=DIRECTION('center_axis',(0.,1.,0.));
#6882=DIRECTION('ref_axis',(0.,0.,1.));
#6883=DIRECTION('center_axis',(0.,-1.,0.));
#6884=DIRECTION('ref_axis',(0.,0.,1.));
#6885=DIRECTION('center_axis',(0.,1.,0.));
#6886=DIRECTION('ref_axis',(0.,0.,1.));
#6887=DIRECTION('',(-2.1373033680838E-18,0.999847695156391,0.0174524064372835));
#6888=DIRECTION('center_axis',(0.,1.,0.));
#6889=DIRECTION('ref_axis',(0.,0.,1.));
#6890=DIRECTION('center_axis',(0.,1.,0.));
#6891=DIRECTION('ref_axis',(0.,0.,1.));
#6892=DIRECTION('center_axis',(0.,1.,0.));
#6893=DIRECTION('ref_axis',(0.,0.,1.));
#6894=DIRECTION('center_axis',(0.,-1.,0.));
#6895=DIRECTION('ref_axis',(0.,0.,-1.));
#6896=DIRECTION('center_axis',(0.,1.,0.));
#6897=DIRECTION('ref_axis',(0.,0.,1.));
#6898=DIRECTION('center_axis',(0.710244858494548,0.026176948307873,-0.703467844580935));
#6899=DIRECTION('ref_axis',(-0.0185984161751431,0.999657324975557,0.0184209537888034));
#6900=DIRECTION('center_axis',(0.,-1.,0.));
#6901=DIRECTION('ref_axis',(1.0471202844393E-14,0.,1.));
#6902=DIRECTION('center_axis',(0.710244858494326,-0.0261769483078706,-0.703467844581159));
#6903=DIRECTION('ref_axis',(0.0185984161524731,0.999657324975557,-0.0184209538116885));
#6904=DIRECTION('center_axis',(0.,1.,0.));
#6905=DIRECTION('ref_axis',(0.,0.,1.));
#6906=DIRECTION('center_axis',(0.,1.,0.));
#6907=DIRECTION('ref_axis',(0.,0.,1.));
#6908=DIRECTION('',(2.1373033680838E-18,0.999847695156391,-0.0174524064372835));
#6909=DIRECTION('center_axis',(0.,1.,0.));
#6910=DIRECTION('ref_axis',(0.,0.,-1.));
#6911=DIRECTION('center_axis',(0.,1.,0.));
#6912=DIRECTION('ref_axis',(0.,0.,-1.));
#6913=DIRECTION('center_axis',(0.,1.,0.));
#6914=DIRECTION('ref_axis',(0.,0.,1.));
#6915=DIRECTION('center_axis',(0.,-1.,0.));
#6916=DIRECTION('ref_axis',(0.,0.,1.));
#6917=DIRECTION('center_axis',(0.,1.,0.));
#6918=DIRECTION('ref_axis',(0.,0.,1.));
#6919=DIRECTION('center_axis',(0.,1.,0.));
#6920=DIRECTION('ref_axis',(0.,0.,1.));
#6921=DIRECTION('center_axis',(0.710244858494815,0.0261769483078777,0.703467844580665));
#6922=DIRECTION('ref_axis',(0.0185984161795459,-0.999657324975557,0.0184209537843648));
#6923=DIRECTION('center_axis',(0.,-1.,0.));
#6924=DIRECTION('ref_axis',(0.,0.,1.));
#6925=DIRECTION('center_axis',(-0.710244858494008,0.0261769483078815,-0.70346784458148));
#6926=DIRECTION('ref_axis',(0.0185984161771545,0.999657324975557,0.0184209537867847));
#6927=DIRECTION('center_axis',(0.,1.,0.));
#6928=DIRECTION('ref_axis',(0.,0.,1.));
#6929=DIRECTION('',(-2.1373033680838E-18,0.999847695156391,0.0174524064372835));
#6930=DIRECTION('center_axis',(0.,1.,0.));
#6931=DIRECTION('ref_axis',(0.,0.,1.));
#6932=DIRECTION('center_axis',(0.,1.,0.));
#6933=DIRECTION('ref_axis',(0.,0.,1.));
#6934=DIRECTION('center_axis',(0.,-1.,0.));
#6935=DIRECTION('ref_axis',(0.,0.,-1.));
#6936=DIRECTION('center_axis',(0.,1.,0.));
#6937=DIRECTION('ref_axis',(0.,0.,1.));
#6938=DIRECTION('',(2.1373033680838E-18,0.999847695156391,-0.0174524064372835));
#6939=DIRECTION('center_axis',(0.,1.,0.));
#6940=DIRECTION('ref_axis',(0.,0.,-1.));
#6941=DIRECTION('center_axis',(0.,1.,0.));
#6942=DIRECTION('ref_axis',(0.,0.,-1.));
#6943=DIRECTION('center_axis',(0.,1.,0.));
#6944=DIRECTION('ref_axis',(0.,0.,1.));
#6945=DIRECTION('center_axis',(-0.710244858494548,0.026176948307873,0.703467844580935));
#6946=DIRECTION('ref_axis',(-0.0185984161751431,-0.999657324975557,0.0184209537888034));
#6947=DIRECTION('center_axis',(0.,-1.,0.));
#6948=DIRECTION('ref_axis',(6.980801896262E-15,0.,1.));
#6949=DIRECTION('center_axis',(-0.710244858494326,-0.0261769483078706,0.703467844581159));
#6950=DIRECTION('ref_axis',(0.0185984161524731,-0.999657324975557,-0.0184209538116885));
#6951=DIRECTION('center_axis',(0.,1.,0.));
#6952=DIRECTION('ref_axis',(0.,0.,1.));
#6953=DIRECTION('center_axis',(0.,-1.,0.));
#6954=DIRECTION('ref_axis',(0.,0.,1.));
#6955=DIRECTION('center_axis',(0.,1.,0.));
#6956=DIRECTION('ref_axis',(0.,0.,1.));
#6957=DIRECTION('',(-2.1373033680838E-18,0.999847695156391,0.0174524064372835));
#6958=DIRECTION('center_axis',(0.,1.,0.));
#6959=DIRECTION('ref_axis',(0.,0.,1.));
#6960=DIRECTION('center_axis',(0.,1.,0.));
#6961=DIRECTION('ref_axis',(0.,0.,1.));
#6962=DIRECTION('center_axis',(0.,1.,0.));
#6963=DIRECTION('ref_axis',(0.,0.,1.));
#6964=DIRECTION('center_axis',(0.,1.,0.));
#6965=DIRECTION('ref_axis',(0.,0.,1.));
#6966=DIRECTION('center_axis',(-0.710244858494478,0.0261769483078726,-0.703467844581005));
#6967=DIRECTION('ref_axis',(0.0185984161296945,0.999657324975557,0.0184209538346893));
#6968=DIRECTION('center_axis',(0.,-1.,0.));
#6969=DIRECTION('ref_axis',(3.490400948131E-15,0.,1.));
#6970=DIRECTION('center_axis',(0.7102448584949,0.026176948307868,0.703467844580579));
#6971=DIRECTION('ref_axis',(0.0185984161822467,-0.999657324975557,0.0184209537816243));
#6972=DIRECTION('center_axis',(0.,1.,0.));
#6973=DIRECTION('ref_axis',(0.,0.,1.));
#6974=DIRECTION('center_axis',(-1.,0.,-1.42804390677693E-16));
#6975=DIRECTION('ref_axis',(-1.42804390677693E-16,0.,1.));
#6976=DIRECTION('center_axis',(-1.,0.,0.));
#6977=DIRECTION('ref_axis',(0.,0.,1.));
#6978=DIRECTION('',(1.,-1.86568946132979E-33,1.42804390677693E-16));
#6979=DIRECTION('center_axis',(-1.,0.,0.));
#6980=DIRECTION('ref_axis',(0.,0.,1.));
#6981=DIRECTION('',(-1.,0.,-1.42804390677693E-16));
#6982=DIRECTION('center_axis',(0.,0.,-1.));
#6983=DIRECTION('ref_axis',(-1.,0.,0.));
#6984=DIRECTION('center_axis',(-3.88528822861501E-16,-8.74191357972564E-15,
1.));
#6985=DIRECTION('ref_axis',(0.,-1.,-8.74191357972564E-15));
#6986=DIRECTION('',(0.,0.,1.));
#6987=DIRECTION('center_axis',(0.,0.,1.));
#6988=DIRECTION('ref_axis',(1.,0.,0.));
#6989=DIRECTION('',(0.,0.,-1.));
#6990=DIRECTION('center_axis',(0.,0.,1.));
#6991=DIRECTION('ref_axis',(1.,0.,0.));
#6992=DIRECTION('center_axis',(8.75054327922475E-15,0.,1.));
#6993=DIRECTION('ref_axis',(1.,0.,-8.75054327922475E-15));
#6994=DIRECTION('',(0.,0.,-1.));
#6995=DIRECTION('center_axis',(0.,0.,1.));
#6996=DIRECTION('ref_axis',(1.,0.,0.));
#6997=DIRECTION('',(0.,0.,1.));
#6998=DIRECTION('center_axis',(1.,0.,-1.42804390677693E-16));
#6999=DIRECTION('ref_axis',(-1.42804390677693E-16,0.,-1.));
#7000=DIRECTION('center_axis',(-1.,0.,0.));
#7001=DIRECTION('ref_axis',(0.,0.,1.));
#7002=DIRECTION('center_axis',(-1.,0.,0.));
#7003=DIRECTION('ref_axis',(0.,0.,1.));
#7004=DIRECTION('',(1.,0.,-1.42804390677693E-16));
#7005=DIRECTION('center_axis',(-9.51993020827154E-17,-0.00872653549837396,
-0.999961923064171));
#7006=DIRECTION('ref_axis',(-1.92592994438724E-34,0.999961923064171,-0.00872653549837396));
#7007=DIRECTION('',(-8.30791723048367E-19,0.999961923064171,-0.00872653549837395));
#7008=DIRECTION('',(-0.0454510766174358,0.998928528238238,-0.00871751719835237));
#7009=DIRECTION('',(1.,1.92592994438724E-34,-9.52029271184621E-17));
#7010=DIRECTION('',(0.0454510766174358,0.998928528238238,-0.00871751719835239));
#7011=DIRECTION('',(0.,0.999961923064171,-0.00872653549837395));
#7012=DIRECTION('center_axis',(0.,1.,0.));
#7013=DIRECTION('ref_axis',(0.,0.,1.));
#7014=DIRECTION('',(-1.,0.,9.52029271184621E-17));
#7015=DIRECTION('',(0.703708988075645,0.,0.710488325098697));
#7016=DIRECTION('center_axis',(1.,0.,-9.5202927118462E-17));
#7017=DIRECTION('ref_axis',(-9.5202927118462E-17,0.,-1.));
#7018=DIRECTION('center_axis',(0.710244858494519,0.0261769483078542,-0.703467844580965));
#7019=DIRECTION('ref_axis',(0.70395471515013,-0.0264108507925019,0.709753637523835));
#7020=DIRECTION('',(-1.,0.,9.52029271184621E-17));
#7021=DIRECTION('',(-1.,0.,9.52029271184621E-17));
#7022=DIRECTION('center_axis',(0.710244858494529,-0.0261769483078747,0.703467844580954));
#7023=DIRECTION('ref_axis',(0.70395471515012,0.0264108507921077,-0.70975363752386));
#7024=DIRECTION('center_axis',(0.,1.,0.));
#7025=DIRECTION('ref_axis',(0.,0.,1.));
#7026=DIRECTION('',(0.,0.,-1.));
#7027=DIRECTION('',(-0.703708988075645,0.,0.710488325098697));
#7028=DIRECTION('center_axis',(0.999961923064171,-0.00872653549837396,0.));
#7029=DIRECTION('ref_axis',(0.00872653549837396,0.999961923064171,0.));
#7030=DIRECTION('',(0.00871730925301966,0.998904700063261,-0.0459718251858061));
#7031=DIRECTION('',(0.,0.,1.));
#7032=DIRECTION('',(0.00871730925301966,0.998904700063261,0.0459718251858061));
#7033=DIRECTION('',(0.00872653549837395,0.999961923064171,0.));
#7034=DIRECTION('',(0.00872653549837395,0.999961923064171,0.));
#7035=DIRECTION('center_axis',(0.,0.,1.));
#7036=DIRECTION('ref_axis',(1.,0.,0.));
#7037=DIRECTION('center_axis',(0.710244858494534,0.0261769483078474,0.70346784458095));
#7038=DIRECTION('ref_axis',(0.702990541859346,0.0259095815417731,-0.710727086609644));
#7039=DIRECTION('',(0.,0.,-1.));
#7040=DIRECTION('',(0.,0.,-1.));
#7041=DIRECTION('center_axis',(-0.710244858494526,-0.0261769483078709,0.703467844580957));
#7042=DIRECTION('ref_axis',(0.702990541859372,0.0259095815412727,0.710727086609637));
#7043=DIRECTION('center_axis',(0.,1.,0.));
#7044=DIRECTION('ref_axis',(0.,0.,1.));
#7045=DIRECTION('',(1.,0.,1.42804390677693E-16));
#7046=DIRECTION('',(-0.703708988075645,0.,-0.710488325098697));
#7047=DIRECTION('center_axis',(-1.42798953124073E-16,-0.00872653549837396,
0.999961923064171));
#7048=DIRECTION('ref_axis',(1.92592994438724E-34,-0.999961923064171,-0.00872653549837396));
#7049=DIRECTION('',(-1.,-4.30258751644251E-34,-1.42804390677693E-16));
#7050=DIRECTION('',(-0.0454510766174352,0.998928528238238,0.00871751719835237));
#7051=DIRECTION('',(0.,0.999961923064171,0.00872653549837395));
#7052=DIRECTION('',(-1.24618758457255E-18,0.999961923064171,0.00872653549837395));
#7053=DIRECTION('',(0.0454510766174358,0.998928528238238,0.00871751719835239));
#7054=DIRECTION('center_axis',(-1.,0.,-1.42804390677693E-16));
#7055=DIRECTION('ref_axis',(-1.42804390677693E-16,0.,1.));
#7056=DIRECTION('',(1.,0.,1.42804390677693E-16));
#7057=DIRECTION('',(1.,0.,1.42804390677693E-16));
#7058=DIRECTION('center_axis',(-0.710244858494535,-0.0261769483078806,-0.703467844580947));
#7059=DIRECTION('ref_axis',(0.703954715150113,-0.0264108507931836,-0.709753637523826));
#7060=DIRECTION('center_axis',(-0.710244858494533,0.0261769483078954,0.703467844580949));
#7061=DIRECTION('ref_axis',(0.703954715150116,0.0264108507925973,0.709753637523845));
#7062=DIRECTION('center_axis',(0.,1.,0.));
#7063=DIRECTION('ref_axis',(0.,0.,1.));
#7064=DIRECTION('',(0.,0.,1.));
#7065=DIRECTION('',(0.703708988075637,0.,-0.710488325098705));
#7066=DIRECTION('center_axis',(-0.999961923064171,-0.00872653549837396,
0.));
#7067=DIRECTION('ref_axis',(0.00872653549837396,-0.999961923064171,0.));
#7068=DIRECTION('',(0.,0.,-1.));
#7069=DIRECTION('',(-0.00871730925301966,0.998904700063261,-0.0459718251858061));
#7070=DIRECTION('',(-0.00872653549837395,0.999961923064171,0.));
#7071=DIRECTION('',(-0.00872653549837395,0.999961923064171,0.));
#7072=DIRECTION('',(-0.00871730925301966,0.998904700063261,0.0459718251858068));
#7073=DIRECTION('center_axis',(0.,0.,-1.));
#7074=DIRECTION('ref_axis',(-1.,0.,0.));
#7075=DIRECTION('',(0.,0.,1.));
#7076=DIRECTION('center_axis',(0.710244858494527,-0.0261769483078709,-0.703467844580957));
#7077=DIRECTION('ref_axis',(0.702990541859388,-0.0259095815408342,0.710727086609637));
#7078=DIRECTION('center_axis',(-0.710244858494529,0.0261769483078856,-0.703467844580954));
#7079=DIRECTION('ref_axis',(0.702990541859391,-0.0259095815406744,-0.71072708660964));
#7080=DIRECTION('',(0.,0.,1.));
#7081=DIRECTION('center_axis',(0.,1.,0.));
#7082=DIRECTION('ref_axis',(0.,0.,1.));
#7083=DIRECTION('center_axis',(0.,-1.,0.));
#7084=DIRECTION('ref_axis',(0.,0.,1.));
#7085=DIRECTION('center_axis',(0.,-1.,0.));
#7086=DIRECTION('ref_axis',(0.,0.,1.));
#7087=DIRECTION('center_axis',(0.,-1.,0.));
#7088=DIRECTION('ref_axis',(0.,0.,1.));
#7089=DIRECTION('center_axis',(0.,-1.,0.));
#7090=DIRECTION('ref_axis',(0.,0.,1.));
#7091=DIRECTION('center_axis',(0.,1.,0.));
#7092=DIRECTION('ref_axis',(0.,0.,1.));
#7093=DIRECTION('center_axis',(0.,1.,0.));
#7094=DIRECTION('ref_axis',(0.,0.,1.));
#7095=DIRECTION('',(0.703708988075637,0.,-0.710488325098705));
#7096=DIRECTION('center_axis',(0.,1.,0.));
#7097=DIRECTION('ref_axis',(0.,0.,1.));
#7098=DIRECTION('',(-0.703708988075645,0.,-0.710488325098697));
#7099=DIRECTION('center_axis',(0.,1.,0.));
#7100=DIRECTION('ref_axis',(0.,0.,1.));
#7101=DIRECTION('',(-0.703708988075645,0.,0.710488325098697));
#7102=DIRECTION('center_axis',(0.,-1.,0.));
#7103=DIRECTION('ref_axis',(0.,0.,1.));
#7104=DIRECTION('center_axis',(0.,1.,0.));
#7105=DIRECTION('ref_axis',(0.,0.,-1.));
#7106=DIRECTION('',(0.,0.999013809860284,-0.044400537253948));
#7107=DIRECTION('',(0.044400537253948,0.999013809860284,0.));
#7108=DIRECTION('center_axis',(-0.999013809860285,0.044400537253948,0.));
#7109=DIRECTION('ref_axis',(-0.044400537253948,-0.999013809860285,0.));
#7110=DIRECTION('',(0.044400537253948,0.999013809860284,0.));
#7111=DIRECTION('center_axis',(0.,-1.,0.));
#7112=DIRECTION('ref_axis',(0.,0.,1.));
#7113=DIRECTION('center_axis',(0.,1.,0.));
#7114=DIRECTION('ref_axis',(0.,0.,-1.));
#7115=DIRECTION('center_axis',(0.,-1.,0.));
#7116=DIRECTION('ref_axis',(0.,0.,1.));
#7117=DIRECTION('center_axis',(0.,1.,0.));
#7118=DIRECTION('ref_axis',(0.,0.,-1.));
#7119=DIRECTION('',(-0.044400537253948,0.999013809860284,0.));
#7120=DIRECTION('center_axis',(0.999013809860285,0.044400537253948,0.));
#7121=DIRECTION('ref_axis',(-0.044400537253948,0.999013809860285,0.));
#7122=DIRECTION('',(-0.044400537253948,0.999013809860284,0.));
#7123=DIRECTION('center_axis',(0.,-1.,0.));
#7124=DIRECTION('ref_axis',(0.,0.,1.));
#7125=DIRECTION('center_axis',(0.,1.,0.));
#7126=DIRECTION('ref_axis',(0.,0.,-1.));
#7127=DIRECTION('',(6.34059166831225E-18,0.999013809860284,-0.044400537253948));
#7128=DIRECTION('center_axis',(-1.42663558395699E-16,0.044400537253948,
0.999013809860285));
#7129=DIRECTION('ref_axis',(7.70371977754895E-34,-0.999013809860285,0.044400537253948));
#7130=DIRECTION('center_axis',(0.,1.,0.));
#7131=DIRECTION('ref_axis',(0.,0.,1.));
#7132=DIRECTION('center_axis',(-0.710244858494606,-0.0261769483078762,-0.703467844580876));
#7133=DIRECTION('ref_axis',(-0.0185984161599754,0.999657324975557,-0.0184209538041217));
#7134=DIRECTION('center_axis',(0.,-1.,0.));
#7135=DIRECTION('ref_axis',(0.,0.,1.));
#7136=DIRECTION('center_axis',(-0.710244858494216,0.0261769483078857,-0.70346784458127));
#7137=DIRECTION('ref_axis',(0.0185984161638433,0.999657324975557,0.01842095380023));
#7138=DIRECTION('center_axis',(0.,1.,0.));
#7139=DIRECTION('ref_axis',(0.,0.,1.));
#7140=DIRECTION('center_axis',(0.710244858494614,-0.0261769483078699,-0.703467844580869));
#7141=DIRECTION('ref_axis',(0.0185984161562655,0.999657324975557,-0.0184209538078585));
#7142=DIRECTION('center_axis',(0.,-1.,0.));
#7143=DIRECTION('ref_axis',(0.,0.,1.));
#7144=DIRECTION('center_axis',(0.710244858494637,0.0261769483078767,-0.703467844580845));
#7145=DIRECTION('ref_axis',(-0.0185984161600252,0.999657324975557,0.0184209538040723));
#7146=DIRECTION('center_axis',(0.,1.,0.));
#7147=DIRECTION('ref_axis',(0.,0.,1.));
#7148=DIRECTION('center_axis',(0.71024485849465,-0.0261769483078779,0.703467844580832));
#7149=DIRECTION('ref_axis',(-0.0185984161593395,-0.999657324975557,-0.0184209538047662));
#7150=DIRECTION('center_axis',(0.,-1.,0.));
#7151=DIRECTION('ref_axis',(-1.3365077163704E-14,0.,1.));
#7152=DIRECTION('center_axis',(0.710244858494397,0.026176948307879,0.703467844581087));
#7153=DIRECTION('ref_axis',(0.0185984161564,-0.999657324975557,0.0184209538077355));
#7154=DIRECTION('center_axis',(0.,1.,0.));
#7155=DIRECTION('ref_axis',(0.,0.,1.));
#7156=DIRECTION('center_axis',(-0.710244858494525,-0.0261769483078734,0.703467844580958));
#7157=DIRECTION('ref_axis',(0.0185984161628749,-0.999657324975557,-0.0184209538011904));
#7158=DIRECTION('center_axis',(0.,-1.,0.));
#7159=DIRECTION('ref_axis',(0.,0.,1.));
#7160=DIRECTION('center_axis',(-0.710244858494767,0.0261769483078827,0.703467844580713));
#7161=DIRECTION('ref_axis',(-0.0185984161570103,-0.999657324975557,0.0184209538071247));
#7162=DIRECTION('center_axis',(0.,1.,0.));
#7163=DIRECTION('ref_axis',(0.,0.,1.));
#7164=DIRECTION('',(0.703708988075645,0.,0.710488325098697));
#7165=DIRECTION('center_axis',(0.,1.,0.));
#7166=DIRECTION('ref_axis',(0.,0.,1.));
#7167=DIRECTION('center_axis',(0.,-1.,0.));
#7168=DIRECTION('ref_axis',(0.,0.,-1.));
#7169=DIRECTION('center_axis',(0.,1.,0.));
#7170=DIRECTION('ref_axis',(0.,0.,1.));
#7171=DIRECTION('center_axis',(0.,-1.,0.));
#7172=DIRECTION('ref_axis',(0.,0.,-1.));
#7173=DIRECTION('center_axis',(0.,1.,0.));
#7174=DIRECTION('ref_axis',(0.,0.,1.));
#7175=DIRECTION('center_axis',(0.,-1.,0.));
#7176=DIRECTION('ref_axis',(0.,0.,-1.));
#7177=DIRECTION('center_axis',(0.,1.,0.));
#7178=DIRECTION('ref_axis',(0.,0.,1.));
#7179=DIRECTION('center_axis',(0.,-1.,0.));
#7180=DIRECTION('ref_axis',(0.,0.,-1.));
#7181=DIRECTION('center_axis',(0.,1.,0.));
#7182=DIRECTION('ref_axis',(0.,0.,1.));
#7183=DIRECTION('center_axis',(0.,1.,0.));
#7184=DIRECTION('ref_axis',(0.,0.,1.));
#7185=DIRECTION('center_axis',(0.,1.,0.));
#7186=DIRECTION('ref_axis',(0.,0.,1.));
#7187=DIRECTION('center_axis',(0.,1.,0.));
#7188=DIRECTION('ref_axis',(0.,0.,1.));
#7189=DIRECTION('center_axis',(0.,-1.,-1.22402088464924E-16));
#7190=DIRECTION('ref_axis',(0.,1.22402088464924E-16,-1.));
#7191=DIRECTION('center_axis',(0.,-1.,-1.22402088464924E-16));
#7192=DIRECTION('ref_axis',(0.,1.22402088464924E-16,-1.));
#7193=DIRECTION('center_axis',(0.,-1.,-1.22402088464924E-16));
#7194=DIRECTION('ref_axis',(0.,1.22402088464924E-16,-1.));
#7195=DIRECTION('center_axis',(0.,-1.,1.22402088464924E-16));
#7196=DIRECTION('ref_axis',(0.,1.22402088464924E-16,1.));
#7197=DIRECTION('center_axis',(0.,-1.,1.22402088464924E-16));
#7198=DIRECTION('ref_axis',(0.,1.22402088464924E-16,1.));
#7199=DIRECTION('center_axis',(0.,-1.,1.22402088464924E-16));
#7200=DIRECTION('ref_axis',(0.,1.22402088464924E-16,1.));
#7201=DIRECTION('center_axis',(0.,-1.,-1.22402088464924E-16));
#7202=DIRECTION('ref_axis',(0.,1.22402088464924E-16,-1.));
#7203=DIRECTION('center_axis',(0.,-1.,-1.22402088464924E-16));
#7204=DIRECTION('ref_axis',(0.,1.22402088464924E-16,-1.));
#7205=DIRECTION('center_axis',(0.,-1.,-1.22402088464924E-16));
#7206=DIRECTION('ref_axis',(0.,1.22402088464924E-16,-1.));
#7207=DIRECTION('center_axis',(0.,-1.,1.22402088464924E-16));
#7208=DIRECTION('ref_axis',(0.,1.22402088464924E-16,1.));
#7209=DIRECTION('center_axis',(0.,-1.,1.22402088464924E-16));
#7210=DIRECTION('ref_axis',(0.,1.22402088464924E-16,1.));
#7211=DIRECTION('center_axis',(0.,-1.,1.22402088464924E-16));
#7212=DIRECTION('ref_axis',(0.,1.22402088464924E-16,1.));
#7213=DIRECTION('center_axis',(0.,1.,0.));
#7214=DIRECTION('ref_axis',(-0.703708988075637,0.,0.710488325098705));
#7215=DIRECTION('',(0.703708988075637,0.,-0.710488325098705));
#7216=DIRECTION('',(-0.703708988075637,0.,0.710488325098705));
#7217=DIRECTION('center_axis',(-0.710244858494535,-0.0261769483078732,-0.703467844580948));
#7218=DIRECTION('ref_axis',(-0.703708988075637,0.,0.710488325098705));
#7219=DIRECTION('center_axis',(0.710244858494535,-0.0261769483078732,0.703467844580948));
#7220=DIRECTION('ref_axis',(0.703708988075637,0.,-0.710488325098705));
#7221=DIRECTION('center_axis',(0.,1.,0.));
#7222=DIRECTION('ref_axis',(0.703708988075645,0.,0.710488325098697));
#7223=DIRECTION('',(-0.703708988075645,0.,-0.710488325098697));
#7224=DIRECTION('',(0.703708988075645,0.,0.710488325098697));
#7225=DIRECTION('center_axis',(-0.710244858494527,-0.0261769483078732,0.703467844580956));
#7226=DIRECTION('ref_axis',(0.703708988075645,0.,0.710488325098697));
#7227=DIRECTION('center_axis',(0.710244858494527,-0.0261769483078732,-0.703467844580956));
#7228=DIRECTION('ref_axis',(-0.703708988075645,0.,-0.710488325098697));
#7229=DIRECTION('center_axis',(0.,1.,0.));
#7230=DIRECTION('ref_axis',(0.703708988075645,0.,-0.710488325098697));
#7231=DIRECTION('',(-0.703708988075645,0.,0.710488325098697));
#7232=DIRECTION('',(0.703708988075645,0.,-0.710488325098697));
#7233=DIRECTION('center_axis',(0.710244858494527,-0.0261769483078732,0.703467844580956));
#7234=DIRECTION('ref_axis',(0.703708988075645,0.,-0.710488325098697));
#7235=DIRECTION('center_axis',(-0.710244858494527,-0.0261769483078732,-0.703467844580956));
#7236=DIRECTION('ref_axis',(-0.703708988075645,0.,0.710488325098697));
#7237=DIRECTION('center_axis',(0.710244858494527,-0.0261769483078732,-0.703467844580956));
#7238=DIRECTION('ref_axis',(-0.703708988075645,0.,-0.710488325098697));
#7239=DIRECTION('',(-0.703708988075645,0.,-0.710488325098697));
#7240=DIRECTION('center_axis',(0.,1.,0.));
#7241=DIRECTION('ref_axis',(-0.703708988075645,0.,-0.710488325098697));
#7242=DIRECTION('',(-0.703708988075645,0.,-0.710488325098697));
#7243=DIRECTION('center_axis',(-0.710244858494527,-0.0261769483078732,0.703467844580956));
#7244=DIRECTION('ref_axis',(0.703708988075645,0.,0.710488325098697));
#7245=DIRECTION('center_axis',(0.,1.,1.22402088464924E-16));
#7246=DIRECTION('ref_axis',(0.,-1.22402088464923E-16,1.));
#7247=DIRECTION('center_axis',(0.,1.,1.22402088464924E-16));
#7248=DIRECTION('ref_axis',(0.,-1.22402088464923E-16,1.));
#7249=DIRECTION('center_axis',(0.,1.,1.22402088464924E-16));
#7250=DIRECTION('ref_axis',(0.,-1.22402088464923E-16,1.));
#7251=DIRECTION('',(-8.65956056235494E-17,0.707106781186547,-0.707106781186548));
#7252=DIRECTION('center_axis',(0.,1.,1.22402088464924E-16));
#7253=DIRECTION('ref_axis',(0.,-1.22402088464923E-16,1.));
#7254=DIRECTION('center_axis',(0.,1.,1.22402088464924E-16));
#7255=DIRECTION('ref_axis',(0.,-1.22402088464923E-16,1.));
#7256=DIRECTION('center_axis',(0.,1.,1.22402088464924E-16));
#7257=DIRECTION('ref_axis',(0.,-1.22402088464923E-16,1.));
#7258=DIRECTION('center_axis',(0.,1.,1.22402088464924E-16));
#7259=DIRECTION('ref_axis',(0.,-1.22402088464923E-16,1.));
#7260=DIRECTION('center_axis',(0.,1.,1.22402088464924E-16));
#7261=DIRECTION('ref_axis',(0.,-1.22402088464923E-16,1.));
#7262=DIRECTION('',(0.,1.,1.22402088464924E-16));
#7263=DIRECTION('center_axis',(0.,1.,1.22402088464924E-16));
#7264=DIRECTION('ref_axis',(0.,-1.22402088464924E-16,1.));
#7265=DIRECTION('center_axis',(0.,1.,1.22402088464924E-16));
#7266=DIRECTION('ref_axis',(0.,-1.22402088464923E-16,1.));
#7267=DIRECTION('center_axis',(0.,1.,1.22402088464924E-16));
#7268=DIRECTION('ref_axis',(0.,-1.22402088464923E-16,1.));
#7269=DIRECTION('',(8.65956056235492E-17,-0.707106781186549,0.707106781186546));
#7270=DIRECTION('center_axis',(0.,1.,1.22402088464924E-16));
#7271=DIRECTION('ref_axis',(0.,-1.22402088464924E-16,1.));
#7272=DIRECTION('center_axis',(0.,1.,1.22402088464924E-16));
#7273=DIRECTION('ref_axis',(0.,-1.22402088464924E-16,1.));
#7274=DIRECTION('center_axis',(0.,1.,1.22402088464924E-16));
#7275=DIRECTION('ref_axis',(0.,-1.22402088464923E-16,1.));
#7276=DIRECTION('center_axis',(0.,1.,1.22402088464924E-16));
#7277=DIRECTION('ref_axis',(0.,-1.22402088464923E-16,1.));
#7278=DIRECTION('center_axis',(0.,1.,1.22402088464924E-16));
#7279=DIRECTION('ref_axis',(0.,-1.22402088464923E-16,1.));
#7280=DIRECTION('',(0.,-1.,-1.22402088464924E-16));
#7281=DIRECTION('center_axis',(0.,1.,1.22402088464924E-16));
#7282=DIRECTION('ref_axis',(0.,-1.22402088464924E-16,1.));
#7283=DIRECTION('center_axis',(0.,1.,1.22402088464924E-16));
#7284=DIRECTION('ref_axis',(0.,-1.22402088464924E-16,1.));
#7285=DIRECTION('center_axis',(0.,1.,1.22402088464924E-16));
#7286=DIRECTION('ref_axis',(0.,-1.22402088464924E-16,1.));
#7287=DIRECTION('',(0.,-1.,-1.22402088464924E-16));
#7288=DIRECTION('center_axis',(0.,1.,1.22402088464924E-16));
#7289=DIRECTION('ref_axis',(0.,-1.22402088464924E-16,1.));
#7290=DIRECTION('center_axis',(0.,1.,1.22402088464924E-16));
#7291=DIRECTION('ref_axis',(0.,-1.22402088464924E-16,1.));
#7292=DIRECTION('center_axis',(0.,1.,1.22402088464924E-16));
#7293=DIRECTION('ref_axis',(0.,-1.22402088464923E-16,1.));
#7294=DIRECTION('center_axis',(0.,1.,1.22402088464924E-16));
#7295=DIRECTION('ref_axis',(0.,-1.22402088464923E-16,1.));
#7296=DIRECTION('center_axis',(0.,1.,1.22402088464924E-16));
#7297=DIRECTION('ref_axis',(0.,-1.22402088464923E-16,1.));
#7298=DIRECTION('',(0.,-1.,-1.22402088464924E-16));
#7299=DIRECTION('center_axis',(0.,1.,1.22402088464924E-16));
#7300=DIRECTION('ref_axis',(0.,-1.22402088464923E-16,1.));
#7301=DIRECTION('center_axis',(0.,1.,1.22402088464924E-16));
#7302=DIRECTION('ref_axis',(0.,-1.22402088464923E-16,1.));
#7303=DIRECTION('center_axis',(0.,1.,1.22402088464924E-16));
#7304=DIRECTION('ref_axis',(0.,-1.22402088464923E-16,1.));
#7305=DIRECTION('center_axis',(0.,1.,1.22402088464924E-16));
#7306=DIRECTION('ref_axis',(0.,-1.22402088464923E-16,1.));
#7307=DIRECTION('center_axis',(0.,1.,1.22402088464924E-16));
#7308=DIRECTION('ref_axis',(0.,-1.22402088464923E-16,1.));
#7309=DIRECTION('',(0.,-1.,-1.22402088464924E-16));
#7310=DIRECTION('center_axis',(0.,1.,1.22402088464924E-16));
#7311=DIRECTION('ref_axis',(0.,-1.22402088464923E-16,1.));
#7312=DIRECTION('center_axis',(0.,1.,1.22402088464924E-16));
#7313=DIRECTION('ref_axis',(0.,-1.22402088464923E-16,1.));
#7314=DIRECTION('center_axis',(0.,-1.,-1.22402088464924E-16));
#7315=DIRECTION('ref_axis',(0.,1.22402088464923E-16,-1.));
#7316=DIRECTION('',(8.65956056235495E-17,0.707106781186546,-0.707106781186549));
#7317=DIRECTION('center_axis',(0.,1.,1.22402088464924E-16));
#7318=DIRECTION('ref_axis',(0.,-1.22402088464923E-16,1.));
#7319=DIRECTION('center_axis',(0.,1.,1.22402088464924E-16));
#7320=DIRECTION('ref_axis',(0.,-1.22402088464923E-16,1.));
#7321=DIRECTION('center_axis',(0.,-1.,-1.22402088464924E-16));
#7322=DIRECTION('ref_axis',(-1.22402088464924E-16,1.22402088464924E-16,
-1.));
#7323=DIRECTION('center_axis',(0.,1.,1.22402088464924E-16));
#7324=DIRECTION('ref_axis',(1.22402088464924E-16,-1.22402088464924E-16,
1.));
#7325=DIRECTION('center_axis',(0.,-1.,-1.22402088464924E-16));
#7326=DIRECTION('ref_axis',(-1.22402088464924E-16,1.22402088464924E-16,
-1.));
#7327=DIRECTION('center_axis',(0.,1.,1.22402088464924E-16));
#7328=DIRECTION('ref_axis',(1.22402088464924E-16,-1.22402088464924E-16,
1.));
#7329=DIRECTION('center_axis',(0.,1.,1.22402088464924E-16));
#7330=DIRECTION('ref_axis',(1.22402088464924E-16,-1.22402088464924E-16,
1.));
#7331=DIRECTION('center_axis',(0.,1.,-1.22402088464924E-16));
#7332=DIRECTION('ref_axis',(0.,-1.22402088464923E-16,-1.));
#7333=DIRECTION('center_axis',(0.,-1.,1.22402088464924E-16));
#7334=DIRECTION('ref_axis',(0.,-1.22402088464923E-16,-1.));
#7335=DIRECTION('',(8.65956056235494E-17,0.707106781186547,0.707106781186548));
#7336=DIRECTION('center_axis',(0.,-1.,1.22402088464924E-16));
#7337=DIRECTION('ref_axis',(0.,-1.22402088464923E-16,-1.));
#7338=DIRECTION('center_axis',(0.,-1.,1.22402088464924E-16));
#7339=DIRECTION('ref_axis',(0.,-1.22402088464923E-16,-1.));
#7340=DIRECTION('center_axis',(0.,-1.,1.22402088464924E-16));
#7341=DIRECTION('ref_axis',(0.,-1.22402088464923E-16,-1.));
#7342=DIRECTION('center_axis',(0.,1.,-1.22402088464924E-16));
#7343=DIRECTION('ref_axis',(0.,-1.22402088464923E-16,-1.));
#7344=DIRECTION('center_axis',(0.,-1.,1.22402088464924E-16));
#7345=DIRECTION('ref_axis',(0.,-1.22402088464923E-16,-1.));
#7346=DIRECTION('',(0.,1.,-1.22402088464924E-16));
#7347=DIRECTION('center_axis',(0.,-1.,1.22402088464924E-16));
#7348=DIRECTION('ref_axis',(0.,-1.22402088464923E-16,-1.));
#7349=DIRECTION('center_axis',(0.,1.,-1.22402088464924E-16));
#7350=DIRECTION('ref_axis',(0.,-1.22402088464924E-16,-1.));
#7351=DIRECTION('center_axis',(0.,-1.,1.22402088464924E-16));
#7352=DIRECTION('ref_axis',(0.,-1.22402088464923E-16,-1.));
#7353=DIRECTION('',(-8.65956056235492E-17,-0.707106781186549,-0.707106781186546));
#7354=DIRECTION('center_axis',(0.,-1.,1.22402088464924E-16));
#7355=DIRECTION('ref_axis',(0.,-1.22402088464924E-16,-1.));
#7356=DIRECTION('center_axis',(0.,-1.,1.22402088464924E-16));
#7357=DIRECTION('ref_axis',(0.,-1.22402088464924E-16,-1.));
#7358=DIRECTION('center_axis',(0.,-1.,1.22402088464924E-16));
#7359=DIRECTION('ref_axis',(0.,-1.22402088464923E-16,-1.));
#7360=DIRECTION('center_axis',(0.,1.,-1.22402088464924E-16));
#7361=DIRECTION('ref_axis',(0.,-1.22402088464923E-16,-1.));
#7362=DIRECTION('center_axis',(0.,-1.,1.22402088464924E-16));
#7363=DIRECTION('ref_axis',(0.,-1.22402088464923E-16,-1.));
#7364=DIRECTION('',(0.,-1.,1.22402088464924E-16));
#7365=DIRECTION('center_axis',(0.,-1.,1.22402088464924E-16));
#7366=DIRECTION('ref_axis',(0.,-1.22402088464923E-16,-1.));
#7367=DIRECTION('center_axis',(0.,1.,-1.22402088464924E-16));
#7368=DIRECTION('ref_axis',(0.,-1.22402088464924E-16,-1.));
#7369=DIRECTION('center_axis',(0.,-1.,1.22402088464924E-16));
#7370=DIRECTION('ref_axis',(0.,-1.22402088464924E-16,-1.));
#7371=DIRECTION('',(0.,-1.,1.22402088464924E-16));
#7372=DIRECTION('center_axis',(0.,-1.,1.22402088464924E-16));
#7373=DIRECTION('ref_axis',(0.,-1.22402088464924E-16,-1.));
#7374=DIRECTION('center_axis',(0.,-1.,1.22402088464924E-16));
#7375=DIRECTION('ref_axis',(0.,-1.22402088464924E-16,-1.));
#7376=DIRECTION('center_axis',(0.,-1.,1.22402088464924E-16));
#7377=DIRECTION('ref_axis',(0.,-1.22402088464924E-16,-1.));
#7378=DIRECTION('center_axis',(0.,1.,-1.22402088464924E-16));
#7379=DIRECTION('ref_axis',(0.,-1.22402088464923E-16,-1.));
#7380=DIRECTION('center_axis',(0.,-1.,1.22402088464924E-16));
#7381=DIRECTION('ref_axis',(0.,-1.22402088464923E-16,-1.));
#7382=DIRECTION('',(0.,-1.,1.22402088464924E-16));
#7383=DIRECTION('center_axis',(0.,-1.,1.22402088464924E-16));
#7384=DIRECTION('ref_axis',(0.,-1.22402088464923E-16,-1.));
#7385=DIRECTION('center_axis',(0.,-1.,1.22402088464924E-16));
#7386=DIRECTION('ref_axis',(0.,-1.22402088464923E-16,-1.));
#7387=DIRECTION('center_axis',(0.,-1.,1.22402088464924E-16));
#7388=DIRECTION('ref_axis',(0.,-1.22402088464923E-16,-1.));
#7389=DIRECTION('center_axis',(0.,1.,-1.22402088464924E-16));
#7390=DIRECTION('ref_axis',(0.,-1.22402088464923E-16,-1.));
#7391=DIRECTION('center_axis',(0.,-1.,1.22402088464924E-16));
#7392=DIRECTION('ref_axis',(0.,-1.22402088464923E-16,-1.));
#7393=DIRECTION('',(0.,-1.,1.22402088464924E-16));
#7394=DIRECTION('center_axis',(0.,-1.,1.22402088464924E-16));
#7395=DIRECTION('ref_axis',(0.,-1.22402088464923E-16,-1.));
#7396=DIRECTION('center_axis',(0.,-1.,1.22402088464924E-16));
#7397=DIRECTION('ref_axis',(0.,-1.22402088464923E-16,-1.));
#7398=DIRECTION('center_axis',(0.,-1.,1.22402088464924E-16));
#7399=DIRECTION('ref_axis',(0.,-1.22402088464923E-16,-1.));
#7400=DIRECTION('center_axis',(0.,-1.,1.22402088464924E-16));
#7401=DIRECTION('ref_axis',(0.,1.22402088464923E-16,1.));
#7402=DIRECTION('',(-8.65956056235495E-17,0.707106781186546,0.707106781186549));
#7403=DIRECTION('center_axis',(0.,-1.,1.22402088464924E-16));
#7404=DIRECTION('ref_axis',(0.,-1.22402088464923E-16,-1.));
#7405=DIRECTION('center_axis',(0.,-1.,1.22402088464924E-16));
#7406=DIRECTION('ref_axis',(0.,-1.22402088464923E-16,-1.));
#7407=DIRECTION('center_axis',(0.,-1.,1.22402088464924E-16));
#7408=DIRECTION('ref_axis',(-1.22402088464924E-16,1.22402088464924E-16,
1.));
#7409=DIRECTION('center_axis',(0.,1.,-1.22402088464924E-16));
#7410=DIRECTION('ref_axis',(1.22402088464924E-16,-1.22402088464924E-16,
-1.));
#7411=DIRECTION('center_axis',(0.,-1.,1.22402088464924E-16));
#7412=DIRECTION('ref_axis',(-1.22402088464924E-16,1.22402088464924E-16,
1.));
#7413=DIRECTION('center_axis',(0.,1.,-1.22402088464924E-16));
#7414=DIRECTION('ref_axis',(1.22402088464924E-16,-1.22402088464924E-16,
-1.));
#7415=DIRECTION('center_axis',(0.,1.,-1.22402088464924E-16));
#7416=DIRECTION('ref_axis',(1.22402088464924E-16,-1.22402088464924E-16,
-1.));
#7417=DIRECTION('center_axis',(0.,1.,-1.22402088464924E-16));
#7418=DIRECTION('ref_axis',(0.,-1.22402088464923E-16,-1.));
#7419=DIRECTION('center_axis',(0.,1.,-1.22402088464924E-16));
#7420=DIRECTION('ref_axis',(0.,-1.22402088464923E-16,-1.));
#7421=DIRECTION('center_axis',(0.,1.,-1.22402088464924E-16));
#7422=DIRECTION('ref_axis',(0.,-1.22402088464923E-16,-1.));
#7423=DIRECTION('',(8.65956056235494E-17,0.707106781186547,0.707106781186548));
#7424=DIRECTION('center_axis',(0.,1.,-1.22402088464924E-16));
#7425=DIRECTION('ref_axis',(0.,-1.22402088464923E-16,-1.));
#7426=DIRECTION('center_axis',(0.,1.,-1.22402088464924E-16));
#7427=DIRECTION('ref_axis',(0.,-1.22402088464923E-16,-1.));
#7428=DIRECTION('center_axis',(0.,1.,-1.22402088464924E-16));
#7429=DIRECTION('ref_axis',(0.,-1.22402088464923E-16,-1.));
#7430=DIRECTION('center_axis',(0.,1.,-1.22402088464924E-16));
#7431=DIRECTION('ref_axis',(0.,-1.22402088464923E-16,-1.));
#7432=DIRECTION('center_axis',(0.,1.,-1.22402088464924E-16));
#7433=DIRECTION('ref_axis',(0.,-1.22402088464923E-16,-1.));
#7434=DIRECTION('',(0.,1.,-1.22402088464924E-16));
#7435=DIRECTION('center_axis',(0.,1.,-1.22402088464924E-16));
#7436=DIRECTION('ref_axis',(0.,-1.22402088464924E-16,-1.));
#7437=DIRECTION('center_axis',(0.,1.,-1.22402088464924E-16));
#7438=DIRECTION('ref_axis',(0.,-1.22402088464923E-16,-1.));
#7439=DIRECTION('center_axis',(0.,1.,-1.22402088464924E-16));
#7440=DIRECTION('ref_axis',(0.,-1.22402088464923E-16,-1.));
#7441=DIRECTION('',(-8.65956056235492E-17,-0.707106781186549,-0.707106781186546));
#7442=DIRECTION('center_axis',(0.,1.,-1.22402088464924E-16));
#7443=DIRECTION('ref_axis',(0.,-1.22402088464924E-16,-1.));
#7444=DIRECTION('center_axis',(0.,1.,-1.22402088464924E-16));
#7445=DIRECTION('ref_axis',(0.,-1.22402088464924E-16,-1.));
#7446=DIRECTION('center_axis',(0.,1.,-1.22402088464924E-16));
#7447=DIRECTION('ref_axis',(0.,-1.22402088464923E-16,-1.));
#7448=DIRECTION('center_axis',(0.,1.,-1.22402088464924E-16));
#7449=DIRECTION('ref_axis',(0.,-1.22402088464923E-16,-1.));
#7450=DIRECTION('center_axis',(0.,1.,-1.22402088464924E-16));
#7451=DIRECTION('ref_axis',(0.,-1.22402088464923E-16,-1.));
#7452=DIRECTION('',(0.,-1.,1.22402088464924E-16));
#7453=DIRECTION('center_axis',(0.,1.,-1.22402088464924E-16));
#7454=DIRECTION('ref_axis',(0.,-1.22402088464924E-16,-1.));
#7455=DIRECTION('center_axis',(0.,1.,-1.22402088464924E-16));
#7456=DIRECTION('ref_axis',(0.,-1.22402088464924E-16,-1.));
#7457=DIRECTION('center_axis',(0.,1.,-1.22402088464924E-16));
#7458=DIRECTION('ref_axis',(0.,-1.22402088464924E-16,-1.));
#7459=DIRECTION('',(0.,-1.,1.22402088464924E-16));
#7460=DIRECTION('center_axis',(0.,1.,-1.22402088464924E-16));
#7461=DIRECTION('ref_axis',(0.,-1.22402088464924E-16,-1.));
#7462=DIRECTION('center_axis',(0.,1.,-1.22402088464924E-16));
#7463=DIRECTION('ref_axis',(0.,-1.22402088464924E-16,-1.));
#7464=DIRECTION('center_axis',(0.,1.,-1.22402088464924E-16));
#7465=DIRECTION('ref_axis',(0.,-1.22402088464923E-16,-1.));
#7466=DIRECTION('center_axis',(0.,1.,-1.22402088464924E-16));
#7467=DIRECTION('ref_axis',(0.,-1.22402088464923E-16,-1.));
#7468=DIRECTION('center_axis',(0.,1.,-1.22402088464924E-16));
#7469=DIRECTION('ref_axis',(0.,-1.22402088464923E-16,-1.));
#7470=DIRECTION('',(0.,-1.,1.22402088464924E-16));
#7471=DIRECTION('center_axis',(0.,1.,-1.22402088464924E-16));
#7472=DIRECTION('ref_axis',(0.,-1.22402088464923E-16,-1.));
#7473=DIRECTION('center_axis',(0.,1.,-1.22402088464924E-16));
#7474=DIRECTION('ref_axis',(0.,-1.22402088464923E-16,-1.));
#7475=DIRECTION('center_axis',(0.,1.,-1.22402088464924E-16));
#7476=DIRECTION('ref_axis',(0.,-1.22402088464923E-16,-1.));
#7477=DIRECTION('center_axis',(0.,1.,-1.22402088464924E-16));
#7478=DIRECTION('ref_axis',(0.,-1.22402088464923E-16,-1.));
#7479=DIRECTION('center_axis',(0.,1.,-1.22402088464924E-16));
#7480=DIRECTION('ref_axis',(0.,-1.22402088464923E-16,-1.));
#7481=DIRECTION('',(0.,-1.,1.22402088464924E-16));
#7482=DIRECTION('center_axis',(0.,1.,-1.22402088464924E-16));
#7483=DIRECTION('ref_axis',(0.,-1.22402088464923E-16,-1.));
#7484=DIRECTION('center_axis',(0.,1.,-1.22402088464924E-16));
#7485=DIRECTION('ref_axis',(0.,-1.22402088464923E-16,-1.));
#7486=DIRECTION('center_axis',(0.,-1.,1.22402088464924E-16));
#7487=DIRECTION('ref_axis',(0.,1.22402088464923E-16,1.));
#7488=DIRECTION('',(-8.65956056235495E-17,0.707106781186546,0.707106781186549));
#7489=DIRECTION('center_axis',(0.,1.,-1.22402088464924E-16));
#7490=DIRECTION('ref_axis',(0.,-1.22402088464923E-16,-1.));
#7491=DIRECTION('center_axis',(0.,1.,-1.22402088464924E-16));
#7492=DIRECTION('ref_axis',(0.,-1.22402088464923E-16,-1.));
#7493=DIRECTION('center_axis',(0.,-1.,1.22402088464924E-16));
#7494=DIRECTION('ref_axis',(1.22402088464924E-16,1.22402088464924E-16,1.));
#7495=DIRECTION('center_axis',(0.,1.,-1.22402088464924E-16));
#7496=DIRECTION('ref_axis',(-1.22402088464924E-16,-1.22402088464924E-16,
-1.));
#7497=DIRECTION('center_axis',(0.,-1.,1.22402088464924E-16));
#7498=DIRECTION('ref_axis',(1.22402088464924E-16,1.22402088464924E-16,1.));
#7499=DIRECTION('center_axis',(0.,1.,-1.22402088464924E-16));
#7500=DIRECTION('ref_axis',(-1.22402088464924E-16,-1.22402088464924E-16,
-1.));
#7501=DIRECTION('center_axis',(0.,1.,-1.22402088464924E-16));
#7502=DIRECTION('ref_axis',(-1.22402088464924E-16,-1.22402088464924E-16,
-1.));
#7503=DIRECTION('center_axis',(0.,1.,1.22402088464924E-16));
#7504=DIRECTION('ref_axis',(0.,-1.22402088464923E-16,1.));
#7505=DIRECTION('center_axis',(0.,-1.,-1.22402088464924E-16));
#7506=DIRECTION('ref_axis',(0.,-1.22402088464923E-16,1.));
#7507=DIRECTION('',(-8.65956056235494E-17,0.707106781186547,-0.707106781186548));
#7508=DIRECTION('center_axis',(0.,-1.,-1.22402088464924E-16));
#7509=DIRECTION('ref_axis',(0.,-1.22402088464923E-16,1.));
#7510=DIRECTION('center_axis',(0.,-1.,-1.22402088464924E-16));
#7511=DIRECTION('ref_axis',(0.,-1.22402088464923E-16,1.));
#7512=DIRECTION('center_axis',(0.,-1.,-1.22402088464924E-16));
#7513=DIRECTION('ref_axis',(0.,-1.22402088464923E-16,1.));
#7514=DIRECTION('center_axis',(0.,1.,1.22402088464924E-16));
#7515=DIRECTION('ref_axis',(0.,-1.22402088464923E-16,1.));
#7516=DIRECTION('center_axis',(0.,-1.,-1.22402088464924E-16));
#7517=DIRECTION('ref_axis',(0.,-1.22402088464923E-16,1.));
#7518=DIRECTION('',(0.,1.,1.22402088464924E-16));
#7519=DIRECTION('center_axis',(0.,-1.,-1.22402088464924E-16));
#7520=DIRECTION('ref_axis',(0.,-1.22402088464923E-16,1.));
#7521=DIRECTION('center_axis',(0.,1.,1.22402088464924E-16));
#7522=DIRECTION('ref_axis',(0.,-1.22402088464924E-16,1.));
#7523=DIRECTION('center_axis',(0.,-1.,-1.22402088464924E-16));
#7524=DIRECTION('ref_axis',(0.,-1.22402088464923E-16,1.));
#7525=DIRECTION('',(8.65956056235492E-17,-0.707106781186549,0.707106781186546));
#7526=DIRECTION('center_axis',(0.,-1.,-1.22402088464924E-16));
#7527=DIRECTION('ref_axis',(0.,-1.22402088464924E-16,1.));
#7528=DIRECTION('center_axis',(0.,-1.,-1.22402088464924E-16));
#7529=DIRECTION('ref_axis',(0.,-1.22402088464924E-16,1.));
#7530=DIRECTION('center_axis',(0.,-1.,-1.22402088464924E-16));
#7531=DIRECTION('ref_axis',(0.,-1.22402088464923E-16,1.));
#7532=DIRECTION('center_axis',(0.,1.,1.22402088464924E-16));
#7533=DIRECTION('ref_axis',(0.,-1.22402088464923E-16,1.));
#7534=DIRECTION('center_axis',(0.,-1.,-1.22402088464924E-16));
#7535=DIRECTION('ref_axis',(0.,-1.22402088464923E-16,1.));
#7536=DIRECTION('',(0.,-1.,-1.22402088464924E-16));
#7537=DIRECTION('center_axis',(0.,-1.,-1.22402088464924E-16));
#7538=DIRECTION('ref_axis',(0.,-1.22402088464923E-16,1.));
#7539=DIRECTION('center_axis',(0.,1.,1.22402088464924E-16));
#7540=DIRECTION('ref_axis',(0.,-1.22402088464924E-16,1.));
#7541=DIRECTION('center_axis',(0.,-1.,-1.22402088464924E-16));
#7542=DIRECTION('ref_axis',(0.,-1.22402088464924E-16,1.));
#7543=DIRECTION('',(0.,-1.,-1.22402088464924E-16));
#7544=DIRECTION('center_axis',(0.,-1.,-1.22402088464924E-16));
#7545=DIRECTION('ref_axis',(0.,-1.22402088464924E-16,1.));
#7546=DIRECTION('center_axis',(0.,-1.,-1.22402088464924E-16));
#7547=DIRECTION('ref_axis',(0.,-1.22402088464924E-16,1.));
#7548=DIRECTION('center_axis',(0.,-1.,-1.22402088464924E-16));
#7549=DIRECTION('ref_axis',(0.,-1.22402088464924E-16,1.));
#7550=DIRECTION('center_axis',(0.,1.,1.22402088464924E-16));
#7551=DIRECTION('ref_axis',(0.,-1.22402088464923E-16,1.));
#7552=DIRECTION('center_axis',(0.,-1.,-1.22402088464924E-16));
#7553=DIRECTION('ref_axis',(0.,-1.22402088464923E-16,1.));
#7554=DIRECTION('',(0.,-1.,-1.22402088464924E-16));
#7555=DIRECTION('center_axis',(0.,-1.,-1.22402088464924E-16));
#7556=DIRECTION('ref_axis',(0.,-1.22402088464923E-16,1.));
#7557=DIRECTION('center_axis',(0.,-1.,-1.22402088464924E-16));
#7558=DIRECTION('ref_axis',(0.,-1.22402088464923E-16,1.));
#7559=DIRECTION('center_axis',(0.,-1.,-1.22402088464924E-16));
#7560=DIRECTION('ref_axis',(0.,-1.22402088464923E-16,1.));
#7561=DIRECTION('center_axis',(0.,1.,1.22402088464924E-16));
#7562=DIRECTION('ref_axis',(0.,-1.22402088464923E-16,1.));
#7563=DIRECTION('center_axis',(0.,-1.,-1.22402088464924E-16));
#7564=DIRECTION('ref_axis',(0.,-1.22402088464923E-16,1.));
#7565=DIRECTION('',(0.,-1.,-1.22402088464924E-16));
#7566=DIRECTION('center_axis',(0.,-1.,-1.22402088464924E-16));
#7567=DIRECTION('ref_axis',(0.,-1.22402088464923E-16,1.));
#7568=DIRECTION('center_axis',(0.,-1.,-1.22402088464924E-16));
#7569=DIRECTION('ref_axis',(0.,-1.22402088464923E-16,1.));
#7570=DIRECTION('center_axis',(0.,-1.,-1.22402088464924E-16));
#7571=DIRECTION('ref_axis',(0.,-1.22402088464923E-16,1.));
#7572=DIRECTION('center_axis',(0.,-1.,-1.22402088464924E-16));
#7573=DIRECTION('ref_axis',(0.,1.22402088464923E-16,-1.));
#7574=DIRECTION('',(8.65956056235495E-17,0.707106781186546,-0.707106781186549));
#7575=DIRECTION('center_axis',(0.,-1.,-1.22402088464924E-16));
#7576=DIRECTION('ref_axis',(0.,-1.22402088464923E-16,1.));
#7577=DIRECTION('center_axis',(0.,-1.,-1.22402088464924E-16));
#7578=DIRECTION('ref_axis',(0.,-1.22402088464923E-16,1.));
#7579=DIRECTION('center_axis',(0.,-1.,-1.22402088464924E-16));
#7580=DIRECTION('ref_axis',(1.22402088464924E-16,1.22402088464924E-16,-1.));
#7581=DIRECTION('center_axis',(0.,1.,1.22402088464924E-16));
#7582=DIRECTION('ref_axis',(-1.22402088464924E-16,-1.22402088464924E-16,
1.));
#7583=DIRECTION('center_axis',(0.,-1.,-1.22402088464924E-16));
#7584=DIRECTION('ref_axis',(1.22402088464924E-16,1.22402088464924E-16,-1.));
#7585=DIRECTION('center_axis',(0.,1.,1.22402088464924E-16));
#7586=DIRECTION('ref_axis',(-1.22402088464924E-16,-1.22402088464924E-16,
1.));
#7587=DIRECTION('center_axis',(0.,1.,1.22402088464924E-16));
#7588=DIRECTION('ref_axis',(-1.22402088464924E-16,-1.22402088464924E-16,
1.));
#7589=DIRECTION('',(0.,1.66533453693773E-16,1.));
#7590=DIRECTION('',(-1.,0.,0.));
#7591=DIRECTION('',(0.,0.,1.));
#7592=DIRECTION('',(1.,0.,0.));
#7593=CARTESIAN_POINT('',(0.,0.,0.));
#7594=CARTESIAN_POINT('',(0.,0.,0.));
#7595=CARTESIAN_POINT('Origin',(1.815,-1.007,-0.937499999999999));
#7596=CARTESIAN_POINT('',(-0.184999999999998,0.,-0.937499999999999));
#7597=CARTESIAN_POINT('',(1.815,0.,-0.937499999999999));
#7598=CARTESIAN_POINT('',(-0.523499999999999,0.,-0.937499999999999));
#7599=CARTESIAN_POINT('',(-0.184999999999998,-0.107,-0.937499999999999));
#7600=CARTESIAN_POINT('',(-0.184999999999998,-1.007,-0.937499999999999));
#7601=CARTESIAN_POINT('',(1.815,-0.107,-0.937499999999999));
#7602=CARTESIAN_POINT('',(-0.523499999999999,-0.107,-0.937499999999999));
#7603=CARTESIAN_POINT('',(1.815,-1.007,-0.937499999999999));
#7604=CARTESIAN_POINT('Origin',(1.815,-1.007,-0.687499999999999));
#7605=CARTESIAN_POINT('',(2.065,0.,-0.687499999999999));
#7606=CARTESIAN_POINT('Origin',(1.815,-5.24514814783538E-16,-0.687499999999999));
#7607=CARTESIAN_POINT('',(2.065,-0.107,-0.687499999999999));
#7608=CARTESIAN_POINT('Origin',(1.815,-0.107000000000001,-0.687499999999999));
#7609=CARTESIAN_POINT('',(2.065,-1.007,-0.687499999999999));
#7610=CARTESIAN_POINT('Origin',(2.065,-1.007,0.662500000000001));
#7611=CARTESIAN_POINT('',(2.065,0.,0.662500000000001));
#7612=CARTESIAN_POINT('',(2.065,0.,1.386));
#7613=CARTESIAN_POINT('',(2.065,-0.107,0.662500000000001));
#7614=CARTESIAN_POINT('',(2.065,-0.107,1.386));
#7615=CARTESIAN_POINT('',(2.065,-1.007,0.662500000000001));
#7616=CARTESIAN_POINT('Origin',(1.815,-1.007,0.662500000000001));
#7617=CARTESIAN_POINT('',(1.815,0.,0.912500000000001));
#7618=CARTESIAN_POINT('Origin',(1.815,-1.74838271594513E-16,0.662500000000001));
#7619=CARTESIAN_POINT('',(1.815,-0.107,0.912500000000001));
#7620=CARTESIAN_POINT('Origin',(1.815,-0.107,0.662500000000001));
#7621=CARTESIAN_POINT('',(1.815,-1.007,0.912500000000001));
#7622=CARTESIAN_POINT('Origin',(-0.184999999999998,-1.007,0.912500000000001));
#7623=CARTESIAN_POINT('',(-0.184999999999998,0.,0.912500000000001));
#7624=CARTESIAN_POINT('',(-1.5235,0.,0.912500000000001));
#7625=CARTESIAN_POINT('',(-0.184999999999998,-0.107,0.912500000000001));
#7626=CARTESIAN_POINT('',(-1.5235,-0.107,0.912500000000001));
#7627=CARTESIAN_POINT('',(-0.184999999999998,-1.007,0.912500000000001));
#7628=CARTESIAN_POINT('Origin',(-0.184999999999998,-1.007,0.662500000000001));
#7629=CARTESIAN_POINT('',(-0.434999999999998,0.,0.662500000000001));
#7630=CARTESIAN_POINT('Origin',(-0.184999999999998,-1.74838271594513E-16,
0.662500000000001));
#7631=CARTESIAN_POINT('',(-0.434999999999998,-0.107,0.662500000000001));
#7632=CARTESIAN_POINT('Origin',(-0.184999999999998,-0.107,0.662500000000001));
#7633=CARTESIAN_POINT('',(-0.434999999999998,-1.007,0.662500000000001));
#7634=CARTESIAN_POINT('Origin',(-0.434999999999998,-1.007,-0.687499999999999));
#7635=CARTESIAN_POINT('',(-0.434999999999998,0.,-0.687499999999999));
#7636=CARTESIAN_POINT('',(-0.434999999999998,0.,0.711000000000001));
#7637=CARTESIAN_POINT('',(-0.434999999999998,-0.107,-0.687499999999999));
#7638=CARTESIAN_POINT('',(-0.434999999999998,-0.107,0.711000000000001));
#7639=CARTESIAN_POINT('',(-0.434999999999998,-1.007,-0.687499999999999));
#7640=CARTESIAN_POINT('Origin',(-0.184999999999998,-1.007,-0.687499999999999));
#7641=CARTESIAN_POINT('Origin',(-0.184999999999998,-5.24514814783538E-16,
-0.687499999999999));
#7642=CARTESIAN_POINT('Origin',(-0.184999999999998,-0.107000000000001,-0.687499999999999));
#7643=CARTESIAN_POINT('Origin',(1.525,-1.007,1.5425));
#7644=CARTESIAN_POINT('',(1.7125,-0.107,1.5425));
#7645=CARTESIAN_POINT('Origin',(1.525,-0.107,1.5425));
#7646=CARTESIAN_POINT('',(1.7125,-1.74838271594513E-16,1.5425));
#7647=CARTESIAN_POINT('',(1.7125,-1.007,1.5425));
#7648=CARTESIAN_POINT('Origin',(1.525,-1.74838271594513E-16,1.5425));
#7649=CARTESIAN_POINT('Origin',(0.275000000000001,-1.007,1.5425));
#7650=CARTESIAN_POINT('',(0.462500000000001,-0.107,1.5425));
#7651=CARTESIAN_POINT('Origin',(0.275000000000001,-0.107,1.5425));
#7652=CARTESIAN_POINT('',(0.462500000000001,-1.74838271594513E-16,1.5425));
#7653=CARTESIAN_POINT('',(0.462500000000001,-1.007,1.5425));
#7654=CARTESIAN_POINT('Origin',(0.275000000000001,-1.74838271594513E-16,
1.5425));
#7655=CARTESIAN_POINT('Origin',(-2.72,0.123,-1.97));
#7656=CARTESIAN_POINT('',(-2.72,-0.0464206308043775,-1.85));
#7657=CARTESIAN_POINT('',(-2.72,-0.0464206308043775,-2.09));
#7658=CARTESIAN_POINT('Origin',(-2.72,-0.0464206308043775,-1.97));
#7659=CARTESIAN_POINT('Origin',(-2.72,-0.0464206308043775,-1.97));
#7660=CARTESIAN_POINT('',(-2.72,-0.107,-2.09));
#7661=CARTESIAN_POINT('',(-2.72,0.123,-2.09));
#7662=CARTESIAN_POINT('',(-2.72,-0.107,-1.85));
#7663=CARTESIAN_POINT('Origin',(-2.72,-0.107,-1.97));
#7664=CARTESIAN_POINT('Origin',(-2.72,-0.107,-1.97));
#7665=CARTESIAN_POINT('Origin',(-2.72,-0.0464206308043775,-1.97));
#7666=CARTESIAN_POINT('',(-2.72,0.018,-1.906));
#7667=CARTESIAN_POINT('',(-2.72,0.018,-2.034));
#7668=CARTESIAN_POINT('Origin',(-2.72,0.018,-1.97));
#7669=CARTESIAN_POINT('Origin',(-2.72,0.018,-1.97));
#7670=CARTESIAN_POINT('',(-2.72,-0.0464206308043775,-2.09));
#7671=CARTESIAN_POINT('Origin',(-2.72,0.123,-1.97));
#7672=CARTESIAN_POINT('',(-2.72,0.128,-1.906));
#7673=CARTESIAN_POINT('',(-2.72,0.128,-2.034));
#7674=CARTESIAN_POINT('Origin',(-2.72,0.128,-1.97));
#7675=CARTESIAN_POINT('Origin',(-2.72,0.128,-1.97));
#7676=CARTESIAN_POINT('',(-2.72,0.123,-2.034));
#7677=CARTESIAN_POINT('Origin',(2.72,0.123,-1.97));
#7678=CARTESIAN_POINT('',(2.72,-0.0464206308043775,-1.85));
#7679=CARTESIAN_POINT('',(2.72,-0.0464206308043775,-2.09));
#7680=CARTESIAN_POINT('Origin',(2.72,-0.0464206308043775,-1.97));
#7681=CARTESIAN_POINT('',(2.72,-0.107,-2.09));
#7682=CARTESIAN_POINT('',(2.72,0.123,-2.09));
#7683=CARTESIAN_POINT('',(2.72,-0.107,-1.85));
#7684=CARTESIAN_POINT('Origin',(2.72,-0.107,-1.97));
#7685=CARTESIAN_POINT('Origin',(2.72,-0.107,-1.97));
#7686=CARTESIAN_POINT('Origin',(2.72,-0.0464206308043775,-1.97));
#7687=CARTESIAN_POINT('Origin',(2.72,-0.0464206308043775,-1.97));
#7688=CARTESIAN_POINT('',(2.72,0.018,-1.906));
#7689=CARTESIAN_POINT('',(2.72,0.018,-2.034));
#7690=CARTESIAN_POINT('Origin',(2.72,0.018,-1.97));
#7691=CARTESIAN_POINT('',(2.72,-0.0464206308043775,-2.09));
#7692=CARTESIAN_POINT('Origin',(2.72,0.018,-1.97));
#7693=CARTESIAN_POINT('Origin',(2.72,0.123,-1.97));
#7694=CARTESIAN_POINT('',(2.72,0.128,-1.906));
#7695=CARTESIAN_POINT('',(2.72,0.128,-2.034));
#7696=CARTESIAN_POINT('Origin',(2.72,0.128,-1.97));
#7697=CARTESIAN_POINT('',(2.72,0.123,-2.034));
#7698=CARTESIAN_POINT('Origin',(2.72,0.128,-1.97));
#7699=CARTESIAN_POINT('Origin',(-2.72,0.123,1.97));
#7700=CARTESIAN_POINT('',(-2.72,-0.0464206308043775,1.85));
#7701=CARTESIAN_POINT('',(-2.72,-0.0464206308043775,2.09));
#7702=CARTESIAN_POINT('Origin',(-2.72,-0.0464206308043775,1.97));
#7703=CARTESIAN_POINT('',(-2.72,-0.107,2.09));
#7704=CARTESIAN_POINT('',(-2.72,0.123,2.09));
#7705=CARTESIAN_POINT('',(-2.72,-0.107,1.85));
#7706=CARTESIAN_POINT('Origin',(-2.72,-0.107,1.97));
#7707=CARTESIAN_POINT('Origin',(-2.72,-0.107,1.97));
#7708=CARTESIAN_POINT('Origin',(-2.72,-0.0464206308043775,1.97));
#7709=CARTESIAN_POINT('Origin',(-2.72,-0.0464206308043775,1.97));
#7710=CARTESIAN_POINT('',(-2.72,0.018,1.906));
#7711=CARTESIAN_POINT('',(-2.72,0.018,2.034));
#7712=CARTESIAN_POINT('Origin',(-2.72,0.018,1.97));
#7713=CARTESIAN_POINT('',(-2.72,-0.0464206308043775,2.09));
#7714=CARTESIAN_POINT('Origin',(-2.72,0.018,1.97));
#7715=CARTESIAN_POINT('Origin',(-2.72,0.123,1.97));
#7716=CARTESIAN_POINT('',(-2.72,0.128,1.906));
#7717=CARTESIAN_POINT('',(-2.72,0.128,2.034));
#7718=CARTESIAN_POINT('Origin',(-2.72,0.128,1.97));
#7719=CARTESIAN_POINT('',(-2.72,0.123,2.034));
#7720=CARTESIAN_POINT('Origin',(-2.72,0.128,1.97));
#7721=CARTESIAN_POINT('Origin',(2.72,0.123,1.97));
#7722=CARTESIAN_POINT('',(2.72,-0.0464206308043775,1.85));
#7723=CARTESIAN_POINT('',(2.72,-0.0464206308043775,2.09));
#7724=CARTESIAN_POINT('Origin',(2.72,-0.0464206308043775,1.97));
#7725=CARTESIAN_POINT('Origin',(2.72,-0.0464206308043775,1.97));
#7726=CARTESIAN_POINT('',(2.72,-0.107,2.09));
#7727=CARTESIAN_POINT('',(2.72,0.123,2.09));
#7728=CARTESIAN_POINT('',(2.72,-0.107,1.85));
#7729=CARTESIAN_POINT('Origin',(2.72,-0.107,1.97));
#7730=CARTESIAN_POINT('Origin',(2.72,-0.107,1.97));
#7731=CARTESIAN_POINT('Origin',(2.72,-0.0464206308043775,1.97));
#7732=CARTESIAN_POINT('',(2.72,0.018,1.906));
#7733=CARTESIAN_POINT('',(2.72,0.018,2.034));
#7734=CARTESIAN_POINT('Origin',(2.72,0.018,1.97));
#7735=CARTESIAN_POINT('Origin',(2.72,0.018,1.97));
#7736=CARTESIAN_POINT('',(2.72,-0.0464206308043775,2.09));
#7737=CARTESIAN_POINT('Origin',(2.72,0.123,1.97));
#7738=CARTESIAN_POINT('',(2.72,0.128,1.906));
#7739=CARTESIAN_POINT('',(2.72,0.128,2.034));
#7740=CARTESIAN_POINT('Origin',(2.72,0.128,1.97));
#7741=CARTESIAN_POINT('Origin',(2.72,0.128,1.97));
#7742=CARTESIAN_POINT('',(2.72,0.123,2.034));
#7743=CARTESIAN_POINT('Origin',(-2.72,0.128,-1.97));
#7744=CARTESIAN_POINT('',(-2.72,0.,-2.115));
#7745=CARTESIAN_POINT('',(-2.72,0.,-1.825));
#7746=CARTESIAN_POINT('Origin',(-2.72,0.,-1.97));
#7747=CARTESIAN_POINT('',(-2.72,0.128,-1.825));
#7748=CARTESIAN_POINT('',(-2.72,0.128,-1.825));
#7749=CARTESIAN_POINT('',(-2.72,0.128,-2.115));
#7750=CARTESIAN_POINT('Origin',(-2.72,0.128,-1.97));
#7751=CARTESIAN_POINT('Origin',(-2.72,0.128,-1.97));
#7752=CARTESIAN_POINT('Origin',(-2.72,0.,-1.97));
#7753=CARTESIAN_POINT('Origin',(2.72,0.128,-1.97));
#7754=CARTESIAN_POINT('',(2.72,0.,-2.115));
#7755=CARTESIAN_POINT('',(2.72,0.,-1.825));
#7756=CARTESIAN_POINT('Origin',(2.72,0.,-1.97));
#7757=CARTESIAN_POINT('',(2.72,0.128,-1.825));
#7758=CARTESIAN_POINT('',(2.72,0.128,-1.825));
#7759=CARTESIAN_POINT('',(2.72,0.128,-2.115));
#7760=CARTESIAN_POINT('Origin',(2.72,0.128,-1.97));
#7761=CARTESIAN_POINT('Origin',(2.72,0.128,-1.97));
#7762=CARTESIAN_POINT('Origin',(2.72,0.,-1.97));
#7763=CARTESIAN_POINT('Origin',(2.72,0.128,1.97));
#7764=CARTESIAN_POINT('',(2.72,0.,1.825));
#7765=CARTESIAN_POINT('',(2.72,0.,2.115));
#7766=CARTESIAN_POINT('Origin',(2.72,0.,1.97));
#7767=CARTESIAN_POINT('',(2.72,0.128,2.115));
#7768=CARTESIAN_POINT('',(2.72,0.128,2.115));
#7769=CARTESIAN_POINT('',(2.72,0.128,1.825));
#7770=CARTESIAN_POINT('Origin',(2.72,0.128,1.97));
#7771=CARTESIAN_POINT('Origin',(2.72,0.128,1.97));
#7772=CARTESIAN_POINT('Origin',(2.72,0.,1.97));
#7773=CARTESIAN_POINT('Origin',(-2.72,0.128,1.97));
#7774=CARTESIAN_POINT('',(-2.72,0.,1.825));
#7775=CARTESIAN_POINT('',(-2.72,0.,2.115));
#7776=CARTESIAN_POINT('Origin',(-2.72,0.,1.97));
#7777=CARTESIAN_POINT('',(-2.72,0.128,2.115));
#7778=CARTESIAN_POINT('',(-2.72,0.128,2.115));
#7779=CARTESIAN_POINT('',(-2.72,0.128,1.825));
#7780=CARTESIAN_POINT('Origin',(-2.72,0.128,1.97));
#7781=CARTESIAN_POINT('Origin',(-2.72,0.128,1.97));
#7782=CARTESIAN_POINT('Origin',(-2.72,0.,1.97));
#7783=CARTESIAN_POINT('Origin',(-2.921,0.063,-1.94));
#7784=CARTESIAN_POINT('',(-2.8895,0.063,-1.94));
#7785=CARTESIAN_POINT('',(-2.9525,0.063,-1.94));
#7786=CARTESIAN_POINT('Origin',(-2.921,0.063,-1.94));
#7787=CARTESIAN_POINT('',(-2.8895,0.,-1.94));
#7788=CARTESIAN_POINT('',(-2.8895,0.063,-1.94));
#7789=CARTESIAN_POINT('',(-2.9525,0.,-1.94));
#7790=CARTESIAN_POINT('Origin',(-2.921,0.,-1.94));
#7791=CARTESIAN_POINT('',(-2.9525,0.063,-1.94));
#7792=CARTESIAN_POINT('Origin',(2.92099999999999,0.063,-1.94));
#7793=CARTESIAN_POINT('',(2.95249999999999,0.063,-1.94));
#7794=CARTESIAN_POINT('',(2.8895,0.063,-1.94));
#7795=CARTESIAN_POINT('Origin',(2.92099999999999,0.063,-1.94));
#7796=CARTESIAN_POINT('',(2.95249999999999,0.,-1.94));
#7797=CARTESIAN_POINT('',(2.95249999999999,0.063,-1.94));
#7798=CARTESIAN_POINT('',(2.8895,0.,-1.94));
#7799=CARTESIAN_POINT('Origin',(2.92099999999999,0.,-1.94));
#7800=CARTESIAN_POINT('',(2.8895,0.063,-1.94));
#7801=CARTESIAN_POINT('Origin',(-2.862,-0.107,2.1095));
#7802=CARTESIAN_POINT('',(2.862,-0.107,2.2505));
#7803=CARTESIAN_POINT('',(-2.862,-0.107,2.2505));
#7804=CARTESIAN_POINT('',(-2.862,-0.107,2.2505));
#7805=CARTESIAN_POINT('',(-3.003,-0.107,2.1095));
#7806=CARTESIAN_POINT('Origin',(-2.862,-0.107,2.1095));
#7807=CARTESIAN_POINT('',(-3.003,-0.107,-2.1095));
#7808=CARTESIAN_POINT('',(-3.003,-0.107,-2.1095));
#7809=CARTESIAN_POINT('',(-2.862,-0.107,-2.2505));
#7810=CARTESIAN_POINT('Origin',(-2.862,-0.107,-2.1095));
#7811=CARTESIAN_POINT('',(2.862,-0.107,-2.2505));
#7812=CARTESIAN_POINT('',(2.862,-0.107,-2.2505));
#7813=CARTESIAN_POINT('',(3.003,-0.107,-2.1095));
#7814=CARTESIAN_POINT('Origin',(2.862,-0.107,-2.1095));
#7815=CARTESIAN_POINT('',(3.003,-0.107,2.1095));
#7816=CARTESIAN_POINT('',(3.003,-0.107,2.1095));
#7817=CARTESIAN_POINT('Origin',(2.862,-0.107,2.1095));
#7818=CARTESIAN_POINT('',(2.92749999999999,-0.107,-1.35704206383624));
#7819=CARTESIAN_POINT('',(2.87272896808188,-0.107,-1.48927103191811));
#7820=CARTESIAN_POINT('Origin',(2.7405,-0.107,-1.35704206383624));
#7821=CARTESIAN_POINT('',(2.24177103191813,-0.107,-2.12022896808188));
#7822=CARTESIAN_POINT('',(2.87272896808188,-0.107,-1.48927103191811));
#7823=CARTESIAN_POINT('',(2.10954206383624,-0.107,-2.17499999999999));
#7824=CARTESIAN_POINT('Origin',(2.10954206383624,-0.107,-1.988));
#7825=CARTESIAN_POINT('',(-2.10954206383624,-0.107,-2.17499999999999));
#7826=CARTESIAN_POINT('',(-2.10954206383624,-0.107,-2.17499999999999));
#7827=CARTESIAN_POINT('',(-2.24177103191813,-0.107,-2.12022896808188));
#7828=CARTESIAN_POINT('Origin',(-2.10954206383624,-0.107,-1.98799999999999));
#7829=CARTESIAN_POINT('',(-2.87272896808189,-0.107,-1.4892710319181));
#7830=CARTESIAN_POINT('',(-2.87272896808189,-0.107,-1.4892710319181));
#7831=CARTESIAN_POINT('',(-2.9275,-0.107,-1.35704206383623));
#7832=CARTESIAN_POINT('Origin',(-2.7405,-0.107,-1.35704206383623));
#7833=CARTESIAN_POINT('',(-2.9275,-0.107,1.35704206383623));
#7834=CARTESIAN_POINT('',(-2.9275,-0.107,1.35704206383623));
#7835=CARTESIAN_POINT('',(-2.87272896808189,-0.107,1.4892710319181));
#7836=CARTESIAN_POINT('Origin',(-2.7405,-0.107,1.35704206383623));
#7837=CARTESIAN_POINT('',(-2.24177103191813,-0.107,2.12022896808188));
#7838=CARTESIAN_POINT('',(-2.87272896808189,-0.107,1.4892710319181));
#7839=CARTESIAN_POINT('',(-2.10954206383624,-0.107,2.17499999999999));
#7840=CARTESIAN_POINT('Origin',(-2.10954206383624,-0.107,1.98799999999999));
#7841=CARTESIAN_POINT('',(2.10954206383624,-0.107,2.17499999999999));
#7842=CARTESIAN_POINT('',(-2.10954206383624,-0.107,2.17499999999999));
#7843=CARTESIAN_POINT('',(2.24177103191813,-0.107,2.12022896808188));
#7844=CARTESIAN_POINT('Origin',(2.10954206383624,-0.107,1.988));
#7845=CARTESIAN_POINT('',(2.87272896808187,-0.107,1.48927103191811));
#7846=CARTESIAN_POINT('',(2.87272896808187,-0.107,1.4892710319181));
#7847=CARTESIAN_POINT('',(2.92749999999999,-0.107,1.35704206383624));
#7848=CARTESIAN_POINT('Origin',(2.7405,-0.107,1.35704206383624));
#7849=CARTESIAN_POINT('',(2.92749999999999,-0.107,1.35704206383624));
#7850=CARTESIAN_POINT('Origin',(-2.862,0.,2.1095));
#7851=CARTESIAN_POINT('',(-3.065,0.,2.1095));
#7852=CARTESIAN_POINT('',(-2.862,0.,2.3125));
#7853=CARTESIAN_POINT('Origin',(-2.862,0.,2.1095));
#7854=CARTESIAN_POINT('',(2.862,0.,2.3125));
#7855=CARTESIAN_POINT('',(2.862,0.,2.3125));
#7856=CARTESIAN_POINT('',(3.065,0.,2.1095));
#7857=CARTESIAN_POINT('Origin',(2.862,0.,2.1095));
#7858=CARTESIAN_POINT('',(3.065,0.,-2.1095));
#7859=CARTESIAN_POINT('',(3.065,0.,-2.1095));
#7860=CARTESIAN_POINT('',(2.862,0.,-2.3125));
#7861=CARTESIAN_POINT('Origin',(2.862,0.,-2.1095));
#7862=CARTESIAN_POINT('',(-2.862,0.,-2.3125));
#7863=CARTESIAN_POINT('',(2.862,0.,-2.3125));
#7864=CARTESIAN_POINT('',(-3.065,0.,-2.1095));
#7865=CARTESIAN_POINT('Origin',(-2.862,0.,-2.1095));
#7866=CARTESIAN_POINT('',(-3.065,0.,-2.1095));
#7867=CARTESIAN_POINT('',(2.95249999999999,0.,1.94));
#7868=CARTESIAN_POINT('',(2.95249999999999,0.,1.94));
#7869=CARTESIAN_POINT('',(2.8895,0.,1.94));
#7870=CARTESIAN_POINT('Origin',(2.92099999999999,0.,1.94));
#7871=CARTESIAN_POINT('',(2.8895,0.,1.94));
#7872=CARTESIAN_POINT('',(-2.696,0.,-2.142));
#7873=CARTESIAN_POINT('',(-0.4095,0.,-2.142));
#7874=CARTESIAN_POINT('',(-2.696,0.,-2.142));
#7875=CARTESIAN_POINT('',(-2.696,0.,-2.205));
#7876=CARTESIAN_POINT('Origin',(-2.696,0.,-2.1735));
#7877=CARTESIAN_POINT('',(-0.4095,0.,-2.205));
#7878=CARTESIAN_POINT('',(-2.696,0.,-2.205));
#7879=CARTESIAN_POINT('Origin',(-0.4095,0.,-2.1735));
#7880=CARTESIAN_POINT('',(-2.696,0.,2.205));
#7881=CARTESIAN_POINT('',(2.696,0.,2.205));
#7882=CARTESIAN_POINT('',(-2.696,0.,2.205));
#7883=CARTESIAN_POINT('',(-2.69600000000001,0.,2.142));
#7884=CARTESIAN_POINT('Origin',(-2.696,0.,2.1735));
#7885=CARTESIAN_POINT('',(2.696,0.,2.142));
#7886=CARTESIAN_POINT('',(-2.69600000000001,0.,2.142));
#7887=CARTESIAN_POINT('Origin',(2.696,0.,2.1735));
#7888=CARTESIAN_POINT('',(-2.8895,0.,1.94));
#7889=CARTESIAN_POINT('',(-2.8895,0.,1.94));
#7890=CARTESIAN_POINT('',(-2.9525,0.,1.94));
#7891=CARTESIAN_POINT('Origin',(-2.921,0.,1.94));
#7892=CARTESIAN_POINT('',(-2.9525,0.,1.94));
#7893=CARTESIAN_POINT('',(0.409500000000002,0.,-2.142));
#7894=CARTESIAN_POINT('',(2.696,0.,-2.142));
#7895=CARTESIAN_POINT('',(0.409500000000002,0.,-2.142));
#7896=CARTESIAN_POINT('',(0.409500000000002,0.,-2.205));
#7897=CARTESIAN_POINT('Origin',(0.409500000000002,0.,-2.1735));
#7898=CARTESIAN_POINT('',(2.696,0.,-2.205));
#7899=CARTESIAN_POINT('',(0.409500000000002,0.,-2.205));
#7900=CARTESIAN_POINT('Origin',(2.696,0.,-2.1735));
#7901=CARTESIAN_POINT('Origin',(-2.862,-0.107,2.1095));
#7902=CARTESIAN_POINT('',(-3.065,-0.045,2.1095));
#7903=CARTESIAN_POINT('',(-3.065,-0.107,2.1095));
#7904=CARTESIAN_POINT('',(-2.862,-0.045,2.3125));
#7905=CARTESIAN_POINT('Origin',(-2.862,-0.045,2.1095));
#7906=CARTESIAN_POINT('',(-2.862,-0.107,2.3125));
#7907=CARTESIAN_POINT('Origin',(-3.065,-0.107,-2.1095));
#7908=CARTESIAN_POINT('',(-3.065,-0.045,-2.1095));
#7909=CARTESIAN_POINT('',(-3.065,-0.107,-2.1095));
#7910=CARTESIAN_POINT('',(-3.065,-0.045,2.1095));
#7911=CARTESIAN_POINT('Origin',(-2.862,-0.107,-2.1095));
#7912=CARTESIAN_POINT('',(-2.862,-0.045,-2.3125));
#7913=CARTESIAN_POINT('',(-2.862,-0.107,-2.3125));
#7914=CARTESIAN_POINT('Origin',(-2.862,-0.045,-2.1095));
#7915=CARTESIAN_POINT('Origin',(2.862,-0.107,-2.3125));
#7916=CARTESIAN_POINT('',(2.862,-0.045,-2.3125));
#7917=CARTESIAN_POINT('',(2.862,-0.107,-2.3125));
#7918=CARTESIAN_POINT('',(-2.862,-0.045,-2.3125));
#7919=CARTESIAN_POINT('Origin',(2.862,-0.107,-2.1095));
#7920=CARTESIAN_POINT('',(3.065,-0.045,-2.1095));
#7921=CARTESIAN_POINT('',(3.065,-0.107,-2.1095));
#7922=CARTESIAN_POINT('Origin',(2.862,-0.045,-2.1095));
#7923=CARTESIAN_POINT('Origin',(3.065,-0.107,-2.1095));
#7924=CARTESIAN_POINT('',(3.065,-0.045,2.1095));
#7925=CARTESIAN_POINT('',(3.065,-0.107,2.1095));
#7926=CARTESIAN_POINT('',(3.065,-0.045,-2.1095));
#7927=CARTESIAN_POINT('Origin',(2.862,-0.107,2.1095));
#7928=CARTESIAN_POINT('',(2.862,-0.045,2.3125));
#7929=CARTESIAN_POINT('',(2.862,-0.107,2.3125));
#7930=CARTESIAN_POINT('Origin',(2.862,-0.045,2.1095));
#7931=CARTESIAN_POINT('Origin',(2.862,-0.107,2.3125));
#7932=CARTESIAN_POINT('',(2.862,-0.045,2.3125));
#7933=CARTESIAN_POINT('Origin',(2.862,-0.045,-2.1095));
#7934=CARTESIAN_POINT('Origin',(3.003,-0.045,-2.1095));
#7935=CARTESIAN_POINT('Origin',(2.862,-0.045,-2.2505));
#7936=CARTESIAN_POINT('Origin',(2.862,-0.045,-2.2505));
#7937=CARTESIAN_POINT('Origin',(-2.862,-0.045,-2.2505));
#7938=CARTESIAN_POINT('Origin',(3.003,-0.045,-2.1095));
#7939=CARTESIAN_POINT('Origin',(3.003,-0.045,2.1095));
#7940=CARTESIAN_POINT('Origin',(-2.862,-0.045,-2.1095));
#7941=CARTESIAN_POINT('Origin',(-3.003,-0.045,-2.1095));
#7942=CARTESIAN_POINT('Origin',(2.862,-0.045,2.1095));
#7943=CARTESIAN_POINT('Origin',(2.862,-0.045,2.2505));
#7944=CARTESIAN_POINT('Origin',(-3.003,-0.045,-2.1095));
#7945=CARTESIAN_POINT('Origin',(-3.003,-0.045,2.1095));
#7946=CARTESIAN_POINT('Origin',(2.862,-0.045,2.2505));
#7947=CARTESIAN_POINT('Origin',(-2.862,-0.045,2.2505));
#7948=CARTESIAN_POINT('Origin',(-2.862,-0.045,2.1095));
#7949=CARTESIAN_POINT('Origin',(2.92099999999999,0.063,1.94));
#7950=CARTESIAN_POINT('',(2.95249999999999,0.063,1.94));
#7951=CARTESIAN_POINT('',(2.95249999999999,0.063,1.94));
#7952=CARTESIAN_POINT('',(2.8895,0.063,1.94));
#7953=CARTESIAN_POINT('Origin',(2.92099999999999,0.063,1.94));
#7954=CARTESIAN_POINT('',(2.8895,0.063,1.94));
#7955=CARTESIAN_POINT('Origin',(2.95249999999999,0.063,1.94));
#7956=CARTESIAN_POINT('',(2.95249999999999,0.063,1.94));
#7957=CARTESIAN_POINT('Origin',(2.8895,0.063,1.94));
#7958=CARTESIAN_POINT('',(2.8895,0.063,1.94));
#7959=CARTESIAN_POINT('Origin',(2.92099999999999,0.063,1.94));
#7960=CARTESIAN_POINT('Origin',(0.409500000000002,0.063,-2.1735));
#7961=CARTESIAN_POINT('',(0.409500000000002,0.063,-2.142));
#7962=CARTESIAN_POINT('',(0.409500000000002,0.063,-2.142));
#7963=CARTESIAN_POINT('',(0.409500000000002,0.063,-2.205));
#7964=CARTESIAN_POINT('Origin',(0.409500000000002,0.063,-2.1735));
#7965=CARTESIAN_POINT('',(0.409500000000002,0.063,-2.205));
#7966=CARTESIAN_POINT('Origin',(0.409500000000002,0.063,-2.142));
#7967=CARTESIAN_POINT('',(2.696,0.063,-2.142));
#7968=CARTESIAN_POINT('',(2.696,0.063,-2.142));
#7969=CARTESIAN_POINT('',(0.409500000000002,0.063,-2.142));
#7970=CARTESIAN_POINT('Origin',(2.696,0.063,-2.1735));
#7971=CARTESIAN_POINT('',(2.696,0.063,-2.205));
#7972=CARTESIAN_POINT('',(2.696,0.063,-2.205));
#7973=CARTESIAN_POINT('Origin',(2.696,0.063,-2.1735));
#7974=CARTESIAN_POINT('Origin',(0.409500000000002,0.063,-2.205));
#7975=CARTESIAN_POINT('',(0.409500000000002,0.063,-2.205));
#7976=CARTESIAN_POINT('Origin',(0.409500000000002,0.063,-2.1735));
#7977=CARTESIAN_POINT('Origin',(-2.696,0.063,-2.1735));
#7978=CARTESIAN_POINT('',(-2.696,0.063,-2.142));
#7979=CARTESIAN_POINT('',(-2.696,0.063,-2.142));
#7980=CARTESIAN_POINT('',(-2.696,0.063,-2.205));
#7981=CARTESIAN_POINT('Origin',(-2.696,0.063,-2.1735));
#7982=CARTESIAN_POINT('',(-2.696,0.063,-2.205));
#7983=CARTESIAN_POINT('Origin',(-2.696,0.063,-2.142));
#7984=CARTESIAN_POINT('',(-0.4095,0.063,-2.142));
#7985=CARTESIAN_POINT('',(-0.4095,0.063,-2.142));
#7986=CARTESIAN_POINT('',(-2.696,0.063,-2.142));
#7987=CARTESIAN_POINT('Origin',(-0.4095,0.063,-2.1735));
#7988=CARTESIAN_POINT('',(-0.4095,0.063,-2.205));
#7989=CARTESIAN_POINT('',(-0.4095,0.063,-2.205));
#7990=CARTESIAN_POINT('Origin',(-0.4095,0.063,-2.1735));
#7991=CARTESIAN_POINT('Origin',(-2.696,0.063,-2.205));
#7992=CARTESIAN_POINT('',(-2.696,0.063,-2.205));
#7993=CARTESIAN_POINT('Origin',(-2.696,0.063,-2.1735));
#7994=CARTESIAN_POINT('Origin',(-2.921,0.063,1.94));
#7995=CARTESIAN_POINT('',(-2.8895,0.063,1.94));
#7996=CARTESIAN_POINT('',(-2.8895,0.063,1.94));
#7997=CARTESIAN_POINT('',(-2.9525,0.063,1.94));
#7998=CARTESIAN_POINT('Origin',(-2.921,0.063,1.94));
#7999=CARTESIAN_POINT('',(-2.9525,0.063,1.94));
#8000=CARTESIAN_POINT('Origin',(-2.8895,0.063,1.94));
#8001=CARTESIAN_POINT('',(-2.8895,0.063,1.94));
#8002=CARTESIAN_POINT('Origin',(-2.9525,0.063,1.94));
#8003=CARTESIAN_POINT('',(-2.9525,0.063,1.94));
#8004=CARTESIAN_POINT('Origin',(-2.921,0.063,1.94));
#8005=CARTESIAN_POINT('Origin',(-2.696,0.063,2.1735));
#8006=CARTESIAN_POINT('',(-2.696,0.063,2.205));
#8007=CARTESIAN_POINT('',(-2.696,0.063,2.205));
#8008=CARTESIAN_POINT('',(-2.69600000000001,0.063,2.142));
#8009=CARTESIAN_POINT('Origin',(-2.696,0.063,2.1735));
#8010=CARTESIAN_POINT('',(-2.69600000000001,0.063,2.142));
#8011=CARTESIAN_POINT('Origin',(-2.696,0.063,2.205));
#8012=CARTESIAN_POINT('',(2.696,0.063,2.205));
#8013=CARTESIAN_POINT('',(2.696,0.063,2.205));
#8014=CARTESIAN_POINT('',(-2.696,0.063,2.205));
#8015=CARTESIAN_POINT('Origin',(2.696,0.063,2.1735));
#8016=CARTESIAN_POINT('',(2.696,0.063,2.142));
#8017=CARTESIAN_POINT('',(2.696,0.063,2.142));
#8018=CARTESIAN_POINT('Origin',(2.696,0.063,2.1735));
#8019=CARTESIAN_POINT('Origin',(-2.69600000000001,0.063,2.142));
#8020=CARTESIAN_POINT('',(-2.69600000000001,0.063,2.142));
#8021=CARTESIAN_POINT('Origin',(-2.696,0.063,2.1735));
#8022=CARTESIAN_POINT('Origin',(-2.72,0.128,1.97));
#8023=CARTESIAN_POINT('Origin',(2.72,0.128,1.97));
#8024=CARTESIAN_POINT('Origin',(2.72,0.128,-1.97));
#8025=CARTESIAN_POINT('Origin',(-2.72,0.128,-1.97));
#8026=CARTESIAN_POINT('Origin',(2.7405,-0.097,-1.35704206383624));
#8027=CARTESIAN_POINT('',(2.92749999999999,-0.097,-1.35704206383624));
#8028=CARTESIAN_POINT('',(2.87272896808188,-0.097,-1.48927103191811));
#8029=CARTESIAN_POINT('Origin',(2.7405,-0.097,-1.35704206383624));
#8030=CARTESIAN_POINT('',(2.92749999999999,-0.097,1.35704206383624));
#8031=CARTESIAN_POINT('',(2.92749999999999,-0.097,1.35704206383624));
#8032=CARTESIAN_POINT('',(2.87272896808187,-0.097,1.48927103191811));
#8033=CARTESIAN_POINT('Origin',(2.7405,-0.097,1.35704206383624));
#8034=CARTESIAN_POINT('',(2.24177103191813,-0.097,2.12022896808188));
#8035=CARTESIAN_POINT('',(2.87272896808187,-0.097,1.4892710319181));
#8036=CARTESIAN_POINT('',(2.10954206383624,-0.097,2.17499999999999));
#8037=CARTESIAN_POINT('Origin',(2.10954206383624,-0.097,1.988));
#8038=CARTESIAN_POINT('',(-2.10954206383624,-0.097,2.17499999999999));
#8039=CARTESIAN_POINT('',(-2.10954206383624,-0.097,2.17499999999999));
#8040=CARTESIAN_POINT('',(-2.24177103191813,-0.097,2.12022896808188));
#8041=CARTESIAN_POINT('Origin',(-2.10954206383624,-0.097,1.98799999999999));
#8042=CARTESIAN_POINT('',(-2.87272896808189,-0.097,1.4892710319181));
#8043=CARTESIAN_POINT('',(-2.87272896808189,-0.097,1.4892710319181));
#8044=CARTESIAN_POINT('',(-2.9275,-0.097,1.35704206383623));
#8045=CARTESIAN_POINT('Origin',(-2.7405,-0.097,1.35704206383623));
#8046=CARTESIAN_POINT('',(-2.9275,-0.097,-1.35704206383623));
#8047=CARTESIAN_POINT('',(-2.9275,-0.097,1.35704206383623));
#8048=CARTESIAN_POINT('',(-2.87272896808189,-0.097,-1.4892710319181));
#8049=CARTESIAN_POINT('Origin',(-2.7405,-0.097,-1.35704206383623));
#8050=CARTESIAN_POINT('',(-2.24177103191813,-0.097,-2.12022896808188));
#8051=CARTESIAN_POINT('',(-2.87272896808189,-0.097,-1.4892710319181));
#8052=CARTESIAN_POINT('',(-2.10954206383624,-0.097,-2.17499999999999));
#8053=CARTESIAN_POINT('Origin',(-2.10954206383624,-0.097,-1.98799999999999));
#8054=CARTESIAN_POINT('',(2.10954206383624,-0.097,-2.17499999999999));
#8055=CARTESIAN_POINT('',(-2.10954206383624,-0.097,-2.17499999999999));
#8056=CARTESIAN_POINT('',(2.24177103191813,-0.097,-2.12022896808188));
#8057=CARTESIAN_POINT('Origin',(2.10954206383624,-0.097,-1.988));
#8058=CARTESIAN_POINT('',(2.87272896808188,-0.097,-1.48927103191811));
#8059=CARTESIAN_POINT('',(-2.85080865786511,-0.097,1.46735072170132));
#8060=CARTESIAN_POINT('',(-2.21985072170134,-0.097,2.09830865786509));
#8061=CARTESIAN_POINT('',(-2.85080865786511,-0.097,1.46735072170132));
#8062=CARTESIAN_POINT('',(-2.10954206383624,-0.097,2.14399999999999));
#8063=CARTESIAN_POINT('Origin',(-2.10954206383624,-0.097,1.98799999999999));
#8064=CARTESIAN_POINT('',(2.10954206383624,-0.097,2.14399999999999));
#8065=CARTESIAN_POINT('',(-2.10954206383624,-0.097,2.14399999999999));
#8066=CARTESIAN_POINT('',(2.21985072170134,-0.097,2.09830865786509));
#8067=CARTESIAN_POINT('Origin',(2.10954206383624,-0.097,1.988));
#8068=CARTESIAN_POINT('',(2.8508086578651,-0.097,1.46735072170133));
#8069=CARTESIAN_POINT('',(2.8508086578651,-0.097,1.46735072170133));
#8070=CARTESIAN_POINT('',(2.89649999999999,-0.097,1.35704206383624));
#8071=CARTESIAN_POINT('Origin',(2.7405,-0.097,1.35704206383624));
#8072=CARTESIAN_POINT('',(2.89649999999999,-0.097,-1.35704206383624));
#8073=CARTESIAN_POINT('',(2.89649999999998,-0.097,1.35704206383624));
#8074=CARTESIAN_POINT('',(2.8508086578651,-0.097,-1.46735072170133));
#8075=CARTESIAN_POINT('Origin',(2.7405,-0.097,-1.35704206383624));
#8076=CARTESIAN_POINT('',(2.21985072170134,-0.097,-2.09830865786509));
#8077=CARTESIAN_POINT('',(2.8508086578651,-0.097,-1.46735072170134));
#8078=CARTESIAN_POINT('',(2.10954206383624,-0.097,-2.14399999999999));
#8079=CARTESIAN_POINT('Origin',(2.10954206383624,-0.097,-1.988));
#8080=CARTESIAN_POINT('',(-2.10954206383624,-0.097,-2.14399999999999));
#8081=CARTESIAN_POINT('',(-2.10954206383624,-0.097,-2.14399999999999));
#8082=CARTESIAN_POINT('',(-2.21985072170134,-0.097,-2.09830865786509));
#8083=CARTESIAN_POINT('Origin',(-2.10954206383624,-0.097,-1.98799999999999));
#8084=CARTESIAN_POINT('',(-2.85080865786511,-0.097,-1.46735072170132));
#8085=CARTESIAN_POINT('',(-2.85080865786511,-0.097,-1.46735072170132));
#8086=CARTESIAN_POINT('',(-2.8965,-0.097,-1.35704206383623));
#8087=CARTESIAN_POINT('Origin',(-2.7405,-0.097,-1.35704206383623));
#8088=CARTESIAN_POINT('',(-2.8965,-0.097,1.35704206383623));
#8089=CARTESIAN_POINT('',(-2.8965,-0.097,1.35704206383623));
#8090=CARTESIAN_POINT('Origin',(-2.7405,-0.097,1.35704206383623));
#8091=CARTESIAN_POINT('Origin',(2.7405,-0.097,-1.35704206383624));
#8092=CARTESIAN_POINT('',(2.92749999999999,-0.097,-1.35704206383624));
#8093=CARTESIAN_POINT('',(2.87272896808188,-0.097,-1.48927103191811));
#8094=CARTESIAN_POINT('Origin',(2.87272896808188,-0.097,-1.48927103191811));
#8095=CARTESIAN_POINT('',(2.24177103191813,-0.097,-2.12022896808188));
#8096=CARTESIAN_POINT('Origin',(2.10954206383624,-0.097,-1.988));
#8097=CARTESIAN_POINT('',(2.10954206383624,-0.097,-2.17499999999999));
#8098=CARTESIAN_POINT('Origin',(-2.10954206383624,-0.097,-2.17499999999999));
#8099=CARTESIAN_POINT('',(-2.10954206383624,-0.097,-2.17499999999999));
#8100=CARTESIAN_POINT('Origin',(-2.10954206383624,-0.097,-1.98799999999999));
#8101=CARTESIAN_POINT('',(-2.24177103191813,-0.097,-2.12022896808188));
#8102=CARTESIAN_POINT('Origin',(-2.87272896808189,-0.097,-1.4892710319181));
#8103=CARTESIAN_POINT('',(-2.87272896808189,-0.097,-1.4892710319181));
#8104=CARTESIAN_POINT('Origin',(-2.7405,-0.097,-1.35704206383623));
#8105=CARTESIAN_POINT('',(-2.9275,-0.097,-1.35704206383623));
#8106=CARTESIAN_POINT('Origin',(-2.9275,-0.097,1.35704206383623));
#8107=CARTESIAN_POINT('',(-2.9275,-0.097,1.35704206383623));
#8108=CARTESIAN_POINT('Origin',(-2.7405,-0.097,1.35704206383623));
#8109=CARTESIAN_POINT('',(-2.87272896808189,-0.097,1.4892710319181));
#8110=CARTESIAN_POINT('Origin',(-2.87272896808189,-0.097,1.4892710319181));
#8111=CARTESIAN_POINT('',(-2.24177103191813,-0.097,2.12022896808188));
#8112=CARTESIAN_POINT('Origin',(-2.10954206383624,-0.097,1.98799999999999));
#8113=CARTESIAN_POINT('',(-2.10954206383624,-0.097,2.17499999999999));
#8114=CARTESIAN_POINT('Origin',(-2.10954206383624,-0.097,2.17499999999999));
#8115=CARTESIAN_POINT('',(2.10954206383624,-0.097,2.17499999999999));
#8116=CARTESIAN_POINT('Origin',(2.10954206383624,-0.097,1.988));
#8117=CARTESIAN_POINT('',(2.24177103191813,-0.097,2.12022896808188));
#8118=CARTESIAN_POINT('Origin',(2.87272896808187,-0.097,1.4892710319181));
#8119=CARTESIAN_POINT('',(2.87272896808187,-0.097,1.48927103191811));
#8120=CARTESIAN_POINT('Origin',(2.7405,-0.097,1.35704206383624));
#8121=CARTESIAN_POINT('',(2.92749999999999,-0.097,1.35704206383624));
#8122=CARTESIAN_POINT('Origin',(2.92749999999999,-0.097,1.35704206383624));
#8123=CARTESIAN_POINT('Origin',(-2.7405,-0.097,1.35704206383623));
#8124=CARTESIAN_POINT('',(-2.8965,-0.107,1.35704206383623));
#8125=CARTESIAN_POINT('',(-2.85080865786511,-0.107,1.46735072170132));
#8126=CARTESIAN_POINT('Origin',(-2.7405,-0.107,1.35704206383623));
#8127=CARTESIAN_POINT('',(-2.85080865786511,-0.097,1.46735072170132));
#8128=CARTESIAN_POINT('',(-2.8965,-0.097,1.35704206383623));
#8129=CARTESIAN_POINT('Origin',(-2.85080865786511,-0.097,1.46735072170132));
#8130=CARTESIAN_POINT('',(-2.21985072170134,-0.107,2.09830865786509));
#8131=CARTESIAN_POINT('',(-2.85080865786511,-0.107,1.46735072170132));
#8132=CARTESIAN_POINT('',(-2.21985072170134,-0.097,2.09830865786509));
#8133=CARTESIAN_POINT('Origin',(-2.10954206383624,-0.097,1.98799999999999));
#8134=CARTESIAN_POINT('',(-2.10954206383624,-0.107,2.14399999999999));
#8135=CARTESIAN_POINT('Origin',(-2.10954206383624,-0.107,1.98799999999999));
#8136=CARTESIAN_POINT('',(-2.10954206383624,-0.097,2.14399999999999));
#8137=CARTESIAN_POINT('Origin',(-2.10954206383624,-0.097,2.14399999999999));
#8138=CARTESIAN_POINT('',(2.10954206383624,-0.107,2.14399999999999));
#8139=CARTESIAN_POINT('',(-2.10954206383624,-0.107,2.14399999999999));
#8140=CARTESIAN_POINT('',(2.10954206383624,-0.097,2.14399999999999));
#8141=CARTESIAN_POINT('Origin',(2.10954206383624,-0.097,1.988));
#8142=CARTESIAN_POINT('',(2.21985072170134,-0.107,2.09830865786509));
#8143=CARTESIAN_POINT('Origin',(2.10954206383624,-0.107,1.988));
#8144=CARTESIAN_POINT('',(2.21985072170134,-0.097,2.09830865786509));
#8145=CARTESIAN_POINT('Origin',(2.8508086578651,-0.097,1.46735072170133));
#8146=CARTESIAN_POINT('',(2.8508086578651,-0.107,1.46735072170133));
#8147=CARTESIAN_POINT('',(2.8508086578651,-0.107,1.46735072170133));
#8148=CARTESIAN_POINT('',(2.8508086578651,-0.097,1.46735072170133));
#8149=CARTESIAN_POINT('Origin',(2.7405,-0.097,1.35704206383624));
#8150=CARTESIAN_POINT('',(2.89649999999999,-0.107,1.35704206383624));
#8151=CARTESIAN_POINT('Origin',(2.7405,-0.107,1.35704206383624));
#8152=CARTESIAN_POINT('',(2.89649999999999,-0.097,1.35704206383624));
#8153=CARTESIAN_POINT('Origin',(2.89649999999998,-0.097,1.35704206383624));
#8154=CARTESIAN_POINT('',(2.89649999999999,-0.107,-1.35704206383624));
#8155=CARTESIAN_POINT('',(2.89649999999998,-0.107,1.35704206383624));
#8156=CARTESIAN_POINT('',(2.89649999999999,-0.097,-1.35704206383624));
#8157=CARTESIAN_POINT('Origin',(2.7405,-0.097,-1.35704206383624));
#8158=CARTESIAN_POINT('',(2.8508086578651,-0.107,-1.46735072170133));
#8159=CARTESIAN_POINT('Origin',(2.7405,-0.107,-1.35704206383624));
#8160=CARTESIAN_POINT('',(2.8508086578651,-0.097,-1.46735072170133));
#8161=CARTESIAN_POINT('Origin',(2.8508086578651,-0.097,-1.46735072170134));
#8162=CARTESIAN_POINT('',(2.21985072170134,-0.107,-2.09830865786509));
#8163=CARTESIAN_POINT('',(2.8508086578651,-0.107,-1.46735072170134));
#8164=CARTESIAN_POINT('',(2.21985072170134,-0.097,-2.09830865786509));
#8165=CARTESIAN_POINT('Origin',(2.10954206383624,-0.097,-1.988));
#8166=CARTESIAN_POINT('',(2.10954206383624,-0.107,-2.14399999999999));
#8167=CARTESIAN_POINT('Origin',(2.10954206383624,-0.107,-1.988));
#8168=CARTESIAN_POINT('',(2.10954206383624,-0.097,-2.14399999999999));
#8169=CARTESIAN_POINT('Origin',(-2.10954206383624,-0.097,-2.14399999999999));
#8170=CARTESIAN_POINT('',(-2.10954206383624,-0.107,-2.14399999999999));
#8171=CARTESIAN_POINT('',(-2.10954206383624,-0.107,-2.14399999999999));
#8172=CARTESIAN_POINT('',(-2.10954206383624,-0.097,-2.14399999999999));
#8173=CARTESIAN_POINT('Origin',(-2.10954206383624,-0.097,-1.98799999999999));
#8174=CARTESIAN_POINT('',(-2.21985072170134,-0.107,-2.09830865786509));
#8175=CARTESIAN_POINT('Origin',(-2.10954206383624,-0.107,-1.98799999999999));
#8176=CARTESIAN_POINT('',(-2.21985072170134,-0.097,-2.09830865786509));
#8177=CARTESIAN_POINT('Origin',(-2.85080865786511,-0.097,-1.46735072170132));
#8178=CARTESIAN_POINT('',(-2.85080865786511,-0.107,-1.46735072170132));
#8179=CARTESIAN_POINT('',(-2.85080865786511,-0.107,-1.46735072170132));
#8180=CARTESIAN_POINT('',(-2.85080865786511,-0.097,-1.46735072170132));
#8181=CARTESIAN_POINT('Origin',(-2.7405,-0.097,-1.35704206383623));
#8182=CARTESIAN_POINT('',(-2.8965,-0.107,-1.35704206383623));
#8183=CARTESIAN_POINT('Origin',(-2.7405,-0.107,-1.35704206383623));
#8184=CARTESIAN_POINT('',(-2.8965,-0.097,-1.35704206383623));
#8185=CARTESIAN_POINT('Origin',(-2.8965,-0.097,1.35704206383623));
#8186=CARTESIAN_POINT('',(-2.8965,-0.107,1.35704206383623));
#8187=CARTESIAN_POINT('Origin',(-2.862,-0.107,2.1095));
#8188=CARTESIAN_POINT('',(0.,0.,0.));
#8189=CARTESIAN_POINT('Origin',(0.742746755393614,-0.55,-3.77219838330002));
#8190=CARTESIAN_POINT('',(0.742746755393614,-0.8,-2.34555549428103));
#8191=CARTESIAN_POINT('',(0.492746755393614,-0.55,-2.33444440231821));
#8192=CARTESIAN_POINT('Origin',(0.742746755393614,-0.55,-2.33444440231821));
#8193=CARTESIAN_POINT('Origin',(0.742746755393614,-0.55,-2.33444440231821));
#8194=CARTESIAN_POINT('',(0.492746755393614,-0.55,-2.20020022271508));
#8195=CARTESIAN_POINT('',(0.492746755393614,-0.55,-3.77219838330002));
#8196=CARTESIAN_POINT('',(0.742746755393614,-0.8,-2.19801850576739));
#8197=CARTESIAN_POINT('Origin',(0.742746755393614,-0.55,-2.20020022271508));
#8198=CARTESIAN_POINT('Origin',(0.742746755393614,-0.55,-2.20020022271508));
#8199=CARTESIAN_POINT('Origin',(-1.15725324460639,-0.55,-3.77219838330002));
#8200=CARTESIAN_POINT('',(-1.15725324460639,-0.8,-2.34555549428103));
#8201=CARTESIAN_POINT('',(-1.40725324460639,-0.55,-2.33444440231821));
#8202=CARTESIAN_POINT('Origin',(-1.15725324460639,-0.55,-2.33444440231821));
#8203=CARTESIAN_POINT('Origin',(-1.15725324460639,-0.55,-2.33444440231821));
#8204=CARTESIAN_POINT('',(-1.40725324460639,-0.55,-2.20020022271508));
#8205=CARTESIAN_POINT('',(-1.40725324460639,-0.55,-3.77219838330002));
#8206=CARTESIAN_POINT('',(-1.15725324460639,-0.8,-2.19801850576739));
#8207=CARTESIAN_POINT('Origin',(-1.15725324460639,-0.55,-2.20020022271508));
#8208=CARTESIAN_POINT('Origin',(-1.15725324460639,-0.55,-2.20020022271508));
#8209=CARTESIAN_POINT('Origin',(1.4075,-0.45,-3.77219838330002));
#8210=CARTESIAN_POINT('',(1.4075,-0.5,-2.20063656610462));
#8211=CARTESIAN_POINT('',(1.3575,-0.45,-2.20107290949416));
#8212=CARTESIAN_POINT('Origin',(1.4075,-0.45,-2.20107290949416));
#8213=CARTESIAN_POINT('',(1.4075,-0.5,-2.33222218392565));
#8214=CARTESIAN_POINT('',(1.4075,-0.5,-3.77219838330002));
#8215=CARTESIAN_POINT('',(1.3575,-0.45,-2.32999996553308));
#8216=CARTESIAN_POINT('Origin',(1.4075,-0.45,-2.32999996553308));
#8217=CARTESIAN_POINT('',(1.3575,-0.45,-3.77219838330002));
#8218=CARTESIAN_POINT('Origin',(1.3575,0.,-3.77219838330002));
#8219=CARTESIAN_POINT('',(1.3575,0.,-2.205));
#8220=CARTESIAN_POINT('',(1.3575,0.00683784578830143,-2.20505967297617));
#8221=CARTESIAN_POINT('',(1.3575,0.,-2.31));
#8222=CARTESIAN_POINT('',(1.3575,-0.0324291839828862,-2.31144129458205));
#8223=CARTESIAN_POINT('',(1.3575,0.,-0.825099191650014));
#8224=CARTESIAN_POINT('Origin',(1.9575,-0.45,-3.77219838330002));
#8225=CARTESIAN_POINT('',(1.9575,0.,-2.205));
#8226=CARTESIAN_POINT('',(1.9575,-0.45,-2.20107290949416));
#8227=CARTESIAN_POINT('',(1.9575,-0.218145019916793,-2.20309627725197));
#8228=CARTESIAN_POINT('',(1.9575,0.,-2.31));
#8229=CARTESIAN_POINT('',(1.9575,0.,-0.825099191650014));
#8230=CARTESIAN_POINT('',(1.9575,-0.45,-2.32999996553308));
#8231=CARTESIAN_POINT('',(1.9575,-0.256985617248485,-2.32142156330548));
#8232=CARTESIAN_POINT('',(1.9575,-0.45,-3.77219838330002));
#8233=CARTESIAN_POINT('Origin',(1.9075,-0.45,-3.77219838330002));
#8234=CARTESIAN_POINT('',(1.9075,-0.5,-2.20063656610462));
#8235=CARTESIAN_POINT('Origin',(1.9075,-0.45,-2.20107290949416));
#8236=CARTESIAN_POINT('',(1.9075,-0.5,-2.33222218392565));
#8237=CARTESIAN_POINT('Origin',(1.9075,-0.45,-2.32999996553308));
#8238=CARTESIAN_POINT('',(1.9075,-0.5,-3.77219838330002));
#8239=CARTESIAN_POINT('Origin',(1.4075,-0.5,-3.77219838330002));
#8240=CARTESIAN_POINT('',(2.1385,-0.5,-2.20063656610462));
#8241=CARTESIAN_POINT('',(-0.730999999999998,-0.5,-2.33222218392565));
#8242=CARTESIAN_POINT('Origin',(-1.6875,-0.7,-3.77219838330002));
#8243=CARTESIAN_POINT('',(-1.6875,-0.399999987234281,-2.2015092529951));
#8244=CARTESIAN_POINT('',(-1.6875,-0.7,-2.19889119254647));
#8245=CARTESIAN_POINT('',(-1.6875,-0.343135500864067,-2.20200550184964));
#8246=CARTESIAN_POINT('',(-1.6875,-0.399999987234281,-2.32777774657315));
#8247=CARTESIAN_POINT('',(-1.6875,-0.399999987234281,-3.77219838330002));
#8248=CARTESIAN_POINT('',(-1.6875,-0.7,-2.3411110574959));
#8249=CARTESIAN_POINT('',(-1.6875,-0.381739191284932,-2.32696615704072));
#8250=CARTESIAN_POINT('',(-1.6875,-0.7,-3.77219838330002));
#8251=CARTESIAN_POINT('Origin',(-1.7375,-0.7,-3.77219838330002));
#8252=CARTESIAN_POINT('',(-1.7375,-0.75,-2.19845484915693));
#8253=CARTESIAN_POINT('Origin',(-1.7375,-0.7,-2.19889119254647));
#8254=CARTESIAN_POINT('',(-1.7375,-0.75,-2.34333327588847));
#8255=CARTESIAN_POINT('Origin',(-1.7375,-0.7,-2.3411110574959));
#8256=CARTESIAN_POINT('',(-1.7375,-0.75,-3.77219838330002));
#8257=CARTESIAN_POINT('Origin',(-2.0375,-0.75,-3.77219838330002));
#8258=CARTESIAN_POINT('',(-2.0375,-0.75,-2.19845484915693));
#8259=CARTESIAN_POINT('',(0.415999999999999,-0.75,-2.19845484915693));
#8260=CARTESIAN_POINT('',(-2.0375,-0.75,-2.34333327588847));
#8261=CARTESIAN_POINT('',(-2.4535,-0.75,-2.34333327588847));
#8262=CARTESIAN_POINT('',(-2.0375,-0.75,-3.77219838330002));
#8263=CARTESIAN_POINT('Origin',(-2.0375,-0.7,-3.77219838330002));
#8264=CARTESIAN_POINT('',(-2.0875,-0.7,-2.19889119254647));
#8265=CARTESIAN_POINT('Origin',(-2.0375,-0.7,-2.19889119254647));
#8266=CARTESIAN_POINT('',(-2.0875,-0.7,-2.3411110574959));
#8267=CARTESIAN_POINT('Origin',(-2.0375,-0.7,-2.3411110574959));
#8268=CARTESIAN_POINT('',(-2.0875,-0.7,-3.77219838330002));
#8269=CARTESIAN_POINT('Origin',(-2.0875,-0.399999987234281,-3.77219838330002));
#8270=CARTESIAN_POINT('',(-2.0875,-0.399999987234281,-2.2015092529951));
#8271=CARTESIAN_POINT('',(-2.0875,-0.193146917344958,-2.20331443238814));
#8272=CARTESIAN_POINT('',(-2.0875,-0.399999987234281,-2.32777774657315));
#8273=CARTESIAN_POINT('',(-2.0875,-0.232034896070923,-2.32031264427531));
#8274=CARTESIAN_POINT('',(-2.0875,-0.399999987234281,-3.77219838330002));
#8275=CARTESIAN_POINT('Origin',(-2.0375,-0.399999987234281,-3.77219838330002));
#8276=CARTESIAN_POINT('',(-2.0375,-0.349999987234281,-2.20194559638464));
#8277=CARTESIAN_POINT('Origin',(-2.0375,-0.399999987234281,-2.2015092529951));
#8278=CARTESIAN_POINT('',(-2.0375,-0.349999987234281,-2.32555552818059));
#8279=CARTESIAN_POINT('Origin',(-2.0375,-0.399999987234281,-2.32777774657315));
#8280=CARTESIAN_POINT('',(-2.0375,-0.349999987234281,-3.77219838330002));
#8281=CARTESIAN_POINT('Origin',(-1.7375,-0.349999987234281,-3.77219838330002));
#8282=CARTESIAN_POINT('',(-1.7375,-0.349999987234281,-2.20194559638464));
#8283=CARTESIAN_POINT('',(0.565999999999999,-0.349999987234281,-2.20194559638464));
#8284=CARTESIAN_POINT('',(-1.7375,-0.349999987234281,-2.32555552818059));
#8285=CARTESIAN_POINT('',(-2.3035,-0.349999987234281,-2.32555552818059));
#8286=CARTESIAN_POINT('',(-1.7375,-0.349999987234281,-3.77219838330002));
#8287=CARTESIAN_POINT('Origin',(-1.7375,-0.399999987234281,-3.77219838330002));
#8288=CARTESIAN_POINT('Origin',(-1.7375,-0.399999987234281,-2.2015092529951));
#8289=CARTESIAN_POINT('Origin',(-1.7375,-0.399999987234281,-2.32777774657315));
#8290=CARTESIAN_POINT('Origin',(-2.8695,0.,2.122));
#8291=CARTESIAN_POINT('',(-2.8695,0.,-2.31));
#8292=CARTESIAN_POINT('',(-2.8695,0.,-2.31));
#8293=CARTESIAN_POINT('',(-3.0575,0.,-2.122));
#8294=CARTESIAN_POINT('Origin',(-2.8695,0.,-2.122));
#8295=CARTESIAN_POINT('',(-3.0575,0.,2.122));
#8296=CARTESIAN_POINT('',(-3.0575,0.,-2.122));
#8297=CARTESIAN_POINT('',(-2.8695,0.,2.31));
#8298=CARTESIAN_POINT('Origin',(-2.8695,0.,2.122));
#8299=CARTESIAN_POINT('',(2.8695,0.,2.31));
#8300=CARTESIAN_POINT('',(2.8695,0.,2.31));
#8301=CARTESIAN_POINT('',(3.0575,0.,2.122));
#8302=CARTESIAN_POINT('Origin',(2.8695,0.,2.122));
#8303=CARTESIAN_POINT('',(3.0575,0.,-2.122));
#8304=CARTESIAN_POINT('',(3.0575,0.,2.122));
#8305=CARTESIAN_POINT('',(2.8695,0.,-2.31));
#8306=CARTESIAN_POINT('Origin',(2.8695,0.,-2.122));
#8307=CARTESIAN_POINT('',(-2.8695,0.,-2.31));
#8308=CARTESIAN_POINT('',(2.8695,0.,-2.205));
#8309=CARTESIAN_POINT('',(2.8695,0.,-2.205));
#8310=CARTESIAN_POINT('',(2.9525,0.,-2.122));
#8311=CARTESIAN_POINT('Origin',(2.8695,0.,-2.122));
#8312=CARTESIAN_POINT('',(2.9525,0.,2.122));
#8313=CARTESIAN_POINT('',(2.9525,0.,2.122));
#8314=CARTESIAN_POINT('',(2.8695,0.,2.205));
#8315=CARTESIAN_POINT('Origin',(2.8695,0.,2.122));
#8316=CARTESIAN_POINT('',(-2.8695,0.,2.205));
#8317=CARTESIAN_POINT('',(-2.8695,0.,2.205));
#8318=CARTESIAN_POINT('',(-2.9525,0.,2.122));
#8319=CARTESIAN_POINT('Origin',(-2.8695,0.,2.122));
#8320=CARTESIAN_POINT('',(-2.9525,0.,-2.122));
#8321=CARTESIAN_POINT('',(-2.9525,0.,-2.122));
#8322=CARTESIAN_POINT('',(-2.8695,0.,-2.205));
#8323=CARTESIAN_POINT('Origin',(-2.8695,0.,-2.122));
#8324=CARTESIAN_POINT('',(2.8695,0.,-2.205));
#8325=CARTESIAN_POINT('Origin',(-2.8695,0.,-2.31));
#8326=CARTESIAN_POINT('',(2.8695,-1.11944993284326,-2.35975324460639));
#8327=CARTESIAN_POINT('',(2.8695,6.05879490851818E-18,-2.31));
#8328=CARTESIAN_POINT('',(-2.8695,-1.11944993284326,-2.35975324460639));
#8329=CARTESIAN_POINT('',(-2.8695,-1.11944993284326,-2.35975324460639));
#8330=CARTESIAN_POINT('',(-2.8695,0.,-2.31));
#8331=CARTESIAN_POINT('Origin',(2.72,-1.374,-1.97));
#8332=CARTESIAN_POINT('',(2.72,-1.25,-2.063));
#8333=CARTESIAN_POINT('Origin',(2.72,-1.25,-1.97));
#8334=CARTESIAN_POINT('Origin',(2.72,-1.374,1.97));
#8335=CARTESIAN_POINT('',(2.72,-1.25,2.063));
#8336=CARTESIAN_POINT('Origin',(2.72,-1.25,1.97));
#8337=CARTESIAN_POINT('Origin',(-2.72,-1.374,-1.97));
#8338=CARTESIAN_POINT('',(-2.72,-1.25,-2.063));
#8339=CARTESIAN_POINT('Origin',(-2.72,-1.25,-1.97));
#8340=CARTESIAN_POINT('Origin',(-2.72,-1.374,1.97));
#8341=CARTESIAN_POINT('',(-2.72,-1.25,2.063));
#8342=CARTESIAN_POINT('Origin',(-2.72,-1.25,1.97));
#8343=CARTESIAN_POINT('Origin',(1.58708983455378E-16,-1.296,0.));
#8344=CARTESIAN_POINT('',(0.0750199973340444,-1.25,0.));
#8345=CARTESIAN_POINT('Origin',(7.65378971138986E-17,-1.25,0.));
#8346=CARTESIAN_POINT('Origin',(0.,-1.282,0.));
#8347=CARTESIAN_POINT('',(-0.140801278403287,-1.15,1.72431834912441E-17));
#8348=CARTESIAN_POINT('Origin',(0.,-1.15,0.));
#8349=CARTESIAN_POINT('Origin',(2.72,-0.135,1.97));
#8350=CARTESIAN_POINT('',(2.72,-0.64,1.91));
#8351=CARTESIAN_POINT('',(2.72,-0.64,2.03));
#8352=CARTESIAN_POINT('Origin',(2.72,-0.64,1.97));
#8353=CARTESIAN_POINT('Origin',(2.72,-0.64,1.97));
#8354=CARTESIAN_POINT('',(2.72,-0.528,2.03));
#8355=CARTESIAN_POINT('',(2.72,-0.135,2.03));
#8356=CARTESIAN_POINT('',(2.72,-0.528,1.91));
#8357=CARTESIAN_POINT('Origin',(2.72,-0.528,1.97));
#8358=CARTESIAN_POINT('Origin',(2.72,-0.528,1.97));
#8359=CARTESIAN_POINT('Origin',(2.72,-0.135,1.97));
#8360=CARTESIAN_POINT('',(2.72,-0.528,1.877));
#8361=CARTESIAN_POINT('',(2.72,-0.528,2.063));
#8362=CARTESIAN_POINT('Origin',(2.72,-0.528,1.97));
#8363=CARTESIAN_POINT('Origin',(2.72,-0.528,1.97));
#8364=CARTESIAN_POINT('',(2.72,-0.169,2.063));
#8365=CARTESIAN_POINT('',(2.72,-0.135,2.063));
#8366=CARTESIAN_POINT('',(2.72,-0.169,1.877));
#8367=CARTESIAN_POINT('Origin',(2.72,-0.169,1.97));
#8368=CARTESIAN_POINT('Origin',(2.72,-0.169,1.97));
#8369=CARTESIAN_POINT('Origin',(2.72,-0.135,1.97));
#8370=CARTESIAN_POINT('',(2.72,-0.169,1.8445));
#8371=CARTESIAN_POINT('',(2.72,-0.169,2.0955));
#8372=CARTESIAN_POINT('Origin',(2.72,-0.169,1.97));
#8373=CARTESIAN_POINT('Origin',(2.72,-0.169,1.97));
#8374=CARTESIAN_POINT('',(2.72,-0.14,2.0955));
#8375=CARTESIAN_POINT('',(2.72,-0.135,2.0955));
#8376=CARTESIAN_POINT('',(2.72,-0.14,1.8445));
#8377=CARTESIAN_POINT('Origin',(2.72,-0.14,1.97));
#8378=CARTESIAN_POINT('Origin',(2.72,-0.14,1.97));
#8379=CARTESIAN_POINT('Origin',(2.72,-0.135,-1.97));
#8380=CARTESIAN_POINT('',(2.72,-0.64,-1.91));
#8381=CARTESIAN_POINT('',(2.72,-0.64,-2.03));
#8382=CARTESIAN_POINT('Origin',(2.72,-0.64,-1.97));
#8383=CARTESIAN_POINT('',(2.72,-0.528,-2.03));
#8384=CARTESIAN_POINT('',(2.72,-0.135,-2.03));
#8385=CARTESIAN_POINT('',(2.72,-0.528,-1.91));
#8386=CARTESIAN_POINT('Origin',(2.72,-0.528,-1.97));
#8387=CARTESIAN_POINT('Origin',(2.72,-0.528,-1.97));
#8388=CARTESIAN_POINT('Origin',(2.72,-0.64,-1.97));
#8389=CARTESIAN_POINT('Origin',(2.72,-0.135,-1.97));
#8390=CARTESIAN_POINT('',(2.72,-0.528,-1.877));
#8391=CARTESIAN_POINT('',(2.72,-0.528,-2.063));
#8392=CARTESIAN_POINT('Origin',(2.72,-0.528,-1.97));
#8393=CARTESIAN_POINT('',(2.72,-0.169,-2.063));
#8394=CARTESIAN_POINT('',(2.72,-0.135,-2.063));
#8395=CARTESIAN_POINT('',(2.72,-0.169,-1.877));
#8396=CARTESIAN_POINT('Origin',(2.72,-0.169,-1.97));
#8397=CARTESIAN_POINT('Origin',(2.72,-0.169,-1.97));
#8398=CARTESIAN_POINT('Origin',(2.72,-0.528,-1.97));
#8399=CARTESIAN_POINT('Origin',(2.72,-0.135,-1.97));
#8400=CARTESIAN_POINT('',(2.72,-0.169,-1.8445));
#8401=CARTESIAN_POINT('',(2.72,-0.169,-2.0955));
#8402=CARTESIAN_POINT('Origin',(2.72,-0.169,-1.97));
#8403=CARTESIAN_POINT('',(2.72,-0.14,-2.0955));
#8404=CARTESIAN_POINT('',(2.72,-0.135,-2.0955));
#8405=CARTESIAN_POINT('',(2.72,-0.14,-1.8445));
#8406=CARTESIAN_POINT('Origin',(2.72,-0.14,-1.97));
#8407=CARTESIAN_POINT('Origin',(2.72,-0.14,-1.97));
#8408=CARTESIAN_POINT('Origin',(2.72,-0.169,-1.97));
#8409=CARTESIAN_POINT('Origin',(-2.72,-0.135,1.97));
#8410=CARTESIAN_POINT('',(-2.72,-0.64,1.91));
#8411=CARTESIAN_POINT('',(-2.72,-0.64,2.03));
#8412=CARTESIAN_POINT('Origin',(-2.72,-0.64,1.97));
#8413=CARTESIAN_POINT('',(-2.72,-0.528,2.03));
#8414=CARTESIAN_POINT('',(-2.72,-0.135,2.03));
#8415=CARTESIAN_POINT('',(-2.72,-0.528,1.91));
#8416=CARTESIAN_POINT('Origin',(-2.72,-0.528,1.97));
#8417=CARTESIAN_POINT('Origin',(-2.72,-0.528,1.97));
#8418=CARTESIAN_POINT('Origin',(-2.72,-0.64,1.97));
#8419=CARTESIAN_POINT('Origin',(-2.72,-0.135,1.97));
#8420=CARTESIAN_POINT('',(-2.72,-0.528,1.877));
#8421=CARTESIAN_POINT('',(-2.72,-0.528,2.063));
#8422=CARTESIAN_POINT('Origin',(-2.72,-0.528,1.97));
#8423=CARTESIAN_POINT('',(-2.72,-0.169,2.063));
#8424=CARTESIAN_POINT('',(-2.72,-0.135,2.063));
#8425=CARTESIAN_POINT('',(-2.72,-0.169,1.877));
#8426=CARTESIAN_POINT('Origin',(-2.72,-0.169,1.97));
#8427=CARTESIAN_POINT('Origin',(-2.72,-0.169,1.97));
#8428=CARTESIAN_POINT('Origin',(-2.72,-0.528,1.97));
#8429=CARTESIAN_POINT('Origin',(-2.72,-0.135,1.97));
#8430=CARTESIAN_POINT('',(-2.72,-0.169,1.8445));
#8431=CARTESIAN_POINT('',(-2.72,-0.169,2.0955));
#8432=CARTESIAN_POINT('Origin',(-2.72,-0.169,1.97));
#8433=CARTESIAN_POINT('',(-2.72,-0.14,2.0955));
#8434=CARTESIAN_POINT('',(-2.72,-0.135,2.0955));
#8435=CARTESIAN_POINT('',(-2.72,-0.14,1.8445));
#8436=CARTESIAN_POINT('Origin',(-2.72,-0.14,1.97));
#8437=CARTESIAN_POINT('Origin',(-2.72,-0.14,1.97));
#8438=CARTESIAN_POINT('Origin',(-2.72,-0.169,1.97));
#8439=CARTESIAN_POINT('Origin',(-2.72,-0.135,-1.97));
#8440=CARTESIAN_POINT('',(-2.72,-0.64,-1.91));
#8441=CARTESIAN_POINT('',(-2.72,-0.64,-2.03));
#8442=CARTESIAN_POINT('Origin',(-2.72,-0.64,-1.97));
#8443=CARTESIAN_POINT('Origin',(-2.72,-0.64,-1.97));
#8444=CARTESIAN_POINT('',(-2.72,-0.528,-2.03));
#8445=CARTESIAN_POINT('',(-2.72,-0.135,-2.03));
#8446=CARTESIAN_POINT('',(-2.72,-0.528,-1.91));
#8447=CARTESIAN_POINT('Origin',(-2.72,-0.528,-1.97));
#8448=CARTESIAN_POINT('Origin',(-2.72,-0.528,-1.97));
#8449=CARTESIAN_POINT('Origin',(-2.72,-0.135,-1.97));
#8450=CARTESIAN_POINT('',(-2.72,-0.528,-1.877));
#8451=CARTESIAN_POINT('',(-2.72,-0.528,-2.063));
#8452=CARTESIAN_POINT('Origin',(-2.72,-0.528,-1.97));
#8453=CARTESIAN_POINT('Origin',(-2.72,-0.528,-1.97));
#8454=CARTESIAN_POINT('',(-2.72,-0.169,-2.063));
#8455=CARTESIAN_POINT('',(-2.72,-0.135,-2.063));
#8456=CARTESIAN_POINT('',(-2.72,-0.169,-1.877));
#8457=CARTESIAN_POINT('Origin',(-2.72,-0.169,-1.97));
#8458=CARTESIAN_POINT('Origin',(-2.72,-0.169,-1.97));
#8459=CARTESIAN_POINT('Origin',(-2.72,-0.135,-1.97));
#8460=CARTESIAN_POINT('',(-2.72,-0.169,-1.8445));
#8461=CARTESIAN_POINT('',(-2.72,-0.169,-2.0955));
#8462=CARTESIAN_POINT('Origin',(-2.72,-0.169,-1.97));
#8463=CARTESIAN_POINT('Origin',(-2.72,-0.169,-1.97));
#8464=CARTESIAN_POINT('',(-2.72,-0.14,-2.0955));
#8465=CARTESIAN_POINT('',(-2.72,-0.135,-2.0955));
#8466=CARTESIAN_POINT('',(-2.72,-0.14,-1.8445));
#8467=CARTESIAN_POINT('Origin',(-2.72,-0.14,-1.97));
#8468=CARTESIAN_POINT('Origin',(-2.72,-0.14,-1.97));
#8469=CARTESIAN_POINT('Origin',(-2.38,-0.9,-1.625));
#8470=CARTESIAN_POINT('',(-2.38,-1.15,-1.66563623376795));
#8471=CARTESIAN_POINT('',(-2.38,-1.15,-1.58436376623205));
#8472=CARTESIAN_POINT('Origin',(-2.38,-1.15,-1.625));
#8473=CARTESIAN_POINT('',(-2.38,-0.9,-1.58));
#8474=CARTESIAN_POINT('',(-2.38,-0.9,-1.58));
#8475=CARTESIAN_POINT('',(-2.38,-0.9,-1.67));
#8476=CARTESIAN_POINT('Origin',(-2.38,-0.9,-1.625));
#8477=CARTESIAN_POINT('Origin',(-2.38,-0.9,-1.625));
#8478=CARTESIAN_POINT('Origin',(-2.38,-1.15,-1.625));
#8479=CARTESIAN_POINT('Origin',(2.38,-0.9,-1.625));
#8480=CARTESIAN_POINT('',(2.38,-1.15,-1.58436376623205));
#8481=CARTESIAN_POINT('',(2.38,-1.15,-1.66563623376795));
#8482=CARTESIAN_POINT('Origin',(2.38,-1.15,-1.625));
#8483=CARTESIAN_POINT('',(2.38,-0.9,-1.67));
#8484=CARTESIAN_POINT('',(2.38,-0.9,-1.67));
#8485=CARTESIAN_POINT('',(2.38,-0.9,-1.58));
#8486=CARTESIAN_POINT('Origin',(2.38,-0.9,-1.625));
#8487=CARTESIAN_POINT('Origin',(2.38,-0.9,-1.625));
#8488=CARTESIAN_POINT('Origin',(2.38,-1.15,-1.625));
#8489=CARTESIAN_POINT('Origin',(2.38,-0.9,1.625));
#8490=CARTESIAN_POINT('',(2.38,-1.15,1.58436376623205));
#8491=CARTESIAN_POINT('',(2.38,-1.15,1.66563623376795));
#8492=CARTESIAN_POINT('Origin',(2.38,-1.15,1.625));
#8493=CARTESIAN_POINT('',(2.38,-0.9,1.67));
#8494=CARTESIAN_POINT('',(2.38,-0.9,1.67));
#8495=CARTESIAN_POINT('',(2.38,-0.9,1.58));
#8496=CARTESIAN_POINT('Origin',(2.38,-0.9,1.625));
#8497=CARTESIAN_POINT('Origin',(2.38,-0.9,1.625));
#8498=CARTESIAN_POINT('Origin',(2.38,-1.15,1.625));
#8499=CARTESIAN_POINT('Origin',(-2.38,-0.9,1.625));
#8500=CARTESIAN_POINT('',(-2.38,-1.15,1.66563623376795));
#8501=CARTESIAN_POINT('',(-2.38,-1.15,1.58436376623205));
#8502=CARTESIAN_POINT('Origin',(-2.38,-1.15,1.625));
#8503=CARTESIAN_POINT('',(-2.38,-0.9,1.58));
#8504=CARTESIAN_POINT('',(-2.38,-0.9,1.58));
#8505=CARTESIAN_POINT('',(-2.38,-0.9,1.67));
#8506=CARTESIAN_POINT('Origin',(-2.38,-0.9,1.625));
#8507=CARTESIAN_POINT('Origin',(-2.38,-0.9,1.625));
#8508=CARTESIAN_POINT('Origin',(-2.38,-1.15,1.625));
#8509=CARTESIAN_POINT('Origin',(-2.38,-0.9,-1.625));
#8510=CARTESIAN_POINT('',(-2.38,-1.15,-1.75436376623205));
#8511=CARTESIAN_POINT('',(-2.38,-1.15,-1.49563623376795));
#8512=CARTESIAN_POINT('Origin',(-2.38,-1.15,-1.625));
#8513=CARTESIAN_POINT('',(-2.38,-0.9,-1.5));
#8514=CARTESIAN_POINT('',(-2.38,-0.9,-1.5));
#8515=CARTESIAN_POINT('',(-2.38,-0.9,-1.75));
#8516=CARTESIAN_POINT('Origin',(-2.38,-0.9,-1.625));
#8517=CARTESIAN_POINT('Origin',(-2.38,-0.9,-1.625));
#8518=CARTESIAN_POINT('Origin',(-2.38,-1.15,-1.625));
#8519=CARTESIAN_POINT('Origin',(2.38,-0.9,-1.625));
#8520=CARTESIAN_POINT('',(2.38,-1.15,-1.49563623376795));
#8521=CARTESIAN_POINT('',(2.38,-1.15,-1.75436376623205));
#8522=CARTESIAN_POINT('Origin',(2.38,-1.15,-1.625));
#8523=CARTESIAN_POINT('',(2.38,-0.9,-1.75));
#8524=CARTESIAN_POINT('',(2.38,-0.9,-1.75));
#8525=CARTESIAN_POINT('',(2.38,-0.9,-1.5));
#8526=CARTESIAN_POINT('Origin',(2.38,-0.9,-1.625));
#8527=CARTESIAN_POINT('Origin',(2.38,-0.9,-1.625));
#8528=CARTESIAN_POINT('Origin',(2.38,-1.15,-1.625));
#8529=CARTESIAN_POINT('Origin',(2.38,-0.9,1.625));
#8530=CARTESIAN_POINT('',(2.38,-1.15,1.49563623376795));
#8531=CARTESIAN_POINT('',(2.38,-1.15,1.75436376623205));
#8532=CARTESIAN_POINT('Origin',(2.38,-1.15,1.625));
#8533=CARTESIAN_POINT('',(2.38,-0.9,1.75));
#8534=CARTESIAN_POINT('',(2.38,-0.9,1.75));
#8535=CARTESIAN_POINT('',(2.38,-0.9,1.5));
#8536=CARTESIAN_POINT('Origin',(2.38,-0.9,1.625));
#8537=CARTESIAN_POINT('Origin',(2.38,-0.9,1.625));
#8538=CARTESIAN_POINT('Origin',(2.38,-1.15,1.625));
#8539=CARTESIAN_POINT('Origin',(-2.38,-0.9,1.625));
#8540=CARTESIAN_POINT('',(-2.38,-1.15,1.75436376623205));
#8541=CARTESIAN_POINT('',(-2.38,-1.15,1.49563623376795));
#8542=CARTESIAN_POINT('Origin',(-2.38,-1.15,1.625));
#8543=CARTESIAN_POINT('',(-2.38,-0.9,1.5));
#8544=CARTESIAN_POINT('',(-2.38,-0.9,1.5));
#8545=CARTESIAN_POINT('',(-2.38,-0.9,1.75));
#8546=CARTESIAN_POINT('Origin',(-2.38,-0.9,1.625));
#8547=CARTESIAN_POINT('Origin',(-2.38,-0.9,1.625));
#8548=CARTESIAN_POINT('Origin',(-2.38,-1.15,1.625));
#8549=CARTESIAN_POINT('Origin',(-2.72,-0.14,-1.97));
#8550=CARTESIAN_POINT('',(-2.6601004580184,-1.15,-2.13350280698374));
#8551=CARTESIAN_POINT('',(-2.7798995419816,-1.15,-2.13350280698374));
#8552=CARTESIAN_POINT('Ctrl Pts',(-2.7798995419816,-1.15,-2.13350280698374));
#8553=CARTESIAN_POINT('Ctrl Pts',(-2.76072179848993,-1.15,-2.14052860716775));
#8554=CARTESIAN_POINT('Ctrl Pts',(-2.73990695412879,-1.14908526855337,-2.14411364888071));
#8555=CARTESIAN_POINT('Ctrl Pts',(-2.70009304587121,-1.14908526855337,-2.14411364888071));
#8556=CARTESIAN_POINT('Ctrl Pts',(-2.67927820151007,-1.15,-2.14052860716775));
#8557=CARTESIAN_POINT('Ctrl Pts',(-2.6601004580184,-1.15,-2.13350280698374));
#8558=CARTESIAN_POINT('',(-2.7949099838725,-1.15,-2.12719293030345));
#8559=CARTESIAN_POINT('Origin',(-2.72,-1.15,-1.97));
#8560=CARTESIAN_POINT('',(-2.80594817272079,-0.142,-2.10082847432921));
#8561=CARTESIAN_POINT('Origin',(-2.60419662693063,-5.18254207745049,-2.08469839990844));
#8562=CARTESIAN_POINT('',(-2.84999844887693,-0.142,-2.05719851706854));
#8563=CARTESIAN_POINT('Origin',(-2.72,-0.142,-1.97));
#8564=CARTESIAN_POINT('',(-2.87646751980725,-1.15,-2.04641360001029));
#8565=CARTESIAN_POINT('Origin',(-2.83580337248509,-5.18254207069106,-1.85530159975326));
#8566=CARTESIAN_POINT('',(-2.88100280698374,-1.15,-2.03632660977711));
#8567=CARTESIAN_POINT('Origin',(-2.72,-1.15,-1.97));
#8568=CARTESIAN_POINT('',(-2.88100280698374,-1.15,-1.90367339022289));
#8569=CARTESIAN_POINT('Ctrl Pts',(-2.88100280698374,-1.15,-2.03632660977711));
#8570=CARTESIAN_POINT('Ctrl Pts',(-2.8896229422072,-1.15,-2.01540188631814));
#8571=CARTESIAN_POINT('Ctrl Pts',(-2.89410517387538,-1.14859973582316,-1.99218052288411));
#8572=CARTESIAN_POINT('Ctrl Pts',(-2.89410517387538,-1.14859973582316,-1.94781947711589));
#8573=CARTESIAN_POINT('Ctrl Pts',(-2.8896229422072,-1.15,-1.92459811368186));
#8574=CARTESIAN_POINT('Ctrl Pts',(-2.88100280698374,-1.15,-1.90367339022289));
#8575=CARTESIAN_POINT('',(-2.72,-1.15,-1.7958703844225));
#8576=CARTESIAN_POINT('Origin',(-2.72,-1.15,-1.97));
#8577=CARTESIAN_POINT('',(-2.72,-0.14,-1.8135));
#8578=CARTESIAN_POINT('',(-2.72,-0.14,-1.8135));
#8579=CARTESIAN_POINT('',(-2.72,-0.14,-2.1265));
#8580=CARTESIAN_POINT('Origin',(-2.72,-0.14,-1.97));
#8581=CARTESIAN_POINT('Origin',(-2.72,-0.14,-1.97));
#8582=CARTESIAN_POINT('Origin',(-2.72,-1.15,-1.97));
#8583=CARTESIAN_POINT('Origin',(2.72,-0.14,-1.97));
#8584=CARTESIAN_POINT('',(2.6601004580184,-1.15,-2.13350280698374));
#8585=CARTESIAN_POINT('',(2.88100280698374,-1.15,-1.90367339022289));
#8586=CARTESIAN_POINT('Origin',(2.72,-1.15,-1.97));
#8587=CARTESIAN_POINT('',(2.88100280698374,-1.15,-2.03632660977711));
#8588=CARTESIAN_POINT('Ctrl Pts',(2.88100280698374,-1.15,-1.90367339022289));
#8589=CARTESIAN_POINT('Ctrl Pts',(2.8896229422072,-1.15,-1.92459811368186));
#8590=CARTESIAN_POINT('Ctrl Pts',(2.89410517387538,-1.14859973582316,-1.94781947711589));
#8591=CARTESIAN_POINT('Ctrl Pts',(2.89410517387538,-1.14859973582316,-1.99218052288411));
#8592=CARTESIAN_POINT('Ctrl Pts',(2.8896229422072,-1.15,-2.01540188631814));
#8593=CARTESIAN_POINT('Ctrl Pts',(2.88100280698374,-1.15,-2.03632660977711));
#8594=CARTESIAN_POINT('',(2.87646751980725,-1.15,-2.04641360001029));
#8595=CARTESIAN_POINT('Origin',(2.72,-1.15,-1.97));
#8596=CARTESIAN_POINT('',(2.84999844887691,-0.142,-2.05719851706852));
#8597=CARTESIAN_POINT('Origin',(2.83580337265835,-5.18254204998792,-1.85530160069837));
#8598=CARTESIAN_POINT('',(2.80594817272082,-0.142,-2.10082847432923));
#8599=CARTESIAN_POINT('Origin',(2.72,-0.142,-1.97));
#8600=CARTESIAN_POINT('',(2.7949099838725,-1.15,-2.12719293030345));
#8601=CARTESIAN_POINT('Origin',(2.60419662684957,-5.18254207898396,-2.08469839988389));
#8602=CARTESIAN_POINT('',(2.7798995419816,-1.15,-2.13350280698374));
#8603=CARTESIAN_POINT('Origin',(2.72,-1.15,-1.97));
#8604=CARTESIAN_POINT('',(2.72,-1.14908526855337,-2.14411364888071));
#8605=CARTESIAN_POINT('Ctrl Pts',(2.7798995419816,-1.15,-2.13350280698374));
#8606=CARTESIAN_POINT('Ctrl Pts',(2.76072179848993,-1.15,-2.14052860716775));
#8607=CARTESIAN_POINT('Ctrl Pts',(2.73990695412879,-1.14908526855337,-2.14411364888071));
#8608=CARTESIAN_POINT('Ctrl Pts',(2.72,-1.14908526855337,-2.14411364888071));
#8609=CARTESIAN_POINT('',(2.72,-0.14,-2.1265));
#8610=CARTESIAN_POINT('',(2.72,-0.14,-2.1265));
#8611=CARTESIAN_POINT('',(2.72,-0.14,-1.8135));
#8612=CARTESIAN_POINT('Origin',(2.72,-0.14,-1.97));
#8613=CARTESIAN_POINT('Origin',(2.72,-0.14,-1.97));
#8614=CARTESIAN_POINT('Ctrl Pts',(2.72,-1.14908526855337,-2.14411364888071));
#8615=CARTESIAN_POINT('Ctrl Pts',(2.70009304587121,-1.14908526855337,-2.14411364888071));
#8616=CARTESIAN_POINT('Ctrl Pts',(2.67927820151007,-1.15,-2.14052860716775));
#8617=CARTESIAN_POINT('Ctrl Pts',(2.6601004580184,-1.15,-2.13350280698374));
#8618=CARTESIAN_POINT('Origin',(2.72,-0.14,1.97));
#8619=CARTESIAN_POINT('',(2.88100280698374,-1.15,1.90367339022289));
#8620=CARTESIAN_POINT('',(2.6601004580184,-1.15,2.13350280698374));
#8621=CARTESIAN_POINT('Origin',(2.72,-1.15,1.97));
#8622=CARTESIAN_POINT('',(2.72,-1.14908526855337,2.14411364888071));
#8623=CARTESIAN_POINT('Ctrl Pts',(2.6601004580184,-1.15,2.13350280698374));
#8624=CARTESIAN_POINT('Ctrl Pts',(2.67927820151007,-1.15,2.14052860716775));
#8625=CARTESIAN_POINT('Ctrl Pts',(2.70009304587121,-1.14908526855337,2.14411364888071));
#8626=CARTESIAN_POINT('Ctrl Pts',(2.72,-1.14908526855337,2.14411364888071));
#8627=CARTESIAN_POINT('',(2.72,-0.14,2.1265));
#8628=CARTESIAN_POINT('',(2.72,-0.14,2.1265));
#8629=CARTESIAN_POINT('',(2.72,-0.14,1.8135));
#8630=CARTESIAN_POINT('Origin',(2.72,-0.14,1.97));
#8631=CARTESIAN_POINT('Origin',(2.72,-0.14,1.97));
#8632=CARTESIAN_POINT('',(2.7798995419816,-1.15,2.13350280698374));
#8633=CARTESIAN_POINT('Ctrl Pts',(2.72,-1.14908526855337,2.14411364888071));
#8634=CARTESIAN_POINT('Ctrl Pts',(2.73990695412879,-1.14908526855337,2.14411364888071));
#8635=CARTESIAN_POINT('Ctrl Pts',(2.76072179848993,-1.15,2.14052860716775));
#8636=CARTESIAN_POINT('Ctrl Pts',(2.7798995419816,-1.15,2.13350280698374));
#8637=CARTESIAN_POINT('',(2.7949099838725,-1.15,2.12719293030345));
#8638=CARTESIAN_POINT('Origin',(2.72,-1.15,1.97));
#8639=CARTESIAN_POINT('',(2.80594817272079,-0.142,2.10082847432921));
#8640=CARTESIAN_POINT('Origin',(2.60419662693063,-5.18254207745049,2.08469839990844));
#8641=CARTESIAN_POINT('',(2.84999844887693,-0.142,2.05719851706854));
#8642=CARTESIAN_POINT('Origin',(2.72,-0.142,1.97));
#8643=CARTESIAN_POINT('',(2.87646751980725,-1.15,2.04641360001029));
#8644=CARTESIAN_POINT('Origin',(2.83580337248509,-5.18254207069106,1.85530159975326));
#8645=CARTESIAN_POINT('',(2.88100280698374,-1.15,2.03632660977711));
#8646=CARTESIAN_POINT('Origin',(2.72,-1.15,1.97));
#8647=CARTESIAN_POINT('Ctrl Pts',(2.88100280698374,-1.15,2.03632660977711));
#8648=CARTESIAN_POINT('Ctrl Pts',(2.88338247561953,-1.15,2.03055014492627));
#8649=CARTESIAN_POINT('Ctrl Pts',(2.88547254368712,-1.14986388972088,2.0245807209922));
#8650=CARTESIAN_POINT('Ctrl Pts',(2.89188965053172,-1.14921611031494,2.00241900380751));
#8651=CARTESIAN_POINT('Ctrl Pts',(2.89410517387538,-1.14859973582316,1.98557836360541));
#8652=CARTESIAN_POINT('Ctrl Pts',(2.89410517387538,-1.14859973582316,1.95442163639459));
#8653=CARTESIAN_POINT('Ctrl Pts',(2.89188965053172,-1.14921611031494,1.93758099619249));
#8654=CARTESIAN_POINT('Ctrl Pts',(2.88547254368712,-1.14986388972088,1.9154192790078));
#8655=CARTESIAN_POINT('Ctrl Pts',(2.88338247561953,-1.15,1.90944985507373));
#8656=CARTESIAN_POINT('Ctrl Pts',(2.88100280698374,-1.15,1.90367339022289));
#8657=CARTESIAN_POINT('Origin',(-2.72,-0.14,1.97));
#8658=CARTESIAN_POINT('',(-2.7798995419816,-1.15,2.13350280698374));
#8659=CARTESIAN_POINT('',(-2.6601004580184,-1.15,2.13350280698374));
#8660=CARTESIAN_POINT('Ctrl Pts',(-2.6601004580184,-1.15,2.13350280698374));
#8661=CARTESIAN_POINT('Ctrl Pts',(-2.67927820151007,-1.15,2.14052860716775));
#8662=CARTESIAN_POINT('Ctrl Pts',(-2.70009304587121,-1.14908526855337,2.14411364888071));
#8663=CARTESIAN_POINT('Ctrl Pts',(-2.73990695412879,-1.14908526855337,2.14411364888071));
#8664=CARTESIAN_POINT('Ctrl Pts',(-2.76072179848993,-1.15,2.14052860716775));
#8665=CARTESIAN_POINT('Ctrl Pts',(-2.77989954198161,-1.15,2.13350280698374));
#8666=CARTESIAN_POINT('',(-2.72,-1.15,1.7958703844225));
#8667=CARTESIAN_POINT('Origin',(-2.72,-1.15,1.97));
#8668=CARTESIAN_POINT('',(-2.72,-0.14,1.8135));
#8669=CARTESIAN_POINT('',(-2.72,-0.14,1.8135));
#8670=CARTESIAN_POINT('',(-2.72,-0.14,2.1265));
#8671=CARTESIAN_POINT('Origin',(-2.72,-0.14,1.97));
#8672=CARTESIAN_POINT('Origin',(-2.72,-0.14,1.97));
#8673=CARTESIAN_POINT('',(-2.88100280698374,-1.15,1.90367339022289));
#8674=CARTESIAN_POINT('Origin',(-2.72,-1.15,1.97));
#8675=CARTESIAN_POINT('',(-2.88100280698374,-1.15,2.03632660977711));
#8676=CARTESIAN_POINT('Ctrl Pts',(-2.88100280698374,-1.15,1.90367339022289));
#8677=CARTESIAN_POINT('Ctrl Pts',(-2.88338247561953,-1.15,1.90944985507373));
#8678=CARTESIAN_POINT('Ctrl Pts',(-2.88547254368712,-1.14986388972088,1.9154192790078));
#8679=CARTESIAN_POINT('Ctrl Pts',(-2.89188965053172,-1.14921611031494,1.93758099619249));
#8680=CARTESIAN_POINT('Ctrl Pts',(-2.89410517387538,-1.14859973582316,1.95442163639459));
#8681=CARTESIAN_POINT('Ctrl Pts',(-2.89410517387538,-1.14859973582316,1.98557836360541));
#8682=CARTESIAN_POINT('Ctrl Pts',(-2.89188965053172,-1.14921611031494,2.00241900380751));
#8683=CARTESIAN_POINT('Ctrl Pts',(-2.88547254368712,-1.14986388972088,2.0245807209922));
#8684=CARTESIAN_POINT('Ctrl Pts',(-2.88338247561953,-1.15,2.03055014492626));
#8685=CARTESIAN_POINT('Ctrl Pts',(-2.88100280698374,-1.15,2.03632660977711));
#8686=CARTESIAN_POINT('',(-2.87646751980723,-1.15,2.04641360001027));
#8687=CARTESIAN_POINT('Origin',(-2.72,-1.15,1.97));
#8688=CARTESIAN_POINT('',(-2.84999844887688,-0.142,2.05719851706849));
#8689=CARTESIAN_POINT('Origin',(-2.83580337243969,-5.18254208900743,1.85530159902578));
#8690=CARTESIAN_POINT('',(-2.80594817272081,-0.142,2.10082847432923));
#8691=CARTESIAN_POINT('Origin',(-2.72,-0.142,1.97));
#8692=CARTESIAN_POINT('',(-2.79490998387249,-1.15,2.12719293030343));
#8693=CARTESIAN_POINT('Origin',(-2.6041966266515,-5.18254208299129,2.08469839983265));
#8694=CARTESIAN_POINT('Origin',(-2.72,-1.15,1.97));
#8695=CARTESIAN_POINT('Origin',(2.8695,-1.125,2.23487651837385));
#8696=CARTESIAN_POINT('',(2.8695,-1.25,2.23487651837385));
#8697=CARTESIAN_POINT('',(2.8695,-1.11944993284326,2.35975324460639));
#8698=CARTESIAN_POINT('Origin',(2.8695,-1.125,2.23487651837385));
#8699=CARTESIAN_POINT('',(-2.8695,-1.11944993284326,2.35975324460639));
#8700=CARTESIAN_POINT('',(2.8695,-1.11944993284326,2.35975324460639));
#8701=CARTESIAN_POINT('',(-2.8695,-1.25,2.23487651837385));
#8702=CARTESIAN_POINT('Origin',(-2.8695,-1.125,2.23487651837385));
#8703=CARTESIAN_POINT('',(-2.8695,-1.25,2.23487651837385));
#8704=CARTESIAN_POINT('Origin',(-2.98237651837385,-1.125,-2.122));
#8705=CARTESIAN_POINT('',(-3.10725324460638,-1.11944993284326,2.122));
#8706=CARTESIAN_POINT('',(-2.98237651837385,-1.25,2.122));
#8707=CARTESIAN_POINT('Origin',(-2.98237651837385,-1.125,2.122));
#8708=CARTESIAN_POINT('',(-3.10725324460638,-1.11944993284326,-2.122));
#8709=CARTESIAN_POINT('',(-3.10725324460638,-1.11944993284326,2.122));
#8710=CARTESIAN_POINT('',(-2.98237651837385,-1.25,-2.122));
#8711=CARTESIAN_POINT('Origin',(-2.98237651837385,-1.125,-2.122));
#8712=CARTESIAN_POINT('',(-2.98237651837385,-1.25,-2.122));
#8713=CARTESIAN_POINT('Origin',(2.98237651837385,-1.125,2.122));
#8714=CARTESIAN_POINT('',(2.98237651837385,-1.25,-2.122));
#8715=CARTESIAN_POINT('',(3.10725324460638,-1.11944993284326,-2.122));
#8716=CARTESIAN_POINT('Origin',(2.98237651837385,-1.125,-2.122));
#8717=CARTESIAN_POINT('',(3.10725324460638,-1.11944993284326,2.122));
#8718=CARTESIAN_POINT('',(3.10725324460638,-1.11944993284326,-2.122));
#8719=CARTESIAN_POINT('',(2.98237651837385,-1.25,2.122));
#8720=CARTESIAN_POINT('Origin',(2.98237651837385,-1.125,2.122));
#8721=CARTESIAN_POINT('',(2.98237651837385,-1.25,2.122));
#8722=CARTESIAN_POINT('Origin',(-2.8695,-1.125,-2.23487651837385));
#8723=CARTESIAN_POINT('',(-2.8695,-1.25,-2.23487651837385));
#8724=CARTESIAN_POINT('Origin',(-2.8695,-1.125,-2.23487651837385));
#8725=CARTESIAN_POINT('',(2.8695,-1.25,-2.23487651837385));
#8726=CARTESIAN_POINT('Origin',(2.8695,-1.125,-2.23487651837385));
#8727=CARTESIAN_POINT('',(2.8695,-1.25,-2.23487651837385));
#8728=CARTESIAN_POINT('Origin',(2.8695,0.,-2.205));
#8729=CARTESIAN_POINT('',(-2.8695,-0.985922385336559,-2.19639598569122));
#8730=CARTESIAN_POINT('',(-2.8695,0.,-2.205));
#8731=CARTESIAN_POINT('',(-2.86483086858566,-1.0885410452009,-2.19550044621372));
#8732=CARTESIAN_POINT('',(-2.90241100069162,-0.262600960842085,-2.20270831613301));
#8733=CARTESIAN_POINT('',(2.86483086858566,-1.0885410452009,-2.19550044621372));
#8734=CARTESIAN_POINT('',(2.8695,-1.0885410452009,-2.19550044621372));
#8735=CARTESIAN_POINT('',(2.8695,-0.985922385336549,-2.19639598569122));
#8736=CARTESIAN_POINT('',(2.91426662899028,-0.00203671882416431,-2.2049822258241));
#8737=CARTESIAN_POINT('',(2.8695,0.,-2.205));
#8738=CARTESIAN_POINT('Origin',(-2.8695,-1.15,2.122));
#8739=CARTESIAN_POINT('',(-2.80115965297572,-1.15,-2.13350280698374));
#8740=CARTESIAN_POINT('',(-2.8695,-1.15,-2.13350280698374));
#8741=CARTESIAN_POINT('',(-0.707348612801272,-1.15,-0.0195205725450978));
#8742=CARTESIAN_POINT('Origin',(2.8695,-1.088,-2.13350280698374));
#8743=CARTESIAN_POINT('Origin',(-2.80344473927472,-1.08799999999999,-2.13350280698372));
#8744=CARTESIAN_POINT('',(-2.8695,-1.15,-2.13350280698374));
#8745=CARTESIAN_POINT('',(2.80115965297573,-1.15,-2.13350280698374));
#8746=CARTESIAN_POINT('',(-2.8695,-1.15,-2.13350280698374));
#8747=CARTESIAN_POINT('Origin',(2.8034447392747,-1.08799999999996,-2.1335028069837));
#8748=CARTESIAN_POINT('Origin',(-2.8695,-1.15,2.122));
#8749=CARTESIAN_POINT('',(2.88100280698374,-1.15,-2.05099257888432));
#8750=CARTESIAN_POINT('',(2.88100280698374,-1.15,2.122));
#8751=CARTESIAN_POINT('',(-2.05308303594118,-1.15,2.93062687721971));
#8752=CARTESIAN_POINT('Origin',(2.9525,0.,2.122));
#8753=CARTESIAN_POINT('',(2.94300044621372,-1.0885410452009,-2.11587445335282));
#8754=CARTESIAN_POINT('',(2.94416198992558,-0.955441319192735,-2.122));
#8755=CARTESIAN_POINT('',(2.95078159275803,-0.196909966229758,-2.15690930691802));
#8756=CARTESIAN_POINT('',(2.94300044621372,-1.0885410452009,2.11587445335282));
#8757=CARTESIAN_POINT('',(2.94300044621372,-1.0885410452009,2.122));
#8758=CARTESIAN_POINT('',(2.94416198992558,-0.955441319192749,2.122));
#8759=CARTESIAN_POINT('',(2.95248237837688,-0.00201923800674942,2.16587861348714));
#8760=CARTESIAN_POINT('',(2.9525,-1.19193303775766E-18,2.122));
#8761=CARTESIAN_POINT('',(2.9525,0.,-2.122));
#8762=CARTESIAN_POINT('Origin',(2.88100280698374,-1.088,2.122));
#8763=CARTESIAN_POINT('Origin',(2.88100280698378,-1.08800000000005,-2.05329967907038));
#8764=CARTESIAN_POINT('',(2.88100280698374,-1.15,2.122));
#8765=CARTESIAN_POINT('',(2.88100280698374,-1.15,2.05099257888432));
#8766=CARTESIAN_POINT('',(2.88100280698374,-1.15,2.122));
#8767=CARTESIAN_POINT('Origin',(2.88100280698375,-1.08800000000002,2.05329967907036));
#8768=CARTESIAN_POINT('Origin',(-2.8695,-1.15,2.122));
#8769=CARTESIAN_POINT('',(2.80115965297573,-1.15,2.13350280698374));
#8770=CARTESIAN_POINT('',(-2.8695,-1.15,2.13350280698374));
#8771=CARTESIAN_POINT('',(-0.0127380977449458,-1.15,-0.707503253455566));
#8772=CARTESIAN_POINT('Origin',(-2.8695,0.,2.205));
#8773=CARTESIAN_POINT('',(2.86483086858566,-1.0885410452009,2.19550044621372));
#8774=CARTESIAN_POINT('',(-2.86483086858566,-1.0885410452009,2.19550044621372));
#8775=CARTESIAN_POINT('',(-2.8695,-1.0885410452009,2.19550044621372));
#8776=CARTESIAN_POINT('',(-2.8695,-0.985922385336464,2.19639598569122));
#8777=CARTESIAN_POINT('',(-2.91426662899027,-0.00203671882416406,2.2049822258241));
#8778=CARTESIAN_POINT('',(-2.8695,1.19193303775766E-18,2.205));
#8779=CARTESIAN_POINT('',(2.8695,-0.985922385336559,2.19639598569122));
#8780=CARTESIAN_POINT('',(2.8695,-2.38368453834041E-18,2.205));
#8781=CARTESIAN_POINT('',(2.90241100069162,-0.262600960842085,2.20270831613301));
#8782=CARTESIAN_POINT('Origin',(-2.8695,-1.088,2.13350280698374));
#8783=CARTESIAN_POINT('',(-2.8695,-1.15,2.13350280698374));
#8784=CARTESIAN_POINT('',(-2.80115965297572,-1.15,2.13350280698374));
#8785=CARTESIAN_POINT('',(-2.8695,-1.15,2.13350280698374));
#8786=CARTESIAN_POINT('Origin',(-2.80344473927475,-1.08800000000002,2.13350280698376));
#8787=CARTESIAN_POINT('Origin',(2.80344473927472,-1.08799999999998,2.13350280698373));
#8788=CARTESIAN_POINT('Origin',(-2.8695,-1.15,2.122));
#8789=CARTESIAN_POINT('',(-2.88100280698374,-1.15,2.05099257888433));
#8790=CARTESIAN_POINT('',(-2.88100280698374,-1.15,2.122));
#8791=CARTESIAN_POINT('',(-2.91080862286699,-1.15,2.08108553572292));
#8792=CARTESIAN_POINT('Origin',(-2.9525,0.,-2.122));
#8793=CARTESIAN_POINT('',(-2.94300044621372,-1.0885410452009,2.11587445335282));
#8794=CARTESIAN_POINT('',(-2.94300044621372,-1.0885410452009,-2.11587445335282));
#8795=CARTESIAN_POINT('',(-2.94300044621372,-1.0885410452009,-2.122));
#8796=CARTESIAN_POINT('',(-2.94416198992558,-0.955441319192756,-2.122));
#8797=CARTESIAN_POINT('',(-2.95248237837688,-0.00201923800674946,-2.16587861348714));
#8798=CARTESIAN_POINT('',(-2.9525,-1.19193303775766E-18,-2.122));
#8799=CARTESIAN_POINT('',(-2.94416198992558,-0.955441319192838,2.122));
#8800=CARTESIAN_POINT('',(-2.9525,0.,2.122));
#8801=CARTESIAN_POINT('',(-2.95078159275803,-0.196909966229761,2.15690930691803));
#8802=CARTESIAN_POINT('Origin',(-2.88100280698374,-1.088,-2.122));
#8803=CARTESIAN_POINT('',(-2.88100280698374,-1.15,-2.05099257888432));
#8804=CARTESIAN_POINT('',(-2.88100280698374,-1.15,2.122));
#8805=CARTESIAN_POINT('Origin',(-2.88100280698373,-1.088,-2.05329967907033));
#8806=CARTESIAN_POINT('Origin',(-2.88100280698372,-1.08799999999999,2.05329967907033));
#8807=CARTESIAN_POINT('',(-2.88100280698374,-1.15,2.122));
#8808=CARTESIAN_POINT('Origin',(-2.8695,-1.25,2.122));
#8809=CARTESIAN_POINT('Origin',(-2.8695,-1.25,2.122));
#8810=CARTESIAN_POINT('Origin',(-2.8695,-1.25,-2.122));
#8811=CARTESIAN_POINT('Origin',(2.8695,-1.25,-2.122));
#8812=CARTESIAN_POINT('Origin',(2.8695,-1.25,2.122));
#8813=CARTESIAN_POINT('Origin',(-2.8695,-1.15,2.122));
#8814=CARTESIAN_POINT('Origin',(-2.8695,-1.15,2.122));
#8815=CARTESIAN_POINT('',(-2.82925108693224,-1.15,2.16186486601608));
#8816=CARTESIAN_POINT('Origin',(-2.8695,-1.15,2.122));
#8817=CARTESIAN_POINT('',(0.0688194381897975,-1.15,-0.788282583748726));
#8818=CARTESIAN_POINT('Origin',(-2.8695,-1.15,2.122));
#8819=CARTESIAN_POINT('',(-2.13464057187592,-1.15,2.84984754692655));
#8820=CARTESIAN_POINT('Origin',(-2.8695,0.,2.122));
#8821=CARTESIAN_POINT('Origin',(-2.8695,-1.11944993284326,2.122));
#8822=CARTESIAN_POINT('',(-2.8695,-6.05879490851818E-18,2.31));
#8823=CARTESIAN_POINT('',(-3.0575,0.,2.122));
#8824=CARTESIAN_POINT('Origin',(-3.0575,0.,-2.122));
#8825=CARTESIAN_POINT('',(-3.0575,6.05879490851818E-18,-2.122));
#8826=CARTESIAN_POINT('Origin',(-2.8695,0.,-2.122));
#8827=CARTESIAN_POINT('Origin',(-2.8695,-1.11944993284326,-2.122));
#8828=CARTESIAN_POINT('Origin',(2.8695,0.,-2.122));
#8829=CARTESIAN_POINT('Origin',(2.8695,-1.11944993284326,-2.122));
#8830=CARTESIAN_POINT('',(3.0575,0.,-2.122));
#8831=CARTESIAN_POINT('Origin',(3.0575,0.,2.122));
#8832=CARTESIAN_POINT('',(3.0575,6.05879490851818E-18,2.122));
#8833=CARTESIAN_POINT('Origin',(2.8695,0.,2.122));
#8834=CARTESIAN_POINT('Origin',(2.8695,-1.11944993284326,2.122));
#8835=CARTESIAN_POINT('',(2.8695,0.,2.31));
#8836=CARTESIAN_POINT('Origin',(2.8695,0.,2.31));
#8837=CARTESIAN_POINT('Ctrl Pts',(2.98237651837385,-1.25,-2.122));
#8838=CARTESIAN_POINT('Ctrl Pts',(2.98237651837385,-1.25,-2.23487651837385));
#8839=CARTESIAN_POINT('Ctrl Pts',(2.8695,-1.25,-2.23487651837385));
#8840=CARTESIAN_POINT('Ctrl Pts',(3.03578690633875,-1.25,-2.122));
#8841=CARTESIAN_POINT('Ctrl Pts',(3.03578690633875,-1.25,-2.28828690633875));
#8842=CARTESIAN_POINT('Ctrl Pts',(2.8695,-1.25,-2.28828690633876));
#8843=CARTESIAN_POINT('Ctrl Pts',(3.07270580043286,-1.2114038240051,-2.122));
#8844=CARTESIAN_POINT('Ctrl Pts',(3.07270580043286,-1.2114038240051,-2.32520580043286));
#8845=CARTESIAN_POINT('Ctrl Pts',(2.8695,-1.2114038240051,-2.32520580043286));
#8846=CARTESIAN_POINT('Ctrl Pts',(3.10962469452697,-1.17280764801019,-2.122));
#8847=CARTESIAN_POINT('Ctrl Pts',(3.10962469452697,-1.17280764801019,-2.36212469452697));
#8848=CARTESIAN_POINT('Ctrl Pts',(2.8695,-1.17280764801019,-2.36212469452697));
#8849=CARTESIAN_POINT('Ctrl Pts',(3.10725324460639,-1.11944993284326,-2.122));
#8850=CARTESIAN_POINT('Ctrl Pts',(3.10725324460638,-1.11944993284326,-2.35975324460639));
#8851=CARTESIAN_POINT('Ctrl Pts',(2.8695,-1.11944993284326,-2.35975324460639));
#8852=CARTESIAN_POINT('Ctrl Pts',(-2.8695,-1.25,-2.23487651837385));
#8853=CARTESIAN_POINT('Ctrl Pts',(-2.98237651837385,-1.25,-2.23487651837385));
#8854=CARTESIAN_POINT('Ctrl Pts',(-2.98237651837385,-1.25,-2.122));
#8855=CARTESIAN_POINT('Ctrl Pts',(-2.8695,-1.25,-2.28828690633875));
#8856=CARTESIAN_POINT('Ctrl Pts',(-3.03578690633875,-1.25,-2.28828690633875));
#8857=CARTESIAN_POINT('Ctrl Pts',(-3.03578690633875,-1.25,-2.122));
#8858=CARTESIAN_POINT('Ctrl Pts',(-2.8695,-1.2114038240051,-2.32520580043286));
#8859=CARTESIAN_POINT('Ctrl Pts',(-3.07270580043286,-1.2114038240051,-2.32520580043286));
#8860=CARTESIAN_POINT('Ctrl Pts',(-3.07270580043286,-1.2114038240051,-2.122));
#8861=CARTESIAN_POINT('Ctrl Pts',(-2.8695,-1.17280764801019,-2.36212469452697));
#8862=CARTESIAN_POINT('Ctrl Pts',(-3.10962469452697,-1.17280764801019,-2.36212469452697));
#8863=CARTESIAN_POINT('Ctrl Pts',(-3.10962469452697,-1.17280764801019,-2.122));
#8864=CARTESIAN_POINT('Ctrl Pts',(-2.8695,-1.11944993284326,-2.35975324460639));
#8865=CARTESIAN_POINT('Ctrl Pts',(-3.10725324460639,-1.11944993284326,-2.35975324460639));
#8866=CARTESIAN_POINT('Ctrl Pts',(-3.10725324460639,-1.11944993284326,-2.122));
#8867=CARTESIAN_POINT('Ctrl Pts',(2.8695,-1.25,2.23487651837385));
#8868=CARTESIAN_POINT('Ctrl Pts',(2.98237651837385,-1.25,2.23487651837385));
#8869=CARTESIAN_POINT('Ctrl Pts',(2.98237651837385,-1.25,2.122));
#8870=CARTESIAN_POINT('Ctrl Pts',(2.8695,-1.25,2.28828690633876));
#8871=CARTESIAN_POINT('Ctrl Pts',(3.03578690633875,-1.25,2.28828690633876));
#8872=CARTESIAN_POINT('Ctrl Pts',(3.03578690633875,-1.25,2.122));
#8873=CARTESIAN_POINT('Ctrl Pts',(2.8695,-1.2114038240051,2.32520580043286));
#8874=CARTESIAN_POINT('Ctrl Pts',(3.07270580043286,-1.2114038240051,2.32520580043286));
#8875=CARTESIAN_POINT('Ctrl Pts',(3.07270580043286,-1.2114038240051,2.122));
#8876=CARTESIAN_POINT('Ctrl Pts',(2.8695,-1.17280764801019,2.36212469452697));
#8877=CARTESIAN_POINT('Ctrl Pts',(3.10962469452697,-1.17280764801019,2.36212469452697));
#8878=CARTESIAN_POINT('Ctrl Pts',(3.10962469452697,-1.17280764801019,2.122));
#8879=CARTESIAN_POINT('Ctrl Pts',(2.8695,-1.11944993284326,2.35975324460639));
#8880=CARTESIAN_POINT('Ctrl Pts',(3.10725324460639,-1.11944993284326,2.35975324460639));
#8881=CARTESIAN_POINT('Ctrl Pts',(3.10725324460639,-1.11944993284326,2.122));
#8882=CARTESIAN_POINT('Ctrl Pts',(-2.98237651837385,-1.25,2.122));
#8883=CARTESIAN_POINT('Ctrl Pts',(-2.98237651837385,-1.25,2.23487651837385));
#8884=CARTESIAN_POINT('Ctrl Pts',(-2.8695,-1.25,2.23487651837385));
#8885=CARTESIAN_POINT('Ctrl Pts',(-3.03578690633875,-1.25,2.122));
#8886=CARTESIAN_POINT('Ctrl Pts',(-3.03578690633875,-1.25,2.28828690633875));
#8887=CARTESIAN_POINT('Ctrl Pts',(-2.8695,-1.25,2.28828690633875));
#8888=CARTESIAN_POINT('Ctrl Pts',(-3.07270580043286,-1.2114038240051,2.122));
#8889=CARTESIAN_POINT('Ctrl Pts',(-3.07270580043286,-1.2114038240051,2.32520580043286));
#8890=CARTESIAN_POINT('Ctrl Pts',(-2.8695,-1.2114038240051,2.32520580043286));
#8891=CARTESIAN_POINT('Ctrl Pts',(-3.10962469452697,-1.17280764801019,2.122));
#8892=CARTESIAN_POINT('Ctrl Pts',(-3.10962469452697,-1.17280764801019,2.36212469452697));
#8893=CARTESIAN_POINT('Ctrl Pts',(-2.8695,-1.17280764801019,2.36212469452697));
#8894=CARTESIAN_POINT('Ctrl Pts',(-3.10725324460639,-1.11944993284326,2.122));
#8895=CARTESIAN_POINT('Ctrl Pts',(-3.10725324460638,-1.11944993284326,2.35975324460639));
#8896=CARTESIAN_POINT('Ctrl Pts',(-2.8695,-1.11944993284326,2.35975324460639));
#8897=CARTESIAN_POINT('Origin',(-2.8695,0.,2.122));
#8898=CARTESIAN_POINT('',(-2.90145653098104,-0.142,2.19725693359732));
#8899=CARTESIAN_POINT('Origin',(-2.89396393411438,2.3282892881071,2.09776949584059));
#8900=CARTESIAN_POINT('',(-2.94507671031756,-0.142,2.15319273608367));
#8901=CARTESIAN_POINT('Origin',(-2.8695,-0.142,2.122));
#8902=CARTESIAN_POINT('Origin',(-2.84490366263103,2.39236488007975,2.14636164400619));
#8903=CARTESIAN_POINT('Origin',(-2.8695,0.,-2.122));
#8904=CARTESIAN_POINT('',(-2.94507671031757,-0.142,-2.15319273608368));
#8905=CARTESIAN_POINT('Origin',(-2.84490366271917,2.39236487750301,-2.14636164399917));
#8906=CARTESIAN_POINT('',(-2.90145653098104,-0.142,-2.19725693359731));
#8907=CARTESIAN_POINT('Origin',(-2.8695,-0.142,-2.122));
#8908=CARTESIAN_POINT('Origin',(-2.89396393411322,2.32828928803255,-2.09776949584218));
#8909=CARTESIAN_POINT('Origin',(2.8695,0.,-2.122));
#8910=CARTESIAN_POINT('',(2.90145653098104,-0.142,-2.19725693359732));
#8911=CARTESIAN_POINT('Origin',(2.89396393411469,2.32828928829211,-2.097769495834));
#8912=CARTESIAN_POINT('',(2.94507671031757,-0.142,-2.15319273608368));
#8913=CARTESIAN_POINT('Origin',(2.8695,-0.142,-2.122));
#8914=CARTESIAN_POINT('Origin',(2.84490366271777,2.39236487754238,-2.14636164399929));
#8915=CARTESIAN_POINT('Origin',(2.8695,0.,2.122));
#8916=CARTESIAN_POINT('',(2.94507671031757,-0.142,2.15319273608369));
#8917=CARTESIAN_POINT('Origin',(2.84490366264219,2.39236487977692,2.14636164400609));
#8918=CARTESIAN_POINT('',(2.90145653098104,-0.142,2.19725693359731));
#8919=CARTESIAN_POINT('Origin',(2.8695,-0.142,2.122));
#8920=CARTESIAN_POINT('Origin',(2.89396393411656,2.32828928905898,2.09776949580732));
#8921=CARTESIAN_POINT('Origin',(-2.8695,-1.15,2.122));
#8922=CARTESIAN_POINT('',(-0.788906148736015,-1.15,0.0612587577480616));
#8923=CARTESIAN_POINT('Origin',(-2.72,-0.14,1.97));
#8924=CARTESIAN_POINT('Origin',(2.72,-0.14,1.97));
#8925=CARTESIAN_POINT('Origin',(2.72,-0.14,-1.97));
#8926=CARTESIAN_POINT('Origin',(-2.72,-0.14,-1.97));
#8927=CARTESIAN_POINT('Origin',(-2.38,-0.9,1.625));
#8928=CARTESIAN_POINT('Origin',(2.38,-0.9,1.625));
#8929=CARTESIAN_POINT('Origin',(2.38,-0.9,-1.625));
#8930=CARTESIAN_POINT('Origin',(-2.38,-0.9,-1.625));
#8931=CARTESIAN_POINT('Origin',(-2.8695,-1.15,2.122));
#8932=CARTESIAN_POINT('Origin',(-2.8695,-1.15,2.122));
#8933=CARTESIAN_POINT('Origin',(-2.8695,-1.15,2.122));
#8934=CARTESIAN_POINT('Origin',(-2.8695,-1.15,2.122));
#8935=CARTESIAN_POINT('Origin',(-2.72,-0.169,-1.8445));
#8936=CARTESIAN_POINT('Origin',(-2.72,-0.528,-1.877));
#8937=CARTESIAN_POINT('Origin',(-2.72,-0.64,-1.91));
#8938=CARTESIAN_POINT('Origin',(-2.72,-0.169,1.8445));
#8939=CARTESIAN_POINT('Origin',(-2.72,-0.528,1.877));
#8940=CARTESIAN_POINT('Origin',(-2.72,-0.64,1.91));
#8941=CARTESIAN_POINT('Origin',(2.72,-0.169,-1.8445));
#8942=CARTESIAN_POINT('Origin',(2.72,-0.528,-1.877));
#8943=CARTESIAN_POINT('Origin',(2.72,-0.64,-1.91));
#8944=CARTESIAN_POINT('Origin',(2.72,-0.169,1.8445));
#8945=CARTESIAN_POINT('Origin',(2.72,-0.528,1.877));
#8946=CARTESIAN_POINT('Origin',(2.72,-0.64,1.91));
#8947=CARTESIAN_POINT('Origin',(-2.9284353431814,-0.142,2.18044335141049));
#8948=CARTESIAN_POINT('',(-2.80810531855578,-0.142,2.10300640150829));
#8949=CARTESIAN_POINT('',(-2.8521555947119,-0.142,2.0593764442476));
#8950=CARTESIAN_POINT('Origin',(-2.80810531855578,-0.142,2.10300640150829));
#8951=CARTESIAN_POINT('Origin',(-2.8521555947119,-0.142,2.0593764442476));
#8952=CARTESIAN_POINT('Origin',(2.9284353431814,-0.142,2.18044335141049));
#8953=CARTESIAN_POINT('',(2.8521555947119,-0.142,2.0593764442476));
#8954=CARTESIAN_POINT('',(2.80810531855578,-0.142,2.10300640150829));
#8955=CARTESIAN_POINT('Origin',(2.8521555947119,-0.142,2.0593764442476));
#8956=CARTESIAN_POINT('Origin',(2.80810531855578,-0.142,2.10300640150829));
#8957=CARTESIAN_POINT('Origin',(2.9284353431814,-0.142,-2.18044335141049));
#8958=CARTESIAN_POINT('',(2.80810531855578,-0.142,-2.10300640150829));
#8959=CARTESIAN_POINT('',(2.8521555947119,-0.142,-2.0593764442476));
#8960=CARTESIAN_POINT('Origin',(2.80810531855578,-0.142,-2.10300640150829));
#8961=CARTESIAN_POINT('Origin',(2.8521555947119,-0.142,-2.0593764442476));
#8962=CARTESIAN_POINT('Origin',(-2.8521555947119,-0.142,-2.0593764442476));
#8963=CARTESIAN_POINT('',(-2.8521555947119,-0.142,-2.0593764442476));
#8964=CARTESIAN_POINT('Origin',(-2.9284353431814,-0.142,-2.18044335141049));
#8965=CARTESIAN_POINT('',(-2.80810531855578,-0.142,-2.10300640150829));
#8966=CARTESIAN_POINT('Origin',(-2.80810531855578,-0.142,-2.10300640150829));
#8967=CARTESIAN_POINT('Origin',(-2.72,-0.139,-1.97));
#8968=CARTESIAN_POINT('',(-2.72,-0.157,-1.9255));
#8969=CARTESIAN_POINT('',(-2.72,-0.157,-2.0145));
#8970=CARTESIAN_POINT('Origin',(-2.72,-0.157,-1.97));
#8971=CARTESIAN_POINT('Origin',(-2.72,-0.157,-1.97));
#8972=CARTESIAN_POINT('',(-2.72,-0.139,-2.0325));
#8973=CARTESIAN_POINT('',(-2.72,-0.139,-2.0325));
#8974=CARTESIAN_POINT('',(-2.72,-0.139,-1.9075));
#8975=CARTESIAN_POINT('Origin',(-2.72,-0.139,-1.97));
#8976=CARTESIAN_POINT('Origin',(-2.72,-0.139,-1.97));
#8977=CARTESIAN_POINT('Origin',(-2.72,-0.139,-1.97));
#8978=CARTESIAN_POINT('',(-2.72,-0.414,-1.9255));
#8979=CARTESIAN_POINT('',(-2.72,-0.414,-2.0145));
#8980=CARTESIAN_POINT('Origin',(-2.72,-0.414,-1.97));
#8981=CARTESIAN_POINT('Origin',(-2.72,-0.414,-1.97));
#8982=CARTESIAN_POINT('',(-2.72,-0.139,-2.0145));
#8983=CARTESIAN_POINT('Origin',(-2.72,-0.414,-1.97));
#8984=CARTESIAN_POINT('',(-2.72,-0.404,-1.8815));
#8985=CARTESIAN_POINT('',(-2.72,-0.404,-2.0585));
#8986=CARTESIAN_POINT('Origin',(-2.72,-0.404,-1.97));
#8987=CARTESIAN_POINT('Origin',(-2.72,-0.404,-1.97));
#8988=CARTESIAN_POINT('',(-2.72,-0.414,-2.0485));
#8989=CARTESIAN_POINT('',(-2.72,-0.414,-2.0485));
#8990=CARTESIAN_POINT('',(-2.72,-0.414,-1.8915));
#8991=CARTESIAN_POINT('Origin',(-2.72,-0.414,-1.97));
#8992=CARTESIAN_POINT('Origin',(-2.72,-0.414,-1.97));
#8993=CARTESIAN_POINT('Origin',(-2.72,-0.139000000000055,-1.97));
#8994=CARTESIAN_POINT('',(-2.72,-0.299,-1.8815));
#8995=CARTESIAN_POINT('',(-2.72,-0.299,-2.0585));
#8996=CARTESIAN_POINT('Origin',(-2.72,-0.299,-1.97));
#8997=CARTESIAN_POINT('Origin',(-2.72,-0.299,-1.97));
#8998=CARTESIAN_POINT('',(-2.72,-0.139000000000055,-2.0585));
#8999=CARTESIAN_POINT('Origin',(-2.72,-0.139000000000055,-1.97));
#9000=CARTESIAN_POINT('',(-2.72,-0.189,-1.8715));
#9001=CARTESIAN_POINT('',(-2.72,-0.189,-2.0685));
#9002=CARTESIAN_POINT('Origin',(-2.72,-0.189,-1.97));
#9003=CARTESIAN_POINT('Origin',(-2.72,-0.189,-1.97));
#9004=CARTESIAN_POINT('',(-2.72,-0.299,-2.0685));
#9005=CARTESIAN_POINT('',(-2.72,-0.139000000000055,-2.0685));
#9006=CARTESIAN_POINT('',(-2.72,-0.299,-1.8715));
#9007=CARTESIAN_POINT('Origin',(-2.72,-0.299,-1.97));
#9008=CARTESIAN_POINT('Origin',(-2.72,-0.299,-1.97));
#9009=CARTESIAN_POINT('Origin',(-2.72,-0.139000000000055,-1.97));
#9010=CARTESIAN_POINT('',(-2.72,-0.169,-1.8815));
#9011=CARTESIAN_POINT('',(-2.72,-0.169,-2.0585));
#9012=CARTESIAN_POINT('Origin',(-2.72,-0.169,-1.97));
#9013=CARTESIAN_POINT('Origin',(-2.72,-0.169,-1.97));
#9014=CARTESIAN_POINT('',(-2.72,-0.189,-2.0585));
#9015=CARTESIAN_POINT('',(-2.72,-0.139000000000055,-2.0585));
#9016=CARTESIAN_POINT('',(-2.72,-0.189,-1.8815));
#9017=CARTESIAN_POINT('Origin',(-2.72,-0.189,-1.97));
#9018=CARTESIAN_POINT('Origin',(-2.72,-0.189,-1.97));
#9019=CARTESIAN_POINT('Origin',(-2.72,-0.139000000000055,-1.97));
#9020=CARTESIAN_POINT('',(-2.72,-0.149,-1.845));
#9021=CARTESIAN_POINT('',(-2.72,-0.149,-2.095));
#9022=CARTESIAN_POINT('Origin',(-2.72,-0.149,-1.97));
#9023=CARTESIAN_POINT('Origin',(-2.72,-0.149,-1.97));
#9024=CARTESIAN_POINT('',(-2.72,-0.169,-2.095));
#9025=CARTESIAN_POINT('',(-2.72,-0.139000000000055,-2.095));
#9026=CARTESIAN_POINT('',(-2.72,-0.169,-1.845));
#9027=CARTESIAN_POINT('Origin',(-2.72,-0.169,-1.97));
#9028=CARTESIAN_POINT('Origin',(-2.72,-0.169,-1.97));
#9029=CARTESIAN_POINT('Origin',(-2.72,-0.149,-1.97));
#9030=CARTESIAN_POINT('',(-2.72,-0.139,-1.855));
#9031=CARTESIAN_POINT('',(-2.72,-0.149,-1.845));
#9032=CARTESIAN_POINT('',(-2.72,-0.139,-2.085));
#9033=CARTESIAN_POINT('Origin',(-2.72,-0.139,-1.97));
#9034=CARTESIAN_POINT('Origin',(-2.72,-0.139,-1.97));
#9035=CARTESIAN_POINT('Origin',(-2.72,-0.139,-1.97));
#9036=CARTESIAN_POINT('Origin',(-2.595,-0.169,-1.97));
#9037=CARTESIAN_POINT('Origin',(-2.6315,-0.189,-1.97));
#9038=CARTESIAN_POINT('Origin',(-2.6215,-0.299,-1.97));
#9039=CARTESIAN_POINT('Origin',(-2.6415,-0.414,-1.97));
#9040=CARTESIAN_POINT('Origin',(-2.72,-0.139,1.97));
#9041=CARTESIAN_POINT('',(-2.72,-0.157,1.9255));
#9042=CARTESIAN_POINT('',(-2.72,-0.157,2.0145));
#9043=CARTESIAN_POINT('Origin',(-2.72,-0.157,1.97));
#9044=CARTESIAN_POINT('',(-2.72,-0.139,2.0325));
#9045=CARTESIAN_POINT('',(-2.72,-0.139,2.0325));
#9046=CARTESIAN_POINT('',(-2.72,-0.139,1.9075));
#9047=CARTESIAN_POINT('Origin',(-2.72,-0.139,1.97));
#9048=CARTESIAN_POINT('Origin',(-2.72,-0.139,1.97));
#9049=CARTESIAN_POINT('Origin',(-2.72,-0.157,1.97));
#9050=CARTESIAN_POINT('Origin',(-2.72,-0.139,1.97));
#9051=CARTESIAN_POINT('',(-2.72,-0.414,1.9255));
#9052=CARTESIAN_POINT('',(-2.72,-0.414,2.0145));
#9053=CARTESIAN_POINT('Origin',(-2.72,-0.414,1.97));
#9054=CARTESIAN_POINT('',(-2.72,-0.139,2.0145));
#9055=CARTESIAN_POINT('Origin',(-2.72,-0.414,1.97));
#9056=CARTESIAN_POINT('Origin',(-2.72,-0.414,1.97));
#9057=CARTESIAN_POINT('',(-2.72,-0.404,1.8815));
#9058=CARTESIAN_POINT('',(-2.72,-0.404,2.0585));
#9059=CARTESIAN_POINT('Origin',(-2.72,-0.404,1.97));
#9060=CARTESIAN_POINT('',(-2.72,-0.414,2.0485));
#9061=CARTESIAN_POINT('',(-2.72,-0.414,2.0485));
#9062=CARTESIAN_POINT('',(-2.72,-0.414,1.8915));
#9063=CARTESIAN_POINT('Origin',(-2.72,-0.414,1.97));
#9064=CARTESIAN_POINT('Origin',(-2.72,-0.414,1.97));
#9065=CARTESIAN_POINT('Origin',(-2.72,-0.404,1.97));
#9066=CARTESIAN_POINT('Origin',(-2.72,-0.139000000000055,1.97));
#9067=CARTESIAN_POINT('',(-2.72,-0.299,1.8815));
#9068=CARTESIAN_POINT('',(-2.72,-0.299,2.0585));
#9069=CARTESIAN_POINT('Origin',(-2.72,-0.299,1.97));
#9070=CARTESIAN_POINT('',(-2.72,-0.139000000000055,2.0585));
#9071=CARTESIAN_POINT('Origin',(-2.72,-0.299,1.97));
#9072=CARTESIAN_POINT('Origin',(-2.72,-0.139000000000055,1.97));
#9073=CARTESIAN_POINT('',(-2.72,-0.189,1.8715));
#9074=CARTESIAN_POINT('',(-2.72,-0.189,2.0685));
#9075=CARTESIAN_POINT('Origin',(-2.72,-0.189,1.97));
#9076=CARTESIAN_POINT('',(-2.72,-0.299,2.0685));
#9077=CARTESIAN_POINT('',(-2.72,-0.139000000000055,2.0685));
#9078=CARTESIAN_POINT('',(-2.72,-0.299,1.8715));
#9079=CARTESIAN_POINT('Origin',(-2.72,-0.299,1.97));
#9080=CARTESIAN_POINT('Origin',(-2.72,-0.299,1.97));
#9081=CARTESIAN_POINT('Origin',(-2.72,-0.189,1.97));
#9082=CARTESIAN_POINT('Origin',(-2.72,-0.139000000000055,1.97));
#9083=CARTESIAN_POINT('',(-2.72,-0.169,1.8815));
#9084=CARTESIAN_POINT('',(-2.72,-0.169,2.0585));
#9085=CARTESIAN_POINT('Origin',(-2.72,-0.169,1.97));
#9086=CARTESIAN_POINT('',(-2.72,-0.189,2.0585));
#9087=CARTESIAN_POINT('',(-2.72,-0.139000000000055,2.0585));
#9088=CARTESIAN_POINT('',(-2.72,-0.189,1.8815));
#9089=CARTESIAN_POINT('Origin',(-2.72,-0.189,1.97));
#9090=CARTESIAN_POINT('Origin',(-2.72,-0.189,1.97));
#9091=CARTESIAN_POINT('Origin',(-2.72,-0.169,1.97));
#9092=CARTESIAN_POINT('Origin',(-2.72,-0.139000000000055,1.97));
#9093=CARTESIAN_POINT('',(-2.72,-0.149,1.845));
#9094=CARTESIAN_POINT('',(-2.72,-0.149,2.095));
#9095=CARTESIAN_POINT('Origin',(-2.72,-0.149,1.97));
#9096=CARTESIAN_POINT('',(-2.72,-0.169,2.095));
#9097=CARTESIAN_POINT('',(-2.72,-0.139000000000055,2.095));
#9098=CARTESIAN_POINT('',(-2.72,-0.169,1.845));
#9099=CARTESIAN_POINT('Origin',(-2.72,-0.169,1.97));
#9100=CARTESIAN_POINT('Origin',(-2.72,-0.169,1.97));
#9101=CARTESIAN_POINT('Origin',(-2.72,-0.149,1.97));
#9102=CARTESIAN_POINT('Origin',(-2.72,-0.149,1.97));
#9103=CARTESIAN_POINT('',(-2.72,-0.139,1.855));
#9104=CARTESIAN_POINT('',(-2.72,-0.149,1.845));
#9105=CARTESIAN_POINT('',(-2.72,-0.139,2.085));
#9106=CARTESIAN_POINT('Origin',(-2.72,-0.139,1.97));
#9107=CARTESIAN_POINT('Origin',(-2.72,-0.139,1.97));
#9108=CARTESIAN_POINT('Origin',(-2.72,-0.139,1.97));
#9109=CARTESIAN_POINT('Origin',(-2.595,-0.169,1.97));
#9110=CARTESIAN_POINT('Origin',(-2.6315,-0.189,1.97));
#9111=CARTESIAN_POINT('Origin',(-2.6215,-0.299,1.97));
#9112=CARTESIAN_POINT('Origin',(-2.6415,-0.414,1.97));
#9113=CARTESIAN_POINT('Origin',(2.72,-0.139,1.97));
#9114=CARTESIAN_POINT('',(2.72,-0.157,1.9255));
#9115=CARTESIAN_POINT('',(2.72,-0.157,2.0145));
#9116=CARTESIAN_POINT('Origin',(2.72,-0.157,1.97));
#9117=CARTESIAN_POINT('Origin',(2.72,-0.157,1.97));
#9118=CARTESIAN_POINT('',(2.72,-0.139,2.0325));
#9119=CARTESIAN_POINT('',(2.72,-0.139,2.0325));
#9120=CARTESIAN_POINT('',(2.72,-0.139,1.9075));
#9121=CARTESIAN_POINT('Origin',(2.72,-0.139,1.97));
#9122=CARTESIAN_POINT('Origin',(2.72,-0.139,1.97));
#9123=CARTESIAN_POINT('Origin',(2.72,-0.139,1.97));
#9124=CARTESIAN_POINT('',(2.72,-0.414,1.9255));
#9125=CARTESIAN_POINT('',(2.72,-0.414,2.0145));
#9126=CARTESIAN_POINT('Origin',(2.72,-0.414,1.97));
#9127=CARTESIAN_POINT('Origin',(2.72,-0.414,1.97));
#9128=CARTESIAN_POINT('',(2.72,-0.139,2.0145));
#9129=CARTESIAN_POINT('Origin',(2.72,-0.414,1.97));
#9130=CARTESIAN_POINT('',(2.72,-0.404,1.8815));
#9131=CARTESIAN_POINT('',(2.72,-0.404,2.0585));
#9132=CARTESIAN_POINT('Origin',(2.72,-0.404,1.97));
#9133=CARTESIAN_POINT('Origin',(2.72,-0.404,1.97));
#9134=CARTESIAN_POINT('',(2.72,-0.414,2.0485));
#9135=CARTESIAN_POINT('',(2.72,-0.414,2.0485));
#9136=CARTESIAN_POINT('',(2.72,-0.414,1.8915));
#9137=CARTESIAN_POINT('Origin',(2.72,-0.414,1.97));
#9138=CARTESIAN_POINT('Origin',(2.72,-0.414,1.97));
#9139=CARTESIAN_POINT('Origin',(2.72,-0.139000000000055,1.97));
#9140=CARTESIAN_POINT('',(2.72,-0.299,1.8815));
#9141=CARTESIAN_POINT('',(2.72,-0.299,2.0585));
#9142=CARTESIAN_POINT('Origin',(2.72,-0.299,1.97));
#9143=CARTESIAN_POINT('Origin',(2.72,-0.299,1.97));
#9144=CARTESIAN_POINT('',(2.72,-0.139000000000055,2.0585));
#9145=CARTESIAN_POINT('Origin',(2.72,-0.139000000000055,1.97));
#9146=CARTESIAN_POINT('',(2.72,-0.189,1.8715));
#9147=CARTESIAN_POINT('',(2.72,-0.189,2.0685));
#9148=CARTESIAN_POINT('Origin',(2.72,-0.189,1.97));
#9149=CARTESIAN_POINT('Origin',(2.72,-0.189,1.97));
#9150=CARTESIAN_POINT('',(2.72,-0.299,2.0685));
#9151=CARTESIAN_POINT('',(2.72,-0.139000000000055,2.0685));
#9152=CARTESIAN_POINT('',(2.72,-0.299,1.8715));
#9153=CARTESIAN_POINT('Origin',(2.72,-0.299,1.97));
#9154=CARTESIAN_POINT('Origin',(2.72,-0.299,1.97));
#9155=CARTESIAN_POINT('Origin',(2.72,-0.139000000000055,1.97));
#9156=CARTESIAN_POINT('',(2.72,-0.169,1.8815));
#9157=CARTESIAN_POINT('',(2.72,-0.169,2.0585));
#9158=CARTESIAN_POINT('Origin',(2.72,-0.169,1.97));
#9159=CARTESIAN_POINT('Origin',(2.72,-0.169,1.97));
#9160=CARTESIAN_POINT('',(2.72,-0.189,2.0585));
#9161=CARTESIAN_POINT('',(2.72,-0.139000000000055,2.0585));
#9162=CARTESIAN_POINT('',(2.72,-0.189,1.8815));
#9163=CARTESIAN_POINT('Origin',(2.72,-0.189,1.97));
#9164=CARTESIAN_POINT('Origin',(2.72,-0.189,1.97));
#9165=CARTESIAN_POINT('Origin',(2.72,-0.139000000000055,1.97));
#9166=CARTESIAN_POINT('',(2.72,-0.149,1.845));
#9167=CARTESIAN_POINT('',(2.72,-0.149,2.095));
#9168=CARTESIAN_POINT('Origin',(2.72,-0.149,1.97));
#9169=CARTESIAN_POINT('Origin',(2.72,-0.149,1.97));
#9170=CARTESIAN_POINT('',(2.72,-0.169,2.095));
#9171=CARTESIAN_POINT('',(2.72,-0.139000000000055,2.095));
#9172=CARTESIAN_POINT('',(2.72,-0.169,1.845));
#9173=CARTESIAN_POINT('Origin',(2.72,-0.169,1.97));
#9174=CARTESIAN_POINT('Origin',(2.72,-0.169,1.97));
#9175=CARTESIAN_POINT('Origin',(2.72,-0.149,1.97));
#9176=CARTESIAN_POINT('',(2.72,-0.139,1.855));
#9177=CARTESIAN_POINT('',(2.72,-0.149,1.845));
#9178=CARTESIAN_POINT('',(2.72,-0.139,2.085));
#9179=CARTESIAN_POINT('Origin',(2.72,-0.139,1.97));
#9180=CARTESIAN_POINT('Origin',(2.72,-0.139,1.97));
#9181=CARTESIAN_POINT('Origin',(2.72,-0.139,1.97));
#9182=CARTESIAN_POINT('Origin',(2.595,-0.169,1.97));
#9183=CARTESIAN_POINT('Origin',(2.6315,-0.189,1.97));
#9184=CARTESIAN_POINT('Origin',(2.6215,-0.299,1.97));
#9185=CARTESIAN_POINT('Origin',(2.6415,-0.414,1.97));
#9186=CARTESIAN_POINT('Origin',(2.72,-0.139,-1.97));
#9187=CARTESIAN_POINT('',(2.72,-0.157,-1.9255));
#9188=CARTESIAN_POINT('',(2.72,-0.157,-2.0145));
#9189=CARTESIAN_POINT('Origin',(2.72,-0.157,-1.97));
#9190=CARTESIAN_POINT('',(2.72,-0.139,-2.0325));
#9191=CARTESIAN_POINT('',(2.72,-0.139,-2.0325));
#9192=CARTESIAN_POINT('',(2.72,-0.139,-1.9075));
#9193=CARTESIAN_POINT('Origin',(2.72,-0.139,-1.97));
#9194=CARTESIAN_POINT('Origin',(2.72,-0.139,-1.97));
#9195=CARTESIAN_POINT('Origin',(2.72,-0.157,-1.97));
#9196=CARTESIAN_POINT('Origin',(2.72,-0.139,-1.97));
#9197=CARTESIAN_POINT('',(2.72,-0.414,-1.9255));
#9198=CARTESIAN_POINT('',(2.72,-0.414,-2.0145));
#9199=CARTESIAN_POINT('Origin',(2.72,-0.414,-1.97));
#9200=CARTESIAN_POINT('',(2.72,-0.139,-2.0145));
#9201=CARTESIAN_POINT('Origin',(2.72,-0.414,-1.97));
#9202=CARTESIAN_POINT('Origin',(2.72,-0.414,-1.97));
#9203=CARTESIAN_POINT('',(2.72,-0.404,-1.8815));
#9204=CARTESIAN_POINT('',(2.72,-0.404,-2.0585));
#9205=CARTESIAN_POINT('Origin',(2.72,-0.404,-1.97));
#9206=CARTESIAN_POINT('',(2.72,-0.414,-2.0485));
#9207=CARTESIAN_POINT('',(2.72,-0.414,-2.0485));
#9208=CARTESIAN_POINT('',(2.72,-0.414,-1.8915));
#9209=CARTESIAN_POINT('Origin',(2.72,-0.414,-1.97));
#9210=CARTESIAN_POINT('Origin',(2.72,-0.414,-1.97));
#9211=CARTESIAN_POINT('Origin',(2.72,-0.404,-1.97));
#9212=CARTESIAN_POINT('Origin',(2.72,-0.139000000000055,-1.97));
#9213=CARTESIAN_POINT('',(2.72,-0.299,-1.8815));
#9214=CARTESIAN_POINT('',(2.72,-0.299,-2.0585));
#9215=CARTESIAN_POINT('Origin',(2.72,-0.299,-1.97));
#9216=CARTESIAN_POINT('',(2.72,-0.139000000000055,-2.0585));
#9217=CARTESIAN_POINT('Origin',(2.72,-0.299,-1.97));
#9218=CARTESIAN_POINT('Origin',(2.72,-0.139000000000055,-1.97));
#9219=CARTESIAN_POINT('',(2.72,-0.189,-1.8715));
#9220=CARTESIAN_POINT('',(2.72,-0.189,-2.0685));
#9221=CARTESIAN_POINT('Origin',(2.72,-0.189,-1.97));
#9222=CARTESIAN_POINT('',(2.72,-0.299,-2.0685));
#9223=CARTESIAN_POINT('',(2.72,-0.139000000000055,-2.0685));
#9224=CARTESIAN_POINT('',(2.72,-0.299,-1.8715));
#9225=CARTESIAN_POINT('Origin',(2.72,-0.299,-1.97));
#9226=CARTESIAN_POINT('Origin',(2.72,-0.299,-1.97));
#9227=CARTESIAN_POINT('Origin',(2.72,-0.189,-1.97));
#9228=CARTESIAN_POINT('Origin',(2.72,-0.139000000000055,-1.97));
#9229=CARTESIAN_POINT('',(2.72,-0.169,-1.8815));
#9230=CARTESIAN_POINT('',(2.72,-0.169,-2.0585));
#9231=CARTESIAN_POINT('Origin',(2.72,-0.169,-1.97));
#9232=CARTESIAN_POINT('',(2.72,-0.189,-2.0585));
#9233=CARTESIAN_POINT('',(2.72,-0.139000000000055,-2.0585));
#9234=CARTESIAN_POINT('',(2.72,-0.189,-1.8815));
#9235=CARTESIAN_POINT('Origin',(2.72,-0.189,-1.97));
#9236=CARTESIAN_POINT('Origin',(2.72,-0.189,-1.97));
#9237=CARTESIAN_POINT('Origin',(2.72,-0.169,-1.97));
#9238=CARTESIAN_POINT('Origin',(2.72,-0.139000000000055,-1.97));
#9239=CARTESIAN_POINT('',(2.72,-0.149,-1.845));
#9240=CARTESIAN_POINT('',(2.72,-0.149,-2.095));
#9241=CARTESIAN_POINT('Origin',(2.72,-0.149,-1.97));
#9242=CARTESIAN_POINT('',(2.72,-0.169,-2.095));
#9243=CARTESIAN_POINT('',(2.72,-0.139000000000055,-2.095));
#9244=CARTESIAN_POINT('',(2.72,-0.169,-1.845));
#9245=CARTESIAN_POINT('Origin',(2.72,-0.169,-1.97));
#9246=CARTESIAN_POINT('Origin',(2.72,-0.169,-1.97));
#9247=CARTESIAN_POINT('Origin',(2.72,-0.149,-1.97));
#9248=CARTESIAN_POINT('Origin',(2.72,-0.149,-1.97));
#9249=CARTESIAN_POINT('',(2.72,-0.139,-1.855));
#9250=CARTESIAN_POINT('',(2.72,-0.149,-1.845));
#9251=CARTESIAN_POINT('',(2.72,-0.139,-2.085));
#9252=CARTESIAN_POINT('Origin',(2.72,-0.139,-1.97));
#9253=CARTESIAN_POINT('Origin',(2.72,-0.139,-1.97));
#9254=CARTESIAN_POINT('Origin',(2.72,-0.139,-1.97));
#9255=CARTESIAN_POINT('Origin',(2.595,-0.169,-1.97));
#9256=CARTESIAN_POINT('Origin',(2.6315,-0.189,-1.97));
#9257=CARTESIAN_POINT('Origin',(2.6215,-0.299,-1.97));
#9258=CARTESIAN_POINT('Origin',(2.6415,-0.414,-1.97));
#9259=CARTESIAN_POINT('',(-0.505977856426301,0.728304363081687,-0.227801616699976));
#9260=CARTESIAN_POINT('',(-0.505977856426301,0.728304363081687,-0.227801616699976));
#9261=UNCERTAINTY_MEASURE_WITH_UNIT(LENGTH_MEASURE(0.000393700787401575),
#9270,'DISTANCE_ACCURACY_VALUE',
'Maximum model space distance between geometric entities at asserted c
onnectivities');
#9262=UNCERTAINTY_MEASURE_WITH_UNIT(LENGTH_MEASURE(0.000393700787401575),
#9270,'DISTANCE_ACCURACY_VALUE',
'Maximum model space distance between geometric entities at asserted c
onnectivities');
#9263=UNCERTAINTY_MEASURE_WITH_UNIT(LENGTH_MEASURE(0.000393700787401575),
#9270,'DISTANCE_ACCURACY_VALUE',
'Maximum model space distance between geometric entities at asserted c
onnectivities');
#9264=UNCERTAINTY_MEASURE_WITH_UNIT(LENGTH_MEASURE(0.000393700787401575),
#9270,'DISTANCE_ACCURACY_VALUE',
'Maximum model space distance between geometric entities at asserted c
onnectivities');
#9265=(
GEOMETRIC_REPRESENTATION_CONTEXT(3)
GLOBAL_UNCERTAINTY_ASSIGNED_CONTEXT((#9261))
GLOBAL_UNIT_ASSIGNED_CONTEXT((#9270,#9274,#9275))
REPRESENTATION_CONTEXT('','3D')
);
#9266=(
GEOMETRIC_REPRESENTATION_CONTEXT(3)
GLOBAL_UNCERTAINTY_ASSIGNED_CONTEXT((#9262))
GLOBAL_UNIT_ASSIGNED_CONTEXT((#9270,#9274,#9275))
REPRESENTATION_CONTEXT('','3D')
);
#9267=(
GEOMETRIC_REPRESENTATION_CONTEXT(3)
GLOBAL_UNCERTAINTY_ASSIGNED_CONTEXT((#9263))
GLOBAL_UNIT_ASSIGNED_CONTEXT((#9270,#9274,#9275))
REPRESENTATION_CONTEXT('','3D')
);
#9268=(
GEOMETRIC_REPRESENTATION_CONTEXT(3)
GLOBAL_UNCERTAINTY_ASSIGNED_CONTEXT((#9264))
GLOBAL_UNIT_ASSIGNED_CONTEXT((#9270,#9274,#9275))
REPRESENTATION_CONTEXT('','3D')
);
#9269=DIMENSIONAL_EXPONENTS(1.,0.,0.,0.,0.,0.,0.);
#9270=(
CONVERSION_BASED_UNIT('inch',#9273)
LENGTH_UNIT()
NAMED_UNIT(#9269)
);
#9271=(
LENGTH_UNIT()
NAMED_UNIT(*)
SI_UNIT(.MILLI.,.METRE.)
);
#9272=(
LENGTH_UNIT()
NAMED_UNIT(*)
SI_UNIT($,.METRE.)
);
#9273=LENGTH_MEASURE_WITH_UNIT(LENGTH_MEASURE(25.4),#9271);
#9274=(
NAMED_UNIT(*)
PLANE_ANGLE_UNIT()
SI_UNIT($,.RADIAN.)
);
#9275=(
NAMED_UNIT(*)
SI_UNIT($,.STERADIAN.)
SOLID_ANGLE_UNIT()
);
#9276=SHAPE_DEFINITION_REPRESENTATION(#9279,#9284);
#9277=SHAPE_DEFINITION_REPRESENTATION(#9280,#9285);
#9278=SHAPE_DEFINITION_REPRESENTATION(#9281,#9286);
#9279=PRODUCT_DEFINITION_SHAPE('',$,#9288);
#9280=PRODUCT_DEFINITION_SHAPE('',$,#9289);
#9281=PRODUCT_DEFINITION_SHAPE('',$,#9290);
#9282=PRODUCT_DEFINITION_SHAPE($,$,#17);
#9283=PRODUCT_DEFINITION_SHAPE($,$,#18);
#9284=SHAPE_REPRESENTATION('',(#5175,#5873,#5874),#9265);
#9285=SHAPE_REPRESENTATION('',(#5176),#9266);
#9286=SHAPE_REPRESENTATION('',(#5416),#9267);
#9287=PRODUCT_DEFINITION_CONTEXT('part definition',#9298,'design');
#9288=PRODUCT_DEFINITION('DC-45PMBYT_ASS''Y_BOX_Model',
'DC-45PMBYT_ASS''Y_BOX_Model v1',#9291,#9287);
#9289=PRODUCT_DEFINITION('DC-46C_DC-46C-T','DC-46C_DC-46C-T',#9292,#9287);
#9290=PRODUCT_DEFINITION('DC-45B_DC-45BPMBY','DC-45B_DC-45BPMBY',#9293,
#9287);
#9291=PRODUCT_DEFINITION_FORMATION('',$,#9300);
#9292=PRODUCT_DEFINITION_FORMATION('',$,#9301);
#9293=PRODUCT_DEFINITION_FORMATION('',$,#9302);
#9294=PRODUCT_RELATED_PRODUCT_CATEGORY('DC-45PMBYT_ASS''Y_BOX_Model v1',
'DC-45PMBYT_ASS''Y_BOX_Model v1',(#9300));
#9295=PRODUCT_RELATED_PRODUCT_CATEGORY('DC-46C_DC-46C-T',
'DC-46C_DC-46C-T',(#9301));
#9296=PRODUCT_RELATED_PRODUCT_CATEGORY('DC-45B_DC-45BPMBY',
'DC-45B_DC-45BPMBY',(#9302));
#9297=APPLICATION_PROTOCOL_DEFINITION('international standard',
'automotive_design',2009,#9298);
#9298=APPLICATION_CONTEXT(
'Core Data for Automotive Mechanical Design Process');
#9299=PRODUCT_CONTEXT('part definition',#9298,'mechanical');
#9300=PRODUCT('DC-45PMBYT_ASS''Y_BOX_Model',
'DC-45PMBYT_ASS''Y_BOX_Model v1',$,(#9299));
#9301=PRODUCT('DC-46C_DC-46C-T','DC-46C_DC-46C-T',$,(#9299));
#9302=PRODUCT('DC-45B_DC-45BPMBY','DC-45B_DC-45BPMBY',$,(#9299));
#9303=PRESENTATION_STYLE_ASSIGNMENT((#9306));
#9304=PRESENTATION_STYLE_ASSIGNMENT((#9307));
#9305=PRESENTATION_STYLE_ASSIGNMENT((#9308));
#9306=SURFACE_STYLE_USAGE(.BOTH.,#9309);
#9307=SURFACE_STYLE_USAGE(.BOTH.,#9310);
#9308=SURFACE_STYLE_USAGE(.BOTH.,#9311);
#9309=SURFACE_SIDE_STYLE('',(#9312));
#9310=SURFACE_SIDE_STYLE('',(#9313));
#9311=SURFACE_SIDE_STYLE('',(#9314));
#9312=SURFACE_STYLE_FILL_AREA(#9315);
#9313=SURFACE_STYLE_FILL_AREA(#9316);
#9314=SURFACE_STYLE_FILL_AREA(#9317);
#9315=FILL_AREA_STYLE('Steel - Satin',(#9318));
#9316=FILL_AREA_STYLE('Opaque(192,192,192)',(#9319));
#9317=FILL_AREA_STYLE('Opaque(255,221,135)',(#9320));
#9318=FILL_AREA_STYLE_COLOUR('Steel - Satin',#9321);
#9319=FILL_AREA_STYLE_COLOUR('Opaque(192,192,192)',#9322);
#9320=FILL_AREA_STYLE_COLOUR('Opaque(255,221,135)',#9323);
#9321=COLOUR_RGB('Steel - Satin',0.627450980392157,0.627450980392157,0.627450980392157);
#9322=COLOUR_RGB('Opaque(192,192,192)',0.752941176470588,0.752941176470588,
0.752941176470588);
#9323=COLOUR_RGB('Opaque(255,221,135)',1.,0.866666666666667,0.529411764705882);
ENDSEC;
END-ISO-10303-21;
